bdb_id	strongs	headword	type	entry
a.aa.aa		א	root	א Āleph, first letter; in postBHeb. = numeral 1 (and so in margin of printed MT); אֿ = 1000; no evidence of this usage in OT times.
a.aa.ab		אָב		אָב v. II. אבה.
a.ab.aa		אבב	root	אבב (fresh, bright, As. abâbu Dlw, AGl.)
a.ab.ab	H0003	אֵב		[אֵב] n.[m.] freshness, fresh green (Lag B N 207 inf. ibb; thence concr., cf. Ar. Arabic; above stem & mng. better than √ אנב (spring) cf. As. inbu, fruit, Aram. אִנְבֵּהּ (q.v.) Dl HA 65, Pr 114) עֹדֶנּוּ בְאִבּוֹ while in its freshness (i.e. אָחוּ, reed) Jb 8:12; concr., pl. green shoots בְּאִבֵּי הַנַּחַל Ct 6:11 (∥ הֲפָֽרְחָה הַגֶּפֶן הֵנֵצוּ הָרִמֹּנִֽים׃).
a.ab.ac	H0024	אָבִיב		אָבִיב n.m. Lv 2:14 coll. (Lag BN 207 Inf.) fresh, young ears of barley Ex 9:31; indef. Lv 2:14 מִנְחַת בִּכּוּרִים לַיהוָה א׳ קָלוּי בָּאֵשׁ. חֹדֶשׁ הָֽאָבִֽיב month of ear-forming, or of growing green, Abib, month of Exodus & passover, Ex 13:4 23:15 34:18, 18 (JE), Dt 16:1, 1 (1st month = c. April = הָרִאשֹׁן, הַחֹדֶשׁ הָר׳ (q.v.) in P; v. Di Ex 12:2; = postexilic נִיסָן q.v.)
a.ab.ad		אֲבִגַיִל		אֲבִגַיִל v. אֲבִיגַיִל sub. II. אבה.
a.ab.ae	H0005	אֲבַגְתָא		אֲבַגְתָא n.pr.m. (Pers. cf. בִּגְתָא) eunuch of Ahasuerus Est 1:10.
a.ac.aa	H0006	אָבַד	root	אָבַד vb. perish (M I אבד, As. abâtu Dl W 184 Aram אֲבַד, Syriac).— Qal Pf. א׳ Nu 21:30 +; אָבְדוּ ψ 10:16 + (+ Ez 6:3 𝔊 Co) etc.; Impf. יֹאבַד Jb 3:3 Je 4:9; יֹאבֵ֑ד Jb 20:7 + 2t.; 3fs. תֹּאבַד Dt 22:3 + 4t.; תֹּאבֵ֑ד Jb 8:13 + 3t.; יֹאבְדוּ Ju 5:31 + 3t.; יֹאבֵ֑דוּ Jb 4:9 +; 3fpl. וַתֹּאבַדְנָה֙ I S 9:3; תֹּאבֵדוּן Dt 4:26 +; נֹאבֵ֑ד Jon 1:6, 3:9; נֹאבְדָה Jon 1:14 etc.; Inf. abs. אָבֹד Dt 4:26 + 2t.; cstr. אֲבֹד Dt 7:10 Pr 11:10; אֲבָדְךָ Dt 28:20; אָבְדֶ֑ךָ Dt 28:22; אֲבָדְכֶם Jos 23:13; אָבְדָם Ob 12 Pr 28:28; Pt. אֹבֵד Dt 26:5 + 7t.; cstr. אֹבַד Dt 32:28 (bef. ע? v. Di Bö § 378); etc. perish, die, of individuals (mostly late) Nu 17:27 (∥ גוע & (v. 28) מות), (also Dt 26:5? cf. infr.) Jon 1:6, 14 Jb 31:19 cf. 29:13 Pr 31:6 Est 4:14, 16, 16 Mi 4:9 Je 40:15 cf. Is 57:1 Pr 11:10 28:28 Ec 7:15 ψ 119:92; emphasis on morality Jb 4:20 ψ 146:4 Ec 9:6; Saul & Jonath., under fig. of weapons 2 S 1:27; lion Jb 4:11; caravan Jb 6:18 (cf. Di); cf. אָ׳ חָסִיד מִן־הָאָרֶץ Mi 7:2, וְאָ׳ מֶלֶךְ מֵֽעַזָּה Zc 9:5; perish, be exterminated (judgment for sin), of Israel Lv 26:38 Dt 8:19, 19, 20 28:20, 22 30:18, 18 Je 27:10, 15 cf. 6:21, Ob 12 cf. ψ 80:17 Is 27:13; other nations Dt 7:20 Je 10:15 51:18 ψ 2:12 10:16 83:18 cf. 9:4 Am 1:8 Is 41:11 60:12 cf. Jon 3:9 v. also Ex 10:7 Nu 21:29, 30 (JE) Je 48:46; house of Ahab 2 K 9:8; wicked in general Ju 5:31 Jb 4:9 cf. v 7, ψ 37:20 49:11 68:3 (∥ sim. of melting wax), 73:27 92:10; also Pr 19:9 21:28; לָנֶצַח א׳ Jb 20:7; cf. דֶרֶךְ רְשָׁעִים א׳ ψ 1:6; sq. מֵעַל הָאָ֑רֶץ (of annihilation of Isr.) Dt 4:26, 26 11:17 Jos 23:13, 16 (D); sq. מִתּוֹךְ הַקָּהָל (of Korah’s company) Nu 16:33 (JE); perish, be ruined, destroyed, of inanimate things, e.g. land Je 9:11 (∥ נִצְּתָה כַמִּדְבָּר) cf. 48:8; harvest Jo 1:11; Jonah’s gourd Jon 4:10; riches Je 48:36 Ec 5:13; vessel ψ 31:13; houses Am 3:15 (so oft. As. Dl W); city Ez 26:17 (but del. 𝔊 Co); cf. bamôth Ez 6:3 𝔊 Co; heavens & earth ψ 102:27. fig. perish, vanish, subj. memory Jb 18:17 ψ 9:7; name ψ 41:6 (i.e. be forgotten); vigour Jb 30:2; wisdom Is 29:14; cf. אֹבַד עֵצוֹת Dt 32:28; אֱמוּנָה Je 7:28 (∥ נִכְרְתָה); חָזוֹן Ez 12:22; יוֹם Jb 3:3 (i.e. blotted out); לֵב Je 4:9 (i.e. courage fail); תִּקְוָת ψ 9:19 Pr 10:28 11:7 Ez 19:5 37:11 Jb 8:13; so תַּאֲוַת ψ 112:10 (i.e. come to naught); תּוֹחֶלֶת Pr 11:7, sq. מִן + agent La 3:18; תּוֹרָה + עֵצָה sq. מן + persons negligent Je 18:18 Ez 7:26, cf. Je 49:7; esp. א׳ מָנוֹס מִן־ (i.e. they could not escape) Am 2:14 Je 25:35 Jb 11:20 ψ 142:5. be lost, strayed, asses I S 9:3, 20; sheep Je 50:6 Ez 34:4, 16 ψ 119:176 (fig. of erring men); perh. Dt 26:5. Pi. caus. of Qal.—Pf. אִבַּד 2 K 21:3 + 2 t.; sf. וָֽאַבֶּדְךָ Co Ez 28:16 cf. infr.; אִבַּדְתִּי Je 15:7; וְאִבַּדְתִּ֫י Ez 6:3 (𝔊 Co וְאָֽבְדוּ) etc.; Impf. יְאַבֵּד Ec 9:18; וִֽיאַבֵּד Ec 7:7 Zp 2:13; 1 s. sf. וָאַבֶּדְךָ Ez 28:16 (for וָאֲאַבּ׳ Ew § 72 a Ol § 79 a Kö I 338 Ges § 68 nn; but Co 3 ms.; v. also Co 38 14); תְּאַבְּדוּן Dt 12:2 etc.; Inf. abs. אַבֵּד Dt 12:2 + 3 t.; cstr. id. Ez 22:27 + etc.; Pt. מְאַבְּדִים Je 23:1. cause to perish, destroy, kill, obj. pers. (mostly late) 2 K 11:1 Est 3:9 4:7 8:5 9:24; ∥ הרג 9:6, 12; ∥ הַשְׁמִיד + הרג 3:13 7:4 8:11; ∥ המם Est 9:24; cf. ψ 119:95; obj. נְפָשׁוֹת Ez 22:27 (del. 𝔊 Co); in judgment, subj. י׳ ψ 5:7; cf. Pr 1:32; sq. מִתּוֹךְ Ez 28:16; obj. a people 2 K 13:7 2 K 19:18 = Is 37:19; Jb 12:23; in judgment Dt 11:4 Je 12:17 15:7 Zp 2:13 ψ 9:6 cf. 21:11; obj. inanimate things esp. idols, bamôth etc., Nu 33:52, 52 (J) Dt 12:2, 2 2 K 21:3 Ez 6:3 (but cf. 𝔊 Co supr.); bars of Zion La 2:9 (∥ שִׁבַּר). fig. cause to vanish, blot out, do away with names of idols Dt 12:3; voice of Babylon Je 51:55; memory of dead Is 26:14; substance Pr 29:3; understanding Ec 7:7; good (טוֹבָה q.v.) Ec 9:18. cause to stray, lose; obj. Isr. under fig. of flock Je 23:1 (∥ הֵפִיץ); abs. Ec 3:6 (∥ בַקֵּשׁ). Hiph. Pf. וְהֶֽאֱבִיד Nu 24:19; הֶאֱבַ֑דְתָּ Jb 14:19 etc.; Impf. אֹבִידָה Je 46:8 (Ges § 68, 2 R.1). Inf. cstr. הַאֲבִיד 2 K 10:19 + etc.; Pt. מַאֲבִיד Dt 8:20. destroy, put to death, in judgment, (subj. י׳) obj. pers. Lv 23:30 (sq. מִקֶּרֶב עַמָּהּ; ∥ כָּרַת v 29); Je 49:38 (sq. מִשָּׁם); Ob 8 (sq. מֵֽאֱדוֹם); obj. nation, Ammon Ez 25:7 (sq. מן־הארצות; ∥ כָּרַת), cf. v 16; Canaanites Dt 8:20 (sq. מִפְּנֵיכֶם); Canaan = Philistines Zp 2:5 (∥ כָּרַת); esp. Isr. Dt 28:51, 63 (∥ הַשְׁמִיד), cf. Js 7:7; also abs. Je 18:7 (∥ לִנְתוֹשׁ וְלִנְתוֹץ); = 1:10 (+ וְלַהֲרוֹס) = 31:28 (+ וּלְהָרֵעַ); animals Ez 32:13 (sq. מֵעַל מַיִם רַבִּים); cf. Dt 7:10; ψ 143:12 (∥ תַּצְמִית); (human subj.), obj. servants of Baal 2 K 10:19, obj. nation Dt 9:3, cf. Nu 24:19 (E; sq. מֵעִֽיר); 2 K 24:2; cf. Je 46:8; obj. inanimate, chariots Mi 5:9; idols Ez 30:13 (del. BCo). fig., obj. name of kings Dt 7:24 (sq. מִתַּחַת הַשָּׁמָיִם); hope Jb 14:19; voice of mirth etc. Je 25:10 (cf. 51:55 Pi. supr.)
a.ac.ab	H0008	אֹבֵד		אֹבֵד n.[m.] destruction, עֲדֵי א׳ Nu 24:20, 24 (JE; on form with abstract sense v. Ba NB 149).
a.ac.ac	H0009	אֲבֵדָה		אֲבֵדָה n.f. a lost thing—abs. exc. Dt 22:3 cstr. אֲבֵדַת—Ex 22:8; with מָצָא Lv 5:22, 23; with אָבַד + מָצָא Dt 22:3;—(אבדה Pr 27:20 Kt cf. אֲבַדּוֹ infr.)
a.ac.ad		אֲבַדֹּה		אֲבַדֹּה אֲבַדּוֹ cf. אבדון infr.
a.ac.ae	H0012	אַבְדָ֑ן		אַבְדָ֑ן, & אׇבְדַן (cstr.) n.[m.] destruction (Syr. Syriac) Est 9:5 (מַכַּת־חֶרֶב וְהֶרֶג וְא׳), 8:8; (on form v. BeRy; Ol § 215 b.1 Ba NB 49, 487).
a.ac.af	H0010	אֲבַדּוֹן		אֲבַדּוֹן n.f. ? Pr 27:20 abstr. nearly = n.pr. (place of) Destruction, Ruin, ’Abaddôn (cf. Syriac 𝔖 Jb 28:22 etc.)—אֲבַדּֽוֹן Jb 26:6 (+ 4 t.); abbrev. אבדה Kt אֲבַדּֽוֹ Qr Pr 27:20.—Place of ruin in Shᵉʼôl for lost or ruined dead, as development of earlier distinction of condition in Shᵉʼôl (v. שְׁאוֹל). Only in WisdLt; Jb 31:12; ∥ שׁאול Jb 26:6 Pr 15:11 27:20; ∥ מות Jb 28:22; ∥ קבר ψ 88:12.
a.ad.aa	H0014	אָבָה	root	אָבָה vb. be willing, consent (cf. As. abîtu, command, Dl W, Eth. Ethiopic use, Ar. Arabic, id., Nejd be willing So De Jes 3, p. 26; LCB 1880, 817)— Qal (c. לֹא, אַל exc. Is 1:19 Jb 39:9; in Hex. rare & Only JED, incl. Lv 26:21); Pf. אָבָה Ex 10:27 + אָבוּ Ju 19:25 + 7 t.; אָבוּא Is 28:12 (Sta § 31 R.2; Kö I, 414); Impf. יֹאבֶה Dt 29:19 + 2 t.; 2 ms. juss. תֹּבֵֽא Pr 1:10 (Sta § 143 e 1 nn; Kö I, 578 f) etc.; Pt. אֹבִים Ez 3:7;—be willing, sq. Inf. with ל Ex 10:27 + 29 t.; without ל Dt 2:30 + 8 t.; subj. י׳ Dt 10:10 23:6 29:19 Jos 24:10 2 K 8:19 13:23 24:4 2 Ch 21:7; human subj. Gn 24:5, 8 Ju 19:10 2 S 2:21 13:2514:29, 29 23:16, 17 = 1 Ch 11:18, 19 1 Ch 19:19; in bad sense Ex 10:27 Dt 2:30 25:7 Ju 19:25 20:13 2 S 13:14, 16;esp. of perverse Isr. Lv 26:21 Dt 1:26 I S 15:9 Is 28:12 30:9 42:24 Ez 3:7, 7 20:8; subj. animal, רֵּים Jb 39:9; abs. (no Inf.) 2 S 12:17 1 K 20:8 22:50; cf. Pr 6:35, of jealous man; bad sense Ju 11:17 Is 30:15; good sense I S 22:17 26:23 31:4 = 1 Ch 10:4 2 S 6:10 Pr 1:10; + vb. fin. Is 1:19 (אִם תֹּאבוּ וּשְׁמַעְתֶּם); consent, yield to, sq. לַעֲצָתִי Pr 1:30; sq. acc. תוֹכַחְתִּי v 25 (all in bad sense).
a.ad.ab	H0034	אֶבְיוֹן		אֶבְיוֹן adj. in want, needy, poor,—so, alw. abs., Dt 15:4 + 40 t.; אֶבְיֹנְךָ Ex 23:6 Dt 15:11; אֶבְיוֹנִים Am 4:1 + 14 t.; אֶבְיוֹנֵי (אֶבְיֹנֵי) Ex 23:11 Is 29:19; אֶבְיוֹנֶיהָ ψ 132:15—(Hex. only JED; mostly poet., 23 t. ψ) needy, chiefly poor (in material things); as adj. Dt 15:7, 7, 9; 24:14 ψ 109:16 (both ∥ עָנִי); elsewhere subst.; ψ 49:3 (∥ עָשִׁיר); Dt 15:4, 11; subj. to oppression & abuse Am 2:6 5:12 (both ∥ צַדִּיק) 4:1 8:6 (all ∥ דַּל) Is 32:7; Am 8:4 Ez 16:49 18:12 22:29 ψ 37:14 Jb 24:4, 14 Pr 30:14—cf. ψ 109:16 supr.—(all ∥ עָנִי) Je 5:28 (∥ יָתוֹם) 2:34; cared for by good Jb 29:16 30:25 (∥ קְשֵׁה־יוֹם) 31:19 ψ 112:9 Est 9:22; Pr 14:31 (∥ דָּל) 31:20 Je 22:16 (∥ עָנִי); care of them enjoined, negatively Ex 23:6;—cf. Dt 24:14 supr.—positively Ex 23:11 Dt 15:11 Pr 31:9 (both ∥ עָנִי)—cf. Dt 15:7, 7, 9 supr.—ψ 82:4 (∥ דַל); cared for by God Je 20:13 ψ 107:41 132:15 Jb 5:15; I S 2:8 = ψ 113:7 Is 14:30 (all ∥ דַּל) ψ 35:10 140:13 (both ∥ עָנִי), cf. Davidic king ψ 72:12 (∥ עָנִי) = v 4 בְנֵי אֶבְ׳ (∥ id.), v 13, 13 (∥ דַּל); needing help, deliverance from trouble, esp. as delivered by God ψ 9:19 12:6 40:18 = 70:6 74:21 86:1 109:22 Is 29:19 41:17 (all ∥ עָנִי) Is 25:4 (∥ דַּל) ψ 69:34 109:31.
a.ad.ac	H0035	אֲבִיּוֹנָה		אֲבִיּוֹנָה n.f. caper-berry (as stimulating desire) Ec 12:5 (v. GFM JBL 1891, 55 ff.; so 𝔊 𝔙, Mish. אביונות, cf. NHWB; v. also 𝔖; i.e. capparis spinosa, cf. Ri HWB; so Thes, Ew De, etc.; but Wetzst in De (Germ. ed. 1875) proposes אֶבְיוֹנָה (as fem. of אביון) the poor soul in sense = נִשְׁמָתוֹ הָאֶבְיוֹנָה cf. Symm 𝔖, where double translation).
a.ad.ad	H0016	אֵ֫בֶה		אֵ֫בֶה n.[m.] reed, papyrus Jb 9:26
a.ae.aa		אבה	root	אבה (perh. at least formally justified as stem of אָב (cstr. אֲבִי), so Thea (cf. infr.), but existence & mng. wholly dub.; as real √ Ba ZMG 1887. 609 ff. Ol §123c; acc . to DlW p. 22 אבה As. abû = decide, אָב = he who decides; Thes (so RobGes Nö ZMGxl,737 & cf. Sta §186 al.) makes אָב nom. prim. bilit., imitating infant's speech cf. πάππας, pappa, papa (cf. EWI §106a); also As. bab Jen ZAI886.404).
a.ae.ab	H0001	אָב		אָב 1101 n.m. father father of individual of God as father of his people head of household, family or clan ancestor originator or patron of a class, profession, or art fig. of producer, generator fig. of benevolence & protection term of respect & honor specif., ruler, chief (late)
a.ae.ac	H0045	אֲבִי־עַלְבוֹן		אֲבִי־עַלְבוֹן n.pr.m. a hero of David
a.ae.ad	H0022	אֲבִיאֵל		אֲבִיאֵל n.pr.m. (Ēl is (my) father) Saul’s grandfather = foregoing
a.ae.ae	H0023	אֲבִיאָסָף		אֲבִיאָסָף n.pr.m. (my father has gathered) son (descendant) of Korah Ex 6:24, Sam. אביסף, so אֶבְיָסָף 1 Ch 6:8, 22 9:19 (cf. Nes Eg 185).
a.ae.af	H0026	אֲבִיגַ֫יִל		אֲבִיגַ֫יִל n.pr.f. (my father is joy (?)) wife of Nabal, then of David sister of David
a.ae.ag	H0027	אֲבִידָן		אֲבִידָן n.pr.m. (my father is judge) a prince of Benj.
a.ae.ah	H0028	אֲבִידָע		אֲבִידָע n.pr.m. (my father took knowledge) a son of Midian
a.ae.ai	H0021	אֲבִיָּ֫הוּ		אֲבִיָּ֫הוּ n.pr.m. & f. (Yah(u) is (my) father)—so † 2 Ch 13:20, 21 = אֲבִיָּם † 1 K 14:31 15:1, 7, 7, 8 (𝔊 Ἀβιου, Ἀβια); = אֲבִי † 2 K 18:2 (𝔊 Ἀβου, Ἀβουθ); = אֲבִיָּה 1 S 8:2 22 t.— king of Judah, son & successor of Rehoboam 2nd son of Samuel son of Jerob. son of Becher, a Benjamite head of a priestly house id. wife of Hezron mother of Hezekiah
a.ae.aj	H0030	אֲבִיהוּא		אֲבִיהוּא n.pr.m. (he is father) a son of Aaron
a.ae.ak	H0031	אֲבִיהוּד		אֲבִיהוּד n.pr.m. (my father is majesty) son of Bela, a Benjamite
a.ae.al	H0032	אֲבִיחַ֫יִל		אֲבִיחַ֫יִל n.pr.m. & f. (my father is might)—prob. = אֲבִיהַיִל a Levite a Gadite father of Esther wife of Abishur wife of Rehoboam
a.ae.am	H0036	אֲבִיטוּב		אֲבִיטוּב n.pr.m. (my father is goodness) son of Shaharaim, a Benjamite 1 Ch 8:11.
a.ae.an	H0037	אֲבִיטָ֑ל		אֲבִיטָ֑ל n.pr.f. (my father is (the) dew) a wife of David 2 S 3:4 1 Ch 3:3.
a.ae.ao	H0039	אֲבִימָאֵל		אֲבִימָאֵל n.pr.m. (a father is Ēl; South-Arab. name) son of Jokatan
a.ae.ap	H0040	אֲבִימֶ֫לֶךְ		אֲבִימֶ֫לֶךְ n.pr.m. (Melek (= Malik, Molech) is father) king of Gerar king of Gath son of Gideon priest, son of Abiathar
a.ae.aq	H0041	אֲבִינָדָב		אֲבִינָדָב n.pr.m. (my father is noble) a man of Gibeah, in whose house the ark tarried a son of Jesse a son of Saul
a.ae.ar	H0042	אֲבִינֹ֫עַם		אֲבִינֹ֫עַם n.pr.m. (my father is delight) father of Barak
a.ae.as	H0074	אֲבִינֵר		אֲבִינֵר n.pr.m. (my father is Nêr, or is a lamp)—cousin of Saul, and captain of host
a.ae.at	H0044	אֲבִיעֶ֫זֶר		אֲבִיעֶ֫זֶר n.pr.m. (my father is help)—= אִיעֶזֶר Nu 26:30— a Manassite, called ‘son’ of Gilead a Benjamite, a warrior of David
a.ae.au	H0033	אֲבִי הָעֶזְרִי		אֲבִי הָעֶזְרִי adj.gent. Abiezrite Ju 6:11, 24 8:52 = אִיעֶזְרִי Nu 26:30.
a.ae.av	H0048	אֲבִירָם		אֲבִירָם n.pr.m. ((the) Exalted One is (my) father) a Reubenite, son of Eliab son of Hiel the Bethelite
a.ae.aw	H0085	אַבְרָם		אַבְרָם n.pr.m. (id., Thes al. exalted father) Abram = אַבְרָהָם Abraham
a.ae.ax	H0049	אֲבִישַׁג		אֲבִישַׁג n.pr.f. (my father is a wanderer (שׁגג) ?) a handmaid of David
a.ae.ay	H0050	אֲבִישׁוּעַ		אֲבִישׁוּעַ n.pr.m. (my father is rescue, or is opulence) a son of Phinehas a Benjamite, son of Bela
a.ae.az	H0051	אֲבִישׁוּר		אֲבִישׁוּר n.pr.m. (my father is a wall) son of Shammai
a.ae.ba	H0052	אֲבִישַׁי		אֲבִישַׁי n.pr.m. (my father is Jesse)—grandson of Jesse; son of Zeruiah & brother of Joab
a.ae.bb	H0053	אֲבִישָׁלוֹם		אֲבִישָׁלוֹם n.pr.m. (my father is peace) Rehob.’s father-in-law 3rd son of Dvd
a.ae.bc	H0054	אֶבְיָתָר		אֶבְיָתָר n.pr.m. (the Great One is father (?)) a priest, son of Ahimelech
a.ae.bd		אבוגיל		אבוגיל v. אֲבִיגַיִל sub. אבה
a.af.aa	H0017	אֲבוֹי	root	אֲבוֹי interj. exclam. of pain, Oh!
a.ag.aa		אבח	root	אבח (torment, but dub.)
a.ag.ab	H0019	אִבְחָה		[אִבְחָה] n.f. cstr. Ez 21:20; as above, slaughter; but prob. error for טבחת (v. טבח)
a.ag.ac		אֲבַטִּיחִים		אֲבַטִּיחִים v. בטח
a.ag.ad		אָבִי		אָבִי v. בית
a.ag.ae		אֲבִי		אֲבִי v. אֲבִיָּהוּ sub. אבה
a.ag.af		אֲבִי הָעֶזְרִי		אֲבִי הָעֶזְרִי v. אֲבִיעֶזֶר sub. אבה
a.ag.ag		אֲבִיָּה		אֲבִיָּה v. אֲבִיָּהוּ sub. אבה
a.ag.ah		אֲבִיהַיִל		אֲבִיהַיִל v. אֲבִיחַיִל sub. אבה
a.ag.ai		אֶבְיוֹן		אֶבְיוֹן אֲבִיּוֹנָה v. אָבָה
a.ag.aj		אֲבִיָּם		אֲבִיָּם v. אֲבִיָּהוּ sub. אבה
a.ag.ak		אֶבְיָסָף		אֶבְיָסָף v. אֲבִיאָסָף sub. אבה
a.ah.aa	H0055	אָבַךְ	root	[אָבַךְ] vb. turn (?) Hithp. roll, roll up, as volume of smoke
a.ai.aa	H0056	אָבַל	root	אָבַל 39 vb. mourn Qal mourn, lament Hithp. mourn (mostly prose) Hiph. cause to mourn
a.ai.ab	H0060	אֵ֫בֶל		אֵ֫בֶל n.m. mourning
a.ai.ac		אֵבֶל מִצְרַיִם		אֵבֶל מִצְרַיִם v. אָבֵל מ׳ sub. אבל
a.ai.ad	H0057	אָבֵל		אָבֵל adj. mourning—elsewhere as subst. mourner
a.aj.aa		אבל	root	אבל (perh.Arabic grow green, cf. Syriac grass Lag BN45 prop. Arabic withstand, hence אָבֵל as withstanding scorching sun (protected by trees, springs, etc.), hence also (Lag) Arabic camel).
a.aj.ab	H0059	אָבֵל		אָבֵל n.f. meadow (?) n.pr.loc. city in N. Isr.; = א׳ מַיִם אָבֵל הַשִּׁטִּים n.pr.loc. (= acacia-meadow) in lowlands of Moab אָבֵל כְּרָמִים n.pr.loc. (= vineyard-meadow) in Ammon אָבֵל מְחוֹלָה n.pr.loc. (= dance-meadow) Elisha’s birthplace אָבֵל מִצְרַיִם n.pr.loc. (= meadow of Egypt, i.e. fertile as Egypt ?) E. of Jordan
a.ak.aa	H0061	אֲבָל	root	אֲבָל adv. in older Heb. with an assertive force, verily, of a truth in late Heb. as a decided adversative, howbeit, but
a.al.aa		אבל	root	אבל (cf. Ar. Arabic able to manage camels, fr. Arabic, coll., Sab. אבל camel DHM ZMG 1883, 329).
a.al.ab	H0179	אוֹבִיל		אוֹבִיל n.pr.m. (? camel-driver) overseer of David’s camels 1 Ch 27:30.
a.al.ac		אֻבָל		אֻבָל אוּבָל v. יבל
a.am.aa	H0068	אֶ֫בֶן	root	אֶ֫בֶן 274 n.f. stone in natural state stone, as material precious stone, gen. with modifying word stone containing metal, = ore a weight, as orig. stone plummet objects like stone in sim. (mostly poet.) of sinking in water In topogr. terms
a.am.ab	H0070	אֹבֶן		[אֹבֶן] n.[m.] wheel, disc. potter’s wheel prob. bearing-stool, midwife’s stool
a.am.ac		אבנה		אבנה v. אֲמָנָה
a.am.ad		אַבְנֵט		אַבְנֵט v. בנט
a.am.ae		אַבְנֵר		אַבְנֵר v. אֲבִינֵר sub. אָבָה
a.an.aa	H0075	אָבַס	root	[אָבַס] vb. feed, fatten
a.an.ab	H0018	אֵבוּס		אֵבוּס n.m. crib (= feeding-trough)
a.an.ac	H3965	מַאֲבוּס		[מַאֲבוּס] n.[m.] granary (= place of fodder)
a.an.ad		אֲבַעְבֻּעֹת		אֲבַעְבֻּעֹת v. בוע
a.ao.aa		אבץ	root	אבץ (meaning unknown).
a.ao.ab	H0077	אֶ֫בֶץ		[אֶ֫בֶץ] n.pr.loc. city in Issachar אָ֑בֶץ Jos 19:20.
a.ao.ac	H0078	אִבְצָן		אִבְצָן n.pr.m. judge of Isr.
a.ap.aa		אבק	root	אבק (Ar. Arabic run away (cf. Lag BN51)).
a.ap.ab	H0080	אָבָק		אָבָק n.m. dust
a.ap.ac	H0081	אֲבָקָה		[אֲבָקָה or אַבְקָה] n.f. prob. coll. Ct 3:6 powders of merchant = scent-powders
a.ap.ad	H0079	אָבַק		[אָבַק] vb. denom. Niph. wrestle Gn 32:25
a.aq.aa		אבר	root	אבר (cf. As. abâru, be firm, strong DlW)
a.aq.ab	H0083	אֵ֫בֶר		אֵ֫בֶר n.[m.] pinions (fr. strength, poet. & fig., pl. in sense)
a.aq.ac	H0084	אֶבְרָה		אֶבְרָה n.f. pinion (nom. unit., poet.)
a.aq.ad	H0082	אָבַר		[אָבַר] vb. denom. Hiph. fly (= move pinions); of hawk יַאֲבֶר־נֵץ Jb 39:28.
a.aq.ae	H0046	אָבִיר		[אָבִיר] adj. strong; alw. = subst. the Strong, old name of God (poet.)
a.aq.af	H0047	אָבִּיר		אָבִּיר adj. mighty, valiant
a.aq.ag		אָבְרָהָם		אָבְרָהָם v. אָבְרָם sub. אבה
a.ar.aa	H0086	אַבְרֵךְ	root	אַבְרֵךְ proclaimed before Joseph (mng. dub.)
a.ar.ab		אַבְרָם		אַבְרָם אבְשַׁי v. אֲבִירָם v. אֲבִישַׁי sub. אבה
a.ar.ac		אַבְשָׁלוֹם		אַבְשָׁלוֹם אַבְשָׁלֹם v. אֲבִישָׁלוֹם sub. אבה
a.as.aa		אגא	root	אגא (cf. Ar. Arabic, flee Frey).
a.as.ab	H0089	אָגֵא		אָגֵא n.pr.m. (fugitive?) father of a hero of David 2 S 23:11 (ins. also 1 Ch 11:13 Dr Sm).
a.as.ac	H0090	אֲגָג		אֲגָג, (אֲגַג Nu 24:7) n.pr.m. (violent?) king of Amalek
a.as.ad	H0091	אֲגָגִי		אֲגָגִי adj.gent. of Haman (= Amalekite? so Jew. trad. & cf. Jos. Ant. xi.6.5)
a.at.aa		אגד	root	אגד (bind, so Talm. אָגַד, Aram. אֲגַד).
a.at.ab	H0092	אֲגֻדָּה		אֲגֻדָּה n.f. band pl. cstr. bands, thongs (fastening ox-bow) metaph. of fetters of slavery bunch of hyssop abs. band of men vault of the heavens (as fitted together, constructed)
a.at.ac	H0093	אֱגוֹז		אֱגוֹז n.[m.] nuts (coll.)
a.au.aa		אגל	root	אגל (Hoffm Hiob. 86 compo Ar. Arabic restrict, Eth. Ethiopic a certain one (name withheld), etc.)
a.au.ab	H0096	אֵ֫גֶל		אֵ֫גֶל n.[m.] usually trans. drop
a.au.ac	H0097	אֶגְלַ֫יִם		אֶגְלַ֫יִם n.pr.loc. town in Moab
a.av.aa		אגם	root	אגם (troubled, sad, As. agâmu DlW cf. Ar. Arabic loathe; also Arabic marshy jungle v. עגם).
a.av.ab	H0098	אֲגַם		אֲגַם n.[m.] troubled pool troubled or muddy (gloomy) pools or marshes any pool, pond swamp-reed, rush
a.av.ac	H0099	אָגֵם		[אָגֵם] adj. sad (cf. Mish.) אַגְמֵי־נֶפֶשׁ Is 19:10.
a.av.ad	H0100	אַגְמֹן		אַגְמֹן, אַגְמוֹן n.[m.] rush, bulrush used as cord or line metaph. of the lowly, insignif.
a.aw.aa		אגן	root	אגן (prob. circular, round, cf. Ar. Arabic ball of cheek & v. Talm. אוֹגֶן curved rim of a vessel).
a.aw.ab	H0101	אַגָּן		[אַגָּן] n.[m.] bowl, basin basins used in ritual sim. of curves of body metaph. of family of Eliakim
a.ax.aa		אגף	root	אגף (As. stem of agappu, wing, cf. DlW).
a.ax.ab	H0102	אֲגַף		[אֲגַף] n.[m.] band, army (loan-word, orig. wing of army)
a.ay.aa	H0103	אָגַר	root	[אָגַר] vb. gather (food)
a.az.aa		אגר	root	אגר (pay, hire, Ar. Arabic, Aram. אֲגַר, Arabic, As. agâru DlW, Palm. עגר Reck ZMG 1888, 396).
a.az.ab	H0094	אָגוּר		אָגוּר n.pr.m. (perh. hireling; others gatherer) son of יָקֶה, an author of proverbs Pr 30:1.
a.az.ac	H0095	אֲגוֹרָה		[אֲגוֹרָה] n.f. payment אֲגוֹרַת כֶּסֶף 1 S 2:36.
a.az.ad	H0107	אִגֶּ֫רֶת		אִגֶּ֫רֶת n.f. letter, letter-missive (late, prob. loan-word)
a.az.ae		אֲגַרְטָל		אֲגַרְטָל v. גרטל
a.az.af		אֶגְרֹף		אֶגְרֹף v. גרף
a.az.ag		אֵד		אֵד אוֹדוֹת אֹדוֹת v. אוד
a.ba.aa	H0109	אָדַב	root	[אָדַב] vb. grieve; Hiph. Inf. to cause to grieve 1 S 2:33.
a.ba.ab	H0110	אַדְבְּאֵל		אַדְבְּאֵל n.pr.m. 3rd son of Ishmael
a.bb.aa		אדד	root	אדד (? cf. Ar. Arabic strength).
a.bb.ab	H0112	אִדּוֹ		אִדּוֹ n.pr.m. a chief Israelite Ezr 8:17, 17.
a.bb.ac		אֲדַד		אֲדַד v. הדד
a.bb.ad	H0118	אֲדַלְיָא		אֲדַלְיָא n.pr.m. 5th son of Haman Est 9:8 (Pers.?).
a.bc.aa		אדם	root	אדם (cf. As. [adâmu] make, produce (?) Dlw W. & Pr 104).
a.bc.ab	H0121	אָדָם		אָדָם 560 n.m. Gn 1:27 man, mankind a man = human being coll. man, mankind n.pr.m. Adam, first man (without art.) n.pr.loc. city in Jordan valley (as built?)
a.bc.ac	H0128	אֲדָמָה		אֲדָמָה 224 n.f. ground, land (as tilled) ground (as tilled, yielding sustenance) piece of ground, landed property earth as material substance ground as earth's visible surface land, territory, country whole earth, inhabited earth n. pr. loc. city in Naphtali
a.bc.ad	H0126	אַדְמָה		אַדְמָה n.pr.loc. city in Vale of Siddim
a.bc.ae	H0129	אֲדָמִי הַנֶּ֫קֶב		אֲדָמִי הַנֶּ֫קֶב n.pr.loc. pass in Naphtali, Jos 19:33 v. נקב.
a.bd.aa		אדם	root	אדם (Arabic, Arabic tawny, Eth. Ethiopic (only in derivatives), As. adâmu ? DlW; cf. Lag BN28).
a.bd.ab	H0119	אָדֹם		[אָדֹם, אָדֵם] vb. be red Qal ruddy, of Nazirites Pu. Pt. reddened, dyed red Hithp. Impf. redden, grow or look red Hiph. Impf. emit (show) redness
a.bd.ac	H0122	אָדֹם		אָדֹם adj. red.
a.bd.ad	H0124	אֹ֫דֶם		אֹ֫דֶם n.[f.] carnelian (fr. redness; 𝔊 σάρδιον; on format. cf. Lag BN 144) Ex 28:17 39:10 (P) Ez 18:13.
a.bd.ae	H0122	אֱדֹם		אֱדֹם n.[m.] name of a condiment.
a.bd.af	H0123	אֱדוֹם		אֱדוֹם († אֱדֹם Ez 25:11) n.pr.m. Edom coll. Edomites, Idumeans as descend. of Esau land of Edom, Idumaea
a.bd.ag	H0130	אֲדֹמִי		אֲדֹמִי adj.gent. Edomite
a.bd.ah	H0125	אֲדַמְדָּם		אֲדַמְדָּם adj. reddish of leprous sores
a.bd.ai	H0132	אַדְמוֹנִי		אַדְמוֹנִי adj. red, ruddy, of Esau as newborn babe
a.bd.aj		אֲדֻמִּים		אֲדֻמִּים v. מֵעֲלָה sub. עלה
a.bd.ak	H0133	אַדְמָתָא		אַדְמָתָא n.pr.m. a prince of Persia & Media Est 1:14 (cf. Pers. admâta, unrestrained).
a.be.aa		אדן	root	אדן (mng. disputed; (1) cf. As. [adannu] firm, strong; adv. adanniš, strongly, exceedingly DlW > (2) Fü. (a) make firm, fasten (cf. Arabic) whence אֶדֶן; (b) determine, command, rule, whence אָדוֹן; (3) Thes Add., MV al. (a) intr. be under, low, inferior (cf. דּוּן, Arabic), whence אֶדֶן; (b) tr. put under command, rule over (cf. דִּין) whence אָדוֹן; v. also (4) Lag M.i. 102, אָדוֹן fro. Arabic).
a.be.ab	H0134	אֶ֫דֶן		[אֶ֫דֶן] 57 n.m. Ex 26:19 , pedestal pedestals of fine gold pedestals of the earth on wh. its pillars were placed (metal) pedestals, s, or sockets in wh. tenons of planks & pillars of tabernacle were set up; two for each plank & one for each pillar
a.be.ac	H0113	אָדוֹן		אָדוֹן n.m. lord (אֲדֹנִי, אֲדֹנַי, אֲדֹנָי are variations of Mass. pointing to distinguish divine reference fr. human. Pl., with few exc. an intens. pl. of rank; word takes sf. as pl. in all other pers.; so doubtless here. Orig. reading prob. in all cases אֲדֹנַי; אֲדֹנִי now found in J 51 t.)
a.be.ad	H0135	אַדָּן		אַדָּן n.pr.loc. in Babylonia Ezr 2:59 (v. כְּרוּב n.pr.)
a.be.ae	H0114	אַדּוֹן		אַדּוֹן id. [a.be.ad] Ne 7:61.
a.be.af	H0137	אֲדֹנִי־בֶ֫זֶק		אֲדֹנִי־בֶ֫זֶק n.pr.m. (or title) king of Can. city Bezek Ju 1:7; without Maqq. v 5, 6.
a.be.ag	H0139	אֲדֹנִי־צֶ֫דֶק		אֲדֹנִי־צֶ֫דֶק n.pr.m. Canaan. king of Jerusalem
a.be.ah	H0138	אֲדֹנִיָּ֫הוּ		אֲדֹנִיָּ֫הוּ (אֲדֹיִּנָה) n.pr.m. (my Lord is Yahweh) fourth son of David a Levite a chief of the people
a.be.ai	H0140	אֲדֹנִיקָם		אֲדֹנִיקָם n.pr.m. (my lord has risen) head of family
a.be.aj	H0141	אֲדֹנִירָם		אֲדֹנִירָם n.pr.m. (my Lord is exalted) official of Solom.
a.be.ak	H0151	אֲדֹרָם		אֲדֹרָם (contr. or corrupt, cf. foregoing [a.be.aj]) same official, under David, & Rehob.
a.bf.aa	H0142	אָדַר	root	[אָדַר] vb. (poet.) wide, great, (thence) high, noble Niph. Pt. majestic, glorious Hiph. make glorious the teaching
a.bf.ab	H0145	אֶ֫דֶר		אֶ֫דֶר n.[m.] glory, magnificence mantle, cloak (as wide)
a.bf.ac	H0115	אֲדוֹרַ֫יִם		אֲדוֹרַ֫יִם n.pr.loc. (two hills?) city in Judah 2 Ch 11:9
a.bf.ad	H0146	אַדָּר		אַדָּר n.pr.m. (noble?). son of Bela, grandson of Benjm. city in Judah
a.bf.ae	H0117	אַדִּיר		אַדִּיר adj. majestic
a.bf.af	H0155	אַדֶּ֫רֶת		אַדֶּ֫רֶת n.f. glory, cloak glory, magnificence cloak, mantle (wide garment)
a.bf.ag	H0143	אֲדָר		אֲדָר n.pr.[m.] 12th (Babylonian) month = Feb.-Mar.
a.bf.ah	H0152	אַדְרַמֶּ֫לֶךְ		אַדְרַמֶּ֫לֶךְ n.pr.m. (Adar is prince, As. Adar-malik (?)) a god of Sepharvaim parricidal son of Sennacherib
a.bf.ai		אֲדֹרָם		אֲדֹרָם v. אדנירם sub. אדון
a.bf.aj		אֲדַרְכּוֹן		אֲדַרְכּוֹן v. דרכמון
a.bf.ak		אֶדְרְעִי		אֶדְרְעִי v. דרע
a.bg.aa	H0156	אדשׁ	root	אדשׁ only Inf abs. אָדוֹשׁ v. דושׁ
a.bh.aa	H0157	אָהֵב	root	אָהֵב 216 vb. love Qal human love to human object less oft. of appetite love to God esp. Pt. of divine love Niph. Pt. pl. lovely, loveable Pi. friends lovers
a.bh.ab	H0158	אַ֫הַב		[אַ֫הַב] n.[m.] love only pl.
a.bh.ac	H0159	אֹ֫הַב		[אֹ֫הַב] n.[m.] id. [a.bh.ab] = loved object, i.e. the idol worshipped; pl. = amours (carnal sense)
a.bh.ad	H0160	אַהֲבָה		אַהֲבָה n.f. love
a.bi.aa		אהד	root	אהד (= אחד? v. Thes.)
a.bi.ab	H0161	אֹ֫הַד		אֹ֫הַד n.pr.m. son of Simeon Gn 46:10 Ex 6:16.
a.bi.ac	H0164	אֵהוּד		אֵהוּד n.pr.m. a Benjamite, son of Gera, deliverer of Isr. fr. Moab a Benjamite, son of Bilhan
a.bj.aa	H0162	אֲהָהּ	root	אֲהָהּ interj. alas!
a.bj.ab	H0163	אַהֲוָא		אַהֲוָא n.pr.loc. town or district in Babylonia, by which a stream is designated, also the stream
a.bk.aa	H0165	אֱהִי	root	אֱהִי adv. where?
a.bl.aa		אהל	root	אהל (settle down (?), Ar. Arabic be inhabited, cf. As. âlu, settlement, city, maʾâlu, maʾâltu, bed; DlW & Pr 105).
a.bl.ab	H0169	אֹ֫הֶל		אֹ֫הֶל 343 n.m. tent tent of nomad dwelling, habitation the sacred tent used in worship of God
a.bl.ac	H0167	אָהַל		[אָהַל] vb. denom. tent, move tent fr. place to place Pi. Impf. pitch one’s tent like nomad
a.bl.ad	H0170	אָהֳלָה		אָהֳלָה n.pr.f. Ohŏla (she who has a tent, tent-woman, i.e. worshipper at tent-shrine) of Samaria, adulteress with Assyria
a.bl.ae	H0171	אָהֳלִיאָב		אָהֳלִיאָב n.pr.m. Ohŏliab (Father’s tent) chief assistant of Bezalel in construction of tabernacle
a.bl.af	H0172	אָהֳלִיבָה		אָהֳלִיבָה n.pr.f. Ohŏliba (= tent in her) of Jerusalem as adulterous wife of י׳
a.bl.ag	H0173	אָהֳלִיבָמָה		אָהֳלִיבָמָה n.pr. Ohŏlibama (tent of high place) f. wife of Esau m. as Edomite chief
a.bm.aa	H0166	אָהַל	root	[אָהַל] vb. Hiph. be clear, shine
a.bn.aa	H0174	אהל	root	[אהל] n.[m.] odorif. tree, aloe (?)
a.bn.ab	H0175	אַהֲרֹן		אַהֲרֹן 346 n.pr.m. Aaron, elder brother of Moses
a.bo.aa	H0176	אוֹ	root	אוֹ 320 conj. or sometimes implying a preference, nearly or rather introducing a sentence, esp. a particular case under a general principle, or = or if if perchance once, with the juss. = except
a.bo.ab	H0177	אוּאֵל		אוּאֵל n.pr.m. a Judæan (will of God) Ezr 10:34.
a.bp.aa		אוב	root	אוב (meaning? Thes. comp. Ar. Arabic return, Arabic water-carrier; but cf. LagBN90). MV comp. אבב (with conjectural sense) to get meaning have a hollow sound. Deriv. and signif. totally uncertain).
a.bp.ab	H0178	אוֹב		אוֹב n.m. skin-bottle, necromancer, etc. skin-bottle necromancer ghost necromancy
a.bp.ac	H0088	אֹבֹת		אֹבֹת n.pr.loc. (water-skins) station of Isr. in wildern.
a.bq.aa		אוד	root	אוד (be curved, bent, also trans. burden, oppress, cf. Ar. Arabic) 1).
a.bq.ab	H0181	אוּד		אוּד n.m. brand, firebrand (orig. perh. bent stick used to stir fire)
a.bq.ac	H0182	אוֹדָה		[אוֹדָה] n.f. cause (perh. orig. circumstance)
a.bq.ad	H0343	אֵיד		אֵיד n.m. distress, calamity national calam. of Isr. (apostate) of righteous sufferer oft. of wicked
a.bq.ae	H0108	אֵד		אֵד n.m. mist
a.br.aa		אוה	root	אוה 1. Ar. Arabic betake oneself to a place for dwelling, etc.; 2. id., be tenderly inclined.
a.br.ab	H0339	אִי		אִי n.m. Is 20:6 († f. Is 23:2) coast, region
a.br.ac	H0385	אִיתָמָר		אִיתָמָר n.pr.m. ((is) land of palms ?) youngest (4th) son of Aaron
a.bs.aa	H0183	אָוָה	root	[אָוָה] vb. incline, desire Pi. desire Hithp. desire, long for, lust after
a.bs.ab	H0176	אֵו		[אֵו] n.m. אוֹ, Kt Pr 31:4 desire, so Thes MV; but < Qr אֵי q.v.
a.bs.ac	H0185	אַוָּה		[אַוָּה] n.f. desire
a.bs.ad	H0189	אֱוִי		אֱוִי n.pr.m. (desire?) one of five chiefs of Midian Nu 31:8 Jos 13:21.
a.bs.ae	H3970	מַאֲוַי		[מַאֲוַי] n.[m.] desire pl. cstr. מַאֲוַיֵּי רָשָׁע ψ 140:9.
a.bs.af	H8378	תַּאֲוָה		תַּאֲוָה n.f. desire thing desired
a.bt.aa	H0184	אָוָה	root	[אָוָה] vb. sign, mark, describe with a mark only Hithp. mark you out, measure
a.bt.ab	H0226	אוֹת		אוֹת n.m. 79 Ex 4:8 (f. Jos 24:17) sign sign, pledge, token signs, omens promised by prophets as pledges of certain predicted events sign, symbol of prophets signs, miracles, as pledges or attestations of divine presence & interposition signs, memorials sign, pledge of covenant ensigns, standards signs, tokens of changes of weather & times
a.bt.ac	H0186	אוּזַי		אוּזַי n.pr.m. a Judæan, Ne 3:25.
a.bu.aa	H0188	אוֹי	root	אוֹי interj. (onomatop.) woe! an impassioned expression of grief and despair
a.bu.ab	H0190	אוֹיָה		אוֹיָה = אוֹי ψ 120:5 א֣וֹיָה לִּ֭י.
a.bv.aa		אוה	root	אוה (to cry אֹוי, howl cf. Ar. Arabic, to cry Arabic to be assumed prob. as source of two foIl. words).
a.bv.ab	H0338	אִי		[אִי] n.m. jackal (howler)
a.bv.ac	H0344	אַיָּה		אַיָּה n.f. hawk, falcon, kite
a.bv.ad	H0345	אַיָּה		אַיָּה n.pr.m. (falcon) a Horite father of Rizpah
a.bv.ae	H0192	אֱוִיל מְרֹדַךְ		אֱוִיל מְרֹדַךְ n.pr.m. (Bab. Avêl (Amêl) Maruduk, man of Merodach) son & successor of Nebuchadnezzar, king of Babylon, B.C. 562-60, 2 K 25:27 (v. COT) = Je 52:31.
a.bw.aa		אול	root	אול (be foolish, cf. יאל Ar. Arabic grow thick (of fluids)).
a.bw.ab	H0191	אֱוִיל		אֱוִיל 26 adj. foolish
a.bw.ac	H0196	אֱוִלִי		אֱוִלִי adj. id. [a.bw.ab] Zc 11:15.
a.bw.ad	H0200	אִוֶּ֫לֶת		אִוֶּ֫לֶת 25 n.f. folly
a.bx.aa		אול	root	אול, איל (be in front of, precede, lead; v.Thes NöMBA 1880. 774; 8BA 18c2 1175, who comp. Ar. Arabic for Arabic, Targ. אוולא; cf. Sab. אול DHM Epigr. Denkm.33.34; v. on the other hand LagOr ii. p. 3; M i. p. 100 & sub I. אלה infr.)
a.bx.ab	H0193	אוּל		[אוּל] n.[m.] body, belly; sf. אוּלָם (in contempt) ψ 73:4 (lit. their front, prominent part).
a.bx.ac	H0193	אוּל		[אוּל] n.[m.] leading man, noble
a.bx.ad	H0197	אוּלָם		אוּלָם n.m. 1 K 7:8 porch in Solomon’s temple in Sol.’s palace in temple of Ezek.’s vision
a.bx.ae	H0198	אוּלָם		אוּלָם n.pr.m. only geneal.
a.bx.af	H0352	אַ֫יִל		אַ֫יִל 156 n.m. ram (as leader of flock)
a.bx.ag	H0352	אַ֫יִל		אַ֫יִל n.[m.] projecting pillar or pilaster
a.bx.ah	H0352	אַ֫יִל		[אַ֫יִל ?] n.m. leader, chief
a.bx.ai	H0352	אַ֫יִל		[אַ֫יִל ?] n.m. terebinth
a.bx.aj	H0364	אֵיל פָּארָן		אֵיל פָּארָן n.pr.loc. (terebinth of Paran) town & harbor at head of Ælanitic Gulf
a.bx.ak	H0362	אֵילִים		[אֵילִים], alw. אֵילִם n.pr.loc. (= place of terebinths or other great trees) 2nd station of Isr. in desert after passing sea
a.bx.al	H0424	אֵלָה		אֵלָה n.f. terebinth
a.bx.am	H0425	אֵלָה		אֵלָה n.pr.m. (terebinth) a chief of Edom son of Baasha father of Hoshea who was last king of Isr. a son of Caleb a son of Uzzi
a.bx.an	H0436	אֵלוֹן		אֵלוֹן n.[f.] terebinth
a.bx.ao	H0356	אֵלוֹן		אֵלוֹן n.pr.m. son of Zebulun a Hittite, father-in-law of Esau a judge of Isr., of tribe of Zeb. n.pr.loc. a town of Dan
a.bx.ap	H0440	אֵלֹנִי		אֵלֹנִי adj.gent. of אֵלוֹן 1. (as n. coll.) Nu 26:26.
a.bx.aq	H0359	אֵילַת		אֵילַת n.pr.loc. (lofty tree(s coll.?) i.e. palms?) town & harbor, N.E. arm of Red Sea
a.bx.ar	H0359	אֵילוֹת		אֵילוֹת n.pr.loc. id. [a.bx.aq] (grove of lofty trees)
a.bx.as	H0361	אֵילָם		[אֵילָם] n.m. porch
a.bx.at	H0354	אַיָּל		אַיָּל n.[m.] (f. ψ 42:2) hart, stag, deer
a.bx.au	H0355	אַיָּלָה		אַיָּלָה n.f. hind, doe
a.bx.av	H0357	אַיָּלוֹן		אַיָּלוֹן n.pr.loc. (Deer-field) Aijalon city in Dan city in Zebulun
a.bx.aw	H0195	אוּלַי		[אוּלַי] n.pr.fl. Ulai, Eulaeus, river of Elam
a.by.aa	H0194	אוּלַי	root	אוּלַי 44 and (Gn 24:39) אֻלַי adv. peradventure, perhaps; usually expressing a hope followed by another clause, it expresses virtually the protasis = if peradventure unless
a.by.ab		אוּלָם		אוּלָם sub. אול
a.bz.aa	H0199	אוּלָם	root	אוּלָם adv. but, but indeed, a strong adversative
a.ca.aa		און	root	און (cf. Ar. Arabic (med. Arabic) be fatigued, tired, Arabic, weariness, sorrow, trouble).
a.ca.ab	H0206	אָ֫וֶן		אָ֫וֶן 85 n.m. trouble, sorrow, wickedness trouble, sorrow idolatry trouble of iniquity, wickedness
a.ca.ac	H8383	תְּאֻנִים		תְּאֻנִים n.[m.] toil
a.cb.aa		און	root	און (cf. Ar. Arabic (med. Arabic) be at rest, at ease, enjoy life of plenty; Arabic one enjoying a life of ease, freedom from toil & trouble).
a.cb.ab	H0202	אוֹן		אוֹן n.m. vigour, wealth manly vigor strength wealth
a.cb.ac	H0203	אוֹן		אוֹן n.pr.m. (vigour) a chief of tribe of Reuben Nu 16:1.
a.cb.ad	H0207	אוֹנוֹ		אוֹנוֹ n.pr.loc. (vigorous, for אונון) city in Benjamin
a.cb.ae	H0208	אוֹנָם		אוֹנָם n.pr.m. (vigorous) chief of Horites chief of tribe of Judah
a.cb.af	H0209	אוֹנָן		אוֹנָן n.pr.m. (vigorous) son of Judah
a.cb.ag		אוֹן		אוֹן v. אֹן
a.cb.ah		אוניות		אוניות v. אֳנִי sub. אנה
a.cb.ai	H0210	אוּפָז		אוּפָז (n.pr.loc. unknown & dub.) whence came gold; but 𝔊 δόκιμος
a.cb.aj	H0211	אוֹפִיר		אוֹפִיר n.pr. Ophir n.pr.m. 11th son of Joktan n.pr.loc. (land or city S. or SE. fr. Palestine) place whither Sol.’s ships went fr. Ezion Geber, bringing thence gold characteristic of fine gold (poet. & late) hence for fine gold itself
a.cc.aa	H0213	אוּץ	root	[אוּץ] vb. press, be pressed, make haste Qal press, hasten (intr.) be pressed, confined, narrow hasten, make haste Hiph. hasten
a.cd.aa	H0215	אוֹר	root	[אוֹר] 43 vb. be or become light Qal;—become light, shine of sun (esp. in early morn.) Niph.—become lighted up of day-break Hiph.— give light, of sun, moon & stars light up, cause to shine, shine light a lamp lighten, of the eyes make shine, of face of God
a.cd.ab	H0216	אוֹר		אוֹר 121 n.m. light light as diffused in nature, light of day morning light, dawn light of the heavenly luminaries daylight lightning light of lamp light of life light of prosperity light of instruction light of face Yahweh
a.cd.ac	H0219	אוֹרָה		אוֹרָה n.f. light light light of joy & happiness
a.cd.ad	H0219	אוֹרָה		[אוֹרָה] n.f. herb.
a.cd.ae	H0217	אוּר		אוּר n.m. flame.
a.cd.af	H0217	אֻרִים		אֻרִים n.[m.]pl. region of light, East Is 24:15
a.cd.ag	H0224	אוּרִים		אוּרִים n.m. Urim
a.cd.ah	H0218	אוּר		אוּר n.pr.m. (flame) father of one of David's heroes 1 Ch 11:35
a.cd.ai	H0221	אוּרִי		אוּרִי n.pr.m. (fiery, or contr. for אוּרִיָּה) prince of Judah a porter father of an officer of Solomon
a.cd.aj	H0222	אוּרִיאֵל		אוּרִיאֵל n.pr.m. (flame of Ēl or my light is Ēl) chief of Levit. line of Kohath, in time of David maternal grandfather of Abijah
a.cd.ak	H0223	אוּרִיָּה		אוּרִיָּה n.pr.m. (flame of Yah or my light is Yah v. יָהּ). Hittite husband of Bathsheba priest in reign of Ahaz priest in time of Nehemiah
a.cd.al	H0223	אוּרִיָּ֫הוּ		אוּרִיָּ֫הוּ n.pr.m. (flame of Yahweh or my light is Yahweh v. יהוה) a prophet slain by Jehoiakim Je 26:20.
a.cd.am	H2971	יָאִיר		יָאִיר n.pr.m. (he enlightens, or one giving light) son of Manasseh a judge in Gilead father of Mordecai
a.cd.an	H2972	יָאִירִי		יָאִירִי adj.gent. Jairite 2 S 20:26.
a.cd.ao	H3974	מָאוֹר		מָאוֹר n.m. luminary
a.cd.ap	H3975	מְאוּרָה		[מְאוּרָה] n.f. light-hole
a.cd.aq	H0218	אוּר		אוּר n.pr.loc. Ur, ancient city in Southern Babylonia
a.cd.ar		אֲוֵרוֹת		אֲוֵרוֹת v. אֻרְיָּה sub. ארה
a.cd.as		אֲוַרְנָה		אֲוַרְנָה v. אֲרַוְנָה
a.ce.aa	H0225	אוּת	root	[אוּת] vb. only Niph. Impf. consent, agree
a.ce.ab		אוֹת		אוֹת v. אוה
a.ce.ac	H0227	אָז		אָז adv. at that time, then whether expressing duration, or inception (= thereupon). strictly temporal expressing logical sequence strictly
a.ce.ad	H0227	מֵאָז		מֵאָז lit. from that time
a.ce.ae	H0233	אֲזַי		אֲזַי = אָז (prob. a dialectic form) then, in that case
a.ce.af	H0229	אֶזְבָּ֑י		אֶזְבָּ֑י n.pr.m. father of one of David’s men 1 Ch 11:37
a.ce.ag	H0231	אֵזוֹב		אֵזוֹב n.m. hyssop
a.ce.ah		אֵזְכָּרָה		אֵזְכָּרָה v. זכר
a.cf.aa	H0235	אָזַל	root	אָזַל vb. go (mostly poet.) Qal go away; go about; be gone, exhausted, used up Pu. yarn, spin
a.cf.ab	H0237	אֶזֶל		[אֶזֶל] onlyהָאָ֑זֶל 1 S 20:19 rd. הַלָּ(א)ז q.v.
a.cf.ac	H0187	אוּזָל		אוּזָל n.pr.m. 6th son of Joktan
a.cg.aa		אזן	root	אזן (pointed, sharp? cf. Eth. Ethiopic edge, corner, peak, pinnacle; v. also As. DlW, & אָזֵן infr.)
a.cg.ab	H0241	אֹ֫זֶן		אֹ֫זֶן 188 n.f. Ex 29:20 ear ear, as part of body especially as organ of hearing open ears of, reveal to
a.cg.ac	H0238	אָזַן		[אָזַן] 42 vb. denom. Hiph. give ear, listen, hear hear, perceive by the ear of God, listening (with favour) to prayer
a.cg.ad	H0240	אָזֵן		[אָזֵן] n.[m.]coll. implements, tools
a.cg.ae	H0244	אָזְנִי		אָזְנִי n.pr.m. a son of Gad Nu 26:16 (my hearing, or my ear? Gn 46:16 אֶצְבּוֹן q.v.)
a.cg.af	H0244	אָזְנִי		אָזְנִי adj.gent. fr. same, הָאָזְנִי Nu 26:16.
a.cg.ag	H0245	אֲזַנְיָ֫הוּ		אֲזַנְיָ֫הוּ n.pr.m. (Yahweh hath heard) father of Jeshua, a Levite Ne 10:10.
a.cg.ah	H0243	אַזְנוֹת תָּבוֹר		אַזְנוֹת תָּבוֹר n.pr.loc. (peaks of Tabor? pl.) Jos 19:34 place in Naphtali cf. Di.
a.cg.ai	H2970	יַאֲזַנְיָ֫הוּ		יַאֲזַנְיָ֫הוּ n.pr.m. (Yahweh heareth) a Judæan an elder of Isr., son of Shaphan son of Jeremiah a leading Judæan, son of Azur a leading Judæan
a.ch.aa	H0239	אָזַן	root	[אָזַן] vb. only Pi. Pf. weigh, test, prove
a.ch.ab	H3976	מאזן		[מאזן] n.[m.]du. balances, scales
a.ch.ac	H0242	אֻזֵּן שֶׁאֱרָה		אֻזֵּן שֶׁאֱרָה n.pr.loc. (portion—weighed & measured—of She’ĕra, Blau ZMG 1873, 296), place built by שׁ׳, daughter of Ephraim 1 Ch 7:24.
a.ch.ad		אֲזִקִּים		אֲזִקִּים v. זקק
a.ci.aa	H0247	אָזַר	root	[אָזַר] vb. gird, encompass, equip Qal gird, gird on Niph. girded with might Pi. gird Hithp. gird oneself
a.ci.ab	H0232	אֵזוֹר		אֵזוֹר n.m. waistcloth
a.ci.ac		אֶזְרוֹעַ		אֶזְרוֹעַ v. זרע
a.ci.ad		אֶזְרָח		אֶזְרָח v. זרח
a.ci.ae		אֹחַ		אֹחַ v. אחת
a.ci.af		אָח		אָח אַחְאָב אֶחָב אַחְבָּן v. אחה
a.ci.ag		אָח		אָח v. אחח
a.ci.ah	H0253	אָח		אָח interj. (onomatop.) ah! alas! Ez 6:11 21:20.
a.ci.ai	H0305	אַחְלַי		אַחְלַי ψ 119:5 and אַחֲלֵי 2 K 5:3 ah that! (𝔊 ὄφελον).
a.ci.aj		אָחַד		אָחַד v. יחד v. חדד
a.cj.aa	H0259	אֶחָד	root	אֶחָד 972 adj.num. one one = each, every = a certain = indef. art. only, & (fem.) once one … another, one … the other as ordinal first in combin.
a.cj.ab	H0261	אֵחוּד		אֵחוּד n.pr.m. (union fr. אֱחוּד ?) a Benjamite 1 Ch 8:6 = אֵחִי Gn 46:21.
a.cj.ac	H2297	חַד		חַד adj. = אֶחָד Ez 33:30 del Co, cf. 𝔊.
a.ck.aa		אחה	root	אחה (stem assumed for אָח; which however perh. bilit. & prim. so Thes Rob Ges al.; DlHA 59 prop. surround, protect; DlW comp. aḫu, side. Zehnpfnnd BAS I. 510 prop. belong together, cf. Schult. Thes. De Goeje in RSSem 256 N suggests connection with ḥayy, family, clan).
a.ck.ab	H0251	אָח		אָח 630 n.m. brother brother, born of same mother (& father) indef. = relative fig. of resemblance in phr. one … another
a.ck.ac	H0256	אַחְאָב		אַחְאָב 91 n.pr.m. Ahab (father’s brother) son of Omri, king of Isr. false prophet, time of Jerem.
a.ck.ad		אֶחָב		אֶחָב v. אַחְאָב
a.ck.ae	H0257	אַחְבָן		אַחְבָן n.pr.m. (brother of an intelligent one) son of Abishur, of Judah 1 Ch 2:29.
a.ck.af	H0267	אֲחוּמַי		אֲחוּמַי n.pr.m. descendant of Judah 1 Ch 4:2.
a.ck.ag	H0279	אֲחִיאָם		אֲחִיאָם n.pr.m. one of David’s heroes 2 S 23:33 1 Ch 11:35.
a.ck.ah	H0277	אֲחִיָּ֫הוּ		אֲחִיָּ֫הוּ, אֲחִיָה (always, exc. where other form noted), אֲחִי n.pr.m. (brother of Yah(u)) a priest a scribe a prophet father of king Baasha grandson of Hezron son of Ehud, of Benj. one of Dvd’s heroes a Levite, Dvd’s time a chief man under Nehem. a Gadite a man of Asher
a.ck.ai	H0282	אֲחִיהוּד		אֲחִיהוּד n.pr.m. prince of Asher Nu 34:27 (brother of majesty)
a.ck.aj	H0283	אַחְיוֹ		אַחְיוֹ n.pr.m. (fraternal) a son of Aminadab, brother of Uzzah a Benjamite a Benjamite
a.ck.ak	H0284	אֲחִיחֻד		אֲחִיחֻד n.pr.m. son of Ehud, a Benjamite 1 Ch 8:7.
a.ck.al	H0285	אֲחִיטוּב		אֲחִיטוּב n.pr.m. (my brother is goodness) grandson of Eli; father of Ahimelech father of Zadok
a.ck.am	H0286	אֲחִילוּד		אֲחִילוּד n.pr.m. (child’s brother (?)) father of Jehoshaphat, David’s chronicler father of Baana, officer of Solomon
a.ck.an	H0287	אֲחִימוֹת		אֲחִימוֹת n.pr.m. (my brother is death) a Levite 1Ch 6:10
a.ck.ao	H0288	אֲחִימֶ֫לֶךְ		אֲחִימֶ֫לֶךְ n.pr.m. (brother of Melek) priest in Saul’s (Dvd’s) time a Hittite
a.ck.ap	H0289	אֲחִימַן		אֲחִימַן n.pr.m. (my brother is a gift ?) son of Anak a Levite
a.ck.aq	H0290	אֲחִימַ֫עַץ		אֲחִימַ֫עַץ n.pr.m. (my brother is wrath) son of Zadok father-in-law of Saul
a.ck.ar	H0291	אַחְיָן		אַחְיָן n.pr.m. (fraternal, Aram. Syriac) a Manassite 1 Ch 7:19.
a.ck.as	H0292	אֲחִינָדָב		אֲחִינָדָב n.pr.m. (my brother is noble) an officer of Solomon 1 K 4:14.
a.ck.at	H0293	אֲחִינֹ֫עַם		אֲחִינֹ֫עַם n.pr.f. (my brother is delight) wife of Saul Jezreelitess, wife of David
a.ck.au	H0294	אֲחִיסָמָךְ		אֲחִיסָמָךְ n.pr.m. (my brother has supported) father of Oholiab, a workman on tabern.
a.ck.av	H0295	אֲחִיעֶ֫זֶר		אֲחִיעֶ֫זֶר n.pr.m. (my brother is help) chief of Dan one of David’s heroes
a.ck.aw	H0296	אֲחִיקָם		אֲחִיקָם n.pr.m. (my brother has arisen) son of Shaphan, Josiah’s time; protector of Jerem.; father of Gedaliah
a.ck.ax	H0297	אֲחִירָם		אֲחִירָם n.pr.m. (brother of (the) lofty) son of Benj. Nu 26:38
a.ck.ay	H2361	חִירָם		חִירָם n.pr.m. Hiram (abbr. fr. foregoing [a.ck.ax]); חִירוֹם; also חוּרָם king of Tyre, contemp. of David & Solomon an artificer of Tyre, sent by Hiram the king a Benjamite 1 Ch 8:5.
a.ck.az	H0298	אֲחִירָמִי		אֲחִירָמִי adj.gent. הָא׳ as n. coll. Nu 26:38.
a.ck.ba	H0299	אֲחִירַע		אֲחִירַע n.pr.m. (my brother is evil) a chief of Naphtali
a.ck.bb	H0300	אֲחִישָׁ֑חַר		אֲחִישָׁ֑חַר n.pr.m. (brother of (the) dawn) a Benjamite 1 Ch 7:10.
a.ck.bc	H0301	אֲחִישָׁר		אֲחִישָׁר n.pr.m. (my brother has sung) over Solomon’s household 1 K 4:6.
a.ck.bd	H0302	אֲחִיתֹ֫פֶל		אֲחִיתֹ֫פֶל n.pr.m. (my brother is folly ?) David’s trusted & traitorous counsellor
a.ck.be	H0264	אַחֲוָה		אַחֲוָה n.f. brotherhood הָא׳ Zc 11:14 (between Judah & Israel).
a.ck.bf		חִיאֵל		חִיאֵל v. חִיאֵל
a.ck.bg	H0269	אָחוֹת		אָחוֹת 114 n.f. sister sister = beloved symbol. of Judah, Samaria, Sodom & Jerusalem fig. of intimate connection another
a.ck.bh	H0260	אָחוּ		אָחוּ n.m. Jb 8:11 coll. reeds, rushes
a.ck.bi		אַחוָה		אַחוָה v. חוה
a.cl.aa	H0270	אָחַז	root	אָחַז 68 vb. grasp, take hold of, take possession Qal grasp, take hold of Niph. be caught Pi. enclose, overlay Hoph. fastened
a.cl.ab	H0271	אָחָז		אָחָז n.pr.m. (he has grasped) king of Judah, son of Jotham, father of Hezekiah son of Micah, & great-grandson of Jonathan
a.cl.ac	H0272	אֲחֻזָּה		אֲחֻזָּה 66 n.f. possession
a.cl.ad	H0273	אֲחַזְיָ֫הוּ		אֲחַזְיָ֫הוּ, אֲחַזְיָה, אַחְזַי n.pr.m. (Yah(u) hath grasped) king of Isr., son of Ahab king of Judah, son of Joram a priest
a.cl.ae	H0275	אֲחֻזָּם		אֲחֻזָּם n.pr.m. (possessor) a man of Judah 1 Ch 4:6.
a.cl.af	H0276	אֲחֻזַּת		אֲחֻזַּת n.pr.m. (possession) friend of Abimelech Gn 26:26.
a.cm.aa		אחח	root	אחח (cry, howl, onomat., cf. Ar. Arabic).
a.cm.ab	H0255	אֹחַ		[אֹחַ] n.[m.] jackal Is 13:21
a.cn.aa		אחח	root	אחח ?
a.cn.ab	H0254	אָח		אָח n.f. fire-pot, brasier
a.cn.ac	H0265	אֲחוֹחַ		אֲחוֹחַ n.pr.m. a Benjamite 1 Ch 8:4
a.cn.ad	H0266	אֲחוֹחִי		אֲחוֹחִי (אֲחֹחִי) adj.gent. 2 S 23:9
a.cn.ae	H0278	אֵחִי		אֵחִי n.pr.m. a son of Benjamin Gn 46:21 (P)
a.co.aa		אחל	root	אחל (existence & meaning dub.)
a.co.ab	H0304	אַחְלָ֑י		אַחְלָ֑י n.pr. f. daughter of Sheshan m. father of one of David’s mighty men
a.co.ac		אַחְלָב		אַחְלָב v. חלב
a.co.ad	H0306	אַחְלָ֑מָה		אַחְלָ֑מָה n.f. perh. amethyst (etym. dub.)
a.co.ae	H0308	אֲחַסְבַּי		אֲחַסְבַּי n.pr.m. father of Eliphelet, one of David’s heroes 2 S 23:34.
a.cp.aa	H0309	אָחַר	root	אָחַר vb. to remain behind, delay, tarry Qal and I have tarried until now Pi. intensive, delay, tarry causat. of Qal, cause one to delay, hinder; keep back (= bring late)
a.cp.ab	H0312	אַחֵר		אַחֵר adj. another
a.cp.ac	H0310	אַחַר		אַחַר prop. subst. the hinder or following part adv. of place, behind of time, afterwards prep. of place, behind, after of time, after conj. after that.
a.cp.ad	H0310	אַחֲרַי		אַחֲרַי adj. Pr 28:23 a man that turneth backwards.
a.cp.ae	H0268	אָחוֹר		אָחוֹר 41 subst. the hinder side, back part
a.cp.af	H0322	אֲחֹרַנִית		אֲחֹרַנִית adv. backwards
a.cp.ag	H0314	אַחֲרוֹן		אַחֲרוֹן 61 f. אַחֲרוֹנָה, pl. אַחֲרֹנִים (also אַחֲרוֹנִים), adj. from אַחַר, coming after or behind of place, behind, hindermost of time, latter or last
a.cp.ah	H0319	אַחֲרִית		אַחֲרִית 61 n.f. after-part, end
a.cp.ai	H0313	אַחֵר		אַחֵר n.pr.m. 1 Ch 7:12 (ident. & meaning quite dub.)
a.cp.aj	H0315	אַחֲרַח		אַחֲרַח n.pr.m. a son of Benjamin 1 Ch 8:1
a.cp.ak	H0316	אֲחַרְחֵל		אֲחַרְחֵל n.pr.m. app. a descendant of Judah 1 Ch 4:8 (deriv. & mng. dub.)
a.cp.al	H0323	אֲחַשְׁדַּרְפְּנִים		אֲחַשְׁדַּרְפְּנִים n.m.pl. satraps
a.cp.am	H0325	אֲחַשְׁוֵרוֹשׁ		אֲחַשְׁוֵרוֹשׁ n.pr.m. Ahasuerus = Xerxes king of Pers.
a.cp.an	H0326	אֲחַשְׁתָּרִי		אֲחַשְׁתָּרִי n.pr.m. but in form adj. gent. 1 Ch 4:6
a.cp.ao	H0327	אֲחַשְׁתְּרָן		[אֲחַשְׁתְּרָן] adj. (?) royal
a.cp.ap		אַחַת		אַחַת v. אֶחָד
a.cp.aq		אַט		אַט v. אטט
a.cq.aa		אטד	root	אטד (mug. dub.; perh. cf. Ar. Arabic make firm, strong, cf. Thes MV).
a.cq.ab	H0329	אָטָד		אָטָד n.m. Ju 9:15 bramble, buck-thorn
a.cr.aa		אטט	root	אטט Arab. Arabic to emit a moaning or creaking sound (cf. AW Lex. 36 Ges Jes. 1. 604 f Lane 1.66).
a.cr.ab	H0328	אִטִּי		[אִטִּי] n.m. mutterer Is 19:3 mutterers i.e. either ventriloquists or whisperers of charms
a.cr.ac	H0328	אַט		אַט subst. gentleness, used only adverbially
a.cs.aa	H0331	אטם	root	[אטם] vb. shut, shut up Qal shut, stop Hiph. of adder, stopping ears, sim. of wicked.
a.cs.ab	H0330	אֵטוּן		אֵטוּן n.[m.] thread, yarn Pr 7:16
a.ct.aa	H0332	אָטַר	root	[אָטַר] vb. shut up, close, bind Qal Impf. ψ 69:16
a.ct.ab	H0333	אָטֵר		אָטֵר n.pr.m. (binder?) a chief of Jews
a.ct.ac	H0334	אִטֵּר		אִטֵּר adj. shut up, bound
a.cu.aa	H0335	אַי	root	[אַי] interrog. adv. where? prefixed to other adverbs or prons., אַי imparts an interrog. force
a.cu.ab	H0346	אַיֵּה		אַיֵּה 46 interr.adv. Where?
a.cu.ac	H0349	אֵיךְ		אֵיךְ 69 adv. interrog. How? as an exclam. How!
a.cu.ad	H0349	אֵיכָה		אֵיכָה adv. interrog. In what manner? exclam. How! Where?
a.cu.ae	H0351	אֵיכוֹ		אֵיכוֹ 2 K 6:13 Qr where ? v. אֵיכָה 3.
a.cu.af	H0349	אֵיכָ֫כָה		אֵיכָ֫כָה (Ct) אֵֽיכָכָ֫ה (Est) How?
a.cu.ag	H0370	אַ֫יִן		[אַ֫יִן] adv. whence?
a.cu.ah	H0575	אָן		אָן adv. where? or whither?
a.cu.ai	H0375	אֵיפֹה		אֵיפֹה adv. where? of what kind?
a.cv.aa	H0337	אִי	root	אִי interj. alas! (late)
a.cw.aa	H0336	אִי	root	אִי adv. not Jb 22:30
a.cw.ab	H0350	אִי כָבוֹד		אִי כָבוֹד (1 S 4:21), אִי־כָבוֹד (1 S 14:3) n.pr.m. (inglorious), son of Phinehas
a.cw.ac	H0348	אִיזֶבֶל		אִיזֶבֶל n.pr.f. queen of Ahab, daughter of Ethbaal, king of Tyre
a.cw.ad		אִי		אִי v. אָוָה
a.cw.ae		אַ֫יִן		אַ֫יִן v.
a.cw.af		אִיעֶזֶר		אִיעֶזֶר v. אֲבִיעֶזֶר
a.cw.ag		אִיתָמָר		אִיתָמָר v. אָוָה
a.cx.aa	H0340	אָיַב	root	[אָיַב] 283 vb. be hostile to (enemy = אֹיֵב)
a.cx.ab	H0342	אֵיבָה		אֵיבָה n.f. enmity
a.cx.ac	H0347	אִיּוֹב		אִיּוֹב n.pr.m. Job (meaning unknown)
a.cx.ad		אֵיד		אֵיד אֵד v. אוּד
a.cx.ae		אַיָּה		אַיָּה v. אוה sub. אוֹי
a.cx.af		אַיֵּה		אַיֵּה v. אַי
a.cx.ag		אִיִּים		אִיִּים v. אוה
a.cx.ah		אֵיךְ		אֵיךְ אֵיכָה אֵיכָכָה v.
a.cx.ai		אַיִל		אַיִל אַיָּל אַיָּלָה אַיָּלוֹן אֵילוֹן אֵילָם אֵילִם אֵילַת אֵילוֹת v. אול
a.cx.aj	H0353	אֱיָל		אֱיָל n.m. help (loan-word from Aram.)
a.cx.ak	H0360	אֱיָלוּת		[אֱיָלוּת] n.f. id. [אֱיָל]
a.cy.aa		אים	root	אים (cf. T, Talm. אַיֵם terrify LagBN28).
a.cy.ab	H0366	אָיֹם		אָיֹם adj. terrible, dreadful
a.cy.ac	H0367	אֵימָה		אֵימָה 17 n.f. terror, dread
a.cy.ad	H0368	אֵימִים		אֵימִים n.pr.m.pl. Emim (terrors) ancient inhab. of Moab
a.cy.ae		אַ֫יִן		אַ֫יִן מֵאַ֫יִן v. אַי
a.cz.aa	H0369	אַ֫יִן	root	אַ֫יִן, אָ֑֫יִן cstr. אֵין subst. prop. nothing, nought to nothing, as nothing cstr. אֵין, very freq. as particle of negation, is not, are not, was not, were not אֵין לְ׳, with subst., or pron., there is (was) not to … = … have, has, had, etc. not in circumst. clauses with inf. and ל׳, it is not to … with prefixes
a.cz.ab	H0371	אִין		אִין 1 S 21:9 prob. irreg. for אֵין
a.cz.ac	H0374	אֵיפָה		אֵיפָה 35, אֵפָה n.f. ephah a certain quantity of wheat, barley, etc. = ten omers receptacle or measure, holding an ephah
a.cz.ad		אֵיִפֹה		אֵיִפֹה v. אַי
a.da.aa		אישׁ	root	אישׁ, אושׁ (Stem assumed in Thes for אִישׁ; existence & mng. somewhat dub. Thes (Add) & most derive אִישׁ fr. [אִנְשְׁ] √אנשׁ (q. v.) In favour are pl. אֲנָשִׁים, fem. אִשָּׁה = [אִנְשָׁה], lack of proven √אישׁ, & lack of clear parallels for אישׁ in cogn. lang. Against the deriv. of אִישׁ fr. inš is the vocalization (י ִ, and that fully written, not ֵ), maintained even with suff., the (rare) pl. אִישִׁים, the impossibility of deriving אִישׁ from same √ (אִשָּׁה fr. Arabic), the existence of אֱנוֹשׁ as parallel form, and the (exceptional) parallel Aram. אישׁ (Inscr. of Carpentras), also Ar. Arabic (cf. Frey) ∥ Arabic; MI, SI, Ph. אשׁ are not decisive; Sab. has hoth אסם & אנסם; the former app. = אִישׁ, the latter אֱנוֹשׁ; but on former cf. DHMZK 1884. 360 & Sab. Den km. 37. On the whole, probability seems to favour √אישׁ; Thes gave mng. be strong; Dl HA 9. Pr 161 comp. As. išanu, strong; (Dl W. p. 244), & n.pr. יְהוֹאָשׁ; cf. also Prät LOPh. Feb. 1884; otherwise DHM l.c. & ZMG 1883, 330 & esp. Nö ZMG 1886, 739 Lag BN 68; cf. also Wetzst in De Psalmen. ed. 4. p. 888 al. v. also אנשׁ, אֱנוֹשׁ
a.da.ab	H0376	אִישׁ		אִישׁ 2166 n.m. man (= vir)
a.da.ac	H0378	אִישׁ־בֹ֫שֶׁת		אִישׁ־בֹ֫שֶׁת n.pr.m. Ishbosheth son of Saul, & king of Isr., with David as rival one of Dvd’s heroes
a.da.ad	H0379	אִישׁ הוֹד		אִישׁ הוֹד n.pr.m. (man of majesty) a man of Manasseh 1 Ch 7:18.
a.da.ae	H0380	אִישׁוֹן		אִישׁוֹן n.[m.] pupil of eye
a.da.af		אִישַׁי		אִישַׁי v. יִשַׁי
a.da.ag		אִיתוֹן		אִיתוֹן v. אתיון sub. אתה
a.da.ah		אִיתַי		אִיתַי אִיתִיאֵל v. אֵת
a.da.ai		אִיתָמָר		אִיתָמָר v. אִי sub. אוה
a.da.aj		אֵיתָן		אֵיתָן אֵתָן v. יתן
a.da.ak	H0389	אַךְ		אַךְ 159 adv. 1. surely. 2. with a restrictive force, emphasizing what follows
a.db.aa	H0390	אַכַּד	root	אַכַּד n.pr.loc. Akkad Gn 10:10; name of city in Northern (?) Babylonia
a.db.ab		אַכְזָב		אַכְזָב אַכְזִיב v. כזב
a.db.ac		אַכְזָר		אַכְזָר אַכְזָרִי אַכְזְרִיּוּת v. כזר
a.db.ad	H0397	אָכִישׁ		אָכִישׁ n.pr.m. king of Gath
a.dc.aa	H0398	אָכַל	root	אָכַל 806 vb. eat Qal eat, human subject of beasts, birds, etc., eat, devour fig. of fire, devour, consume of sword, devour, slay in genl., devour, consume, destroy fig. of oppression, devour the poor Niph. be eaten by man be devoured by fire, consumed be wasted, destroyed, of flesh Pu. be consumed Hiph. cause to eat, feed with cause to devoure, obj. sword
a.dc.ab	H0400	אֹ֫כֶל		אֹ֫כֶל 40 n.m. food
a.dc.ac	H0402	אָכְלָה		אָכְלָה 17 n.f. food, eating esp. in phr. devouring, by wild beasts, only fig. of ravaged people consuming, in fire
a.dc.ad	H0401	וְאֻכָֿל		וְאֻכָֿל Pr 30:1 rd. וָאֵכֶל & v. כלה.
a.dc.ae	H0396	אֲכִילָה		אֲכִילָה n.f. an eating, a meal 1 K 19:8 (on form v. Ba NB 136).
a.dc.af	H3978	מַאֲכָל		מַאֲכָל 30 n.m. Ju 14:14 (f. Hb 1:16) food
a.dc.ag	H3979	מַאֲכֶ֫לֶת		מַאֲכֶ֫לֶת n.f. knife (as cutting instrum., or instrument for dividing, making small)
a.dc.ah	H3980	מַאֲכֹ֫לֶת		מַאֲכֹ֫לֶת n.f. fuel cstr., only מַא׳ אֵשׁ Is 9:4, 18.
a.dc.ai	H4361	מַכֹּ֫לֶת		מַכֹּ֫לֶת n.f. food-stuff, 1 K 5:25
a.dd.aa	H0403	אָכֵן	root	אָכֵן adv. with strong asseverative force: surely, truly emphasizing a contrast, but indeed, but in fact
a.de.aa	H0404	אָכַף	root	אָכַף vb. press, urge
a.de.ab	H0405	אֶ֫כֶף		[אֶ֫כֶף] n.m. pressure, sf. אַכְפִּי Jb 33:7
a.df.aa		אכר	root	אכר (Ar. Arabic dig, till the ground).
a.df.ab	H0406	אִכָּר		אִכָּר n.m. ploughman, husbandman
a.df.ac		אַכְשָׁף		אַכְשָׁף v. כשׁף
a.dg.aa		אַל	root	אַל (= Arabic, Ar. article, preserved perh. in following words derived by Hebrews from (or through) Arabic-speaking tribes; cf. Eng. algebra, Alhambra, alkali, alcohol, alcove, etc.)
a.dg.ab	H0417	אֶלְגָּבִישׁ		אֶלְגָּבִישׁ n.[m.] hail
a.dg.ac	H0418	אֲלְגּוּמִים		אֲלְגּוּמִים n.[m.]pl. a tree, perh. sandal-wood
a.dg.ad	H0484	אַלְמֻגִּים		אַלְמֻגִּים n.[m.]pl. id. [a.dg.ac]
a.dg.ae	H0486	אַלְמוֹדָד		אַלְמוֹדָד n.pr. of South-Arab. people
a.dg.af	H0510	אַלְקוּם		אַלְקוּם band of soldiers Pr 30:31.
a.dg.ag	H0513	אֶלְתּוֹלַד		אֶלְתּוֹלַד n.pr.loc. city in southern Judah
a.dh.aa	H0408	אַל	root	אַל adv. of negation, denying however, not objectively as a fact, but subjectively as a wish, expressing therefore a deprecation or prohibition
a.di.aa	H0413	אֶל	root	אֶל (nearly always followed by Makkeph), prep. denoting motion to or direction towards (whether physical or mental).of motion to or unto a person or place Where the limit is actually entered, into Of direction towards anything Where the motion or direction implied appears from the context to be of a hostile character, אֶל = against Unto sometimes acquires from the context the sense of in addition to Metaph. in regard to, concerning, on account of Of rule or standard according to (rare) Expressing presence at a spot, against, at, by, not merely after verbs implying motion Prefixed to other preps. it combines with them the idea of motion or direction to
a.di.ab	H0454	אֶלְיְהוֹעֵינַי		אֶלְיְהוֹעֵינַי n.pr.m. (unto י׳ are mine eyes) a Korahite 1 Ch 26:3. a returning exile Ezr 8:4.
a.di.ac	H0454	אֶלְיוֹעֵינַי		אֶלְיוֹעֵינַי n.pr.m. (id. [a.di.ab]) a descendant of David a Simeonite a Benjamite priests in time of Ezra
a.dj.aa	H0411	אֵל	root	אֵל pr.pl.m. & f. these
a.dk.aa	H0428	אֵ֫לֶּה	root	אֵ֫לֶּה pr.pl.m. & f. these in appos. to a subst. with a pron. suff. (always without the article) repeated, אלה … ואלה, these … those with the art. (but only after a subst. determined likewise by the art.) with preps.
a.dk.ab		אֵל		אֵל אֶלְדָּד אֶלְדָּעָה v. אלה
a.dk.ac	H0414	אֵלָא		אֵלָא n.pr.m. father of an officer of Solomon 1 K 4:18
a.dl.aa		אלה	root	אלה (assumed as √ of אֵל, (אֱלוֹהַּ) אֱלֹהִים god, God, but question intricate, & conclusions dub. It is uncertain whether אֵל & אֱלֹהִים are from the same √. Following are the chief theories: 1. a. Thes makes אֵל & אֱלֹהִים distinct, and both really primitive, but associates אֵל in treatment with אֵל strong, Pt. of √אול; strong, acc. to Thes, being derived from mng. be in front of; (different order in Lex. Man., RobGes); b. אֵל & אֱלֹהִים distinct; former fr. אול strong; latter pl. of אֱלוֹהַּ from √[אלהּ] = Arabic go to and fro in perplexity or fear, hence אֱלהַּ fear & object of fear, reverence, revered one; Arabic = פחד אל trepide confugere ad Ho 3:5; אלהים = פחד Gn 31:42 = מוֹרָא Is 8:13 DeGn 1887, 48 (cf. σέβασμα, postBHeb. יִרְאָה NHWB; Aram. דַּחֲלָא CWB); so De following Fl in De Gn ed. 4. 51, cf. MV. 2. אֵל & אֱלֹהִים possibly connected; אֵל = leader, lord, fr. √אול be in front; so Nö M8 Ak 1880, 760f; SB Ak 1882, 1175f. 3. a. אֵל & אֱלֹהִים connected, & both fr. a √אלה (= אלהּ) to which is assigned mng. strong; so Ew §146d. 178b (v. also Jahrbücher d. bibl. Wiss., x. 11, Bibl. Theol. ii. 330). b. אֵל fr. √אלה strong (not אלהּ), & אֱלֹהִים expanded from אֵל, cf. pl. אֲמָהוֹת; fr. אמה etc.; so Di on Gn 1:1; he supports mng. strong by ref. to phrase יֵשׁ לְאֵל יָדִי Gn 31:29 al.; c. similarly, אֵל, being very early & common Shemitic word, formed pl. אלהים, fr. which sing. אֱלוֹהַּ was afterwards inferred, Nes Theol. Stud. a. Württ. 1882. 243 (criticized by Nö SBA 1.c.). 4. אֵל (אֱלוֹהַּ, אֱלֹהִים disregarded) fr. √אלה stretch out to, reach after (cf. prep. אֶל, אֱלִי, also אָלָה swear), God as the one whom men strive to reach, 'das Ziel aller Menschensehnsucht und alles Menschenstrebens,' Lag Or. ii. 3; GN 1882. 173—M 96.—Cf. Spurrell Heb. Text of Gn. App. ii, where all these views are stated somewhat more fully, & briefly criticized; on the use of אֵל & אֱלהַּ in Shemitic languages vid., exhaustively, Nö MB Ak. SB Ak. i.c.).
a.dl.ab	H0410	אֵל		אֵל n.m. god, but with various subordinate applications to express the idea of might applied to men of might and rank angels gods of the nations Ēl as characterizing mighty things in nature God, the one only and true God of Israel אֵל strength, power
a.dl.ac	H0433	אֱלֹהַּ		אֱלֹהַּ 67; elsewhere אֱלוֹהַּ n.m. god, God a heathen god, late usage God, used in ancient poems
a.dl.ad	H0430	אֱלֹהִים		אֱלֹהִים 2570 n.m.pl. pl. in number. rulers, judges, either as divine representatives at sacred places or as reflecting divine majesty and power divine ones, superhuman beings including God and angels angels gods pl. intensive god or goddess godlike one works of God, or things belongng to him God הָאֱלֹהִים the (true) God אֱלֹהִים = God
a.dl.ae	H0419	אֶלְדָּד		אֶלְדָּד n.pr.m. (God has loved)
a.dl.af	H0420	אֶלְדָּעָה		אֶלְדָּעָה n.pr.m. (God has called?) son of Midian
a.dl.ag	H0443	אֶלְזָבָד		אֶלְזָבָד n.pr.m. (God has given) one of David’s band of Gadites a Korahite
a.dl.ah	H0445	אֶלְחָנָן		אֶלְחָנָן n.pr.m. (God has been gracious) two of David’s chiefs
a.dl.ai	H0446	אֱלִיאָב		אֱלִיאָב n.pr.m. (God is father) prince of Zebulon prince of Reuben brother of David a Kohathite a Gadite Levite singer
a.dl.aj	H0447	אֱלִיאֵל		אֱלִיאֵל n.pr.m. (Ēl is God, or my God is God) only Ch. two or three of David’s chiefs chief of Manasseh two chiefs of Benjamin chief of the Hebronites a chief Kohathite a Levite
a.dl.ak	H0448	אֳלִיאָ֫תָה		אֳלִיאָ֫תָה n.pr.m. (God has come) a Hemanite
a.dl.al	H0449	אֶלְדָּד		אֶלְדָּד v. אֶלְדָּד supr.
a.dl.am	H0450	אֶלְיָדָע		אֶלְיָדָע n.pr.m. (God knows) son of David father of an adversary of Solomon chief of Benjamin
a.dl.an	H0452	אֵלִיָּה		אֵלִיָּה; אֵלִיָּ֫הוּ n.pr.m. (Yah(u) is God) Elijah, the great prophet of the reign of Ahab Benjamite a priest of Ezra’s time a son of Elam
a.dl.ao	H0453	אֱלִיהוּ		אֱלִיהוּ, אֱלִיהוּא n.pr.m. (He is (my) God) the young friend of Job an Ephraimite, Samuel’s great-grandfather chief of Manasseh a Korahite one of the brethren of David
a.dl.ap	H0455	אֶלְיַחְבָּא		אֶלְיַחְבָּא n.pr.m. (God hides) one of David’s chiefs
a.dl.aq	H0456	אֱלִיחֹ֫רֶף		אֱלִיחֹ֫רֶף n.pr.m. (Autumn God?) one of Solomon’s scribes 1 K 4:3.
a.dl.ar	H0458	אֱלִימֶ֫לֶךְ		אֱלִימֶ֫לֶךְ n.pr.m. (God is king) husband of Naomi
a.dl.as	H0460	אֶלְיָסָף		אֶלְיָסָף n.pr.m. (God has added) chief of Gad chief of Gershon
a.dl.at	H0461	אֱלִיעֶ֫זֶר		אֱלִיעֶ֫זֶר n.pr.m. (God is help) Abraham’s steward, a Damascene son of Moses Benjamite several priests Reubenite prophet in time of Jehoshaphat Levite chief son of Harim
a.dl.au	H0463	אֱלִיעָם		אֱלִיעָם n.pr.m. (God is kinsman) father of Bathsheba one of David’s heroes
a.dl.av	H0464	אֱלִיפַז		אֱלִיפַז n.pr.m. (God of fine gold?) son of Esau friend of Job
a.dl.aw	H0465	אֱלִיפָל		אֱלִיפָל n.pr.m. (God has judged) one of David’s heroes
a.dl.ax	H0466	אֱלִיפְלֵ֫הוּ		אֱלִיפְלֵ֫הוּ n.pr.m. (may God distinguish him) one of the doorkeepers
a.dl.ay	H0467	אֲלִיפֶ֫לֶט		אֲלִיפֶ֫לֶט n.pr.m. (God is deliverance) son of David one of David’s heroes a Benjamite one of the line of Adonikam of the line of Hashum
a.dl.az	H0468	אֱלִיצוּר		אֱלִיצוּר n.pr.m. (Rock is God) chief of Reuben
a.dl.ba	H0469	אֱלִיצָפָן		אֱלִיצָפָן n.pr.m. (God has protected) chief of the Kohathites chief of Zebulun
a.dl.bb	H0470	אֱלִיקָא		אֱלִיקָא n.pr.m. one of David’s heroes 2 S 23:25.
a.dl.bc	H0471	אֶלְיָקִים		אֶלְיָקִים n.pr.m. (God sets up) Hezekiah’s prefect of the palace son of Josiah, made king by Pharaoh
a.dl.bd	H0472	אֱלִישֶׁ֫בַע		אֱלִישֶׁ֫בַע n.pr.f. (God is an oath) wife of Aaron Ex 6:23; = Ἐλεισαβεθ 𝔊, cf. Lu 1:7.
a.dl.be	H0474	אֱלִישׁוּעַ		אֱלִישׁוּעַ n.pr.m. (God is salvation; or is opulence) son of David
a.dl.bf	H0475	אֶלְיָשִׁיב		אֶלְיָשִׁיב n.pr.m. (God restores) a descendant of David priest of David’s time high priest of Nehemiah’s time a singer one of the line of Zattu one of the line of Bani
a.dl.bg	H0476	אֱלִישָׁמָע		אֱלִישָׁמָע (God has heard) chief of Ephraim son of David scribe of Jehoiakim one of the royal seed a man of Judah a priest
a.dl.bh	H0477	אֱלִישָׁע		אֱלִישָׁע n.pr.m. (God is salvation) the prophet Elisha, the successor of Elijah
a.dl.bi	H0478	אֱלִישָׁפָט		אֱלִישָׁפָט n.pr.m. (God has judged) a captain in the time of Jehoiada 2 Ch 23:1.
a.dl.bj		אֱלִיָּתָה		אֱלִיָּתָה v. אֱלִיאָתָה
a.dl.bk		אֶלְמוֹדָד		אֶלְמוֹדָד v. אַל
a.dl.bl	H0493	אֶלְנָ֑עַם		אֶלְנָ֑עַם n.pr.m. (God is pleasantness) father of two of David’s heroes 1 Ch 11:46 (not in S).
a.dl.bm	H0494	אֶלְנָתָן		אֶלְנָתָן (God has given) the grandfather of Jehoiakim Levites of the time of Ezra
a.dl.bn	H0496	אֶלְעָד		אֶלְעָד n.pr.m. (God has testified) an Ephraimite 1 Ch 7:21.
a.dl.bo	H0497	אֶלְעָדָה		אֶלְעָדָה n.pr.m. (God has adorned, cf. עֲדִיאֵל) an Ephraimite 1 Ch 7:20.
a.dl.bp	H0498	אֶלְעוּזַי		אֶלְעוּזַי n.pr.m. (God is my strength) one of the heroes of David 1 Ch 12:6.
a.dl.bq	H0499	אֶלְעָזָר		אֶלְעָזָר n.pr.m. (God has helped) Eleazar the priest son of Abinadab one of David’s heroes a Levite priest of the time of Ezra one of the line of Parosh
a.dl.br	H0500	אֶלְעָלֵא		אֶלְעָלֵא, ∥ אֶלְעָלֵה n.pr.loc. (God doth ascend?) of village in the tribe of Reuben, near Heshbon, in ruins
a.dl.bs	H0501	אֶלְעָשָׂה		אֶלְעָשָׂה n.pr.m. (God has made) descendant of Judah a Benjamite of the line of Pashur son of Shaphan
a.dl.bt		אֶלְפֶּלֶט		אֶלְפֶּלֶט v. אֱלִיפֶלֶט
a.dl.bu	H0508	אֶלְפַּ֫עַל		אֶלְפַּ֫עַל n.pr.m. (God of doing? cf. Ph. פעלאבסת) a Benjamite
a.dl.bv		אֶלְצָפָן		אֶלְצָפָן v. אֱלִיצָפָן
a.dl.bw	H0511	אֶלְקָנָה		אֶלְקָנָה n.pr.m. (God has created, or taken possession) father of Samuel son of Korah a ruler in Jerusalem in the time of Ahaz one of David’s warriors several Levites
a.dm.aa	H0422	אָלָה	root	אָלָה vb. swear, curse Qal swear, take oath curse Hiph. adjure, put under oath
a.dm.ab	H0423	אָלָה		אָלָה n.f. oath oath in testimony oath of covenant curse execration
a.dm.ac	H8381	תַּאֲלָה		תַּאֲלָה n.f. curse La 3:65.
a.dn.aa	H0421	אָלָה	root	[אָלָה] vb. wail
a.dn.ab	H0451	אַלְיָה		אַלְיָה n.f. fat tail of sheep, still accounted a delicacy in the East
a.dn.ac	H0432	אִלּוּ		אִלּוּ conj. if, though, only in late Heb.
a.dn.ad	H0435	אֱלוּל		אֱלוּל n.pr. of 6th month, Aug.-Sept. Ne 6:15
a.dn.ae	H0442	אָלוּשׁ		אָלוּשׁ n.pr.loc. a station of Israel in the wilderness Nu 33:13, 14.
a.do.aa	H0444	אָלַח	root	[אָלַח] vb. only Niph. be corrupt morally; tainted
a.do.ab		אֻלַי		אֻלַי v. אוּלַי
a.do.ac	H0473	אֲלִישָׁה		אֲלִישָׁה n.pr.loc. as son of Javan
a.dp.aa		אלל	root	אלל (to be weak or insufficient, assumed in Thes as root of אֱלִיל (as also of אַל): cf. Ar. Arabic to fail in a thing).
a.dp.ab	H0434	אֱלוּל		אֱלוּל Je 14:14 Kt, i.q. אֱלִיל, q.v.
a.dp.ac	H0457	אֱלִיל		אֱלִיל n.m. insufficiency, worthlessness the shepherd of worthlessness = the worthless shepherd concr. worthless gods, idols
a.dq.aa		אלל	root	אלל (√ assumed for following words).
a.dq.ab	H0427	אַלָּה		אַלָּה n.f. oak only Jos 24:26
a.dq.ac	H0437	אַלּוֹן		אַלּוֹן n.m. oak
a.dq.ad	H0438	אַלּוֹן		אַלּוֹן n.pr.m. (oak) a Simeonite 1 Ch 4:37
a.dq.ae	H0487	אַלַּמֶּלֶךְ		אַלַּמֶּלֶךְ n.pr.loc. in Asher Jos 19:26
a.dr.aa	H0480	אַלְלַי	root	אַלְלַי interj. (prob. onomatop.) alas!, woe!
a.dr.ab	H0481	אָלַם		[אָלַם] vb. bind Niph. (be bound =) be dumb Pi. Pt. bind
a.dr.ac	H0485	אֲלֻמָה		[אֲלֻמָה] n.f. sheaf, in Joseph's dream
a.dr.ad	H0482	אֵ֫לֶם		אֵ֫לֶם n.[m.] silence
a.dr.ae	H0483	אִלֵּם		אִלֵּם adj. dumb, unable to speak
a.dr.af		אֻלָּם		אֻלָּם v. אוּלָם
a.dr.ag		אֵלָם		אֵלָם v. אֵילָם sub. אול
a.dr.ah	H0488	אַלְמָן		אַלְמָן adj. forsaken, of Israel Je 51:5
a.dr.ai	H0489	אַלְמֹן		אַלְמֹן n.[m.] widowhood, fig. of Babylon
a.dr.aj	H0490	אַלְמָנָה		אַלְמָנָה 61 n.f. widow
a.dr.ak	H0491	אַלְמָנוּת		[אַלְמָנוּת] n.f. widowhood
a.dr.al	H0492	אַלְמֹנִי		אַלְמֹנִי adj. some one, a certain (name unspoken)
a.dr.am	H0495	אֶלָּסָר		אֶלָּסָר n.pr.loc. Ellasar
a.ds.aa	H0502	אָלַף	root	[אָלַף] vb. learn Qal Impf. Pi. teach
a.ds.ab	H0504	אֶ֫לֶף		[אֶ֫לֶף] n.m. only pl. cattle
a.ds.ac	H0441	אַלּוּף		אַלּוּף adj. tame tame, docile n.m. friend, intimate i.q.
a.dt.aa	H0505	אֶ֫לֶף	root	אֶ֫לֶף n.m. thousand
a.dt.ab	H0507	אֶ֫לֶף		אֶ֫לֶף n.pr.loc. city in Benj. Jos 18:28
a.dt.ac	H0441	אַלּוּף		אַלּוּף n.m. chief, chiliarch
a.du.aa	H0509	אָלַץ	root	[אָלַץ] vb. Pi. urge Ju 16:16
a.du.ab		אַלְקוּם		אַלְקוּם v. אַל
a.du.ac	H0512	אֶלְקוֹשִׁי		אֶלְקוֹשִׁי adj.gent. c. art. Nahum the Elkoshite Na 1:1
a.du.ad	H0514	אֶלְתְּקֵא		אֶלְתְּקֵא, אֶלְתְּקֵה n.pr.loc. Levitical city in the tribe of Dan, between Ekron & Timna
a.du.ae	H0515	אֶלְתְּקֹן		אֶלְתְּקֹן n.pr.loc. a city in the tribe of Judah north of Hebron Jos 15:59.
a.du.af	H0518	אִם		אִם conj. hypoth. part. if Interrog. part.
a.du.ag		אֵם		אֵם v. אמם
a.du.ah		אַמָּם		אַמָּם אֻמָּם v. אמם
a.dv.aa		אמה	root	אמה (assumed as √ of foIl., which however prob. bilit. cf. Sta §188; vid. also Lag BN 82).
a.dv.ab	H0519	אָמָה		אָמָה n.f. maid, handmaid lit. maidservant fig. in address
a.dv.ac	H0528	אָמוֹן		אָמוֹן n.pr. Amon, an Egyptian god
a.dv.ad	H0532	אָמִי		אָמִי n.pr.m. Ezr 2:57 = III. אָמוֹן Ne 7:59.
a.dw.aa	H0535	אָמַל	root	[אָמַל] vb. be weak, languish Qal how weak is thy heart! Pu‛l. be or grow feeble, languish
a.dw.ab	H0537	אֲמֵלָל		[אֲמֵלָל] adj. feeble Ne 3:34
a.dw.ac	H0536	אֻמְלַל		אֻמְלַל adj. id. [אֲמֵלָל] ψ 6:3
a.dx.aa		אמם	root	אמם (perh. be wide, roomy, As. [amāmu] whence ummu, womb, mother = אֵם cf. DlPr 109; but אֵם n.prim. acc. to Thes Sta §189b LagBN22).
a.dx.ab	H0517	אֵם		אֵם 221 n.f. mother lit. (human) mother fig. of Deborah as caring for her people of animals, dam = point of departure or division
a.dx.ac		אַמָּה		אַמָּה מֶתֶג הָאַמָּה v. מֶתֶג
a.dx.ad	H0520	אַמָּה		אַמָּה 246 n.f. ell, cubit cubit † measure, full measure, limit
a.dx.ae	H0520	אַמָּה		[אַמָּה] n.f. (etym. & mng. dub.; Thes foundation) only Is 6:4.
a.dx.af	H0522	אַמָּה		אַמָּה n.pr.loc. hill near Gibeon, 2 S 2:24.
a.dx.ag	H0523	אֻמָּה		[אֻמָּה] n.f. tribe, people
a.dx.ah	H0538	אֲמָם		אֲמָם n.pr.loc. in southern Judah Jos 15:26
a.dy.aa	H0539	אָמַן	root	[אָמַן] vb. confirm, support Qal as vb. support, nourish as subst. foster-father foster-mother, nurse pillars, supporters of the door Niph. carried by nurse made firm, sure, lasting confirmed, established, sure verified, confirmed reliable, faithful, trusty Hiph. stand firm trust, believe
a.dy.ab	H0544	אֹ֫מֶן		אֹ֫מֶן n.[m.] faithfulness Is 25:1.
a.dy.ac	H0543	אָמֵן		אָמֵן adv. verily, truly
a.dy.ad	H0542	אָמָּן		אָמָּן (ommān) n.m. master-workman, artist Ct 7:2
a.dy.ae	H0529	אֵמֻן		אֵמֻן n.[m.] trusting, faithfulness
a.dy.af	H0530	אֱמוּנָה		אֱמוּנָה n.f. firmness, steadfastness, fidelity lit. firmness, steadiness steadfastness faithfulness, trust
a.dy.ag	H0545	אָמְנָה		אָמְנָה n.f. bringing up, nourishment, Est 2:20.
a.dy.ah	H0546	אָמְנָה		אָמְנָה adv. verily, truly, indeed
a.dy.ai	H0548	אֲמָנָה		אֲמָנָה n.f. faith, support
a.dy.aj	H0071	אֲמָנָה		אֲמָנָה n.pr.fl. a river (constant ? cf. Is 33:16) flowing down from Antilebanon into the plain of Damascus 2 K 5:12 (Qr; אֲבָנָה Kt) the region from which it flows Ct 4:8.
a.dy.ak	H0552	אֻמְנָם		אֻמְנָם adv. verily, truly, indeed, always in interrog.
a.dy.al	H0551	אָמְנָם		אָמְנָם adv. (= אֻמְנָם) verily, truly, in asseverations
a.dy.am	H0571	אֱמֶת		אֱמֶת n.f. firmness, faithfulness reliability, sureness stability, continuance faithfulness, reliableness truth adv. in truth, truly
a.dy.an	H0527	אָמוֹן		אָמוֹן n.m. artificer, architect, master-workman, as firm and sure in his workmanship
a.dy.ao	H0526	אָמוֹן		אָמוֹן n.pr.m. (master-workman) king of Judah captain of a city one of the line of Solomon’s servants
a.dy.ap	H0550	אַמְנוֹן		אַמְנוֹן n.pr.m. (faithful) eldest son of David a son of Shimon
a.dy.aq		אֲמִינוֹן		אֲמִינוֹן v. אַמְנוֹן
a.dy.ar	H0573	אֲמִתַּי		אֲמִתַּי n.pr.m. (true) father of the prophet Jonah
a.dy.as	H1968	הֵימָן		הֵימָן n.pr.m. Heman (faithful) a wise man with whom Solomon is compared
a.dy.at	H4104	מְהוּמָן		מְהוּמָן n.pr.m. a eunuch of Ahasuerus Est 1:10.
a.dy.au		אָמַן		אָמַן v. יָמַן
a.dz.aa	H0553	אָמֵץ	root	[אָמֵץ] vb. be stout, strong, bold, alert Qal be strong Imv. be bold Pi. make firm, strengthen assure, secure for oneself harden, make obstinate Hithp. strengthen oneself confirm oneself in a purpose, be determined make oneself alert, make haste Hiph. exhibit strength, be strong
a.dz.ab	H0555	אֹ֫מֶץ		אֹ֫מֶץ n.[m.] strength Jb 17:9
a.dz.ac	H0556	אַמְצָה		אַמְצָה n.f. strength, fig. Zc 12:5, but sense difficult
a.dz.ad	H0531	אָמוֹץ		אָמוֹץ n.pr.m. father of Isaiah (= following [אָמֹץ])
a.dz.ae	H0554	אָמֹץ		[אָמֹץ] adj. strong
a.dz.af	H0533	אַמִּיץ		אַמִּיץ, (אַמִּץ) adj. mighty
a.dz.ag	H0557	אַמְצִי		אַמְצִי n.pr.m. a Levite man of priestly line
a.dz.ah	H0558	אֲמַצְיָ֫הוּ		אֲמַצְיָ֫הוּ, אֲמַצְיָה n.pr.m. (י׳ has been mighty). king of Jud., son of Joash, father of Azariah a Sineonite id., a Levite priest of Bethel, under Jerob. II
a.dz.ai	H3981	מַאֲמָץ		[מַאֲמָץ] n.[m.] power, strength, force Jb 36:19.
a.ea.aa	H0559	אָמַר	root	אָמַר 5287 vb. utter, say Qal Say Say in the heart (= think) Promise Command (esp. late) Niph. be said, told Hiph. avow, avouch (lit. cause to declare) Hithp. act proudly, boast
a.ea.ab	H0561	אֹמֶר		אֹמֶר n.m. utterance, speech, word, only poet., & exalted style
a.ea.ac	H0565	אִמְרָה		[אִמְרָה] n.f. utternace, speech, word
a.ea.ad	H0565	אֶמְרָה		[אֶמְרָה] n.f. id. [a.ea.ac] La 2:17.
a.ea.ae	H0201	אוֹמָר		אוֹמָר n.pr.m. grandson of Esau (eloquent?)
a.ea.af	H0534	אָמִיר		אָמִיר n.m. top, summit, of tree
a.ea.ag	H0564	אִמֵּר		אִמֵּר n.pr.m. a priest assigned to Dvd’s time ancestor of priest priest in Jerem.’s time father of Zadok n.pr.loc. (?)
a.ea.ah	H0567	אֱמֹרִי		אֱמֹרִי n.pr.m.coll. Amorites (perh. = mountain-dwellers) called son of Canaan a chief people dispossessed by Hebrews adj.gent.
a.ea.ai	H0566	אִמְרִי		אִמְרִי n.pr.m. a man of Judah (= tall? or eloquent?).
a.ea.aj	H0568	אֲמַרְיָ֫הוּ		אֲמַרְיָ֫הוּ, אֲמַרְיָה n.pr.m. (Yah(u) hath promised) a Levite also . chief priest under Jehosh. Levite under Hezekiah son of Hezekiah & great-grandfather of Zephaniah a priest a man of Judah
a.ea.ak	H3982	מַאֲמָר		[מַאֲמָר] n.m. word, command
a.ea.al	H0569	אַמְרָפֶל		אַמְרָפֶל n.pr.m. king of Shinar
a.ea.am	H0570	אֶ֫מֶשׁ		אֶ֫מֶשׁ adv. yesterday
a.ea.an		אֱמֶת		אֱמֶת אֲמִתַּי v. אמן
a.ea.ao		אַמְתַּ֫חַת		אַמְתַּ֫חַת v. מתח
a.ea.ap		אָן		אָן v. אַי
a.ea.aq	H0204	אֹן		אֹן, אוֹן n.pr.loc. On
a.ea.ar		אֹן		אֹן v. אָוֶן
a.ea.as	H0577	אָֽנָּ֫א		אָֽנָּ֫א interj. a strong part. of entreaty, ah, now! I (or we) beseech thee! oft. sq. an imper.
a.eb.aa		אנב	root	אנב (perh. spring, leap, so Dl HA 65, Pr 114, inferred fr. As. annabu, hare; ag. this Nö ZMG 1886. 734).
a.eb.ab	H0768	אַרְנֶבֶת		אַרְנֶבֶת n.f. hare
a.eb.ac		אָ֫נָה		אָ֫נָה אָ֫נֶה v. אַי
a.ec.aa	H0578	אָנָה	root	[אָנָה] vb. mourn
a.ec.ab	H0592	אֲנִיָּה		אֲנִיָּה n.f. mourning
a.ec.ac		תַּאֲנִיָּה		תַּאֲנִיָּה v. אֲנִיָּה
a.ec.ad	H0593	אֲנִיעָם		אֲנִיעָם n.pr.m. (lament of people) 1 Ch 7:19 a man of Manasseh.
a.ed.aa		אנה	root	אנה (√ whence foll. nouns, cf. As. ânu, unûtu, vessel, utensil, v. Dl in Zim BP 115 Hpt in KAT 2Gloss i.; Ar. Arabic).
a.ed.ab	H0590	אֳנִי		אֳנִי n.m. & f. coll. ships, fleet
a.ed.ac	H0591	אֳנִיָּה		אֳנִיָּה n.f. unit. a ship
a.ee.aa	H0579	אָנָה	root	[אָנָה] vb. be opportune, meet, encounter opportunely Pi. cause (or allow) to meet Pu. be allowed to meet, be sent Hithp. cause oneself to meet, seek occasion (= seek a quarrel with)
a.ee.ab	H8385	תַּאֲנָה		[תַּאֲנָה] n.f. occasion, time of copulation
a.ee.ac	H8385	תֹּאֲנָה		תֹּאֲנָה n.f. opportunity, i.e. ground of quarrel; of Samson, sq. מִן Ju 14:4.
a.ee.ad		אָֽנָּ֫ה		אָֽנָּ֫ה v. אָֽנָּ֫א
a.ee.ae		אֲנוּ		אֲנוּ v. אֲנִי
a.ef.aa	H0584	אָנַח	root	[אָנַח] vb. only Niph. sigh, groan sigh, in token of grief in physical distress groan of cattle
a.ef.ab	H0585	אֲנָחָה		אֲנָחָה n.f. sighing, groaning (poet. & late)
a.ef.ac		אֲנַחְנוּ		אֲנַחְנוּ v.
a.ef.ad	H0588	אֲנָֽחֲרָ֑ת		אֲנָֽחֲרָ֑ת n.pr.loc. city in Naphtali Jos 19:19.
a.eg.aa	H0589	אֲנִי	root	אֲנִי, אָ֑נִי pron. 1s. comm. I
a.eh.aa	H0580	אֲנוּ	root	אֲנוּ pron. 1pl. comm. we (common in postB. Heb.) only Je 42:6 Kt
a.ei.aa	H0595	אָֽנֹכִ֫י	root	אָֽנֹכִ֫י, אָנֹ֑כִי pron. 1s. comm. I
a.ej.aa	H0587	אֲנַ֫חְנוּ	root	אֲנַ֫חְנוּ, אֲנָ֑חְנוּ pron. 1pl. comm. we
a.ej.ab	H5168	נַ֫חְנוּ		נַ֫חְנוּ, נָ֑חְנוּ pron. 1pl. we
a.ej.ac	H0594	אֲנָךְ		אֲנָךְ n.[m.] plummet
a.ej.ad		אָֽנֹכִי		אָֽנֹכִי v. אֲנִי
a.ek.aa	H0596	אָנַן	root	[אָנַן] vb. only Hithpo. complain, murmur
a.el.aa	H0597	אָנַס	root	[אָנַס] vb. compel, constrain
a.em.aa	H0599	אָנֵף	root	[אָנֵף, אָנַף] vb. (breathe, snort) be angry
a.em.ab	H0639	אַף		אַף 277 n.m. nostril, nose, face, anger nostril, as organ of breathing Dn. face mostly anger
a.em.ac	H0649	אַפַּיִם		אַפַּיִם n.pr.m. a son of Nadab
a.em.ad	H0601	אֲנָפָה		אֲנָפָה n.f. an unclean bird
a.en.aa	H0602	אָנַק	root	[אָנַק] vb. cry, groan
a.en.ab	H0603	אֲנָקָה		אֲנָקָה n.f. crying, groaning, in distress
a.en.ac	H0604	אֲנָקָה		אֲנָקָה n.f. ferret, or shrew-mouse, unclean animal Lv 11:30
a.eo.aa	H0605	אָנַשׁ	root	[אָנַשׁ] vb. be weak, sick Qal as adj. incurable, of wound, but metaph. Niph. be sick, of child
a.ep.aa		אנשׁ	root	אנשׁ (d. Ar. Arabic, be inclined to, friendly, social, which however Nö ZMG 1886, 739 thinks denom., cf. Arabic coll. men, people; v. on the other hand Wetzst l.c. Zim BP 20, v. also Lag BN 68;—hence אֲנָשִׁים pl. of אִישׁ; v. also sub אישׁ).
a.ep.ab	H0582	אֱנוֹשׁ		אֱנוֹשׁ n.m. man, mankind, mostly poet. of individ. coll. men man, mankind
a.ep.ac	H0583	אֱנוֹשׁ		אֱנוֹשׁ n.pr.m. son of Seth
a.eq.aa		אנשׁ	root	אנשׁ (soft, delicate, cf. Ar. Arabic, id., v. Lag BS 68 Dl Pr 160, also sub I. אנשׁ; but cf. Nö ZMG 1886, 739 who der. this mng. fr. feminine).
a.eq.ab	H0802	אִשָּׁה		אִשָּׁה 773 n.f. woman, wife, female woman Wife (woman belonging to a man, usually cstr. or sf.) Female of animals With distrib. & recipr. sense, each woman from her neighbor; each one
a.er.aa		אנת	root	אנת (the root of the pron. 2 pers. in Shemitic: Arabic, Ethiopic, anta; f. Arabic, Ethiopic, antī; BAram. Kt אַנְתָּה (m.), 𝔗 אַנְתְּ & אַתְּ (both m. & f.); Syr. Syriac, f. Syriac, the n being written but not pronounced; As. atta, f. atti-e Dl §55a, the nt being merged in the double t; Heb. similarly. PI. Arabic, Ethiopic f. Arabic, Ethiopic Aram. אַנְתּוּן, Syriac, f. אַתִּין, Syriac; As. attunu).
a.er.ab	H0859	אַתָּ֫ה		אַתָּ֫ה, אָ֑תָּה pron. 2 s. m. thou
a.er.ac	H0859	אתי		אתי, i.e. אתִּי, the older & more original form of אַתְּ thou (fem.)
a.er.ad	H0859	אַתְּ		אַתְּ, אָ֑תְּ pron. 2 s. f. thou (fem.)
a.er.ae	H0859	אַתֶּם		אַתֶּם pron. 2 m. pl. you (masc.)
a.er.af	H0859	אַתֵּן		אַתֵּן pron. 2 f. pl. you (fem.)
a.es.aa		אסה	root	אסה (perh. cf. Ar. Arabic heal, Aram. אֲסָא, Syriac).
a.es.ab	H0609	אָסָא		אָסָא n.pr.m. (perh. healer) king of Judah, son of Abijam and father of Jehoshaphat
a.et.aa		אסה	root	אסה (cf. Ar. Arabic be sorrowful, distressed).
a.et.ab	H0611	אָסוֹן		אָסוֹן n.m. mischief, evil, harm
a.et.ac		אָסוּךְ		אָסוּךְ v. סוך
a.eu.aa		אסם	root	אסם (gather, store, Aram. Arabic).
a.eu.ab	H0618	אָסָם		[אָסָם] n.m. storehouse
a.eu.ac	H0619	אַסְנָה		אַסְנָה n.pr.m. (thorn-bush?) head of family of Nethinim
a.eu.ad	H0621	אָֽסְנַת		אָֽסְנַת n.pr.f. wife of Joseph
a.ev.aa	H0622	אָסַף	root	אָסַף 209 vb. gather, remove Qal gather, collect gather an individual into company of others bring up the rear of gather and take away, remove, withdraw Niph. assemble, be gathered, reflex. pass. of Qal 2 Pass. of Qal 4; be taken away, removed, perish Pi. gather harvest take in, receive into as subst. rearguard, rearward Pu. be gathered, of men Hithp. gather themselves
a.ev.ab	H0625	אֹ֫סֵף		אֹ֫סֵף n.m. gathering
a.ev.ac	H0623	אָסָף		אָסָף n.pr.m. (gatherer) father of יוֹאָח the recorder one of David’s chief musicians, a Levite, son of Berechiah keeper of king’s park
a.ev.ad	H0614	אָסִיף		אָסִיף n.[m.] ingathering, harvest
a.ev.ae	H0624	אָסֹף		[אָסֹף] n.[m.] what is gathered, store
a.ev.af	H0626	אֲסֵפָה		אֲסֵפָה n.f.verbal. a collecting, gathering
a.ev.ag	H0627	אֲסֻפָּה		[אֲסֻפָּה] n.f. collection
a.ev.ah	H0628	אֲסַפְסֻף		[אֲסַפְסֻף] n.[m.] collection, rabble, only Nu 11:4 of the camp-followers attending Hebrews at the Exodus.
a.ev.ai	H0630	אַסְפָּ֑תָא		אַסְפָּ֑תָא n.pr.m. 3rd son of Haman Est 9:7
a.ew.aa	H0631	אָסַר	root	[אָסַר] vb. tie, bind, imprison Qal tie, bind, for security tie, harness bind, with cords gird (rare & late) begin the battle, make the attack fig. of obligation of oath or vow Niph. be bound, imprisoned Pu. be taken prisoner
a.ew.ab	H0612	אֵסוּר		אֵסוּר n.m. band, bond
a.ew.ac	H0615	אָסִיר		אָסִיר n.m. bondman, prisoner
a.ew.ad	H0616	אַסִּיר		אַסִּיר n.[m.] mostly coll. prisoners
a.ew.ae	H0617	אַסִּיר		אַסִּיר n.pr.m. son of Korah; called son of Ebiasaph
a.ew.af	H0632	אִסָּר		אִסָּר n.m. bond, binding obligation
a.ew.ag	H4562	מָסֹ֫רֶת		מָסֹ֫רֶת n.f. bond of the covenant Ez 20:37
a.ew.ah	H4147	מוֹסֵר		[מוֹסֵר] n.m. band, bond, poet. & late
a.ew.ai	H4149	מוֹסֵרָה		מוֹסֵרָה n.pr.loc. station of Isr. in wilderness, where Aaron died Dt 10:6; locality unknown.
a.ew.aj	H4149	מֹסֵרוֹת		מֹסֵרוֹת n.pr.loc. id. [a.ew.ai], Nu 33:30, 31.
a.ew.ak	H0634	אֵסַרְחַדֹּן		אֵסַרְחַדֹּן n.pr.m. Esarhaddon king of Assyria B.C. 681-668, son & successor of Sennacherib
a.ew.al	H0635	אֶסְתֵּר		אֶסְתֵּר n.pr.f. Esther—daughter of Abihail, cousin and adopted daughter of Mordecai, of tribe of Benjamin; made queen in Vashti’s place by Ahasuerus
a.ew.am		אַף		אַף v. אנף
a.ex.aa	H0637	אַף	root	אַף conj. denoting addition, esp. of something greater, also, yea
a.ey.aa		אפד	root	אפד (existence & mng. dub. Thes MV al. identify with אָפַד gird on, but this denom. v. infr.; Lag BN 178, GN 1890, p. 15 prop وفد, come as ambassador, as √ of אֵפוֹד).
a.ey.ab	H0646	אֵפוֹד		אֵפוֹד (28 t.) & אֵפֹד (20 t.) n.m. ephod ephod, priestly garment, shoulder-cape or mantle ephod used in consulting י׳ ephod of gold made by Gideon made (material not given) for a private, local sanctuary
a.ey.ac	H0641	אֵפֹד		אֵפֹד n.pr.m. father of chief of Manasseh Nu 34:23.
a.ey.ad	H0640	אָפַד		[אָפַד] vb. denom. gird on ephod
a.ey.ae	H0642	אֲפֻדָּה		אֲפֻדָּה n.f. ephod of high priest’s ephod of sheathing of idol-images
a.ey.af	H0643	אַפֶּ֫דֶן		[אַפֶּ֫דֶן] n.[m.] palace Dn 11:45, of the ‘king of the north,’ i.e. Antiochus Epiphanes.
a.ez.aa	H0644	אָפָה	root	אָפָה vb. bake
a.ez.ab	H3989	מַאֲפֶה		[מַאֲפֶה] n.[m.] thing baked, Lv 2:4.
a.fa.aa	H0645	אֵפוֹ	root	אֵפוֹ, elsewh. אֵפוֹא enclitic part. then
a.fa.ab	H0647	אֲפִיחַ		אֲפִיחַ n.pr.m. an ancestor of Saul 1 S 9:1 (etymology & meaning dubious).
a.fb.aa		אפל	root	אפל (Ar. Arabic disappear, depart, set (of the sun)).
a.fb.ab	H0652	אֹ֫פֶל		אֹ֫פֶל n.m. darkness, gloom darkness esp. fig. of calamity
a.fb.ac	H0651	אָפֵל		אָפֵל adj. gloomy, of day of י׳ Am 5:20
a.fb.ad	H0653	אֲפֵלָה		אֲפֵלָה n.f. darkness, gloominess, calamity
a.fb.ae	H0648	אָפִיל		[אָפִיל] adj. (darkened, concealed, thence) late, of crops;—אֲפִילֹת Ex 9:32 of wheat & spelt.
a.fb.af	H3990	מַאֲפֵל		מַאֲפֵל n.[m.] darkness, Jos 24:7 (E) between Hebrews & Egyptians.
a.fb.ag	H3991	מַאְפֵּלְיָה		מַאְפֵּלְיָה n.f. deep darkness—only Je 2:31 fig. of י׳ in dealing with his people
a.fb.ah		אֶפְלָל		אֶפְלָל v. פלל
a.fc.aa		אפן	root	אפן (meaning dub., perh. turn, cf. פנה).
a.fc.ab	H0212	אוֹפַן		אוֹפַן, אוֹפָן n.m. wheel
a.fc.ac	H0655	אֹ֫פֶן		[אֹ֫פֶן] n.[m.] circumstance, condition (perh. lit. turning)
a.fc.ad		אָפ֑וּנָה		אָפ֑וּנָה פּוּן v. פּוּן
a.fd.aa	H0656	אָפֵס	root	אָפֵס vb. cease, fail, come to an end
a.fd.ab	H0657	אֶ֫פֶס		אֶ֫פֶס, אָ֑פֶס n.m. prop. ceasing, hence end, extremity Expressing non-existence
a.fd.ac	H0657	אֹ֫פֶס		[אֹ֫פֶס] n.[m.] only in the du. lit. the two extremities, i.e. either the soles of the feet, or the ankles
a.fd.ad	H0658	אֶ֫פֶס דַּמִּים		אֶ֫פֶס דַּמִּים n.pr.loc. in Judah, c. 16 miles SW. of Jerusalem, called in 1 Ch 11:13 פַּס דַּמִּים, only 1 S 17:1.
a.fd.ae	H0659	אֶ֫פַע		[אֶ֫פַע] מֵאָ֑פַע Is 41:24 txt. err. for מֵאָ֑פֶס v. אפס
a.fd.af		אֶפְעֶה		אֶפְעֶה v. פעה
a.fe.aa	H0661	אָפַף	root	[אָפַף] vb. surround, encompass
a.ff.aa	H0662	אָפַק	root	[אָפַק] vb. hold, be strong—only Hithp. force, compel oneself restrain oneself, refrain
a.ff.ab	H0650	אָפִיק		[אָפִיק] n.m. channel (as holding, confining water; poet.)
a.ff.ac	H0663	אֲפֵק		אֲפֵק, אֲפִיק n.pr.loc. Aphek (perh. enclosure, or fortress). city near Jezreel city in tribe of Asher city NE. of Beirût, mod. Afqa place near Mizpah
a.ff.ad	H0664	אֲפֵקָה		אֲפֵקָה n.pr.loc. (mng. perh. id. [a.ff.ac]) one of a group of cities including Hebron Jos 15:53.
a.fg.aa		אפר	root	אפר (cf. perh. Arabic leap, Arabic be agile; v. אבק).
a.fg.ab	H0665	אֵ֫פֶר		אֵ֫פֶר n.[m.] ashes (as light, flying?)
a.fh.aa		אפר	root	אפר (enclose, envelope, As. apâru, attire Dl Pr 54; Thes comp. Ar. Arabic, cover; MV comp. Aram. Syriac, mantle, turban; but connection of √ (Arabic)פּ´ע with אפר is dub.)
a.fh.ab	H0666	אֲפֵר		אֲפֵר n.[m.] covering, bandage
a.fh.ac		אֶפִרֹחַ		אֶפִרֹחַ v. פרח
a.fh.ad	H0668	אַפִּרְיוֹן		אַפִּרְיוֹן n.[m.] sedan, litter, palanquin Ct 3:9
a.fh.ae	H0669	אֶפְרַ֫יִם		אֶפְרַ֫יִם n.pr.m. Ephraim
a.fh.af		אֶפְרָת		אֶפְרָת v. אפרתה
a.fh.ag	H0672	אֶפְרָ֫תָה		אֶפְרָ֫תָה n.pr. n. pr. loc. place near Bethel, where Rachel died & was buried id., a name of Bethlehem id., perh. applied to district where Kitjath Jearim lay, on the border of Judah & Benjamin n. pr. f. name given to wife of Caleb
a.fh.ah	H0673	אֶפְרָתִי		אֶפְרָתִי adj.gent. Ephrathite.
a.fi.aa		אפת	root	אפת (meaning dub. √ whence Ar. Arabic calamity, & also wonder, portent, acc. to Thes Ar. √ = Arabic suffer evil).
a.fi.ab	H4159	מוֹפֵת		מוֹפֵת n.m. wonder, sign, portent wonder, as special display of God’s power sign or token of future event
a.fi.ac	H0675	אֶצְבּוֹן		אֶצְבּוֹן n.pr.m. a son of Gad a grandson of Benjamin
a.fi.ad		אֶצְבַּע		אֶצְבַּע v. צבע
a.fj.aa		אצל	root	אצל prob. i.q. Arabic to join (cf. on the א W 8G 71).
a.fj.ab	H0681	אֵ֫צֶל		אֵ֫צֶל 81 subst. conjunction, proximity
a.fj.ac	H0680	אָצַל		[אָצַל] vb. denom. lay aside, reserve, withdraw, withhold Qal reserve; (withdraw), set apart; withhold Niph. be withdrawn, i.e. shortened or narrowed. Hiph. = Qal
a.fj.ad	H1018	אֵ֫צֶל		אֵ֫צֶל in n.pr.[m.] בֵּית־הָאֵ֫צֶל
a.fj.ae	H0682	אָצֵל		אָצֵל, in pause אָצַ֑ל n.pr.m. a descendant of Jonathan
a.fj.af	H0682	אָצֵל		[אָצֵל], in pause אָצַ֒ל Zc 14:5, n.pr.loc. near Jerusalem
a.fj.ag	H0678	אָצִיל		[אָצִיל] n.[m.] side, corner, chief sides (borders) of earth fig. nobles (perh. as sides, supports)
a.fj.ah	H0679	אַצִּיל		[אַצִּיל] n.[f.] joining, joint
a.fj.ai	H0683	אֲצַלְיָ֫הוּ		אֲצַלְיָ֫הוּ n.pr.m. (Yahweh hath reserved, or set apart) father of Shaphan the scribe
a.fk.aa		אצם	root	אצם (meaning dub., cf. Ar. Arabic be angry).
a.fk.ab	H0684	אֹ֫צֶם		אֹ֫צֶם n.pr.m. elder brother of David a descendant of Judah
a.fk.ac		אֶצְעָדָה		אֶצְעָדָה v. צעד
a.fl.aa	H0686	אָצַר	root	[אָצַר] vb. lay up, store up Qal store up treasure Niph. be stored up, of the merchandise of Tyre Hiph. and I appointed treasurer
a.fl.ab	H0687	אֵ֫צֶר		אֵ֫צֶר n.pr.m. (treasure; or covenant) a chief of the Horites
a.fl.ac	H0214	אוֹצָר		אוֹצָר n.m. treasure, store, treasury, storehouse
a.fl.ad		אֶקְדָּח		אֶקְדָּח v. קדח
a.fl.ae	H0689	אַקּוֹ		אַקּוֹ n.m. wild goat (?) only Dt 14:5 in list of clean animals
a.fl.af		אֹר		אֹר v. אוֹר v. יְאֹר
a.fl.ag	H0690	אֲרָא		אֲרָא n.pr.m. a descendant of Asher 1 Ch 7:38.
a.fl.ah		אֶרְאֵל		אֶרְאֵל אַרְאֵלִי v. אֲרִיאֵל sub. ארה
a.fm.aa	H0693	אָרַב	root	אָרַב vb. lie in wait Qal lie in wait (with hostile purpose) Pi. Pt. pl. liers-in-wait Hiph. Impf. but txt. dub.
a.fm.ab	H0695	אֶ֫רֶב		[אֶ֫רֶב] אָ֑רֶב n.[m.]— a lying-in-wait Jb 38:40. covert, lair 37:8
a.fm.ac	H0694	אֲרָב		אֲרָב n.pr.loc. city near Hebron Jos 15:52
a.fm.ad	H0701	אַרְבִּי		אַרְבִּי adj.gent. הָא׳ 2 S 23:35 (but cf. Dr).
a.fm.ae	H0696	אֹ֫רֶב		[אֹ֫רֶב] n.[m.] ambuscade only fig.— Je 9:7 i.e. he planneth treachery. their intrigue Ho 7:6
a.fm.af	H0698	אָרְבָּה		[אָרְבָּה] n.f. artifice Is 25:11 (lit. tricks of his hands).
a.fm.ag	H0699	אֲרֻבָּה		אֲרֻבָּה n.f. lattice, window, sluice
a.fm.ah	H0700	אֲרֻבּוֹת		אֲרֻבּוֹת n.pr.loc. 1 K 4:10
a.fm.ai	H3993	מַאֲרָב		מַאֲרָב n.m. ambush— ambush, place of lying-in-wait lurking-place liers-in-wait
a.fm.aj		אַרְבֵאל		אַרְבֵאל v. בֵּית אַרְבֵאל sub. בית
a.fm.ak		אַרְבֶּה		אַרְבֶּה v. רבה
a.fm.al		אַרְבַּע		אַרְבַּע אַרְבָּעָה אַרְבַּ֫עַת אַרְבָּעִים v. רבע
a.fn.aa	H0707	אָרַג	root	[אָרַג] vb. weave
a.fn.ab	H0708	אֶ֫רֶג		אֶ֫רֶג n.[m.] loom
a.fn.ac		אַרְגֹּב		אַרְגֹּב v. רגב
a.fn.ad		אַרְגָּז		אַרְגָּז v. רגז
a.fn.ae	H0710	אַרְגְּוָן		אַרְגְּוָן n.[m.] purple = purple thread
a.fn.af	H0713	אַרְגָּמָן		אַרְגָּמָן n.[m.] purple, red-purple, i.e. purple thread & cloth
a.fn.ag	H0714	אַרְדְּ		אַרְדְּ n.pr.m. son of Benjamin
a.fn.ah	H0716	אַרְדִּי		אַרְדִּי adj.gent. c. art. as n.pr.coll., Nu 26:40.
a.fn.ai	H0720	אֲרוֹד		אֲרוֹד n.pr.m. son of Gad
a.fn.aj	H0722	אֲרוֹדִי		אֲרוֹדִי adj.gent. c. art. as n.pr.coll.
a.fn.ak	H0715	אַרְדּוֹן		אַרְדּוֹן n.pr.m. son of Caleb, of tribe of Judah 1 Ch 2:18.
a.fn.al	H0719	אַרְוָד		אַרְוָד n.pr.loc. city of Phenicia on an island near main land, northward fr. Tripolis, mentioned with Sidon
a.fn.am	H0721	אַרְוָדִי		אַרְוָדִי adj.gent. mentioned among Canaanites
a.fn.an	H0742	אֲרִידַי		אֲרִידַי n.pr.m. a son of Haman Est 9:9
a.fn.ao	H0743	אֲרִידָ֑תָא		אֲרִידָ֑תָא n.pr.m. a son of Haman Est 9:8
a.fo.aa	H0717	אָרָה	root	[אָרָה] vb. pluck, gather
a.fo.ab	H0738	אֲרִי		אֲרִי n.m. lion
a.fo.ac	H0220	אֻרְיָה		[אֻרְיָה] n.f. manger, crib
a.fo.ad	H0738	אַרְיֵה		אַרְיֵה n.m. lion
a.fo.ae	H0745	אַרְיֵה		אַרְיֵה n.pr.m. so appar. 2 K 15:25 an officer of Pekahiah
a.fo.af	H0740	אֲרִיאֵל		אֲרִיאֵל n. pr. f. (prob., v. Ew) Ariel (lioness of Ēl) name applied to Jerusalem n. pr. m. a chief man among returning exiles two sons of Ariel of Moab & Qr
a.fo.ag	H0692	אַרְאֵלִי		אַרְאֵלִי n.pr.m. a son of Gad; also adj.gent. c. art. as n.pr.coll.
a.fo.ah	H0691	אֶרְאֵל		[אֶרְאֵל] n.[m.] (form & meaning dub. v. infr.)—only in Is 33:7; heroes
a.fp.aa		ארה	root	ארה (burn, cf. Ar. Arabic whence Arabic hearth; Ew §163g al. v. infr.)
a.fp.ab	H0741	אֲרִאֵיל		אֲרִאֵיל n.[m.] hearth, altar-hearth = הַרְאֵל
a.fp.ac	H0725	אֲרוּמָה		[אֲרוּמָה] n.pr.loc. home of Abimelek
a.fp.ad	H0728	אֲרַוְנָה		אֲרַוְנָה n.pr.m. Araunah, a Jebusite
a.fq.aa		ארז	root	ארז (cf. Ar. Arabic be firm, also withdraw, retreat).
a.fq.ab	H0730	אֶ֫רֶז		אֶ֫רֶז n.m. cedar cedar-tree cedar-timber, cedar-wood for building cedar-wood used in purification
a.fq.ac	H0731	אַרְזָה		אַרְזָה n.f.coll. cedar-panels, cedar-work Zp 2:14.
a.fq.ad	H0729	אָרוּז		[אָרוּז] adj. firm, strong Ez 27:24.
a.fq.ae	H4789	מֵרוֹז		מֵרוֹז n.pr.loc. Meroz, in northern Palestine Ju 5:23
a.fr.aa	H0732	אָרַח	root	אָרַח vb. wander, journey, go journey, go Pt. wandering, wayfaring, journeying; as subst. wanderer, wayfarer, traveller
a.fr.ab	H0734	אֹ֫רַח		אֹ֫רַח n.m. way, path lit. fig. path, way, of course & fortunes of life fig. way, of mode of living, or character by meton. traveller, wayfarer
a.fr.ac	H0733	אָרַח		אָרַח n.pr.m. (traveller?) a man of Asher head of family of returning exiles
a.fr.ad	H0737	אֲרֻחָה		אֲרֻחָה n.f. meal, allowance (of food)
a.fr.ae	H0736	אֹרְחָה		[אֹרְחָה] n.f. travelling company, caravan (strictly Pt. of אָרַח)
a.fr.af		אֲרִיאֵל		אֲרִיאֵל אֲרִיאֵיל v. ארה
a.fr.ag	H0746	אַרְיוֹךְ		אַרְיוֹךְ n.pr.m. king of Ellasar
a.fr.ah	H0747	אֲרִיסַי		אֲרִיסַי n.pr.m. son of Haman Est 9:9
a.fs.aa	H0748	אָרַךְ	root	[אָרַךְ, אָרֵךְ] vb. be long, almost alw. of time Qal be long Hiph. trans. prolong intrans. grow long, continue long
a.fs.ab	H0753	אֹ֫רֶךְ		אֹ֫רֶךְ 94 n.[m.] length length of time forbearance, self-restraint
a.fs.ac	H0750	אָרֵךְ		[אָרֵךְ] adj. long
a.fs.ad	H0752	אָרֹךְ		[אָרֹךְ] adj. long of time fig. of God’s wisdom
a.fs.ae	H0724	אֲרוּכָה		אֲרוּכָה n.f. healing of a wound, restoration (properly new flesh that grows at the wounded spot)
a.fs.af	H0751	אֶ֫רֶךְ		אֶ֫רֶךְ n.pr.loc. city in Babylonia
a.fs.ag	H0757	אַרְכִּי		אַרְכִּי adj.gent. (deriv. unknown)
a.ft.aa	H0758	אֲרָם	root	אֲרָם n.pr.m. Aram 5th son of Shem grandson of Nahor a descendant of Asher —Elsewhere only of Aramæan people & land (= 1 supr.) people, sg. coll. = the Aramæans, a leading branch of the Shemitic stock inhabiting Mesopotamia & northern Syria, in many tribes & settlements less often clearly of land; also of particular divisions of territory א׳ נַהֲרַיִם ‘Mesopotamia,’ i.e. prob. land between Euphrates & Chaboras; cf. פַּדַּן א׳ Paddan-Aram often indeterminate
a.ft.ab	H0761	אֲרַמִּי		אֲרַמִּי adj.gent. Aramæan
a.ft.ac	H0762	אֲרָמִית		אֲרָמִית adv. only of language in Aramaic 2 K 18:26
a.fu.aa		ארם	root	ארם (√ of following; cf. רום ?).
a.fu.ab	H0759	אַרְמוֹן		אַרְמוֹן n.m. citadel—citadel, castle, palace, not used before royal period, mostly in prophets, esp. common in Am & Je
a.fu.ac	H0764	אַרְמֹנִי		אַרְמֹנִי n.pr.m. a son of Saul (palatinus) 2 S 21:8.
a.fv.aa		ארן	root	ארן (cf. Ar. Arabic, alacer, laetus fuit; possible √ of following).
a.fv.ab	H0765	אֲרָן		אֲרָן n.pr.m. a descendant of Esau (? wild-goat)
a.fv.ac	H0766	אֹ֫רֶן		אֹ֫רֶן n.[m.] fir or cedar Is 44:14
a.fv.ad	H0767	אֹ֫רֶן		אֹ֫רֶן n.pr.m. (fir-tree) a descendant of Judah 1 Ch 2:25.
a.fv.ae		ארנבן		ארנבן
a.fv.af	H0770	אַרְנָן		אַרְנָן n.pr.m. a descendant of David 1 Ch 3:21.
a.fv.ag	H0771	אָרְנָן		אָרְנָן n.pr.m. a Jebusite, whose threshing-floor was bought by David to erect an altar
a.fv.ah	H0769	אָרְנוֹן		אָרְנוֹן, אַרְנֹן n.pr.fl. Arnon, wady & stream in Moab
a.fw.aa		ארן	root	ארן (√ assumed for foll. word, cf. Sta §208c; Dl Pr 125 argues for √ארה (so Thes), on ground of an As. êrû, synon. of êrênu).
a.fw.ab	H0727	אֲרוֹן		אֲרוֹן, c. art. הָאָרוֹן, הָאָרֹן 203 n.m. chest, ark chest, for money-offerings sarcophagus, mummy-case chest, ark in tabernacle & temple
a.fw.ac		אַרְנֶ֫בֶת		אַרְנֶ֫בֶת v. אנב
a.fw.ad		ארניה		ארניה v. אֲרַוְנָה
a.fw.ae	H0774	אַרְפַּד		אַרְפַּד n.pr.loc. city in northern Syria
a.fw.af	H0775	אַרְפַּכְשַׁד		אַרְפַּכְשַׁד n.pr.m. 3rd son of Shem
a.fx.aa	H0776	אֶ֫רֶץ	root	אֶ֫רֶץ n. f. & (seld.) m. earth, land earth, whole earth (opp. to a part) earth, opp. to heaven, sky earth = inhabitants of earth land = country, territory district, region trial territory piece of ground specif. land of Canaan, or Israel = inhabitants of land used even of Shᵉʼôl ground, surface of ground soil, as productive אֶרֶץ in phrases people of the land in measurements of distance the country of the plain, level or plain country land of the living end(s) of the earth pl. אֲרָצוֹת is almost wholly late; it denotes lands, countries, often in contrast to Canaan, lands of the nations, etc.
a.fx.ab	H0777	אַרְצָא		אַרְצָא n.pr.m. chamberlain of Zimri 1 K 16:9.
a.fy.aa	H0779	אָרַר	root	[אָרַר] vb. curse Qal curse Niph. cursed Pi. curse, lay under a curse Hoph. be cursed
a.fy.ab	H3994	מְאֵרָה		מְאֵרָה n.f. a curse
a.fy.ac		אֲרָרִי		אֲרָרִי v. הֲרָרִי
a.fy.ad	H0780	אֲרָרַט		אֲרָרַט n.pr.terr. Ararat—a district in Eastern Armenia between the river Araxes & lakes Van & Oroomiah
a.fz.aa	H0781	אָרַשׂ	root	[אָרַשׂ] vb. betroth Pi. betroth (subj. man) obj. woman Pu. be betrothed
a.ga.aa		ארשׁ	root	ארשׁ (to desire, request, As. êrêšu Dl Pr 55).
a.ga.ab	H0782	אֲרֶ֫שֶׁת		אֲרֶ֫שֶׁת n.f. desire, request ψ 21:3
a.ga.ac		אֹרֹת		אֹרֹת v. אוֹרָה
a.ga.ad	H0783	אַרְתַּחְשַׁשְׂתָּא		אַרְתַּחְשַׁשְׂתָּא n.pr.m. Artaxerxes
a.ga.ae	H0840	אֲשַׂרְאֵל		אֲשַׂרְאֵל n.pr.m. a descendant of Judah 1 Ch 4:16
a.ga.af	H0841	אֲשַׂרְאֵ֫לָה		אֲשַׂרְאֵ֫לָה n.pr.m. a son of Asaph 1 Ch 25:2
a.ga.ag	H0844	אַשְׂרִיאֵל		אַשְׂרִיאֵל n.pr.m. a Manassite
a.ga.ah	H0845	אַשְׂרִיאֵלִי		אַשְׂרִיאֵלִי adj.gent. הָא׳ as n.coll. Nu 26:31.
a.gb.aa	H0784	אֵשׁ	root	אֵשׁ 377 n.f. fire fire, of conflagration of supernatural fire fire for cooking, roasting, parching esp. of altar fire fig. of Yahweh's anger in various combinations
a.gb.ab	H0800	אֶשָּׁה		[אֶשָּׁה] n.f. id. [a.gb.aa] Je 6:29 Kt i.e. from their fire
a.gb.ac	H0801	אִשֶּׁה		אִשֶּׁה n.m. an offering made by fire
a.gb.ad	H0786	אִשׁ		אִשׁ softer form for the usual יֵשׁ (q.v.), there is, are.
a.gb.ae	H0788	אַשְׁבֵּל		אַשְׁבֵּל n.pr.m. 2nd son of Benjamin
a.gb.af	H0789	אַשְׁבֵּלִי		אַשְׁבֵּלִי adj.gent. הָא׳ as n.coll. Nu 26:38.
a.gb.ag	H0790	אֶשְׁבָּן		אֶשְׁבָּן n.pr.m. a chief of Edom
a.gb.ah	H0791	אַשְׁבֵּעַ		אַשְׁבֵּעַ v. שׁבע.
a.gb.ai	H0792	אֶשְׁבַּעַל		אֶשְׁבַּעַל v. אִישׁ־בֹ֫שֶׁת.
a.gc.aa		אשׁד	root	אשׁד (√ of following, cf. prob. As. išdu, foundation).
a.gc.ab	H0793	אֶ֫שֶׁד		אֶ֫שֶׁד n.[m.] foundation, bottom, lower part (slope) Nu 21:15.
a.gc.ac	H0794	אֲשֵׁדָה		[אֲשֵׁדָה] n.f. foundation, (mountain-)slope
a.gc.ad	H0795	אַשְׁדּוֹד		אַשְׁדּוֹד n.pr.loc. Ashdod
a.gc.ae	H0796	אַשְׁדּוֹדִי		אַשְׁדּוֹדִי adj.gent. Ashdodite
a.gc.af	H0797	אַשְׁדּוֹדִית		אַשְׁדּוֹדִית adv. in the language of Ashdod, i.e. of Philistines Ne 13:24
a.gd.aa		אשׁה	root	אשׁה (support, √ whence following).
a.gd.ab	H0803	אָשְׁיָה		[אָשְׁיָה] n.f. (support) buttress
a.gd.ac	H2977	יֹאשִׁיָּ֫הוּ		יֹאשִׁיָּ֫הוּ, יֹאשִׁיָּה n.pr.m. (י׳ supporteth) king of Judah, son of Amon a returned exile
a.gd.ad		אִשָּׁה		אִשָּׁה v. אנשׁ
a.gd.ae		אֱשׁוּן		אֱשׁוּן v. אִישׁוֹן sub. אישׁ
a.gd.af	H0804	אַשּׁוּר		אַשּׁוּר n.pr.gent. & terr. Asshur, Assyria
a.gd.ag	H0805	אַשּׁוּרִם		אַשּׁוּרִם n.pr.gent.pl. an Arab tribe traced back to Abraham & Keturah Gn 25:3 cf. Di.
a.gd.ah	H0805	אֲשׁוּרִי		אֲשׁוּרִי adj. gent.
a.gd.ai		אַשְׁחוּר		אַשְׁחוּר v. שׁחר
a.gd.aj	H0807	אֲשִׁימָא		אֲשִׁימָא n.pr.[m.] a god of Hamath 2 K 17:30, otherwise wholly unknown.
a.gd.ak	H0810	אֶ֫שֶׁךְ		[אֶ֫שֶׁךְ] n.[m.] testicle only Lv 21:20.
a.gd.al	H0811	אֶשְׁכּוֹל		אֶשְׁכּוֹל n.m. cluster cluster of grapes cluster of henna-flowers
a.gd.am	H0812	אֶשְׁכֹּל		אֶשְׁכֹּל n.pr. m. an Amorite, brother of Mamre, dwelling in neighborhood of Hebron in combination—valley of Eshcol = valley of a cluster, region of Hebron
a.gd.an	H0813	אַשְׁכְּנַז		אַשְׁכְּנַז n.pr.m. a descendant of Japhet a northern people
a.gd.ao		אֶשְׁכָּר		אֶשְׁכָּר v. שׁכר
a.ge.aa		אשׁל	root	אשׁל (be firm, firmly rooted, cf. Ar. Arabic be firm).
a.ge.ab	H0815	אֵ֫שֶׁל		אֵ֫שֶׁל n.m. tamarisk-tree
a.gf.aa	H0816	אָשַׁם	root	אָשַׁם, אָשֵׁם vb. offend, be guilty commit an offence, a trespass, do a wrong, or an injury be or become guilty be held guilty, bear punishment Niph. suffer punishment Hiph. declare them guilty
a.gf.ab	H0818	אָשֵׁם		אָשֵׁם adj. guilty
a.gf.ac	H0817	אָשָׁם		אָשָׁם n.m. offence, guilt offence, trespass, fault guilt compensation (or satisfaction for injury) trespass-offering
a.gf.ad	H0819	אַשְׁמָה		אַשְׁמָה n.f. wrong-doing, guiltiness doing wrong, committing a trespass of offence becoming guilty bringing a trespass-offering
a.gf.ae		אַשְׁמוּרָה		אַשְׁמוּרָה ־מֻרוֹת ־מֹרָה v. שׁמר
a.gf.af		אַשְׁמַנִּימ		אַשְׁמַנִּימ v. שׁמן
a.gg.aa		אשׁן	root	אשׁן (√ assumed for foll.; perh. be hard, firm, cf. Aram. אֲשִׁינָא ,אֲשׁוּנָא, something firm).
a.gg.ab	H0823	אַשְׁנָה		אַשְׁנָה n.pr.loc. (the firm?) name of two cities in Judah. Jos 15:33. v 43.
a.gg.ac		אֶשְׁנָב		אֶשְׁנָב v. שׁנב
a.gg.ad		אֶשְׁעָן		אֶשְׁעָן v. שׁען
a.gh.aa	H0825	אַשָּׁף	root	[אַשָּׁף] n.m. conjurer, necromancer only pl. Dn 1:20
a.gi.aa		אשׁף	root	אשׁף (√ of dub. meaning, whence foll.)
a.gi.ab	H0827	אַשְׁפָּה		אַשְׁפָּה n.f. quiver for arrows
a.gi.ac	H0828	אַשְׁפְּנַז		אַשְׁפְּנַז n.pr.m. the chief of eunuchs, of Nebuchadrezzar Dn 1:3 (meaning unknown).
a.gi.ad	H0829	אֶשְׁפָּר		אֶשְׁפָּר cake or roll
a.gi.ae		אַשְׁפֹּת		אַשְׁפֹּת אַשְׁפַּתּוֹת v. שׁפת
a.gi.af	H0831	אַשְׁקְלוֹן		אַשְׁקְלוֹן n.pr.loc. a city of the Philistines
a.gi.ag	H0832	אֶשְׁקְלוֹנִי		אֶשְׁקְלוֹנִי adj.gent. c. art. as subst. Jos 13:3
a.gj.aa	H0833	אָשַׁר	root	[אָשַׁר] vb. go straight, go on, advance Qal go straight on in the way of understanding Pi. intensive go straight on, advance causative lead on set right, righten pronounce happy, call blessed Pu. be led on be made happy, blessed
a.gj.ab	H0835	אֶ֫שֶׁר		[אֶ֫שֶׁר, or אָשָׁר] n.[m.] happiness, blessedness
a.gj.ac	H0837	אֹ֫שֶׁר		[אֹ֫שֶׁר] n.[m.] happiness, Gn 30:13 (J).
a.gj.ad	H0838	אֲשׁוּר		[אֲשׁוּר, אָשׁוּר] n.f. step, going
a.gj.ae	H0838	אַשֻּׁר		[אַשֻּׁר] n.f. step, going
a.gj.af	H0836	אָשֵׁר		אָשֵׁר n.pr.m. Asher (happy one, Felix) son of Jacob and Zilpah the tribe n.pr.loc. city E. of Shechem
a.gj.ag	H0843	אָשֵׁרִי		אָשֵׁרִי adj.gent. c. art. הָא׳ as n.coll. Ju 1:32.
a.gj.ah	H0839	אֲשֻׁרִים		אֲשֻׁרִים, in Ez 27:6
a.gj.ai	H8391	תְּאַשּׁוּר		תְּאַשּׁוּר n.f. box-tree
a.gj.aj	H0842	אֲשֵׁרָה		אֲשֵׁרָה, אֲשֵׁירָה n.pr.f. Ashera
a.gk.aa	H0834	אֲשֶׁר	root	אֲשֶׁר part. of relation A sign of relation, bringing the clause introduced by it into relation with an antecedent clause.
a.gk.ab	H0834	בַאֲשֶׁר		בַאֲשֶׁר in (that) which adv. in (the place) where conj. in that, inasmuch as on account of whom?
a.gk.ac		כַּאָשֶׁר		כַּאָשֶׁר v. כְּ
a.gk.ad	H0834	מֵאֲשֶׁר		מֵאֲשֶׁר from (or than) that which adv. from (the place) where conj. from (the fact) that …, since
a.gl.aa	H0377	אשׁשׁ	root	[אשׁשׁ] Hithpo. Is 46:8
a.gl.ab	H0808	אֲשִׁישָׁה		אֲשִׁישָׁה n.f. (pressed) raisin-cake; Is 16:7
a.gl.ac		אֵ֫שֶׁת		אֵ֫שֶׁת v. אִשָּׁה sub. אנשׁ
a.gl.ad	H0847	אֶשְׁתָּאוֹל		אֶשְׁתָּאוֹל, אֶשְׁתָּאֹל n.pr.loc. city of Danites
a.gl.ae	H0848	אֶשְׁתָּאֻלִי		אֶשְׁתָּאֻלִי adj.gent. c. art. הָא׳ as n.coll. 1 Ch 2:53.
a.gl.af	H0850	אֶשְׁתּוֹן		אֶשְׁתּוֹן n.pr.m. a man of Judah
a.gl.ag	H0851	אֶשְׁתְּמוֹעַ		אֶשְׁתְּמוֹעַ, אֶשְׁתְּמֹעַ, אֶשְׁתְּמֹה n.pr.loc. Levitical city in mountain-country of Judah, south of Hebron
a.gm.aa	H0853	אֵת	root	אֵת the mark of the accusative, prefixed as a rule only to nouns that are definite
a.gn.aa	H0854	אֵת	root	אֵת, prep. with—prep. denoting proximity Of companionship, together with Of localities אֵת פּ׳ denotes specially in one's possession or keeping in one's knowledge or memory מֵאֵת from proximity with Note. אֵת expresses closer association than עִם: hence while מֵעִם sts. denotes hardly more than from the surroundings or belongings of, מֵאֵת expresses from close proximity to.
a.gn.ab	H0856	אֶתְבַּ֫עַל		אֶתְבַּ֫עַל n.pr.m. Ethbaal king of Sidon, father of Jezebel 1 K 16:31.
a.gn.ac	H0863	אִתַּי		אִתַּי n.pr.m. one of David’s captains, a native of Gath one of David’s 30 mighty men, a Benjamite
a.gn.ad	H0384	אִיתִיאֵל		אִיתִיאֵל in MT n.pr.m. usually take as name of a son or pupil of Agur a Benjamite
a.gn.ae		אֵת		אֵת v. אתת
a.gn.af		אַתָּה		אַתָּה אַתְּ אַתְּי v. אנת
a.go.aa	H0857	אָתָה	root	אָתָה vb. come (in Heb. only poet.) Qal come Hiph. bring
a.go.ab	H2978	אִיתוֹן		אִיתוֹן Qr, יאתון Kt, n.m. entrance, Ez 40:15
a.go.ac		אִתַּי		אִתַּי אִתַי אִיתִיאֵל v. אֵת
a.go.ad	H0864	אֵתָם		אֵתָם n.pr.loc. (perh. = Egypt. Chetem) in Egypt, place on edge of desert
a.go.ae		אַתֶּם		אַתֶּם v. אנת
a.go.af		אֶתְמוֹל		אֶתְמוֹל v. תמל
a.gp.aa		אתן	root	אתן (mng. ? Thes comps. Ar. Arabic take short steps, but this appy. only by-form of Arabic).
a.gp.ab	H0860	אָתוֹן		אָתוֹן n.f. she-ass
a.gp.ac		אַתֵּן		אַתֵּן אַתֵּנָה v. אנת
a.gp.ad		אֶתְנָה		אֶתְנָה v. תנה
a.gp.ae	H0867	אֶתְנִי		אֶתְנִי n.pr.m. an ancestor of Asaph 1 Ch 6:26
a.gp.af		אֶתְנַן		אֶתְנַן v. תנן
a.gp.ag	H0862	אתוק		[אתוק] n.m. gallery, porch Ez 41:15
a.gp.ah	H0862	אַתִּיק		אַתִּיק n.m. id. [a.gp.ag]
a.gp.ai	H0871	אֲתָרִים		אֲתָרִים n.pr.loc. only Nu 21:1
a.gq.aa		אתת	root	אתת (? √ of following, meaning dubious. Lag M ii. 254 proposes √ אנה, whence he derives also Ar. Arabic a tool used in tillage).
a.gq.ab	H0855	אֵת		[אֵת] n.[m.] a cutting instrument of iron, usually transl. ploughshare
b.aa.aa		ב	root	ב, בּ Bêth, 2nd letter; postBHeb. = numeral 2 (and so in margin of printed MT); ב̈ = 2000; no evidence of this usage in OT times.
b.ab.aa	b	בְּ	root	בְּ prep. in (Moab. בּ, Syr. Syriac, Ar. Arabic, Eth. Ethiopic) before tone-syllables in certain cases (Ges §102.2) בָּ, with suff. בִּי; בְּךָ (Ex 7:29 2 S 22:30 ψ 141:8 בְּכָה) in pause and fem. בָּךְ; בֹּו (once, Je 17:24 Kt בֹּה) בָּהּ; בָּנוּ; בָּכֶם, [בָּכֶן]; בָּהֶם, בָּם [also בָּהֵ֫מָּה †Ex 30:4 36:1 Hb 1:16], בָּהֵן †I S 31:7 Is 38:16 Ez 42:14 [15 times בָּהֵן (Fr MM 235), and thrice, Lv 5:22 Nu 13:19 Je 5:17, בָּהֵ֫נָּה] Prep. denoting properly in, Gk. ἐν, but applied in many derived and fig. significations. The senses expressed by בְּ are grouped by the Rabbis in three classes, בֵּית הַכּלִי Beth vasculi, בֵּית הַדִּיבּוּק וְהַגְּגִיעָה Beth coniunctionis et viciniae, בֵּית הָעֵזֶר Beth auxilii; and the same arrangement may be followed here, though the limits between the three classes are not clearly defined, and they sometimes overlap one another. In: strictly, of position in a place (which often is expressed more precisely by בְּתוֹךְ ,בְּקֶרֶב), as בַּבַּיִת in the house, בָּעִיר in the city, בַּדּוּד, in the pot, בָּאָרֶץ in the land, etc. constantly. Heb. idiom also says בָּהָר in the mountain Ex 24:18 etc., even in cases where we could hardly avoid saying on, as I K 11:7 19:11: so בְּחֹרֵב Dt 1:16 al.; בְּרֹאשׁ הָהָר Ex 24:17 ψ 72:16. Preceded by a verb of motion (esp. עָבַר) בְּ = through, as Gn 12:6 and Abram passed through בָּאָרֶץ in the land = passed through it, 13:17 2 S 24:2 +; in (= through) a gate, Is 62:10 Je 17:19 Mi 2:13. Fig. to speak בְּאַזְנֵי in the ears of . . . ; to be good (or evil, etc.) בּעֵינֵי in the eyes of. . , of presence in the midst of a multitude, among, Ex 14:28 there was not left בָּהֶם among them even one, Lv 26:36 2 S 15:31 Ahitophel בַּקֹשְׁרִים is among the conspirators, 2 K 18:5 בְּכֹל מַלְכֵי יְהוּדָה. So בְּךָ in thee (of Israel, coll.) Dt 7:14 15:4, 7 18:10 23:11 28:54 (diff. from עִמָּ֑ךְ beside thee Lv 25:35).—Spec. of an individ., implying eminency among: Jos 14:15 Je 46:18 Tabor among the mountains, 49:15 Pr 30:30 Ct 1:6 הַיָּפָה בַגָּשִׁים the fair one (= the fairest) among women, La 1:1: cf. Luke 1:42. On I S 17:12 v. Dr. hence with some verbs, when the action refers to only a part of the object, as הִכָּה בְּ to smite among . . . i.e. to smite some of . . . (diff. from הִכָּה with accus.); הָרַג בְּ ψ 78:31; נָשָׂא בְּ to bear in, i.e. to share in bearing, Nu 11:17 al.; בָּנָה בְּ to build in or at Zc 6:15 Ne 4:4; עָשָׂה בְּ Ex 5:9; אָמֵל בְּ to labour on Jon 4:10; אָכַל בְּ to eat or drink of Ju 13:16 Pr 9:5; חָלַק בְּ to give a share in Jb 39:17. specifying the parts of which a whole consists (esp. in P) Gn 7:21 8:17 9:10.16 17:23 Ex 12:19 Nu 31:11.25 Ho 4:3. with ref. to the limits enclosing a space, within: Ex 20:10 בִּשְׁעָרֶיךָ within thy gates, Is 56:5 בְּחוֹמוֹתַי within my walls. often pregn. with verbs of motion, when the movement to a place results in rest in it, into: after בָּא Gn 19:8 Is 19:23; נָתַן Gn 27:17; שָׁלַח to send Lv 16:22; in among Jos 23:7.12 1 K 11:2.—Ho 12:7 (an extreme case) שׁוּב בְּ to return (and rest) in thy God, 1 Sa 16:3 (unless לַזָּבַ֑ח should be read, as v. 7).—עַיִן בְּעַיִן (with) eye (looking) into eye † Nu 14:14 Is 52:8; פָּנִים בְּפָנִים †Dt 5:4; עֵינֵי פְ' בְּ the eyes of . . . are upon, both in favourable Dt 11:12 ψ 101:6) and hostile Am 9:8 Jb 7:8) sense. applied to time, as Gn 1:1 בְּרֵאשִׁית in the beginning; 2:2 בַּיֹּום הַשְּׁבִיעִי on the seventh day; Ju 10:8 בַּשְָּׁנָה הַהִיא in that year; & constantly. of a state or condition, whether material or mental, in which an action takes place: so oft., בְּשָׁלֹום in peace Gn 15:15; בַּצָּרָה in distress ψ 91:15; הָלַךְ בְּתֻמֹּו to walk in his integrity; Ex 5:19 בְּרָע in evil case. בְּ introduces the predicate, denoting it as that in which the subj. consists, or in which it shews itself (the Beth essentiae,—common in Arabic, esp. with a ptcp. or adj. and in a negative sentence: Qor 2:79 Arabic and God (appears) not as one remiss; 2:7 Arabic and they are not believers [comp. French en—en honnête homme]; v. WAG II. §56a): viz. a primary pred., Ex 18:4 the God of my fathers בְּעֶזְרִי was my help, ψ 146:6 Ho 13:9 (rd.: כִּי מִי בְעֶזְרֶֽךָwith 𝔊 𝔖 Che al.); ψ 68:5 בְּיָהּ שְׁמֹו his name consists in Yah, Jb 23:13 37:10. With the pred. in the pl. (as pl. maj.) ψ 118:7 י' בְּעֹזְרָ֑י J. is my great helper, 54:6 (v. Che), Ju 11:35. a secondary pred., Ex 6:3 and I appeared unto them בְּאֵל שַׁדָּ֑י as God Almighty, Nu 26:53 בְּנַחֲלָ֖ה as an inheritance, 34:2 Ez 46:16 47:14 Dt 10:22 26:14 I have not put away therefrom בְּמָמֵא as one unclean = while unclean, 28:62 Is 40:10 בְּחָזָק יָבֹוא he cometh as a strong one, ψ 35:2 (where v. De) and rise up as my help, v. 16, 39:7 55:19 Pr 3:26 Jb 36:32 (De). a pred. as accus., Is 48:10 I have refined thee וְלֹא בְכָ֑סֶף but not as though silver, Ez 20:41; Nu 18:26 36:2 Jos 13:6.7 23:4 Ez 45:1 47:22.22 (rd. יַפִּלוּ) 48:29 (v. 𝔊 Co) all בְּנַחֲלָה (cf. b), ψ 78:65 & allotted בְּחֶבֶל נַחֲלָה as a line of inheritance (i.e. as a measured inheritance). Is 26:4 כִּי בְּיָהּ יהוה צוּר עוֹלָמִים י' is different—for in Yah there is a rock of ages (cf. Qor 4:7.47 there is sufficiency in God as a patron). in comparisons, ψ 37:20 consume away בֶּעָשָׁן in the form of, as, smoke 78:33 102:4 Jb 34:36 36:14. Denoting proximity— at, by (not very common): 1 Sa 29:1 בָּעַיִן by the spring; Ez 10:15.20 בִּנְהַר כְּבָר by the river Chebar (1:3 עַל). on: Gn 8:20 Nu 23:2 בַּמִּזְבֵּחַ on the altar; Ju 8:21 on the necks of the camels; 1 K 2:5 al. בְּמָתְנָיו on his loins; Is 59:17 a helmet בְּרֹאשֹׁו on his head. often with verbs of touching, approaching, taking hold of, cleaving, etc., as תָּפַשׂ,תָּמַךְ ,פָּגַע ,קָרַב ,נָגַשׁ,נָגַע ,חָשַׁק ,דָּבֵק ,אָחַן (see these words). with words expressing or implying an act of hostility— against: Gn 16:12 יָדוֹ בַבֹּל וְיַד בֹּל בֹּו his hand against all, and the hand of all against him; הָֽיְתָה יַד פְּ' בּ Dt 13:10 1 Sa 5:9 18:17 +oft. Hence after verbs (q.v.) of fighting (רִיב ,נִלחַם), going up to invade (עָלָה), being angry (חָרָה אַף ,אָנַף ,הִתְעַבֵּר), sinning or acting treacherously (כִּחֶשׁ ,כִּזֵּב ,שִׁפֵּר ,פָּשַׁע ,מָעַל ,מָרָה מָרַד ,בָּנַד ,חָטָא), testifying (הֵעִיר ,עָנָה), mocking (הֵתֵל ,הִלְעִיג), feeling loathing (קוּץ), rebuking (גָּעַר: prop. to protest loudly), speaking (דִּבֶּר: Nu 12:8b), etc., & even (an extreme case) Ho 7:14 יָסוּרוּ בִי they turn aside (so as to be) against me. In a weaker sense מַשְׁתִּין בַּקִּיר mingens ad parietem 1 Sa 25:22 al. down to, upon (super with accus.), esp. in such phrases as דָּמָיו בּוֹ Lv 20:9 al. his blood be upon him דָּמֹו בְרֹאשֹׁו his blood be upon his head Jos 2:19; בְּרֹאשֹׁו (הֵשִׁיב י') שׁוּב Ju 8:57 (רָעָה), 1 K 2:33 (דָּם), v. 44 (רָאָה), ψ 7:17 (עֲמָלוֹ ); נָתַן דֶּרֶךְ פּ' בּרֹאשׁוֹ 1 K 8:32 & oft. in Ez, as 9:10 11:21. With— of accompaniment: Nn 20:20 בְּעַם כָּבֵד with much people, Jos 22:8 Ju 11:34 1 K 10:2 2 K 5:9 Je 41:15; Ex 21:22 and he shall give בִּפְלִלִים with arbitrators (arbitrators being employed), Is 8:16; בְּלִמֻּדָֽי with my disciples, i.e. having them present; Ex 8:1.13 Je 11:19 עֵץ בְּלַחְמוֹ a tree with its sap; 1 K 19:19 וְהוּא בִּשְׁגֵים הֶעָשָׂר and he with the 12th. often of what one takes or brings with one: Gn 32:11 בְּמַפקְלִי with my staff I passed over Jordan, Ju 11:34 15:1 1 Sa 1:24 Is 7:24; Mi 6:6 al. קִדֵּם בְּ to go to meet with; בָּא בְּ to come with Lv 16:3 ψ 66:13 71:16. (In Arabic this usage is developed more fully than in Hebrew, and Arabic lit. to come with, Arabic, lit. to go away with, are used idiomatically in the sense of to bring, and to take away respectively: WAG II.§56b.) Hence בְּאֵין ,בְּלֹא ,בִּבְלִי ,בְּאֶפֶס = without. of concomitant (or surrounding) conditions, as בְּחִפָּזוֹן with (or in) haste; בְּצֶדֶק with (or in) righteousness; בִּשְׁגָגָה in error; בִּתְרוּעָה וּבְקוֹל שׁוֹפָר 2 S 6:15; often; in such phrasese as בְּצִדְקָֽתְךָ ψ 31:2 in thy righteousness; בְּחַסְדְּךָ in thy mercy Ex 15:13;—בּאָשְׁרִי with my happiness! = happy am I Gn 30:13; ψ 29:4 the voice of י' is בַּכֹּחַ with power = is powerful; Ex 32:12 בְּרָעָה with evil purpose; ψ 73:8 בְרָע in wickedness; 90:10 בִּגְבוּרֹת with strength. of the instrument or means: as בַּחֶרֶב with the sword Ex 5:3 etc.; בְּרַגְלַיִם with the feet Is 28:3; . . . בְּיַד by the hand of . . . (v. sub יָד); to stone בְּאֶבֶן or בָּֽאֲבָנִים with stones Lv 20:2 Nu 14:10 etc.; שָׁתָה בְּ to drink with a cup Gn 44:5 Am 6:6 (cf. in Aram. Dn 5:2); to cry בְּגָרוֹן with the throat Is 58:1; to burn בָּאֵשׁ in or with fire (oft.); to slay or to perish בָּרָעָב through hunger or בַּדֶּבֶר through pestilence Ex 16:3 Je 21:9 + oft. (cf. Jb 27:15 בַּמָּוֶת יִקָּבֵ֑רוּ); to save with or by Ju 7:7 1 Sa 14:6. idiom., with certain verbs, as שָׁחַק בְּ to play with Jb 40:29; עָבַר בְּ to labour with a person (as with an instrument), i.e. to use him as a slave Ex 1:14 Je 22:13 27:7 al.; עָשָׂה בְּ Je 18:23 Ne 9:24 Dn 11:7; Est 1:15 2:11 3:11 6:6; & perh. דִּבֶּר בְּ (of God) to speak with one Nu 12:2.8a al. (v. Ew §217f. (3); Dr 8m ii. 23, 2). Further הִתְנַבֵּא ביהוה ,בַּבַּעַל to prophesy with or by י' or Baal, י' or Baal being the inspirer; דָּרַשׁ ,שָׁאַל בְּ to inquire or ask by means of a god (or oracle). ביהוה through י', (= by His aid) in many connexions, as ψ 18:30 44:6 56:5.11 60:14 Is 26:13 45:25 Ho 1:7 Ze 10:12; with pass. verbs Dt 33:29 Is 45:17 (to be saved): and even of the immediate cause Nu 36:2 to be commanded ביהוה by י' Gn 9:6 בָּאָדָם by man shall his blood be shed (both unusual), Ho 14:4. allied is the use of בְּ in such phrases as to bless, swear, speak, prophesy, etc., בְּשֵׁם in the name of . . . (i.e. the name being used or appealed to in the act) Dt 6:13 Je 11:21, etc. (so to swear ביהוה by י', Jos 2:12 etc., בִּימִינוֹ Is 62:8; to bless בְּךָ with thee Gn 48:20, to swear with me ψ 102:9, i.e. using my name in oath, Je 29:22); almost = in the authority and power of 1 Sa 17:45 25:5 1 K 21:8 Mi 4:5 Zc 10:12 ψ 20:6 44:6 89:25. בַּמָּה or בַּמֶּה by means of what? how? Gn 15:8 Ju 6:15 16:5.6.10 1 K 22:21 Mal 2:17. בְּזֹאת by means of this Gn 42:15.33 Ex 7:17 Nu 16:28; with this = on this condition Gn 34:15.22 1 Sa 11:2 Is 27:9. of cost or price (the Beth pretii), the price, whether given or received, being treated as the instrumental means by which the act is accomplished, with, for, at the cost of: thus regularly with שָׂכַר hire Gn 30:16, פָּדָה redeem Ex 34:20, אֵרֵשׂ betroth 2 S 3:14, קָנָה buy 2 S 24:24; 1 K 2:23 בְּגַפְשׁוֹ at the cost of his life hath A. spoken this word, 2 S 23:17 who went בְּנַפְשׂוֹתָם at peril of their lives, Pr 7:23 La 5:9 Jos 6:26 בִּכְכֹרוֹ יְיַסְּדֶנָּה at the price of his firstborn shall he lay its foundations, 1 Ch 12:19 בְּרָאשֵׁינוּ to the jeopardy of our heads he will fall away, etc. with מָכַר sell Dt 21:14; עָבַד serve Gn 29:18.20 Ho 12:13; הֵמִיר exchange Lv 27:10 Ho 4:7 their glory I will exchange for ignominy, ψ 106:20; נָתַן בְּנֶשֶׁךְ to give for interest Lv 25:37 ψ 15:5; in other connexions Gn 23:9 47:15f. Is 45:13 La 1:11 Ct 8:7.11; Dt 19:21 נֶפֶשׁ בְּנֶפֶשׁ עַיִן בְּעַיִן life for life, eye for eye; Is 2:22 at what is he to be accounted? 7:23 a thousand vines בְּאֶלֶף כָּ֑סֶף at a thousand (shekels of) silver.—Hence (perhaps) the idiom. usages שָׁנָה בְשָׁנָה year for year, one year like another, annually Dt 15:20 al.; יוֹם בְּיוֹם (late), בְּיוֹם בְּיוֹם † 1 Sa 18:10; בְּפַעַם בְּפַעַם (v. פַּעַם ,יוֹם); חֹדֶשׁ בּחֹדֶשׁ † 1 Ch 27:1. rather peculiarly, in certain cases where the object of an action may be treated as the instrument by which it is accomplishcd: as הֵנַיעַ בְּרֹאשׁ to shake with the head Je 18:6 Jb 16:4 (as well as הֵנִיעַ רֹאשׁ ψ 22:8); to open with the mouth Jb 16:10, with the lips ψ 22:8; to gnash with the teeth Jb 16:9 (to gnash the teeth ψ 35:16); to wink with the eye Pr 6:13 (to wink the eye, ib. 10:10); נָתַן בְּקוֹל to utter with the voice ψ 46:7 68:34 Je 12:8 (but נָתַן קוֹל is more common); to stretch out with the hand La 1:17; הֵרִים בַּמַּשׂטֶּה (unusual) Ex 7:20. So קָרָא בְּשֵׁם to call with the name—in diff. senses, acc. to the context, viz. to proclaim Ex 33:19 34:5 Is 44:5 ψ 49:12; to invoke Gn 4:26 12:8 1 K 18:24-26 Is 12:4; to name honourably Is 43:1 45:3. Cf. Ew §282d Ges §119.8b R. W AGii. §56bβ De Jb 31:12; Pr 29:30. with a causal force, through, on account of: Gn 18:28 הֲתַשְׁחִית בַּחֲמִשָּׁה wilt thou destroy on account of five the whole city? Lv 26:89 Nu 16:26 Dt 9:4.5 24:15: אִישׁ בְּחֶטְאוֹ יוּמָֽתוּ they shall be put to death, each because of his own sin (cf. Je 31:30 Ez 3:18, v. 18:17) 2 S 3:27 14:7 (cf. Jon 1:14) Is 7:4 (∥ מִן) 28:7 (∥ מִן) 50:1 53:5 57:17 Je 51:46 ψ 5:8.11 6:8 (∥ מִן) 31:10 32:3 42:10 90:9 94:23. So in בִּגְלַל , בַּאֲשֶׁר (v. גָּלָל , אֲשֶׁר) & (sts.) in בִּדְבַר at, through, the word of. . . . of the material with which a work is wrought, both absol. עָשָׂה בַזָּהָב to work with gold Ex 31:4 1 K 7:14; and to make a thing with (in our idiom, of) gold Ex 38:8 Ez 7:20 1 K 15:22 (בָּגָה). Without a verb Lv 13:62 2 Ch 9:18. with for falthough, in spite of (cf. Germ. bei alle dem): Lv 26:27 Nu 14:11 בְּכֹל הָאֹתוֹת in spite of all the signs that I have wrought, Dt 1:32 Is 47:9 ψ 27:3; esp. in the phrase בְּכָל־זֹאת for all this Is 5:25 9:11.16.20 10:4 ψ 78:32 al. (Cf. in Ar. Arabic Qor 9:25.) of a standard of measurement or computation, with, by: Ex 12:4 בְּמִכְסַת נְפָשֹׁת by the computation of souls; Lv 5:25 al. בְּעֶרְכְּךָ by thy reckoning; Ez 4:10; בְּמִסְפָּר by number Dt 25:2 +; . . . בְּמִסְפַּר by the number of . . . Lv 25:15.50 Nu 1:2, etc.; בְּשֶׁקֶל הַקֹּדֶשׁ Ex 30:13 al. (in P); בָּאַמָּה often (v. אַמָּה); Dt 3:11 בְּאַמַּת אִישׁ by the cubit of a man; 2 S 14:26 בְּאֶבֶן הַמֶּלֶךְ. Of a model Gn 1:26 בְּצַלְמֵנוּ in our image, 5:1.3 Ex 25:40; בְּדֶרֶךְ with the way (= in the manner) of . . . Is 10:24.26 Am 4:10. בְּ is used also with certain classes of verbs, though the explanation of its use may be sometimes doubtful: viz. with verbs of taking refuge, trusting, relying, as בָּטַח ,הֶאֱמִין ,חָסָה ,נִשְׁעַן. with verbs of ruling, governing, restraining, as שָׁלַט ,רָדָה ,עָצַר ,נָגַשׂ ,מָשַׁל ,מָלַךְ. with verbs of rejoicing, feeling pleasure or satisfaction, etc., as שָׂבַע ,רָצָה ,חָפֵץ ,שָׂמֵחַ ,שׂוּשׂ,עָלַץ ,גִּיל (but with this verb מִן is more common). [Prob. a case of III. 5.] with verbs expressive of sensible perception, to denote the pleasurable or attentive exercise of the faculty concerned, as שָׁמַע בְּ to listen to, חָזָה ,רָאָה ,הִבִּיט בְּ, to look upon, הֵרִיחַ בְּ to smell at (see these words). occasionally also with verbs of speaking, thinking, mentioning, knowing, to denote the object of the action, as דִּבֶּר בְּ to speak about Dt 6:7 ψ 87:3 al. (v. sub דִּבֶּר); שִׂיחַ ,הָגָה ,הִלֵּל בְּ ψ 44:9 63:7 69:13; יָדַע Je 38:24; זָכַר once Je 3:16, oft.; ψ 71:6 בְּךָ תְהִלָּתִי of thee is my praise. Followed by an inf. c., בְּ forms a periphrasis for the gerund, though in English it is commonly to be rendered by a verb and conj., viz.:— as a temporal conj., as Gn 2:4 בְּהִבָּֽרְאָם in their being created = when they were created, 4:8 בִּהְיוֹתָם in their being (= when they were) in the field; and constantly. Sometimes it has in appearance the force of after that, as Gn 33:18 Ex 3:12 13:17; but as a rule this is really due to the action denoted by the inf. being treated as extending over a period within which the action of the principal verb takes place: so esp. in the phrase בְּצֵאת יִשׂרָאֵל מִמִּצְרַיִם, even of events at the close of the 40 years, Dt 4:45 23:5 Jos 5:4, the whole period being treated as that in which Egypt was left (comp. 2 K 2:1 where the time included is future). Cases, however, occur in which this explanation will hardly apply, as Dt 27:4.12. as a causal conj. (cf. above III. 5), as Gn 19:16 בְּחֶמְלַת י' עָלָיו through J.'s having compassion upon him, Ex 16:7 33:16 34:29 Dt 1:27 בְּשִׂנְאַת י' אֹתָנוּ through J.'s hating us, etc. (9:28 similarly מִן), 1 K 18:18 (= in that ye have . . .) Ez 9:8 43:8 44:7 2 Ch 28:6. as a concessive conj., when = though: Is 1:15 ψ 46:3 בְּהָמִיר אָרֶץ though the earth do change. Note.—Ex 10:12 בָּאַרְבֶּה can only be rendered 'with the locusts,' the locusts being conceived as implicit in Moses' uplifted hand: but prob. לָאַרְבֶּה should be read. Thrice in late Heb. בְּ is used peculiarly: 1 Ch 7:23 for with misfortune was it in his house (בְּרָעָה chosen for the purpose of explaining בְּרִיעָה); 9:33 עֲלֵיהֶם בַּמְּלָאכָה, it devolved upon them with the work; Ezr 3:3 for with terror (was it) upon them from the peoples of the countries (the sentence without a verb as oft. in Chr.: Dr Intr. 504f.): cf. 8:34. Compo Ew §295f.
b.ab.ab	H1119	בְּמוֹ		בְּמוֹ poet. for בְּ
b.ab.ac		בְּ		בְּ v. בֶּן־ v. בֵּית
b.ab.ad		בִּאָה		בִּאָה v. בּוֹא
b.ac.aa	H0874	באר	root	[באר] vb. only Pi. make distinct, plain
b.ac.ab	H0876	בְּאֵר		בְּאֵר n.f. Gn 26:21 well, pit a well, often as made by digging pit as n.pr.loc. a station of Isr. in desert 8 miles north of Eleutheropolis
b.ac.ac		בְּאֵר אֵילִים		בְּאֵר אֵילִים v. בְּאֵר
b.ac.ad	H0883	בְּאֵר לַחַי רֹאִי		בְּאֵר לַחַי רֹאִי n.pr.loc. (lit. well of the living One that seeth me)
b.ac.ae	H0884	בְּאֵר שֶׁ֫בַע		בְּאֵר שֶׁ֫בַע n.pr.loc. Beersheba
b.ac.af	H0878	בְּאֵרָא		בְּאֵרָא n.pr.m. a man of Asher 1 Ch 7:37.
b.ac.ag	H0880	בְּאֵרָה		בְּאֵרָה n.pr.m. a Reubenite 1 Ch 5:6.
b.ac.ah	H0881	בְאֵרוֹת		בְאֵרוֹת n.pr.loc. city of Gibeonites
b.ac.ai	H0886	בְאֵרֹתִי		בְאֵרֹתִי adj.gent. always c. art.
b.ac.aj	H0885	בְּאֵרֹת בְּנֵי־יַעֲקָן		בְּאֵרֹת בְּנֵי־יַעֲקָן n.pr.loc. a station of Isr. in desert, prob. in country of Horites
b.ac.ak	H0882	בְּאֵרִי		בְּאֵרִי n.pr.m. (my well) a Hittite, Esau's father-in-law Gn 26:34. Hosea's father Ho 1:1.
b.ac.al	H0877	בֹאר		[בֹאר] n.m. cistern, pit, well
b.ac.am	H0953	בּוֹר		בּוֹר n.m. pit, cistern, well cistern, containing water, made by digging later appar. well pit dungeon (poet. & late; never c. art.) pit of the grave
b.ac.an	H5626	בּוֹר הַסִּרָה		בּוֹר הַסִּרָה n.pr.loc. 2 S 3:26 (cistern of Sirah)
b.ac.ao	H3565	בּוֹר עָשָׁן		בּוֹר עָשָׁן (so rd. for ordinary כור ע׳) n.pr.loc. 1 S 30:30 (smoking pit), in S.W. of Judah
b.ac.ap		בַּיִר		בַּיִר v. בּוֹר
b.ac.aq	H1275	בֵּרִי		בֵּרִי n.pr.m. a descendant of Asher 1 Ch 7:36
b.ac.ar	H1268	בֵּר֫וֹתָה		בֵּר֫וֹתָה n.pr.loc. near Hamath Ez 47:16
b.ac.as	H1268	בֵּרֹתַי		בֵּרֹתַי n.pr.loc. belonging to Hadadezer of Zoba 2 S 8:8; perh. = foregoing [b.ac.ar].
b.ac.at		בֵּרֹתִי		בֵּרֹתִי v. הַבְּאֵרֹתִי
b.ad.aa	H0887	בָּאַשׁ	root	בָּאַשׁ vb. have a bad smell, stink Qal stink Niph. only fig. make oneself odious, become odious Hiph. emit a stinking odour cause to stink Hithp. they had made thmselves odious
b.ad.ab	H0889	בְּאֹשׁ		בְּאֹשׁ n.m. stench
b.ad.ac	H0890	בָּאְשָׁה		בָּאְשָׁה n.f. (stinking thing) stinking or noxious weeds, Jb 31:40
b.ad.ad	H0891	בְּאֻשִׁים		בְּאֻשִׁים n.[m.]pl. stinking or worthless things, wild grapes
b.ad.ae	H0892	בָּבָה		[בָּבָה] n.f. only Zc 2:12 the apple of his eye
b.ad.af	H0893	בֵּבַי		בֵּבַי n.pr.m. a chief of returning exiles
b.ad.ag	H0894	בָּבֶ֫ל		בָּבֶ֫ל 262 n.pr.loc. Babel, Babylon
b.ad.ah		בַּג		בַּג v. בַּז sub. בזז
b.ae.aa	H0898	בָּגַד	root	[בָּגַד] vb. act or deal treacherously
b.ae.ab	H0899	בֶּ֫גֶד		בֶּ֫גֶד n.[m.] treachery Is 24:16 Je 12:1.
b.ae.ac	H0900	בֹּגְדוֹת		בֹּגְדוֹת pl.abst. men of treachery Zp 3:4.
b.ae.ad	H0901	בָּגוֹד		[בָּגוֹד] adj. treacherous
b.ae.ae	H0899	בֶּ֫גֶד		בֶּ֫גֶד n.m. garment, covering
b.ae.af	H0902	בִּגְוַי		בִּגְוַי n.pr.m. (happy?) a companion of Zerubbabel a chief of the people in Nehemiah’s time
b.ae.ag		בִּגְלַל		בִּגְלַל v. גלל
b.ae.ah	H0903	בִּגְתָא		בִּגְתָא n.pr.m. a eunuch of Ahasuerus Es 1:10.
b.ae.ai	H0904	בִּגְתָן		בִּגְתָן n.pr.m. (gift of God?) a eunuch of Ahasuerus
b.ae.aj		בִּגְתָ֫נָא		בִּגְתָ֫נָא v.
b.ae.ak	H0906	בַּד		בַּד, בָּ֑ד n.[m.] white linen (deriv. unknown)
b.ae.al		בַּד		בַּד v. בדד
b.ae.am	H0908	בָּדָא		בָּדָא vb. devise, invent
b.af.aa	H0909	בָּדַד	root	[בָּדַד] vb. be separate, isolated
b.af.ab	H0905	בַּד		בַּד, בָּ֑ד n.m. separation, concr. part prop. in a state of separation, alone, by itself concr. part parts, specif. extended from something
b.af.ac	H0910	בָּדָד		בָּדָד n.[m.] isolation, separation
b.ag.aa		בדד	root	בדד (prob. i. q. בָּדָא q. v. talk idly).
b.ag.ab	H0907	בַּד		[בַּד] n.m. empty, idle talk concr. empty talkers, praters
b.ag.ac	H0911	בְּדַד		בְּדַד n.pr.m. father of an Edom. ruler
b.ag.ad		בְּדֵי		בְּדֵי v. דַּי
b.ag.ae	H0912	בֵּֽדְיָה		בֵּֽדְיָה n.pr.m. an Israelite Ezr 10:35.
b.ah.aa	H0914	בָּדַל	root	[בָּדַל] vb. be divided, separate Hiph. divide, separate divide, separate, subj. God separate, set apart make a distinction between clean and unclean, holy and profane divide into parts Niph. (reflex. of Hiph. 2) pass. be separated
b.ah.ab	H0915	בָּדָל		[בָּדָל] n.[m.] piece, severed piece, Am 3:12.
b.ah.ac	H3995	מִבְדָּלָה		[מִבְדָּלָה] n.f. separate place, Jos 16:9
b.ah.ad	H0913	בְּדִיל		בְּדִיל n.[m.] alloy, tin, dross alloy tin (plumbum album) plummet
b.ah.ae	H0916	בְּדֹ֫לַח		בְּדֹ֫לַח n.[m.] prob. bdellium
b.ah.af	H0917	בְדָן		בְדָן n.pr.m. a judge of Israel a Manassite
b.ai.aa		בדק	root	בדק (penetrate, split ? cf. Aram. בְּדַק, Arabic explore; but these perh. denom. cf. Lag GN 1882, 400).
b.ai.ab	H0919	בֶ֫דֶק		בֶ֫דֶק n.m. fissure, rent, breach
b.ai.ac	H0918	בָּדַק		[בָּדַק] vb. denom. mend, repair, only 2 Ch 34:10.
b.ai.ad	H0920	בִּדְקַר		בִּדְקַר n.pr.m. Isr. officer 2 K 9:25 (v. בֵּן).
b.aj.aa		בהה	root	בהה (cf. Ar. Arabic be empty; on a possible connexion in As. cf. Hpt BA 8i.18).
b.aj.ab	H0922	בֹ֫הוּ		בֹ֫הוּ n.[m.] emptiness
b.aj.ac	H0923	בַּ֫הַט		בַּ֫הַט n.[m.] a costly stone, perh. porphyry, Est 1:6
b.ak.aa	H0926	בָּהַל	root	[בָּהַל] vb. Niph. be disturbed, dismayed, terrified be in haste, hasty Pi. dismay, terrify hasten, make haste, act hastily Pu. hastened; hastily gained Hiph. dismay, terrify (late) hasten, hurry
b.ak.ab	H0928	בֶּֽהָלָה		בֶּֽהָלָה n.f. dismay, sudden terror or ruin
b.al.aa		בהם	root	בהם (Ar. Arabic, IV. shut, x. impeded in speech, tongue-tied; Eth. Ethiopic: be dumb).
b.al.ab	H0929	בְּהֵמָה		בְּהֵמָה 187 n.f. beast, animal, cattle of living creatures other than man opp. also to wild beasts rarely of wild beasts, esp. carnivora
b.al.ac	H0930	בְּהֵמוֹת		בְּהֵמוֹת n.m. behemoth, i.e. hippopotamus
b.am.aa		בהן	root	בהן (cf. Ar. Arabic IV. shut, cover (v. foregoing) whence also Arabic = בֹּהֶן; as closing and covering the hand, cf. Lane).
b.am.ab	H0931	בֹּ֫הֶן		בֹּ֫הֶן n.[f.] thumb, great toe
b.am.ac	H0932	בֹּ֫הַן		בֹּ֫הַן n.pr.m. (closing, covering?) a mark of division between Judah & Benjamin.
b.an.aa		בהק	root	בהק (NH בָּהַק shine, Aram. בְּהַק, Syriac, Aph. id.; hence בַּהֲקִיתָא, Syriac, an eruption, v. sq.)
b.an.ab	H0933	בֹּ֫הַק		בֹּ֫הַק n.m. a harmless eruption on the skin Lv 13:39.
b.ao.aa		בהר	root	בהר (NH Hiph. be bright, shine; cf. Aram. בְּהַר, Syriac (not Pc.) & deriv.; Eth. Ethiopic Ar. Arabic surpass, esp. in brightness, shine brightly).
b.ao.ab	H0934	בַּהֶ֫רֶת		בַּהֶ֫רֶת n.f. brightness, bright spot
b.ao.ac	H0925	בָּהִיר		בָּהִיר adj. bright, brilliant of light; only Jb 37:21
b.ap.aa	H0935	בּוֹא	root	בּוֹא 2569 vb. come in, come, go in, go Qal come in come (approach, arrive) go, i.e. walk, associate with go from speaker, but with limit of motion given Hiph. cause to come in, bring in (conduct, lead, obj. persons and animals) cause to come, bring, bring near, etc. (animate obj.) Hoph. be brought in (of pers. and things) be brought be introduced, put
b.ap.ab	H0872	בִּאָה		בִּאָה n.f. entrance, entry Ez 8:5, i.e. of temple
b.ap.ac	H3996	מָבוֹא		מָבוֹא n.m. entrance, a coming in, entering entrance, i.e. place or way of entrance entering, act of entrance
b.ap.ad	H4126	מוֹבָא		[מוֹבָא] n.[m.] in-coming, entrance
b.ap.ae	H8393	תְּבוּאָה		תְּבוּאָה n.f. proventus, product, revenue product, yield, usually of earth income, revenue, in general fig. gain of wisdom
b.aq.aa	H0936	בּוּז	root	[בּוּז] vb. despise
b.aq.ab	H0937	בּוּז		בּוּז n.m. contempt contempt judicial, poured out by God, in judgment
b.aq.ac	H0939	בּוּזָה		בּוּזָה n.f. contempt Ne 3:36
b.aq.ad	H0938	בּוּז		בּוּז n.pr.m. 2nd son of Nahor. Abraham's brother a Gadite
b.aq.ae	H0940	בּוּזִי		בּוּזִי adj.gent. of Elihu’s father
b.aq.af	H0941	בוּזִי		בוּזִי n.pr.m. father of Ezekiel Ez 1:3.
b.aq.ag	H0942	בַּוַּי		בַּוַּי n.pr.m. a Jew of Nehem.’s time
b.ar.aa	H0943	בּוּךְ	root	בּוּךְ vb. perplex, confuse—only Niph.;—be confused, in confusion
b.ar.ab	H3998	מְבוּכָה		מְבוּכָה n.f. confusion, confounding
b.ar.ac	H0945	בּוּל		בּוּל n.[m.] Bul, 8th month 1 K 6:38
b.ar.ad		בּוּל		בּוּל v. יבול
b.ar.ae		בּוּנָה		בּוּנָה v. בּין
b.ar.af		בּוּנִּי		בּוּנִּי v. בנה
b.as.aa	H0947	בּוּס	root	[בּוּס] vb. tread down, trample Qal tread down, trample (of warriors) Pol. tread down, in bad sense Hithpol. of the blind movements of infant’s limbs, kick out (this way and that), fig. of Jerusalem. Hoph. pass. trodden down
b.as.ab	H2982	יְבוּס		יְבוּס n.pr.loc. Jebus, name of Jerusalem
b.as.ac	H2983	יְבוּסִי		יְבוּסִי, יְבֻסִי adj. gent. Jebusite, Jebusites Jerusalem
b.as.ad	H4001	מְבוּסָה		מְבוּסָה n.f. down-treading, subjugation
b.as.ae	H8395	תְּבוּסָה		[תְּבוּסָה] n.f. down-treading = ruin, downfall 2 Ch 22:7
b.at.aa		בוע	root	בוע (assumed as √ of foll., cf. Lag BN10; but √ perh. בעע; acc. to Sta §257 a quadrilit. Ar. Arabic, efferbuit et commotus fuit (sanguis), Arabic puteus cujus aqua ltaurienti propinqua).
b.at.ab	H0076	אֲבַעְבֻּעֹת		אֲבַעְבֻּעֹת n.f.pl. blisters, boils
b.au.aa		בוץ	root	בוץ so Thes, better ביץ (cf. Ar. Arabic surpass in whiteness; Arabic whiteness).
b.au.ab	H1000	בֵּיצָה		[בֵּיצָה] n.f. egg
b.au.ac	H0948	בּוּץ		בּוּץ, בֻּץ n.[m.] byssus (late)
b.av.aa		בוק	root	בוק (= בקק).
b.av.ab	H0950	בּוּקָה		בּוּקָה n.f. emptiness, Na 2:11
b.av.ac	H4003	מְבוּקָה		מְבוּקָה n.f. id. [b.av.ab], Na 2:11 v. supr.
b.av.ad		בּוֹר		בּוֹר v. באר
b.av.ae		בּוֹר		בּוֹר v. בֹּר sub. ברר
b.aw.aa	H0952	בּוּר	root	בּוּר vb. Qal Ec 9:1; prob. make clear, clear up, explain
b.ax.aa	H0954	בּוֹשׁ	root	בּוֹשׁ 109 vb. be ashamed Qal abs. feel shame sq. מִן, be ashamed of, i.e. disconcerted, disappointed by reason of with obj. I am ashamed to ask Polel delay (in shame) Hiph. put to shame put to shame act shamefully to be put to shame be ashamed Hithp. ashamed before one another
b.ax.ab	H0955	בּוּשָׁה		בּוּשָׁה n.f. shame
b.ax.ac	H1317	בָּשְׁנָה		בָּשְׁנָה n.f. shame Ho 10:6.
b.ax.ad	H1322	בֹּ֫שֶׁת		בֹּ֫שֶׁת n.f. shame shame shameful thing
b.ax.ae	H4016	מָבוֹשׁ		[מָבוֹשׁ] n.[m.] his privates, that excite shame, pudenda Dt 25:11.
b.ax.af		בַּז		בַּז v. בזז
b.ay.aa	H0958	בָּזָא	root	[בָּזָא] vb. divide, cut through
b.az.aa	H0959	בָזָה	root	בָזָה vb. despise Qal despise, regard with contempt Niph. despised vile, worthless despicable, contemptible Hiph. so as to cause to despise their lords
b.az.ab	H0963	בִּזָּיוֹן		בִּזָּיוֹן n.[m.] contempt Est 1:18
b.az.ac		בִּזָּה		בִּזָּה v. בזז
b.ba.aa	H0962	בָּזַז	root	בָּזַז vb. spoil, plunder Qal spoil Niph. be spoiled, plundered Pu. be taken as spoil
b.ba.ab	H0897	בַּז		בַּז n.[m.] spoiling, robbery; spoil, booty spoiling, robbery spoil, booty, plunder
b.ba.ac	H0961	בִּזָּה		בִּזָּה n.f. spoil, booty (late)
b.ba.ad		בִּזָּיוֹן		בִּזָּיוֹן v. בזה
b.ba.ae	H0964	בִּזְיוֹתְיָה		בִּזְיוֹתְיָה n.pr.loc. acc. to MT place near Beersheba
b.bb.aa		בזק	root	בזק (Aram. בְּזַק, scatter; Ar. Arabic rise (of sun) is prob. erroneous v. Lane 199).
b.bb.ab	H0965	בָּזָק		בָּזָק n.[m.] lightning flash ? Ez 1:14
b.bb.ac	H0966	בֶּ֫זֶק		בֶּ֫זֶק n.pr.loc. rendezvous of Israel under Saul and Sam.; home of Adoni-Bezek
b.bc.aa	H0967	בָּזַר	root	[בָּזַר] vb. scatter
b.bc.ab	H0968	בִּזְּתָא		בִּזְּתָא n.pr.m. a eunuch of Ahasuerus, Est 1:10
b.bd.aa	H0973	בָּחֵל	root	[בָּחֵל] vb. feel loathing
b.be.aa	H0973	בָּחֵל	root	[בָּחֵל] vb. only Pu. Pt. an inheritance gotten by greed Pr 20:21 Kt
b.bf.aa	H0974	בָּחַן	root	[בָּחַן] vb. examine, try Qal examine, scrutinize, try prove, test, try Niph. to be tried, proved Pu. the trial has been made
b.bf.ab	H0976	בֹּ֫חַן		בֹּ֫חַן n.[m.] testing
b.bf.ac	H0975	בַּ֫חַן		בַּ֫חַן n.[m.] watch-tower, Is 32:14.
b.bf.ad	H0971	בחון		[בחון] Is 23:13 their siege-towers
b.bf.ae	H0969	בָּחוֹן		בָּחוֹן n.[m.] assayer, one who tries metals Je 6:27
b.bf.af		בחיחיו		בחיחיו v. בחון
b.bg.aa	H0977	בָּחַר	root	בָּחַר vb. choose Qal with בְּ, divine choice man’s choice with אֲשֶׁר: divine choice man’s choice with acc. & לְ, choose some one or something for with acc. and מִן, choose, select from acc. divine choice man’s choice with עַל, for this hast thou chosen rather than affliction with לְ of acc. chosen test, try Niph. to be chosen Pu. chosen, selected
b.bg.ab	H0970	בָּחוּר		בָּחוּר n.m. young man Is 62:5 7 t.
b.bg.ac	H0979	בְּחוּרִים		[בְּחוּרִים] n.f.abstr.pl. youth
b.bg.ad	H0972	בָּחִיר		[בָּחִיר] n.m. chosen
b.bg.ae	H0980	בַּחֻרִים		בַּחֻרִים n.pr.loc. (young men’s village) of a small town of Benjamin beyond the Mt. of Olives on the way to Jericho
b.bg.af	H2984	יִבְחָר		יִבְחָר n.pr.m. (He (Ēl or י׳) chooses) son of David
b.bg.ag	H4005	מִבְחָר		[מִבְחָר] n.[m.] choicest, best
b.bg.ah	H4004	מִבְחוֹר		מִבְחוֹר n.[m.] choice
b.bg.ai	H4006	מִבְחָר		מִבְחָר n.pr.m. (choice) one of David’s warriors 1 Ch 11:38.
b.bg.aj	H0978	בַּחֲרוּמִי		בַּחֲרוּמִי adj.gent. Baharumite
b.bh.aa	H0981	בָּטָה	root	[בָּטָה, בָּטָא] vb. speak rashly, thoughtlessly Qal one that babbleth Pi. speak rashly, unadvisedly
b.bh.ab	H4008	מִבְטָא		מִבְטָא n.[m.] rash utterance
b.bi.aa	H0982	בָּטַח	root	בָּטַח vb. trust Qal trust be confident Hiph. cause to trust, make secure
b.bi.ab	H0983	בֶּ֫טַח		בֶּ֫טַח n.[m.] security
b.bi.ac	H0985	בִּטְחָה		בִּטְחָה n.f. trusting Is 30:15
b.bi.ad	H0986	בִּטָּחוֹן		בִּטָּחוֹן n.m. trust; hope
b.bi.ae	H0987	בַּטֻּחוֹת		בַּטֻּחוֹת n.f.pl. security, safety Jb 12:6.
b.bi.af	H4009	מִבְטָח		מִבְטָח n.[m.] confidence the act of confiding the object of confidence the state of confidence, security.
b.bi.ag	H0984	בֶּ֫טַח		בֶּ֫טַח n.pr.loc. city of Hadadezer king of Zobah 2 S 8:8
b.bj.aa		בטח	root	בטח (√ assumed for following).
b.bj.ab	H0020	אֲבַטִּחִים		אֲבַטִּחִים n.[m.]pl. water-melons—Egyptian fruit, Nu 11:5
b.bk.aa	H0988	בָּטַל	root	[בָּטַל] vb. cease
b.bl.aa		בטן	root	בטן (meaning dub.; √ of following).
b.bl.ab	H0990	בֶּ֫טֶן		בֶּ֫טֶן n.f. belly, body, womb
b.bl.ac	H0991	בֶּ֫טֶן		בֶּ֫טֶן n.pr.loc. city in Asher Jos 19:25
b.bm.aa		בטן	root	בטן (assumed as √ of following; mng. unknown).
b.bm.ab	H0992	בָּטְנִים		בָּטְנִים n.[m.]pl. pistachio, an oval nut
b.bm.ac	H0993	בְּטֹנִים		בְּטֹנִים n.pr.loc. city of Gad, E. of Jordan Jos 13:26
b.bn.aa	H0015	בָּיַי	root	[בָּיַי, בַּי] vb. entreat
b.bn.ab	H0994	בִּי		בִּי part. of entreaty, craving permission to address a superior, I pray, excuse me
b.bo.aa	H0995	בִּין	root	בִּין vb. discern Qal perceive understand, know (with mind) observe, mark, give heed to, distinguish, consider (with attention) have discernment, insight, understanding Niph. be intelligent, discreet, discerning, distinguish, have understanding Po. he attentively considereth him Hiph. understand give heed to, attend to, observe, discern give understanding, make understand, teach Hithp. shew oneself attentive, consider diligently get understanding, understand shew oneself to have understanding
b.bo.ab	H0946	בּוּנָה		בּוּנָה n.pr.m. (intelligence) a man of Judah 1 Ch 2:25.
b.bo.ac	H0996	בַּ֫יִן		בַּ֫יִן subst. prop. interval, space between always (exc. dual) as prep. in the interval of, between Dual בֵּנַ֫יִם space between two armies
b.bo.ad	H1004	בֵּית		בֵּית fem. of בַּיִן, בֵּין prep. between
b.bo.ae	H0998	בִּינָה		בִּינָה n.f. understanding the act the faculty the object of knowledge personified
b.bo.af	H2985	יָבִין		יָבִין n.pr.m. (one who is intelligent, discerning) two Canaanite kings of Hazor
b.bo.ag		מבונים		מבונים v. בין
b.bo.ah	H8394	תְּבוּנָה		תְּבוּנָה n.f. understanding the act the faculty the object of knowledge personified as teacher.
b.bo.ai		תְּבוּנָם		תְּבוּנָם תובנתו v. תְּבוּנָה
b.bo.aj		בֵּיצָה		בֵּיצָה v. בוץ
b.bo.ak		בַּיִר		בַּיִר v. באר
b.bo.al	H1002	בִּירָה		בִּירָה n.f. castle, palace of temple at Jerusalem in these passages appar. means a fortress in the city bearing the same name
b.bo.am	H1003	בִּירָנִית		[בִּירָנִית] n.f. fortress, fortified place (late)
b.bp.aa	H1004	בַּ֫יִת	root	בַּ֫יִת 2034 n.m. house house place receptacle of house as containing a family household, family (592 t.) house, including household affairs lit. housewards, hence metaph. inwards מִבַּיִת adv. on the inside prep. within
b.bp.ab	H1006	בַ֫יִת		בַ֫יִת c. art. Is 15:2 n.pr.loc. but abbrev.
b.bp.ac	H1007	בֵּית אָ֫וֶן		בֵּית אָ֫וֶן n.pr.loc. (house of iniquity or idolatry ? hardly likely unless as alteration of orig. בֵּית אוֹן, house of wealth or strength) eastward from Bethel
b.bp.ad	H1008	בֵּֽיתְאֵל		בֵּֽיתְאֵל 71 n.pr.loc. Bethel ancient place and seat of worship in Ephraim on border of Benjamin, identif. with Luz (former name) place in south country of Judah, not far from Beersheba & Ziklag
b.bp.ae	H1017	בֵּית הָאֱלִי		בֵּית הָאֱלִי adj.gent. c. art. the Bethelite 1 K 16:34.
b.bp.af		בֵּית הָאֵ֫צֶל		בֵּית הָאֵ֫צֶל v. אֵ֫צֶל
b.bp.ag	H1009	בֵּית אַֽרְבֵֿאל		בֵּית אַֽרְבֵֿאל n.pr.loc. Ho 10:14, perh. Arbel near Pella (E. of Jordan)
b.bp.ah	H1010	בֵּית בַּ֫עַל מְעוֹן		בֵּית בַּ֫עַל מְעוֹן n.pr.loc. = בְּעֹן Nu 32:3; city assigned to Reuben; possessed by Moab
b.bp.ai		בֵּית בִּרְאִי		בֵּית בִּרְאִי v. בית לבאות
b.bp.aj	H1012	בֵּית בָּרָה		בֵּית בָּרָה n.pr.loc. in combin. (place of ford).
b.bp.ak	H1013	בֵּית גָּדֵר		בֵּית גָּדֵר n.pr.loc. in Judah (place of a wall) 1 Ch 2:51
b.bp.al		בֵּית הַגִּלְגָּל		בֵּית הַגִּלְגָּל v. גִּלְגָּל
b.bp.am	H1014	בֵּית גָּמוּל		בֵּית גָּמוּל n.pr.loc. in Moab Je 48:23 (place of recompense)
b.bp.an		בֵּית הַגָּן		בֵּית הַגָּן בַּיִת גַּן v. גַּן sub. גנן
b.bp.ao	H1015	בֵּית דִּבְלָתָ֑יִם		בֵּית דִּבְלָתָ֑יִם n.pr.loc. in Moab Je 48:22
b.bp.ap	H1016	בֵּית־דָּגוֹן		בֵּית־דָּגוֹן, בֵּית דָּגֹן n.pr.loc. in Judah (house, i.e. temple of Dagon) in Asher
b.bp.aq	H1027	בֵּית הָרָם		בֵּית הָרָם n.pr.loc. in Gad Jos 13:27 = בֵּית הָרָן Nu 32:36
b.bp.ar		בֵּית הָרָן		בֵּית הָרָן v. בֵּית הָרָם
b.bp.as	H1031	בֵּית חָגְלָה		בֵּית חָגְלָה n.pr.loc. (place of partridge) in Benjamin, on border of Judah
b.bp.at	H1032	בֵּית חוֹרֹן		בֵּית חוֹרֹן n.pr.loc. two cities in Ephraim, lower & upper B.H. (place of a hole or hollow (?), perh. fr. a wady betw. the two, or near by);—cf. הַחֹרֹנִי adj.gent. only of Sanballat
b.bp.au	H0358	בֵּית חָנָן		בֵּית חָנָן n.pr.loc. in Dan (Judah? Philistine territory) 1 K 4:9
b.bp.av	H1020	בֵּית הַיְשִׁימוֹת		בֵּית הַיְשִׁימוֹת n.pr.loc. E. of Jordan (place of the desert) in Moab; given to Reuben
b.bp.aw	H1033	בֵּית כָּ֑ר		בֵּית כָּ֑ר n.pr.loc. (place of lamb) appar. belonging to Philistines 1 S 7:11.
b.bp.ax	H1021	בֵּית הַכֶּ֫רֶם		בֵּית הַכֶּ֫רֶם n.pr.loc. in Judah (vineyard place)
b.bp.ay	H1011	בֵּית לְבָאוֹת		בֵּית לְבָאוֹת n.pr.loc. in Simeon (place of lioness ?) Jos 19:6 = ב׳ בִּרְאִי (perh. text. err.) 1 Ch 4:31; = לְבָאוֹת (in Judah) Jos 15:32.
b.bp.az	H1035	בֵּית לֶ֫חֶם		בֵּית לֶ֫חֶם 41 n.pr.loc. in Judah, 2 hours south of Jerusalem; birth-place of David in Zeb., 7 m. NW. of Nazareth
b.bp.ba	H1022	בֵּית הַלַּחְמִי		בֵּית הַלַּחְמִי adj.gent. the Bethlehemite
b.bp.bb	H1036	בֵּית לְעַפְרָה		בֵּית לְעַפְרָה n.pr.loc. appar. in Philistine territory Mi 1:10; site unknown, & txt. dub.
b.bp.bc		בֵּית מִלּוֹא		בֵּית מִלּוֹא v. מִלּוֹא sub. מלא
b.bp.bd		בֵּית מְעוֹן		בֵּית מְעוֹן v. בֵּית בַּעַל מְעוֹן
b.bp.be	H1038	בֵּית מַעֲכָה		בֵּית מַעֲכָה n.pr.loc. Abel of Beth Maacah
b.bp.bf	H1023	בֵּית הַמֶּרְחָק		בֵּית הַמֶּרְחָק possibly n.pr.loc. house or settlement on bank of Kidron 2 S 15:17
b.bp.bg	H1024	בֵּית מַרְכָּבוֹת		בֵּית מַרְכָּבוֹת n.pr.loc. in Simeon (place of chariots)
b.bp.bh	H1039	בֵּית נִמְרָה		בֵּית נִמְרָה n.pr.loc. E. of Jordan, in Gad (place of leopard)
b.bp.bi	H1040	בֵּית עֶ֑דֶן		בֵּית עֶ֑דֶן n.pr.loc. Am 1:5 Aramaean city, or land
b.bp.bj	H1041	בֵּית־עַזְמָ֫וֶת		בֵּית־עַזְמָ֫וֶת n.pr.loc. near Jerusalem
b.bp.bk	H1025	בֵּית הָעֵ֫מֶק		בֵּית הָעֵ֫מֶק n.pr.loc. on border of Asher (valley-house) Jos 19:27
b.bp.bl	H1042	בֵּית־עֲנוֹת		בֵּית־עֲנוֹת n.pr.loc. in Judah Jos 15:59
b.bp.bm	H1043	בֵּית־עֲנָת		בֵּית־עֲנָת n.pr.loc. in Naphtali
b.bp.bn	H1044	בֵּית־עֵ֫קֶד הָרֹעִים		בֵּית־עֵ֫קֶד הָרֹעִים perh. n.pr.loc. (binding-house of the shepherds) 2 K 10:12
b.bp.bo	H1026	בֵּית הָֽעֲרָבָה		בֵּית הָֽעֲרָבָה n.pr.loc. (place of the depression) reckoned to Judah, to Benjamin
b.bp.bp	H1046	בֵּית פָּ֑לֶט		בֵּית פָּ֑לֶט n.pr.loc. (place of escape) in south of Judah; cf. adj.gent. הַפַּלְטִי
b.bp.bq	H1047	בֵּית פְּעוֹר		בֵּית פְּעוֹר n.pr.loc. E. of Jordan, in land of Amorites (where assigned to Reuben); in land of Moab
b.bp.br	H1048	בֵּית פַּצֵּץ		בֵּית פַּצֵּץ n.pr.loc. in Issachar (place of dispersion) Jos 19:21; site unknown.
b.bp.bs	H1049	בֵּית־צוּר		בֵּית־צוּר n.pr.loc. in Judah (house of rock)
b.bp.bt	H1050	בֵּית־רְחוֹב		בֵּית־רְחוֹב n.pr.loc. (place of street, or market?) near Dan on road to Hamath
b.bp.bu	H1051	בֵּית רָפָא		בֵּית רָפָא n.pr.loc.? in Judah; as n.pr.m. 1 Ch 4:12.
b.bp.bv	H1052	בֵּית שְׁאָן		בֵּית שְׁאָן n.pr.loc. in Manasseh, W. of Jordan (place of quiet)
b.bp.bw	H1029	בֵּית הַשִּׁטָּה		בֵּית הַשִּׁטָּה n.pr.loc. (place of the acacia) Ju 7:22
b.bp.bx	H1053	בֵּית שֶׁ֫מֶשׁ		בֵּית שֶׁ֫מֶשׁ n.pr.loc. (sun-temple) city in SW. Judah city in Naphtali city in Issachar = On-Heliopolis, in Egypt
b.bp.by	H1030	בֵּית־הַשִּׁמְשִׁי		בֵּית־הַשִּׁמְשִׁי adj.gent. of foregoing [b.bp.bx] 1. c. art.
b.bp.bz	H1054	בֵּית־תַּפּוּחַ		בֵּית־תַּפּוּחַ n.pr.loc. in Judah (place of apples) Jos 15:53
b.bp.ca	H1055	בִּיתָן		בִּיתָן n.[m.] house, palace
b.bp.cb		בֵּית		בֵּית v. בַּיִן sub. בין
b.bp.cc	H1057	בָּכָא		בָּכָא n.[m.] balsam-tree
b.bq.aa	H1058	בָּכָה	root	בָּכָה 114 vb. weep, bewail Qal weep weep bitterly weep upon bewail in sense of burden, annoy with weeping of penitent weeping Pi. lament; bewail
b.bq.ab	H1059	בֶּ֫כֶה		בֶּ֫כֶה n.[m.] a weeping, only Ezr 10:1
b.bq.ac	H1065	בְּכִי		בְּכִי n.m. weeping
b.bq.ad	H0439	בָּכוּת		בָּכוּת n.f. weeping. Only in Gn 35:8 i.e. mourning oak
b.bq.ae	H1068	בְּכִית		[בְּכִית] n.f. weeping Gn 50:4, i.e. the appointed time of mourning for him.
b.bq.af	H1066	בֹּכִים		בֹּכִים n.pr.loc. near Bethel
b.br.aa	H1069	בָּכַר	root	[בָּכַר] vb.Pi. bear early, new fruit make or constitute as first-born Pu. born or made a firstling. Hiph. one bearing her first child
b.br.ab	H1060	בְּכוֹר		בְּכוֹר 122 n.m. first-born men and women animals figurative
b.br.ac	H1071	בֶּ֫כֶר		בֶּ֫כֶר n.pr.m. (young camel) son of Ephraim son of Benjamin
b.br.ad	H1076	בַּכְרִי		בַּכְרִי adj.gent. c. art. as n.coll. Nu 26:35.
b.br.ae	H1074	בֹּֽכְרוּ		בֹּֽכְרוּ n.pr.m. a Benjamite 1 Ch 8:38 = 9:44.
b.br.af	H1075	בִּכְרִי		בִּכְרִי n.pr.m. (youthful) a Benjamite perh. adj.gent. the Bichrites
b.br.ag	H1070	בִּכְרָה		בִּכְרָה n.f. young camel, dromedary
b.br.ah	H1062	בְּכֹרָה		בְּכֹרָה n.f. right of first-born
b.br.ai	H1064	בְּכוֹרַת		בְּכוֹרַת n.pr.m. (first-born) Benjamite 1 S 9:1.
b.br.aj	H1067	בְּכִירָה		בְּכִירָה n.f. first-born, always of women
b.br.ak	H1063	בִּכּוּרָה		בִּכּוּרָה n.f. first ripe fig, early fig (regarded as delicacy); pl. בַּכֻּרוֹת Je 24:2.
b.br.al	H1061	בִּכּוּרִים		בִּכּוּרִים n.m. first-fruits
b.br.am		בַּל		בַּל v. בלה
b.br.an		בֵּל		בֵּל בֵּלְאשַׁצַּר v. בעל
b.br.ao	H1081	בַּלְאֲדָן		בַּלְאֲדָן n.pr.m. (= Bab. abal-idinna, he has given a son)
b.bs.aa	H1082	בָּלַג	root	[בָּלַג] vb. gleam, smile—only Hiph. shew a smile, look cheerful cause to burst or flash
b.bs.ab	H1083	בִּלְגָּה		בִּלְגָּה n.pr.m. (cheerfulness)— priest of 15th course (David’s time) priest that went up with Zerubbabel
b.bs.ac	H1084	בִּלְגַּי		בִּלְגַּי n.pr.m. (id. [b.bs.ab]) priest with Neh. Ne 10:9.
b.bs.ad	H4010	מַבְלִיגִית		[מַבְלִיגִית] n.f. smiling, cheerfulness, source of brightening—Je 8:18
b.bs.ae	H1085	בִּלְדַּד		בִּלְדַּד n.pr.m. 2nd friend of Job
b.bs.af	H1088	בָּלָה		בָּלָה n.pr.loc. in Simeon Jos 19:3.
b.bt.aa	H1086	בָּלָה	root	[בָּלָה] vb. become old and worn out Qal wear out Pi. caus. of Qal. wear out (trans.) wear out by use, use to the full, enjoy
b.bt.ab	H1087	בָּלֶה		[בָּלֶה] adj. worn out
b.bt.ac	H1094	בְּלוֹא		[בְּלוֹא] n.[m.] worn out things, rags
b.bt.ad	H8399	תַּבְלִית		[תַּבְלִית] n.f. destruction: c. sf. Is 10:25
b.bt.ae	H1077	בַּל		בַּל 69 adv. not
b.bt.af	H1097	בְּלִי		בְּלִי subst. wearing out, hence fig. destruction defect, failure, hence adv. of negation
b.bt.ag	H1099	בְלִימָה		בְלִימָה n.[m.] nothingness Jb 26:7 who hangeth the earth on בְּ׳.
b.bt.ah	H1100	בְּלִיַּ֫עַל		בְּלִיַּ֫עַל 27 n.[m.] worthlessness abstr. concr. elliptical ruin, destruction
b.bt.ai	H1107	בִּלְעֲדֵי		בִּלְעֲדֵי prop. not unto, hence apart from, except, without
b.bt.aj	H1115	בֵ֫לֶת		בֵ֫לֶת subst. prop. failure, hence used as particle of negation, not, except adv. not after a preceding negation, not = except conj. (likewise after a neg., expressed or implied) With preps.
b.bu.aa	H1089	בָּלַהּ	root	[בָּלַהּ] vb. trouble—only Pi. Kt Ezr 4:4 troubled them in building.
b.bu.ab	H1091	בַּלָּהָה		בַּלָּהָה n.f. terror, dreadful event, calamity, destruction only pl. terrors calamity
b.bu.ac	H1090	בִּלְהָה		בִּלְהָה n.pr.f. (etym. dub.) handmaid of Rachel, concubine of Jacob
b.bu.ad	H1090	בִּלְהָה		בִּלְהָה n.pr.loc. a city of Simeon 1 Ch 4:29
b.bu.ae	H1092	בִּלְהָן		בִּלְהָן n.pr.m. descendant of Esau a Benjamite
b.bu.af		בְּלוֹא		בְּלוֹא v. בלה
b.bu.ag	H1095	בֵּלְטְשַׁאצַּר		בֵּלְטְשַׁאצַּר n.pr.m. name given to Daniel by Neb.
b.bu.ah		בְּלִי		בְּלִי בְּלִימָה בְּלִיַּעַל v. בלה
b.bv.aa	H1101	בָּלַל	root	בָּלַל vb. mingle, mix, confuse, confound Qal mingle, confuse mix Hithpo. Ephraim, among the peoples doth he mix himself Hiph. and we faded away
b.bv.ab	H1098	בְּלִיל		בְּלִיל n.m. fodder
b.bv.ac	H1101	בָּלַל		בָּלַל vb. denom. to give provender Ju 19:21
b.bv.ad	H7642	שַׁבְּלוּל		שַׁבְּלוּל n.m. snail; name due to slimy trail ψ 58:9
b.bv.ae	H8397	תֶּ֫בֶל		תֶּ֫בֶל n.[m.] confusion, violation of nature, or the divine order
b.bv.af	H8400	תְּבַלֻּל		תְּבַלֻּל n.[m.] confusion, obscurity Lv 21:20
b.bw.aa	H1102	בָּלַם	root	[בָּלַם] vb. curb, hold in—Qal ψ 32:9
b.bx.aa		בלס	root	בלס (cf. Eth. Ethiopic, Ar. Arabic a kind of fig), cf. Lag M. i. 59f. 68f. ; hence following).
b.bx.ab	H1103	בָּלַס		[בָּלַס] vb. denom. gather figs, tend fig-trees, sycamores—Am 7:14
b.by.aa	H1104	בָּלַע	root	בָּלַע vb. swallow down, swallow up, engulf Qal swallow down swallow up, engulf Niph. swallowed up, i.e. devastated Pi. swallow swallow up, engulf Pu. be swallowed up Hithp. their wisdom is all gone, ‘they are at their wit’s end’
b.by.ab	H1105	בֶ֫לַע		בֶ֫לַע n.[m.] swallowing, devouring, thing swallowed. swallowing = destruction thing swallowed
b.by.ac	H1106	בֶ֫לַע		בֶ֫לַע n.pr.m. a king of Edom 1st son of Benjamin a Reubenite
b.by.ad	H1108	בַּלְעִי		בַּלְעִי adj.gent. of 2, הַבּ׳ n.coll. Nu 26:38.
b.by.ae	H1106	בֶּ֫לַע		בֶּ֫לַע n.pr.loc. city = צֹעַר q.v. Gn 14:2, 6.
b.by.af		בִּלְעֲדֵי		בִּלְעֲדֵי v. בלה
b.by.ag	H1109	בִּלְעָם		בִּלְעָם n.pr.m. Balaam
b.by.ah	H1109	בִּלְעָם		בִּלְעָם n.pr.loc. town in Manasseh 1 Ch 6:55
b.bz.aa	H1110	בָּלַק	root	[בָּלַק] vb. waste, lay waste
b.bz.ab	H1111	בָּלָק		בָּלָק n.pr.m. (devastator) king of Moab
b.bz.ac		בֵּלְשַׁאצַּר		בֵּלְשַׁאצַּר בֵּלְאשַׁצַּר v. בֵּל sub. בעל
b.bz.ad	H1114	בִּלְשָׁן		בִּלְשָׁן n.pr.m. (= inquirer?) an Israelite who returned with Zerubbabel
b.bz.ae		בֵּ֫לֶת		בֵּ֫לֶת בִּלְתִּי v. בלה
b.bz.af	H1117	בָּמָה		בָּמָה 104 n.f. high place high place, mountain high places, battle-fields high places, as places of worship funereal mound (?)
b.bz.ag	H1120	בָּמוֹת		בָּמוֹת n.pr.loc. (high place or great high place) place in Moab
b.bz.ah	H1118	בִּמְהָל		בִּמְהָל n.pr.m. descendant of Asher 1 Ch 7:33.
b.bz.ai		בְּמוֹ		בְּמוֹ v. בּ
b.bz.aj		בָּמוֹת		בָּמוֹת v. במה
b.ca.aa	H1121	בֵּן	root	בֵּן 4870 n.m. son son, male child, born of a woman children (male and female) youth, young men the young of animals of plant shoots fig. of lifeless things, sparks, stars, arrows member of a guild, order or class of animals son of (the) herd ב׳ as n. relat. followed by word of quality, characteristic, etc. n. relat. of age
b.ca.ab	H1122	בֵּן		בֵּן n.pr.m. a Levite 1 Ch 15:18
b.ca.ac	H1125	בֶּן־אֲבִינָדָב		בֶּן־אֲבִינָדָב n.pr.m. (?) (son of Abinadab) an officer of Solomon 1 K 4:11
b.ca.ad	H1126	בֶּן־אוֹנִ֑י		בֶּן־אוֹנִ֑י n.pr.m. (son of my sorrow) Rachel's name for Benjamin (cf. infr.) Gn 35:18.
b.ca.ae	H1127	בֶּן־גֶּ֫בֶר		בֶּן־גֶּ֫בֶר n.pr.m. (son of a man, or of Geber) an officer of Solomon 1 K 4:13.
b.ca.af	H1128	בֶּן־דֶּ֫קֶר		בֶּן־דֶּ֫קֶר n.pr.m. (?) (son of Deker) an officer of Solomon 1 K 4:9.
b.ca.ag	H1130	בֶּן־הֲדַד		בֶּן־הֲדַד n.pr.m. (appar. son of (god) Hadad) name for king of Aram time of Asa & Baasha son of 1. son of Hazael
b.ca.ah	H1132	בֶּן־זוֹחֵת		בֶּן־זוֹחֵת n.pr.m. one of tribe of Judah, 1 Ch 4:20
b.ca.ai	H1133	בֶּן־חוּר		בֶּן־חוּר n.pr.m. (son of Chur) an officer of Solomon 1 K 4:8.
b.ca.aj	H1121	בְּנוֹ		בְּנוֹ 1 Ch 24:26, 27 as n.pr.m. in AV, RV, but render: the sons of Jaaziah his son, & the sons of Merari by Jaaziah his son, cf. VB & Be Öt.
b.ca.ak	H1134	בֶּן־חַ֫יִל		בֶּן־חַ֫יִל n.pr.m. (son (man) of might) a prince of Jehoshaphat 2 Ch 17:7.
b.ca.al	H1135	בֶּן־חָנָן		בֶּן־חָנָן n.pr.m. one of tribe of Judah 1 Ch 4:20.
b.ca.am	H1136	בֶּן־חֶ֫סֶד		בֶּן־חֶ֫סֶד n.pr.m. (son of mercy) an officer of Solomon 1 K 4:10.
b.ca.an	H1151	בֶּן־עַמִּי		בֶּן־עַמִּי n.pr.m. (son of my people) son of Lot by his younger daughter, and ancestor of the Ammonites Gn 19:38.
b.ca.ao	H1139	בְּנֵי־בְרַק		בְּנֵי־בְרַק n.pr.loc. city of Dan Jos 19:45
b.ca.ap	H1142	בְּנֵי יַעֲקָ֑ן		בְּנֵי יַעֲקָ֑ן n.pr.loc. a station of Israel in wilderness
b.ca.aq	H1144	בִּנְיָמִין		בִּנְיָמִין n.pr.m. 166 (son of (the) right hand)— youngest son of Jacob, so called by him, but Rachel, the mother, who died at Benjamin's birth, called בֶּן־אוֹנִ֑י (q.v.) son of Bilhan and great-grandson of Benjamin a Jew of Ezra's time
b.ca.ar	H1145	בֶּן־יְמִינִי		בֶּן־יְמִינִי adj.gent.
b.ca.as	H1148	בְּנִ֑ינוּ		בְּנִ֑ינוּ n.pr.m. (our son?) a Levite Ne 10:14.
b.ca.at	H1323	בַּת		בַּת 587 n.f. daughter daughter, female child young women, women with name of city, land, or people, poet. personif. of that city or inhabitants pl. = villages, after name of city in phrases denoting character, quality, etc. ostrich fig. of vine = branch as n. relat.
b.ca.au	H1337	בַּת־רַבִּים		בַּת־רַבִּים n.pr.loc. (daughter of multitudes) appellation of populous city of Heshbon, or of its gate, Ct 7:5
b.ca.av	H1339	בַּת־שֶׁ֫בַע		בַּת־שֶׁ֫בַע n.pr.f. (daughter of oath?) wife of Uriah; afterwards of David, & mother of Solomon
b.ca.aw	H1340	בַּת־שׁוּעַ		בַּת־שׁוּעַ n.pr.f. (?) (daughter of opulence?)— wife of David, mother of Solomon wife of Judah
b.ca.ax	H1332	בִּתְיָה		בִּתְיָה n.pr.f. (worshipper of Yah?) 1 Ch 4:18 wife of Mered of Judah
b.cb.aa	H1129	בָּנָה	root	בָּנָה 373 vb. build Qal build Niph. be built be rebuilt (fig.) of restored exiles, = established established, made permanent
b.cb.ab		בּוּנִּי		בּוּנִּי v. בֻּנִּי
b.cb.ac	H1131	בִּנּוּי		בִּנּוּי n.pr.m. head of family that returned with Zerubbabel a Levite of Ezra’s time Israelites of Ezra’s time
b.cb.ad	H1137	בָּנִי		בָּנִי n.pr.m. one of David’s heroes Levites a man of Judah rd. heads of families of Isr. an Israelite
b.cb.ae	H1138	בֻּנִּי		בֻּנִּי n.pr.m. Levites a chief of people
b.cb.af	H1140	בִּנְיָה		בִּנְיָה n.f. structure, building Ez 41:13
b.cb.ag	H1141	בְּנָיָ֫הוּ		בְּנָיָ֫הוּ, בְּנָיָה n.pr.m. (Yah hath built up)— one of David’s captains and heroes, son of Jehoiada one of David’s thirty a Simeonite Levites Israelites
b.cb.ah	H1146	בִּנְיָן		בִּנְיָן n.m. structure applied to enclosing wall of Ezekiel’s temple to rear-building of same appar. to whole temple
b.cb.ai	H2995	יַבְנְאֵל		יַבְנְאֵל n.pr.loc. (Ēl causeth to build)— town of Judah town in Naphtali
b.cb.aj	H2996	יַבְנֶה		יַבְנֶה n.pr.loc. (he causeth to build) a Philistine city
b.cb.ak	H2997	יִבְנְיָה		יִבְנְיָה n.pr.m. (Yah buildeth up) a Benjamite 1 Ch 9:8a
b.cb.al	H2998	יִבְנְיָה		יִבְנְיָה n.pr.m. (id. [b.cb.ak]) a Benjamite 1 Ch 9:8b
b.cb.am	H4011	מִבְנֶה		[מִבְנֶה] n.m. structure Ez 40:2 like the structure of a city.
b.cb.an	H4012	מְבֻנַּי		מְבֻנַּי n.pr.m. one of David’s heroes 2 S 23:27
b.cb.ao	H8403	תַּבְנִית		תַּבְנִית n.f. construction, pattern, figure app. originally construction, structure, yet only P & late pattern, acc. to which anything is to be constructed figure, image
b.cc.aa		בנט	root	בנט (assumed as √ of אַבְנֵט Thes Sta §257).
b.cc.ab	H0073	אַבְנֵט		אַבְנֵט n.[m.] girdle
b.cc.ac		בֵּנַ֫יִם		בֵּנַ֫יִם v. בַּיִן
b.cc.ad	H1150	בִּנְעָא		בִּנְעָא n.pr.m. a descendant of Jonathan
b.cc.ae	H1152	בְסוֹדְיָ֑ה		בְסוֹדְיָ֑ה n.pr.m. (? in the secret of Yah) Israelite in Nehemiah’s time Ne 3:6.
b.cc.af	H1153	בֵּסַי		בֵּסַי n.pr.m. head of family of Nethinim
b.cd.aa		בסר	root	בסר (be too early, Ar. Arabic, cf. Aram. בְּסִירָה half-ripe).
b.cd.ab	H1154	בֹ֫סֶר		בֹ֫סֶר n.m. unripe or sour grapes coll.
b.ce.aa		בעד	root	בעד (Ar. Arabic, Arabic be remote, distant, Qor 9:42, Arabic distant; Eth. Ethiopic to change, ψ 33 title, Ethiopic different, distinct, Ethiopic another).
b.ce.ab	H1157	בַּ֫עַד		בַּ֫עַד subst. prop. separation, with a gen., in separation from, in usage a prep. away from, behind, about, on behalf of
b.cf.aa	H1158	בָּעָה	root	[בָּעָה] vb. inquire, cause to swell or boil up Qal of rising desire, seek, inquire cause to boil up Niph. searched out; swelling, swelling out
b.cg.aa		בעז	root	בעז (quick? cf. Ar. Arabic swiftness (of horse)).
b.cg.ab	H1162	בֹּ֫עַז		בֹּ֫עַז n.pr.m. (quickness?)—kinsman of Naomi, who married Ruth name of the left hand of two pillars set up before temple
b.ch.aa	H1163	בָּעַט	root	[בָּעַט] vb. kick
b.ch.ab		בְּעִי		בְּעִי v. עִי
b.ci.aa	H1166	בָּעַל	root	בָּעַל vb. marry, rule over Qal marry rule over Niph. be married
b.ci.ab	H1168	בַּעַל		בַּעַל 166 n.m. owner, lord owner husband citizens, inhabitants rulers, lords n. of relation Esp. lord, specif. as divine name, Baal.
b.ci.ac	H1168	בַּ֫עַל		בַּ֫עַל n.pr.loc. city in tribe of Simeon n.pr.m. a Reubenite a Gibeonite
b.ci.ad	H1171	בַ֫עַל גַּד		בַ֫עַל גַּד n.pr.loc. where Baal was worshipped as Gad, god of fortune
b.ci.ae	H1174	בַ֫עַל הָמוֹן		בַ֫עַל הָמוֹן n.pr.loc. (possessor of abundance) Ct 8:11.
b.ci.af	H1177	בַ֫עַל חָנָן		בַ֫עַל חָנָן n.pr.m. (Baal is gracious) king of Edom a Gederite
b.ci.ag	H1178	בַּ֫עַל חָצוֹר		בַּ֫עַל חָצוֹר n.pr.loc. (possessor of a court) city on the border of Ephraim and Benjamin
b.ci.ah	H1179	בַ֫עַל חֶרְמוֹן		בַ֫עַל חֶרְמוֹן n.pr.loc. a city so named as seat of the worship of Baal.
b.ci.ai	H1186	בַּ֫עַל מְעוֹן		בַּ֫עַל מְעוֹן n.pr.loc.
b.ci.aj	H1187	בַּ֫עַל פְּעוֹר		בַּ֫עַל פְּעוֹר n.pr.m. Baal of Peor; or Baal-P.
b.ci.ak	H1188	בַּ֫עַל פְּרָצִים		בַּ֫עַל פְּרָצִים n.pr.loc. (possessor of breaches) where David defeated Philist.
b.ci.al	H1189	בַ֫עַל צְפוֹן		בַ֫עַל צְפוֹן n.pr.loc. near Red Sea in Egypt
b.ci.am	H1190	בַ֫עַל שָׁלִשָׁה		בַ֫עַל שָׁלִשָׁה n.pr.loc. 2 K 4:42, place in Ephraim near Gilgal
b.ci.an	H1193	בַ֫עַל תָּמָר		בַ֫עַל תָּמָר n.pr.loc. (possessor of palms; of Baal of Tamar?) Ju 20:33, near Gibeah.
b.ci.ao	H1172	בַּעֲלָה		[בַּעֲלָה] n.f. mistress necromancer; sorceress
b.ci.ap	H1173	בַּעֲלָה		בַּעֲלָה n.pr.loc. (city of Baal, from a high place of Baal there) = בַּעֲלֵי יְהוּדָה
b.ci.aq	H1191	בַּעֲלָת		בַּעֲלָת n.pr.loc. a city of Dan
b.ci.ar	H1175	בְּעָלוֹת		בְּעָלוֹת n.pr.loc. a city in the south of Judah
b.ci.as	H1192	בַּעֲלַת בְּאֵר		בַּעֲלַת בְּאֵר n.pr.loc. (mistress of a well) = Ramath Negeb Jos 19:8, a city of Simeon
b.ci.at	H1182	בְּעֶלְיָדָע		בְּעֶלְיָדָע n.pr.m. (Baal knows) son of David
b.ci.au	H1183	בַּעַלְיָה		בַּעַלְיָה n.pr.m. (Yah is lord) one of David’s heroes 1 Ch 12:6.
b.ci.av	H1078	בֵּל		בֵּל n.pr.m. a chief Babylonian diety = Merodach, tutelary god of Babylon
b.ci.aw	H1112	בֵּֽלְאשַׁצַּר		בֵּֽלְאשַׁצַּר n.pr.m. (Bel, protect the king) represented as king of Babylon, successor, and appar. son of Nebuchadrezzar; in cuneif. inscr. known only as prince, son of Nabonidus (last Shemitic king of Babylon)
b.ci.ax	H1185	בַּעֲלִיס		בַּעֲלִיס n.pr.m. king of Ammonites Je 40:14
b.ci.ay		בְּעֹן		בְּעֹן v. בית בעל מען sub. בית
b.ci.az	H1195	בַּעֲנָא		בַּעֲנָא n.pr.m. (son of distress) name of two officers of Solomon father (ancestor) of an Israelite of Nehemiah’s time
b.ci.ba	H1196	בַּעֲנָה		בַּעֲנָה n.pr.m. (?id. [b.ci.az]) a Benjamite, one of the murderers of Ishbosheth father of one of David’s heroes head of family of returning exiles a chief of the people
b.cj.aa	H1197	בָּעַר	root	[בָּעַר] vb. burn, consume Qal burn Pi. kindle burn fig. consume, utterly remove Pu. burn (i.e. be supplied with fire), of fire-jar Hiph. kindle burn up
b.cj.ab	H1200	בְּעֵרָה		בְּעֵרָה n.f. burning, Ex 22:5.
b.cj.ac	H8404	תַּבְעֵרָה		תַּבְעֵרָה n.pr.loc. in the wilderness (burning)
b.cj.ad	H1165	בְּעִיר		[בְּעִיר] n.m. beasts, cattle coll.
b.cj.ae	H1197	בָּעַר		[בָּעַר] vb. denom. be brutish Qal be stupid, dull-hearted, unreceptive Niph. brutish, stupid Pi. feed, graze Hiph. cause to be grazed over
b.cj.af	H1198	בַּ֫עַר		בַּ֫עַר n.m. brutishness (only poet.)
b.cj.ag	H1199	בַּעֲרָא		בַּעֲרָא n.pr.f. wife of a Benjamite 1 Ch 8:8.
b.cj.ah	H1160	בְּעוֹר		בְּעוֹר n.pr.m. (a burning; 𝔗 torch) father of Balaam father of a king of Edom
b.cj.ai	H1202	בַּעֲשֵׂיָה		בַּעֲשֵׂיָה n.pr.m. a Levite 1 Ch 6:25
b.cj.aj	H1201	בַּעְשָׁא		בַּעְשָׁא n.pr.m. a king of Israel
b.cj.ak	H1203	בְּעֶשְׁתְּרָה		בְּעֶשְׁתְּרָה n.pr.loc. (house of Ashtoreth) a Levitical city in Manasseh
b.ck.aa	H1204	בָּעַת	root	[בָּעַת] vb. fall upon, startle, terrify Niph. be terrified Pi. (mostly poet.) fall upon; overwhelm; assail terrify
b.ck.ab	H1205	בְּעָתָה		בְּעָתָה n.f. terror, dismay Je 8:15 = 14:19.
b.ck.ac	H1161	בִּעוּתִים		[בִּעוּתִים] n.m.pl. terrors, alarms, occasioned by God
b.ck.ad		בֹּץ		בֹּץ v. בצץ
b.ck.ae	H1209	בֵּצָ֑י		בֵּצָ֑י n.pr.m. one of the chiefs of the people; i.e. a family
b.cl.aa		בצל	root	בצל (strip. strip off, Eth. Ethiopic 1. 2; Ar. Arabic, appar. denom.)
b.cl.ab	H1211	בָּצָל		[בָּצָל] n.m. onion
b.cl.ac	H1212	בְּצַלְאֵל		בְּצַלְאֵל n.pr.m. (in the shadow (protection) of Ēl; cf. cuneif. Ṣil-Bêl, a king of Gaza, COT Jos 11:22)— a skilled artisan of tribe of Judah Ex 31:2 35:30 36:1, 2 37:1 38:22 (all P) 1 Ch 2:20 2 Ch 1:5. an Israelite Ezr 10:30.
b.cl.ad	H1213	בַּצְלוּת		בַּצְלוּת n.pr.m. (stripping)—head of Isr. fam. at return from exile
b.cm.aa	H1214	בָּצַע	root	[בָּצַע] vb. cut off, break off, gain by violence Qal cut off, break off Pi. cut off, (dis)sever; = finish, complete; accomplish (= carry out, fulfil); violently make gain of
b.cm.ab	H1215	בֶ֫צַע		בֶ֫צַע n.m. gain made by violence, unjust gain, profit
b.cm.ac		בְּצַעֲנַנִּים		בְּצַעֲנַנִּים בצענים v. צענים
b.cn.aa		בצץ	root	בצץ (? cf. Ar. Arabic be Arabic, i.e. one soft, tender, impressible in body, etc.)
b.cn.ab	H1206	בֹּץ		בֹּץ n.[m.] mire Je 38:22.
b.cn.ac	H1207	בִּצָּה		בִּצָּה n.f. swamp
b.cn.ad	H0949	בּוֹצֵץ		בּוֹצֵץ n.pr.loc. a rock by Michmash 1 S 14:4
b.co.aa	H1216	בָּצֵק	root	בָּצֵק vb. swell
b.co.ab	H1217	בָּצֵק		בָּצֵק n.[m.] dough;—dough, not fermented; no restriction
b.co.ac	H1218	בָּצְקַת		בָּצְקַת n.pr.loc. city of Judah toward Philistines
b.cp.aa	H1219	בָּצַר	root	[בָּצַר] vb. cut off, make inaccessible (esp. by fortifying), enclose Qal cut off, grape-clusters; hence grape-gathering, -gatherer; fig. cut off (= take away) Niph. be withheld Pi. fortify
b.cp.ab	H1220	בֶ֫צֶר		[בֶ֫צֶר] n.[m.] precious ore
b.cp.ac	H1221	בֶּ֫צֶר		בֶּ֫צֶר (fortress) n. pr. loc. city in Reuben n. pr. m. a descendant of Asher
b.cp.ad	H1223	בָּצְרָה		בָּצְרָה n.f. enclosure, i.e. (sheep-)fold, Mi 2:12.
b.cp.ae	H1224	בָּצְרָה		בָּצְרָה n.pr.loc. city of Edom of Moab
b.cp.af	H1225	בִּצָּרוֹן		בִּצָּרוֹן n.[m.] stronghold, לְב׳ Zc 9:12.
b.cp.ag	H1226	בַּצֹּרֶת		בַּצֹּרֶת n.f. dearth Je 17:8.
b.cp.ah	H6869	בַּצָּרָה		בַּצָּרָה n.f. dearth, destitution
b.cp.ai	H1208	בָּצִיר		בָּצִיר n.m. vintage
b.cp.aj	H4013	מִבְצָר		מִבְצָר n.m. fortification
b.cp.ak		בַּקְבּוּק		בַּקְבּוּק בַּקְבֻּק v. בקק
b.cp.al	H1230	בַּקְבַּקַּר		בַּקְבַּקַּר n.pr.m. (form strange, mng. dub.) a Levite 1 Ch 9:15.
b.cp.am		בַּקְבֻּקְיָה		בַּקְבֻּקְיָה v. בקק
b.cq.aa		בקה	root	בקה (test, prove, cf. Aram. בְּקָא).
b.cq.ab	H1232	בֻּקִּיָּ֫הוּ		בֻּקִּיָּ֫הוּ n.pr.m. (proved of י׳) Levite, son of Heman 1 Ch 25:4; son of Asaph (?) v 13.
b.cq.ac	H1231	בֻּקִּי		בֻּקִּי n.pr.m. (id. [b.cq.ab]) a Danite chief Nu 34:22. a descendant of Aaron
b.cr.aa	H1234	בָּקַע	root	בָּקַע vb. cleave, break open or through Qal cleave, cleave open break through or into Niph. be cleft, rent open be broken into Pi. cleave, cut to pieces, or rend open Pu. be ripped open Hiph. break into Hoph. the city was broken into Hithp. burst (themselves) open, of wine-skins; cleave asunder, of valleys
b.cr.ab	H1235	בֶּ֫קַע		בֶּ֫קַע n.[m.] fraction, half, i.e. half-shekel, a weight
b.cr.ac	H1237	בִּקְעָה		בִּקְעָה n.f. valley (cleft), plain valley plain
b.cr.ad	H1233	בְּקִיעַ		[בְּקִיעַ, בָּקִיעַ] n.[m.] fissure, breach
b.cs.aa	H1238	בָּקַק	root	[בָּקַק] vb. be luxuriant Ho 10:1
b.ct.aa	H1238	בָּקַק	root	[בָּקַק] vb. empty Qal empty, lay waste Niph. be emptied (laid waste) Po. empty out (devastate) land.
b.ct.ab	H1228	בַּקְבֻּק		בַּקְבֻּק n.[m.] flask (from gurgling sound of emptying)
b.ct.ac	H1227	בַּקְבּוּק		בַּקְבּוּק n.pr.m. head of family of Nethinim
b.ct.ad	H1229	בַּקְבֻּקְיָה		בַּקְבֻּקְיָה n.pr.m. a Levite
b.ct.ae	H2999	יַבֹּק		יַבֹּק n.pr.fl. it empties into Jordan from East, in latitude of Shechem, called (southern) boundary of Ammon, and (northern) of Amorites; but some confusion
b.cu.aa	H1239	בָּקַר	root	[בָּקַר] vb. inquire, seek—only Pi.
b.cu.ab	H1241	בָּקַר		בָּקַר 182 n.m. cattle, herd, ox
b.cu.ac	H0951	בּוֹקֵר		בּוֹקֵר n.m.denom. herdsman
b.cu.ad	H1242	בֹּ֫קֶר		בֹּ֫קֶר 214 n.m. morning morning (of point of time, time at which, never during which, Eng. morning = forenoon morrow, next day
b.cu.ae	H1243	בַּקָּרָה		[בַּקָּרָה] n.f.verbal. a seeking Ez 34:12
b.cu.af	H1244	בִּקֹּ֫רֶת		בִּקֹּ֫רֶת n.f. punishment after examination (inquisition) Lv 19:20
b.cv.aa	H1245	בָּקַשׁ	root	[בָּקַשׁ] 224 vb. seek Pi. seek to find seek to secure seek the face desire, demand require, exact exact equivalent or penalty for (late) ask, request Pu. be sought
b.cv.ab	H1246	בַּקָּשָׁה		[בַּקָּשָׁה] n.m. request, entreaty
b.cv.ac	H1248	בַּר		בַּר n.m. son
b.cv.ad		בַּר		בַּר בַּר בָּר בֹּר v. ברר
b.cw.aa	H1254	בָּרָא	root	בָּרָא 53 vb. shape, create Qal Pf.—shape, fashion, create Niph.—Pass. be created with reference to birth of something new, astonishing Pi. cut down cut out
b.cw.ab	H1278	בְּרִיאָה		בְּרִיאָה n.f. a creation, thing created, as preternatural, unparalleled; Nu 16:30
b.cw.ac	H1256	בְּרָאיָה		בְּרָאיָה n.pr.m. (י׳ hath created) a Benjamite 1 Ch 8:21.
b.cx.aa	H1254	בָּרָא	root	[בָּרָא] vb. be fat—Hiph. 1 S 2:29 to make yourself fat.
b.cx.ab	H1274	בָּרִיא		בָּרִיא adj. fat
b.cx.ac		בְּרֹאדַךְ בַּלְאֲדָן		בְּרֹאדַךְ בַּלְאֲדָן v. מְרֹדַךְ
b.cx.ad		בִּרְאִי		בִּרְאִי v. בית בראי sub. בית
b.cx.ae		בַּרְבֻּרִים		בַּרְבֻּרִים v. ברר
b.cy.aa		ברד	root	ברד (cf. Ar. Arabic be or become cold).
b.cy.ab	H1259	בָּרָד		בָּרָד n.m. hail
b.cy.ac	H1258	בָּרַד		בָּרַד vb. denom. hail, Is 32:19
b.cy.ad	H1261	בָּרֹד		[בָּרֹד] adj. spotted, marked
b.cy.ae	H1260	בֶּ֫רֶד		בֶּ֫רֶד n.pr.loc. near Kadesh n.pr.m. an Ephraimite
b.cz.aa	H1262	בָּרָה	root	בָּרָה vb. eat Qal eat bread Pi. for devouring Hiph. cause to eat bread
b.cz.ab	H1279	בִּרְיָה		בִּרְיָה n.f. food
b.cz.ac	H1267	בָּרוּת		[בָּרוּת] n.f. food; ψ 69:22 in (or as) my food.
b.da.aa		ברה	root	ברה (cf. As. barû, bind, whence birîtu, fetter Zim BP 59.82, & treaty, covenant Dl K 7).
b.da.ab	H1285	בְּרִית		בְּרִית 285 n.f. covenant between men. treaty, alliance, league constitution, ordinance, between monarch and subjects agreement, pledge alliance of friendship between David and Jonathan alliance of marriage between God and man. alliance of friendship covenant, as a divine constitution or ordinance with signs or pledges Phrases. covenant making covenant keeping covenant violation
b.da.ac		בְּרוֹשׁ		בְּרוֹשׁ בְרוֹת v. ברשׁ
b.da.ad		בָּרוּת		בָּרוּת v. ברה
b.da.ae		בֵּר֫וֹתָה		בֵּר֫וֹתָה בֵּרֹתי v. באר
b.db.aa		ברז	root	ברז (? cf. Aram. ברז bore, pierce, or Ar. Arabic, appear).
b.db.ab	H1269	ברזות		ברזות n.pr.f. (?) descend. of Asher 1 Ch 7:31 Kt
b.db.ac	H1270	בַּרְזֶל		בַּרְזֶל n.m. iron iron, lit. tool of iron iron in fig. of unwatered earth
b.db.ad	H1271	בַּרְזִלַּי		בַּרְזִלַּי n.pr.m. (man of iron) a Gileadite a priest a Meholathite
b.dc.aa	H1272	בָּרַח	root	בָּרַח vb. go through, flee Qal go or pass through, of bar flee flee = hasten, come quickly Hiph. pass through cause to flee, put to flight
b.dc.ab	H1281	בָּרִיחַ		[בָּרִיחַ] adj. fleeing; as subst. as fugitives
b.dc.ac	H1282	בָּרִיחַ		בָּרִיחַ n.pr.m. son of Shemaiah 1 Ch 3:22.
b.dc.ad	H1280	בְּרִיחַ		בְּרִיחַ n.m. bar
b.dc.ae	H4015	מִבְרָח		[מִבְרָח] n.m. (flight) fugitive—Ez 17:21
b.dc.af	H1273	בַּרְחֻמִי		בַּרְחֻמִי 2 S 23:31
b.dc.ag		בֵּרִי		בֵּרִי v. באר
b.dc.ah		בְּרִי		בְּרִי v. רִי sub. רוה
b.dc.ai		בְּרִי		בְּרִי בִּרְיָה v. בָּרִיא sub. ברא
b.dc.aj	H1276	בֵּרִים		בֵּרִים 2 S 20:14 obscure
b.dc.ak		בְּרִית		בְּרִית v. ברה v. אֵל v. בַּעַל
b.dc.al		בֹּרִית		בֹּרִית v. ברר
b.dd.aa	H1288	בָּרַךְ	root	[בָּרַךְ] 329 vb. kneel, bless Qal kneel down bless Niph. bless oneself Pi. bless God, adore with bended knees God blesses men bless men salute, greet, with an invocation of blessing bless, with the antithetical meaning curse from the greeting in departing, saying adieu to, taking leave of; but rather a blessing overdone and so really a curse as in vulgar English as well as in the Shemitic cognates Pu. pass. to be blessed, adored prospered by God have prosperity invoked, by Balaam in gratitude Hiph. and he made his camel kneel Hithp. bless oneself, congratulate oneself in his heart
b.dd.ab	H1290	בֶ֫רךְ		בֶ֫רךְ n.f. knee
b.dd.ac	H1293	בְּרָכָה		בְּרָכָה n.f. blessing blessing source of blessing blessing, prosperity blessing, praise of God a gift, present treaty of peace
b.dd.ad	H1294	בְּרָכָה		בְּרָכָה n.pr.loc. valley in wilderness by Tekoa n.pr.m. one of David’s band
b.dd.ae	H1263	בָּרוּךְ		בָּרוּךְ n.pr.m. (blessed) friend and amanuensis of Jeremiah a priest, son of Zabbai (Zaccai) son of Colhozeh, of the tribe of Judah
b.dd.af	H1295	בְּרֵכָה		בְּרֵכָה n.f. pool, pond
b.dd.ag	H1292	בָּרַכְאֵל		בָּרַכְאֵל n.pr.m. (Ēl doth bless) father of Elihu Jb 32:2, 6.
b.dd.ah	H1296	יְבֶרֶכְיָ֫הוּ		יְבֶרֶכְיָ֫הוּ n.pr.m. (Yah blesseth) father of a Zechariah in Isaiah’s time Is 8:2; usually in abbreviated form as foll.: בֶּרֶכְיָה, son of Zerubbabel a Levite guard of the ark father of Meshullam, one of Nehemiah’s chiefs father of prophet Zechariah father of Asaph Ephraimite chief
b.dd.ai		בֶּרֶכְיָה		בֶּרֶכְיָה בֶּרֶכְיָהוּ v. יְבֶרֶכְיָהוּ
b.de.aa		ברם	root	ברם (cf. Ar. Arabic twist a rope of two strands).
b.de.ab	H1264	בְּרֹמִים		בְּרֹמִים n.[m.] variegated cloth Ez 27:24.
b.de.ac		בַּרְנֵעַ		בַּרְנֵעַ v. קדשׁ ב׳
b.de.ad	H1298	בֶ֫רַע		בֶ֫רַע n.pr.m. king of Sodom Gn 14:2
b.de.ae	H1283	בְּרִיעָה		בְּרִיעָה n.pr.m. a son of Asher son of Ephraim a Benjamite a Levite
b.de.af	H1284	בְּרִיעִי		בְּרִיעִי adj.gent. c. art. as n.coll. Nu 26:44.
b.df.aa	H1299	בָּרַק	root	בָּרַק vb. flash, of lightning
b.df.ab	H1300	בָּרָק		בָּרָק n.m. lightning lit. mostly pl. = lightnings, lightning flashes fig. (always sing.) of flashing arrow-head
b.df.ac	H1301	בָּרָק		בָּרָק n.pr.m. (lightning-flash) son of Abinoam, & leader of Israel
b.df.ad		בְּרַק		בְּרַק v. בני ברק
b.df.ae	H1304	בָּרֶ֫קֶת		בָּרֶ֫קֶת n.f. a precious stone, emerald, acc. to 𝔊, 𝔙, Josephus; (from flashing, sparkling; Lag Rel. Jur. Eccl. x., comp. Skr. markata, Gk. μάραγδος, ζμάραγδος) Ex 28:17 39:10 (both P).
b.df.af	H1304	בָּֽרְקַת		בָּֽרְקַת n.f. id. [b.df.ae], Ez 28:13, cf. Ges § 80 R. 2, Pinsk Einl. 73.
b.df.ag	H1302	בַּרְקוֹס		בַּרְקוֹס n.pr.m. (√ & mng. unknown) head of a family of Nethinim
b.df.ah	H1303	בַּרְקָנִים		בַּרְקָנִים n.m.pl. briers Ju 8:7
b.dg.aa	H1305	בָּרַר	root	[בָּרַר] vb. purify, select Qal purge out, purify choose, select, only Pt. and in Chronicler cleanse, make shining, polish test, prove Niph. purify oneself Pi. purify Hiph. purify, cleanse polish arrows Hithp. purify oneself shew oneself pure, just, kind
b.dg.ab	H1249	בַּר		בַּר adj. pure, clean pure, clear clean perh. adv. kiss purely, of sincere homage
b.dg.ac	H1250	בַּר		בַּר n.m. grain, corn
b.dg.ad	H1253	בֹּר		בֹּר n.m. lye, potash, alkali used in smelting metals Is 1:25
b.dg.ae	H1252	בֹּר		בֹּר n.m. cleanness, pureness
b.dg.af	H1287	בֹּרִית		בֹּרִית n.f. lye, alkali, potash, soap, used in washing
b.dg.ag	H1250	בָּר		בָּר n.m. field Jb 39:4 (Aram. usage).
b.dg.ah	H1257	בַּרְבֻּרִים		בַּרְבֻּרִים n.m.pl. birds fattened for table of Solomon 1 K 5:3
b.dh.aa		ברשׁ	root	ברשׁ (√ of foll., meaning unknown).
b.dh.ab	H1265	בְּרוֹשׁ		בְּרוֹשׁ n.m. cypress or fir (lit.) a noble tree sim. of luxuriance, stateliness as material (always pl.)
b.dh.ac	H1266	בְּרוֹת		[בְּרוֹת] n.m. id. [b.dh.ab] Ct 1:17; . to arbour of trees as their home
b.dh.ad	H1306	בִּרְשַׁע		בִּרְשַׁע n.pr.m. (√ & meaning unknown) king of Gomorrah Gn 14:2.
b.dh.ae		בֵּרֹתַי		בֵּרֹתַי בֵּרֹתִי בֵּר֫וֹתָה v. בארות
b.di.aa		בשׂם	root	בשׂם (have a sweet odour, cf. Aram. בְּסִים, Syriac be sweet, pleasant, Pa. Syriac to delight, בַּסִּימָא sweet; Palm. בשימא (משחא) Vog JAs 1883, Août. Sept. 153 l. 12. 155 l. 16, 18, 20 etc. spiced (oil), cf. Reckendorf ZMG 1888. 405; As. bašûmu, Pa. make fine, beautiful COT Gloss).
b.di.ab		בֶּ֫שֶׂם		בֶּ֫שֶׂם בָּשָׂם v. בֹּשֶׂם
b.di.ac	H1314	בֹּ֫שֶׂם		בֹּ֫שֶׂם n.m. spice, balsam, balsam-tree
b.di.ad	H1315	בָּֽשְׂמַת		בָּֽשְׂמַת n.pr.f. (perfume?) Hittite woman, a wife of Esau daughter of Solomon, wife of Ahimaaz
b.di.ae	H3005	יִבְשָׂם		יִבְשָׂם n.pr.m. a descendant of Issachar 1 Ch 7:2.
b.di.af	H4017	מִבְשָׂם		מִבְשָׂם n.pr.m. son of Ishmael a descendant of Simeon
b.dj.aa	H1319	בָּשַׂר	root	[בָּשַׂר] vb. bear tidings Pi. gladden with good tidings bear tidings herald as glad tidings Hithp. receive good tidings
b.dj.ab	H1320	בָּשָׂר		בָּשָׂר 266 n.m. flesh of the body flesh for the body itself male organ of generation (euphemism) flesh for kindred, blood-relations man over against God as frail or erring
b.dj.ac	H1309	בְּשֹׂרָה		בְּשֹׂרָה n.f. tidings good tidings tidings, news reward for good tidings
b.dj.ad	H1308	בְּשׂוֹר		בְּשׂוֹר n.pr. of brook in Philistine territory
b.dk.aa	H1310	בָּשַׁל	root	בָּשַׁל vb. boil, seethe (intr.), grow ripe Qal boil, cook (intr.); grow ripe Pi. boil (tr.) cook (general) Pu. be boiled, sodden Hiph. ripened, brought to ripeness
b.dk.ab	H1311	בָּשֵׁל		בָּשֵׁל adj. cooked, boiled
b.dk.ac	H4018	מְבַשְּׁלוֹת		מְבַשְּׁלוֹת n.f.pl. cooking-places Ez 46:23 (cf. בֵּית הַמְֿבַשְּׁלִים v 24).
b.dk.ad	H1312	בִּשְׁלָם		בִּשְׁלָם n.pr.m. (son of peace?) a Persian officer in Canaan Ezr 4:7.
b.dl.aa		בשׁן	root	בשׁן (√ of foll. = smooth, soft? cf. Ar. Arabic, Arabic soft and smooth ground
b.dl.ab	H1316	בָּשָׁן		בָּשָׁן 60 n.pr.terr.m. (smooth (& fertile) land) Bashan, first mentioned as kingdom of Og, E. of Jordan, stretching from stream Jabboḳ (thus including northern Gilead) northward to Hermon, between Gennesaret (W) and mts of Hauran (E)
b.dl.ac	H5044	נִבְשָׁן		נִבְשָׁן n.pr.loc. in south. Judah הַנּ׳ Jos 15:62.
b.dl.ad		בָּשְׁנָה		בָּשְׁנָה v. בושׁ
b.dm.aa	H1318	בשׁס	root	[בשׁס] vb. Po. Inf. Am 5:11 prob. your trampling
b.dm.ab		בֹּשֶׁת		בֹּשֶׁת v. בושׁ
b.dm.ac		בַּת		בַּת v. בן
b.dm.ad		בַּת		בַּת v. בתת
b.dm.ae	H1328	בְּתוּאֵל		בְּתוּאֵל n.pr.m. son of Nahor, neph. of Abr., living in Aram-Naharaim, in city of Nahor; Aramaean of Paddan-Aram.
b.dm.af	H1328	בְּתוּאֵל		בְּתוּאֵל n.pr.loc. in Simeon 1 Ch 4:30 = בְּתוּל Jos 19:4; כְּסִיל 15:30; בֵּיתְאֵל 1 S 30:27 (v. p. 111 supr.); yet cf. Lag BN 64; site unknown.
b.dm.ag		בְּתוּל		בְּתוּל v. בְּתוּאֵל
b.dm.ah		בִּתְיָה		בִּתְיָה v. בַּת sub. בן
b.dm.ai		בָּתִּים		בָּתִּים v. בית
b.dn.aa		בתל	root	בתל (cf. Ar. Arabic sever, separate).
b.dn.ab	H1330	בְּתוּלָה		בְּתוּלָה 60 n.f. virgin
b.dn.ac	H1331	בְּתוּלִים		בְּתוּלִים n.f. virginity
b.do.aa	H1333	בָּתַק	root	[בָּתַק] vb. cut, cut off, cut down—only Pi. Ez 16:40 and they shall cut thee to pieces with their swords.
b.dp.aa	H1334	בָּתַר	root	[בָּתַר] vb. cut in two
b.dp.ab	H1335	בֶ֫תֶר		[בֶ֫תֶר] n.m. part, piece always of halves of animals cut in two in making covenants. mountains of cutting, i.e. cleft mountains
b.dp.ac	H1338	בִּתְרוֹן		בִּתְרוֹן prob. n.pr.terr. (cleft, ravine) E, of Jordan; 2 S 2:29.
b.dq.aa		בתת	root	בתת (? cut off, sever, cf. Ar. Arabic, secuit, resecuit, abrupit).
b.dq.ab	H1324	בַּת		בַּת n.m. bath
b.dq.ac	H1327	בַּתָּה		[בַּתָּה] n.f. precipice, steep (as cut off, abrupt) Is 7:19 in the ravines of the precipices.
b.dq.ad	H1326	בָּתָה		בָּתָה n.f. end, destruction Is 5:6 and I will make it (the vineyard) a destruction, a waste, or (Che) make an end of it.
c.aa.aa		ג	root	ג, גּ Gîmel, third letter; in postBHeb. = numeral 3 (and so margin of printed MT); ג̈ = 3000 ; no evidence of this usage in OT times.
c.aa.ab		גֵּא		גֵּא v. גאה
c.ab.aa	H1342	גָּאָה	root	גָּאָה vb. rise up rise up, of waters grow up, of plants be lifted up, exalted
c.ab.ab	H1341	גֵּא		גֵּא adj. proud Is 16:6
c.ab.ac	H1343	גֵּאֶה		גֵּאֶה adj. proud
c.ab.ad	H1344	גֵּאָה		גֵּאָה n.f. pride, Pr 8:13.
c.ab.ae	H1346	גַּאֲוָה		גַּאֲוָה n.f. majesty, pride rising up, swelling of the sea majesty pride, haughtiness
c.ab.af	H1347	גָּאוֹן		גָּאוֹן n.m. exaltation exaltation, majesty, excellence pride (bad sense)
c.ab.ag	H1348	גֵּאוּת		גֵּאוּת n.f. majesty lifting up majesty of God pride
c.ab.ah	H1345	גְּאוּאֵל		גְּאוּאֵל n.pr.m. (majesty of Ēl) the spy of the tribe of Gad Nu 13:15.
c.ab.ai	H1349	גַּאֲיוֹן		[גַּאֲיוֹן] adj. proud ψ 123:4
c.ab.aj		גאייונים		גאייונים v. גֵּאֶה
c.ab.ak	H1466	גֵּוָה		גֵּוָה n.f. pride pride lifting up
c.ab.al		גֵּאָיוֹת		גֵּאָיוֹת v. גַּיְא
c.ac.aa	H1350	גָּאַל	root	גָּאַל vb. redeem, act as kinsman Qal act as kinsman, do the part of next of kin redeem, by payment of value assessed redeem, with God as subj. implying personal relationship Niph refl. redeem oneself pass. be redeemed
c.ac.ab	H1350	גְּאוּלַי		גְּאוּלַי Is 63:4, n. abstr. redemption
c.ac.ac	H1353	גְּאֻלָּה		גְּאֻלָּה 14 n.f. kin(?), redemption kin redemption, of field right of redemption price of redemption
c.ac.ad	H3008	יִגְאָל		יִגְאָל n.pr.m. (He redeems) one of the spies one of David’s heroes descendant of Zerubbabel
c.ad.aa	H1351	גָּאַל	root	[גָּאַל] vb. defile, late Niph. be defiled Pi. pollute, desecrate Pu. and they were desecrated out of the priesthood Hiph. I have polluted, i.e. stained, all my raiment. Hithp. defile himself
c.ad.ab	H1352	גֹּ֫אֶל		[גֹּ֫אֶל] n.[m.] defiling, defilement Ne 13:29.
c.ad.ac		גַּב		גַּב v. גבב
c.ad.ad		גָּב		גָּב גָּבִים v. גוב
c.ad.ae		גֵּב		גֵּב v. גבה
c.ad.af		גֵּב		גֵּב גֵּב v. גוב
c.ad.ag		גֹּב		גֹּב גּוֹב v. גבב
c.ae.aa		גבא	root	גבא (cf. Ar. Arabic, Arabic restrain or withhold oneself; perh. = Arabic collect (water in a cistern, also tribute), so Lane Arabic I. ad fin., Fl NHWB 1. 431; v. also NH גָּבָשׁה ,גבי Aram גְּבָא, Arabic collect debts, taxes, etc.)
c.ae.ab	H1360	גֶּ֫בֶא		גֶּ֫בֶא n.m. cistern, pool cistern pool, marsh
c.af.aa		גבב	root	גבב (prob. be curved, convex, elevated, Aram. גִּבְּבָא hill; be or make hollow, dig, Ar. Arabic, cut off or out, Arabic, Aram. גֹּב, Eth. Ethiopic As. gubbu,—all=cistern; cf. e.g. As. gubbâni ša mê , cisterns of water Asrb Annals Col. viii. 102, KB ii. 220; v. n.pr. גֹּב infr.)
c.af.ab	H1354	גַּב		גַּב n.m. anything convex, curved, gibbous, e,g, back, chiefly late back mound boss, or convex projection, of shield bulwarks, breastworks brow rim of wheel
c.af.ac	H1359	גֹּב		גֹּב, גּוֹב n.pr.loc. field of battle with Philistines
c.af.ad	H1373	גַּבַּי סַלָּ֑י		גַּבַּי סַלָּ֑י appar. n.pr.m. a Benjamite Ne 11:8; but text dub.
c.af.ae	H1405	גִּבְּתוֹן		גִּבְּתוֹן n.pr.loc. (mound, height) Philistine city; assigned to Dan, and to Levites: site unknown
c.ag.aa		גבה	root	גבה (collect, Ar. Arabic (= Arabic?, cf. גבא supr.), NH גָּבָה ,גְּבי, Aram. גְּבָא, Syriac; ∥ form גבא q.v.)
c.ag.ab	H1357	גֵּב		[גֵּב] n.[m.] locust (name from swarm, collection) Is 33:4
c.ag.ac	H1462	גּוֹב		גּוֹב n.[m.] locusts, Na 3:17
c.ag.ad	H1462	גֹּבַי		גֹּבַי, גּוֹבָ֑י n.m. coll. locusts, symbol of Yahweh’s judgment on Isr. Am 7:1; in sim. of disappearance of Assyrian leaders at destruction of Nineveh Na 3:17
c.ah.aa	H1361	גָּבַהּ	root	גָּבַהּ vb. be high, exalted Qal be high, lofty, tall be exalted lofty Hiph. make high, exalt
c.ah.ab	H1362	גָּבֹהַּ		גָּבֹהַּ adj. high, exalted high, lofty, tall exalted in station haughty n.[m.] loftiness
c.ah.ac	H1363	גֹּ֫בַהּ		גֹּ֫בַהּ n.m. height height, of buildings and trees exaltation, grandeur haughtiness
c.ah.ad	H1365	גַּבְהוּת		גַּבְהוּת n.f. haughtiness
c.ah.ae	H3011	יָגְבְּהָה		יָגְבְּהָה n.pr. (exalted?) place in the tribe of Gad
c.ah.af		(ה)גבול		(ה)גבול
c.ai.aa		גבח	root	גבח (only in foll. derivatives found in P; cf. also NH גִּבֵּחַ, giant) .
c.ai.ab	H1371	גִּבֵּחַ		גִּבֵּחַ adj. having a bald forehead Lv 13:41
c.ai.ac	H1372	גַּבַּ֫חַת		גַּבַּ֫חַת n.f. bald forehead
c.ai.ad		גֹּבַי		גֹּבַי v. גבה
c.ai.ae		גַּבַּי		גַּבַּי גַּבַּי סַלָּ֑י v. גבב
c.ai.af		גֵּבִים		גֵּבִים v. גוב
c.aj.aa		גבל	root	גבל (acc. to Thes orig. twist, wind, whence not only מִגְבָּלֹת ,גַּבְלֻת, but also גְּבוּל (cord and then) boundary, as determined by measuring cord, or line, whence vb. denom. גָּבַל bound, border, q. v. infr.; NH גָּבַל, Aram. גְּבַל mean mix, knead; Ar. Arabic, Syr. Syriac = create, fashion; MV assume meaning massive, whence Ar. Arabic mountain (cf. As. gablu HA 48), and as originally earth-wall, etc., serving as boundary; this explains גַּבְלֶת etc. less well).
c.aj.ab	H1366	גְּבוּל		גְּבוּל 240 n.m. border, boundary, territory border, boundary territory (enclosed within boundary)
c.aj.ac	H1367	גְּבוּלָה		[גְּבוּלָה] n.f. border, boundary
c.aj.ad	H1383	גַּבְלֻת		גַּבְלֻת n.f. twisting—שַׁרְשֹׁת גַּבְלֻת Ex 28:22, שַׁרְשְׁרֹת גּ׳ 39:15 (both P), cords of twisting, i.e. (well or tightly) twisted cords.
c.aj.ae	H4020	מִגְבָּלֹת		מִגְבָּלֹת n.f.pl. the twisted, i.e. cords
c.aj.af	H1379	גָּבַל		גָּבַל vb. denom. bound, border Qal bound, border Hiph. set bounds for
c.aj.ag	H1380	גְּבַל		גְּבַל n.pr.loc. maritime city on the Phenician coast Ez 27:9
c.aj.ah	H1382	גִּבְלִי		גִּבְלִי adj.gent. of foregoing [c.aj.ag], c. art. = n.coll.
c.aj.ai	H1381	גְּבָל		גְּבָל n.pr.loc. mountainous region S. of Dead Sea ψ 83:8
c.ak.aa		גבן	root	גבן (prob. be curved, contracted, coagulated; Syr. Pa. Syriac coagulate; Ar. Arabic is be timid, perh. from shrinking, cowering).
c.ak.ab	H1384	גִּבֵן		גִּבֵן adj. crook-backed, hump-backed Lv 21:20.
c.ak.ac	H1385	גְּבִינָה		גְּבִינָה n.f. curd, or cheese Jb 10:10
c.ak.ad	H1386	גַּבְנֹן		[גַּבְנֹן] n.[m.] peak, rounded summit;
c.al.aa		גבע	root	גבע (convex, projecting, high; cf. Aram. Pa. גַּבַּע swell, swell up, גְּבִיעַ hump-backed, גִּבְעֲתָא hill; v. also I. גִּבְעָה infr.).
c.al.ab	H1387	גֶּ֫בַע		גֶּ֫בַע n.pr.loc. Levitical city, in Benjamin
c.al.ac	H1388	גִּבְעָא		גִּבְעָא n.pr.m. a son of Caleb 1 Ch 2:49.
c.al.ad	H1389	גִּבְעָה		גִּבְעָה n.f. hill
c.al.ae	H1390	גִּבְעָה		גִּבְעָה n.pr.loc. (hill) a city of Judah city of Benj. a city of Ephraim
c.al.af		גִּבְעַת		גִּבְעַת v.
c.al.ag	H1395	גִּבְעָתִי		גִּבְעָתִי adj.gent. of גִּבְעָה of Benjamin (?) 1 Ch 12:3.
c.al.ah	H1375	גָּבִיעַ		גָּבִיעַ n.m. cup, bowl
c.al.ai	H4021	מִגְבָּעוֹת		מִגְבָּעוֹת n.f.pl. head-gear, turban, of common priest (conical? cf. Di Ex 28:40)
c.al.aj	H0025	גִּבְעוֹן		גִּבְעוֹן n.pr.loc. Levitical city in tribe of Benjamin; cf. also as n.pr.m.
c.al.ak	H1393	גִּבְעֹנִי		גִּבְעֹנִי adj.gent.—alw. c. art.
c.al.al	H1392	גִּבְעֹל		גִּבְעֹל n.[m.] bud—Ex 9:31 the flax was bud
c.am.aa	H1396	גָּבַר	root	גָּבַר vb. be strong, mighty Qal be strong, mighty prevail Pi. make strong, strengthen Hiph. confirm a covenant Hithp. shew himself a mighty one against; of wicked behave proudly toward
c.am.ab		גְּבַר		גְּבַר v.
c.am.ac	H1397	גֶּ֫בֶר		גֶּ֫בֶר 66 n.m. man;—man as strong, disting. fr. women, children, and non-combatants whom he is to defend, chiefly poetic
c.am.ad	H1398	גֶּ֫בֶר		גֶּ֫בֶר n.pr.m. an official of Solomon 1 K 4:19
c.am.ae	H1402	גִּבָּר		גִּבָּר n.pr. (Aram. id. = hero) Ezr 2:20
c.am.af	H1368	גִּבּוֹר		גִּבּוֹר 159 adj. strong, mighty
c.am.ag	H1369	גְּבוּרָה		גְּבוּרָה 61 n.f. strength, might strength might, valour might of God
c.am.ah	H1376	גְּבִיר		גְּבִיר n.m. lord, Gn 27:29, 37.
c.am.ai	H1377	גְּבִירָה		גְּבִירָה n.f. lady, queen queen-mother
c.am.aj	H1404	גְּבֶ֫רֶת		גְּבֶ֫רֶת n.f. lady, queen mistress of servants
c.am.ak	H1403	גַּבְרִיאֵל		גַּבְרִיאֵל n.pr.m. (man of Ēl) an archangel
c.an.aa		גבשׁ	root	גבשׁ (be firm, massive, cf. As. gabâšu, be thick, massive, Zim BP 76, & deriv.; cf. also Aram. גַּבֵּשׁ Pa. heap up, & גַּבְשׁוּשִׁית height, hill).
c.an.ab	H1378	גָּבִישׁ		גָּבִישׁ n.m. crystal Jb 28:18
c.an.ac	H4019	מַגְבִּישׁ		מַגְבִּישׁ n.pr.m. a family of returning exiles
c.an.ad		גִּבְּתוֹן		גִּבְּתוֹן v. גבב
c.an.ae	H1406	גָּג		גָּג n.m. roof, top roof top of altar of incense, in tabern.
c.an.af		גַּד		גַּד גָּד גִּדְגָּד גֻּדְגֹּדָה v. גדד
c.ao.aa	H1413	גָּדַד	root	[גָּדַד] vb. penetrate, cut Qal they attack (penetrate, make inroads upon) the life of a righteous man Hithpo. cut oneself, as religious (heathen) practice gather troops, or bands; go in troops or throngs, throng
c.ao.ab	H1416	גְּדוּד		גְּדוּד n.m. band, troop marauding band troop foray, raid
c.ao.ac	H1417	גְּדוּד		[גְּדוּד, גְּדוּדָה] n.[m. or f.] furrow, cutting furrow ψ 65:11 pl. cuttings upon hands Je 48:37
c.ao.ad	H1407	גַּד		גַּד n.m. coriander
c.ao.ae	H1408	גַּד		[גַּד] n. [m.] fortune, good fortune n. pr. m. god of fortune
c.ao.af	H1410	גָּד		גָּד 71 n.pr.m. (fortunatus?) son of Jacob and Zilpah a prophet in David's time
c.ao.ag	H1425	גָּדִי		גָּדִי adj.gent. Gadite
c.ao.ah	H1424	גָּדִי		גָּדִי n.pr.m. father of Menahem
c.ao.ai		גַּדָּה		גַּדָּה v. חצר
c.ao.aj	H1426	גַּדִּי		גַּדִּי n.pr.m. (my fortune) a man of Manasseh Nu 13:11.
c.ao.ak	H1427	גַּדִּיאֵל		גַּדִּיאֵל n.pr.m. (Ēl is my fortune) a man of Zebulun Nu 13:10.
c.ao.al		גִּדְגָּד		גִּדְגָּד v. חֹר
c.ao.am	H1412	גֻּדְגֹּ֫דָה		גֻּדְגֹּ֫דָה n.pr.loc. (mng. dub.) station of Israel in wilderness
c.ao.an	H4023	מְגִדּוֹ		מְגִדּוֹ and מְגִדּוֹן n.pr.loc. old Canaanitish city, assigned to Manasseh
c.ap.aa		גדה	root	גדה (cut, cut or tear away?).
c.ap.ab	H1415	גָּדָה		[גָּדָה] n.f. bank of river
c.ap.ac		גדיה		גדיה v.
c.ap.ad	H1423	גְּדִי		גְּדִי n.m. kid
c.ap.ae	H1429	גְּדִיָּה		[גְּדִיָּה] n.f. only pl. kids Ct 1:8
c.aq.aa	H1431	גָּדַל	root	גָּדַל 115 vb. grow up, become great Qal grow up become great to be magnified Pi. cause to grow make great, powerful magnify Pu. brought up Hiph. make great magnify do great things Hithp. I will magnify myself
c.aq.ab	H1432	גָּדֵל		גָּדֵל pt.m. or adj.verbal. becoming great, growing up
c.aq.ac	H1433	גֹּ֫דֶל		גֹּ֫דֶל n.m. greatness greatness, magnitude magnificence in bad sense, = pride, insolence of heart
c.aq.ad	H1434	גְּדִלִים		גְּדִלִים n.[m.]pl. twisted threads tassels on border of garment festoons, on capitals of columns
c.aq.ae	H1419	גָּדוֹל		גָּדוֹל 622 adj. great in magnitude and extent in number in intensity in sound, loud in age in importance in phrases cstr. as subst. concr. do great things † as subst. neut. greatness of arm
c.aq.af	H1420	גְּדוּלָּה		גְּדוּלָּה n.f. greatness
c.aq.ag	H1419	הַגְּדוֹלִים		הַגְּדוֹלִים n.pr.m. father of Zabdiel Ne 11:14 (RV & so most; but 𝔊 RVm al. the great).
c.aq.ah	H1435	גִּדֵּל		גִּדֵּל n.pr.m. (very great) head of one of the families of Nethinim head of one of the families of Solomon’s servants
c.aq.ai	H1436	גְּדַלְיָה		גְּדַלְיָה n.pr.m. (Yah is great) governor of Judea appointed by Nebuchadnezzar son of Amariah, a son of Hezekiah priest of the sons of Jeshua
c.aq.aj	H1436	גְּדַלְיָ֫הוּ		גְּדַלְיָ֫הוּ n.pr.m. (Yah(u) is great) governor of Judea son of Pashur, one of the chiefs of Jerusalem in the time of Jeremiah one of the sons of Jeduthun, in the time of David
c.aq.ak	H1437	גִּדַּלְתִּי		גִּדַּלְתִּי n.pr.m. (I magnify (God)) son of Heman
c.aq.al	H3012	יִגְדַּלְיָ֫הוּ		יִגְדַּלְיָ֫הוּ n.pr.m. (Yah(u) is great) a prophet of the age of Josiah Je 35:4.
c.aq.am	H4026	מִגְדָּל		מִגְדָּל n.m. tower tower elevated stage, pulpit of wood raised bed
c.aq.an	H4027	מִגְדַּל־אֵל		מִגְדַּל־אֵל n.pr. (tower of God) stronghold in Naphtali Jos 19:38 prob. = Μαγδαλά Matt 15:39 = Mejdel in the plain of Gennesareth
c.aq.ao	H4028	מִגְדַּל־גַּד		מִגְדַּל־גַּד n.pr. (tower of Gad) stronghold in Judah Jos 15:37
c.aq.ap	H4029	מִגְדַּל־עֵ֫דֶר		מִגְדַּל־עֵ֫דֶר n.pr. (flock-tower) shepherd's watch-tower near Bethlehem Gn 35:21 Mi 4:8.
c.aq.aq	H4024	מִגְדּוֹל		מִגְדּוֹל n.m. tower, 2 S 22:51 Qr
c.aq.ar	H4024	מִגְדֹּל		מִגְדֹּל n.pr. fortified city on the NE. border of Egypt
c.ar.aa	H1438	גָּדַע	root	גָּדַע vb. hew, hew down or off Qal hew, cut in two Niph. be hewn off Pi. hew off, down, in two Pu. hew down
c.ar.ab	H1439	גִּדְעוֹן		גִּדְעוֹן n.pr.m. judge of Israel
c.ar.ac	H1441	גִּדְעֹנִי		גִּדְעֹנִי n.pr.m. a Benjamite
c.ar.ad	H1440	גִּדְעֹם		גִּדְעֹם n.pr.loc. marking limit of pursuit of Benjamites by rest of Israel Ju 20:45.
c.as.aa	H1442	גָּדַף	root	[גָּדַף] vb. only Pi. revile, blaspheme
c.as.ab	H1422	גְּדוּפָה		גְּדוּפָה n.f. taunt, only Ez 5:15
c.as.ac	H1421	גִּדּוּפִים		גִּדּוּפִים n.m.pl. revilings, reviling words
c.at.aa	H1443	גָּדַר	root	גָּדַר vb. wall up or wall off, build a wall
c.at.ab	H1444	גָּדֵר		גָּדֵר n.m. wall
c.at.ac	H1445	גֶּ֫דֶר		גֶּ֫דֶר n.pr.loc. Canaanitish city Jos 12:13.
c.at.ad	H1448	גְּדֵרָה		גְּדֵרָה, גְּדֶ֫רֶת n.f. wall
c.at.ae	H1452	גְּדֵרָתִי		גְּדֵרָתִי adj.gent. 1 Ch 12:5.
c.at.af	H1449	גְּדֵרָה		גְּדֵרָה n.pr.loc. a city of Judah Jos 15:36
c.at.ag	H1450	גְּדֵרוֹת		גְּדֵרוֹת n.pr.loc. in Judah
c.at.ah	H1453	גְּדֵרֹתָ֑יִם		גְּדֵרֹתָ֑יִם n.pr.loc. in Judah Jos 15:36
c.at.ai	H1451	גְּדֵרִי		גְּדֵרִי adj.gent. of גֶּ֫דֶר (q.v.) 1 Ch 27:28.
c.at.aj	H1446	גְּדוֹר		גְּדוֹר, גְּדֹר n.pr. (wall) n.pr.loc. city of Judah n.pr.loc. but read Gerar n.pr.m. a Benjamite, of Gibeon
c.au.aa		גדשׁ	root	גדשׁ (NH גָּרַשׁ, Aram. גְּדַשׁ, heap up; cf. also Ar. Arabic).
c.au.ab	H1430	גָּדִישׁ		גָּדִישׁ n.m. heap, stack
c.av.aa		גּדשׁ	root	גּדשׁ (= Arabic*; exact mng. unknown).
c.av.ab	H1430	גָּדִישׁ		גָּדִישׁ n.[m.] tomb Jb 21:32
c.av.ac	H1454	גֵּה		גֵּה Ez 47:13, rd. זֶה 𝔊 𝔗 𝔙 & all moderns.
c.aw.aa	H1455	גָּהָה	root	[גָּהָה] vb. depart, i.e. be cured, healed (subj. wound) Ho 5:13.
c.aw.ab	H1456	גֵּהָה		גֵּהָה n.f. healing, cure Pr 17:22
c.ax.aa	H1457	גָּהַר	root	[גָּהַר] vb. bend, crouch
c.ax.ab		גַּו		גַּו גֵּו v. גוה
c.ax.ac		גּוֹב		גּוֹב גּוֹבַי v. גבה
c.ay.aa	H1461	גּוּב	root	[גּוּב] vb. dig
c.ay.ab	H1356	גֵּב		[גֵּב] n.[m.] pit, ditch, trench
c.ay.ac	H1374	גֵּבִים		גֵּבִים n.pr.loc. (trenches) N. fr. Jerusalem, c. art. הַגּ׳ Is 10:31; site unknown.
c.ay.ad	H1356	גֵּב		[גֵּב] n.[m.] beam, rafter? 1 K 6:9
c.ay.ae	H1463	גּוֹג		גּוֹג n.pr.m. (√ unknown) a Reubenite Gog of the land of Magog, prince of Rosh, Meshek, and Tubal
c.ay.af	H4031	מָגוֹג		מָגוֹג n.pr.terr. (= land of Gog?)—a son of Japhet
c.az.aa	H1464	גּוּד	root	[גּוּד] vb. invade, attack
c.az.ab		גֵּוָה		גֵּוָה v. גאה
c.ba.aa		גוה	root	גוה (project, be convex?).
c.ba.ab	H1458	גַּו		[גַּו] n.[m.] back
c.ba.ac	H1460	גֵּו		גֵּו n.[m.] back
c.ba.ad	H1460	גֵּו		גֵּו n.[m.] midst, Aramaism Jb 30:5
c.ba.ae	H1465	גֵּוָה		גֵּוָה n.f. back Jb 20:25
c.ba.af	H1472	גְּוִיָּה		גְּוִיָּה n.f. body, corpse living human body dead body, corpse, carcass
c.ba.ag	H1471	גּוֹי		גּוֹי 661 n.m. nation, people
c.bb.aa	H1468	גּוּז	root	[גּוּז] vb. pass over, away
c.bb.ab	H1470	גּוֹזָן		גּוֹזָן n.pr.loc. city and district of Mesopotamia, on or near the middle course of the Euphrates, through which the river Chabur flowed
c.bb.ac		גוח		גוח v. גיח
c.bb.ad		גּוֹי		גּוֹי v. גוה
c.bb.ae		גְּוִיָּה		גְּוִיָּה v. גוה
c.bb.af	H1471	גּוֹיִם		גּוֹיִם n.pr.gent. Tid‛al king of Goim
c.bb.ag		גול		גול v. גיל
c.bb.ah	H1474	גּוֹלָן		גּוֹלָן n.pr.loc. city of Manasseh in Bashan, named as a city of refuge
c.bc.aa		גּון	root	גּון (mng. dub., cf. perh. Aram. גַּוֵּן tinge, Syriac, Syriac; Ar. Arabic reddish black, cf. Hommel Stugethiere 64).
c.bc.ab	H1476	גּוּנִי		גּוּנִי n.pr.m. a Naphtalite a Gadite
c.bc.ac	H1477	גּוּנִי		גּוּנִי adj.gent. of foregoing [c.bc.ab] 1; c. art. as n.coll.
c.bd.aa	H1478	גָּוַע	root	גָּוַע vb. expire, perish, die
c.be.aa	H1479	גּוּף	root	[גּוּף] vb. shut, close Hiph. Ne 7:3 close (doors).
c.be.ab	H1480	גּוּפָה		[גּוּפָה] n.f. body, corpse
c.bf.aa	H1481	גּוּר	root	גּוּר vb. sojourn Qal sojourn abide Hithpol. seek hospitality with
c.bf.ab	H1483	גּוּר		גּוּר n.pr.loc. (sojourning, dwelling) 2 K 9:27, otherwise unknown.
c.bf.ac	H1485	גּוּר־בָּ֑֫עַל		גּוּר־בָּ֑֫עַל n.pr.loc. (dwelling or Gûr of Baal) 2 Ch 26:7
c.bf.ad	H1616	גֵּר		גֵּר 92 n.m. sojourner
c.bf.ae	H1628	גֵּרוּת		גֵּרוּת n.f. lodging(-place) Je 41:17, inn, khan?
c.bf.af	H3017	יָגוּר		יָגוּר n.pr.loc. a southern city of Judah, toward Edom Jos 15:21.
c.bf.ag	H4033	מָגוֹר		[מָגוֹר] n.[m.] sojourning-place, dwelling-place, sojourning
c.bf.ah	H4035	מְגוּרָה		מְגוּרָה n.f. store-house, granary Hg 2:19.
c.bf.ai	H4460	מַמְּגֻרוֹת		מַמְּגֻרוֹת n.f.pl. id. [c.bf.ah], Jo 1:17
c.bg.aa	H1481	גּוּר	root	[גּוּר] vb. stir up strife, quarrel Qal. stir up strife quarrel Hithpol. they excite themselves, but unlikely
c.bg.ab	H1484	גּוֹר		[גּוֹר] n.[m.] whelp (as quarrelsome? or onomatop.?) of lion
c.bg.ac	H1482	גּוּר		גּוּר n.m. whelp, young lion’s whelps young of jackals
c.bh.aa	H1481	גּוּר	root	[גּוּר] vb. dread Qal be afraid of stand in awe of
c.bh.ab	H4032	מָגוֹר		מָגוֹר n.m. fear, terror
c.bh.ac	H4034	מְגוֹרָה		[מְגוֹרָה] n.f. fear, terror
c.bh.ad		גורן		גורן v. גָּרוֹן
c.bi.aa		גושׁ	root	גושׁ (be hard, cf. Ar. Arabic be hard, of hands, from toil).
c.bi.ab	H1487	גּוּשׁ		גּוּשׁ n.[m.] clod, lump Jb 7:5
c.bi.ac		גֵּז		גֵּז v. גזז
c.bi.ad	H1489	גִּזְבָר		גִּזְבָר n.m. treasurer Ezr 1:8.
c.bj.aa	H1491	גָּזָה	root	[גָּזָה] vb. cut, (cut off, sever)
c.bj.ab	H1496	גָּזִית		גָּזִית n.f. a cutting, hewing
c.bj.ac		גִּזָּה		גִּזָּה v. גזז
c.bj.ad	H1493	גִּזוֹנִי		גִּזוֹנִי adj.gent. 1 Ch 11:34
c.bk.aa	H1494	גָּזַז	root	[גָּזַז] vb. shear Qal shear sheep Niph. be cut off (= destroyed) of Assyrians
c.bk.ab	H1488	גֵּז		גֵּז n.[m.] shearing, mowing
c.bk.ac	H1492	גִּזָּה		גִּזָּה n.f. fleece
c.bk.ad	H1495	גָּזֵז		גָּזֵז n.pr.m. son of עֵיפָה, concub. of Caleb
c.bk.ae		גָּזִית		גָּזִית v. גזה
c.bl.aa	H1497	גָּזַל	root	גָּזַל vb. tear away, seize, rob Qal tear away, rob Niph. subj. sleep
c.bl.ab	H1499	גָּזֵל		גָּזֵל n.[m.] robbery
c.bl.ac	H1500	גְּזֵלָה		גְּזֵלָה n.f. plunder, spoil
c.bm.aa		גזל	root	גזל (√ of foll., mng. dub.; acc. to Fl NHWB l. 433 onomatop. cf. Arabic Frey crassa vox, vox columbi, v. also Frä 115).
c.bm.ab	H1469	גּוֹזָל		גּוֹזָל n.m. young of birds
c.bn.aa		גזם	root	גזם (cut off, NH id., Eth. Ethiopic: cf. Ar. Arabic [=Aram. Syriac] ; or possibly Arabic [=Aram. Syriac]).
c.bn.ab	H1501	גָּזָם		גָּזָם n.m. locusts (coll.)
c.bn.ac	H1502	גַּזָּם		גַּזָּם n.pr.m. head of a family of returned exiles
c.bo.aa		גזע	root	גזע (√ of foll., cf. Ar. Arabic cut off, & Eth. Ethiopic saw in two).
c.bo.ab	H1503	גֶּ֫זַע		[גֶּ֫זַע] n.m. stock, stem
c.bp.aa	H1504	גָּזַר	root	גָּזַר vb. cut, divide Qal divide, cut in two divide the Red Sea cut down cut off (piece of meat to eat, but obj. not expr.) cut off, i.e. destroy, exterminate decree Niph. be cut off, separated, excluded be cut off = destroyed, exterminate be decreed
c.bp.ab	H1506	גֶּ֫זֶר		[גֶּ֫זֶר] n.m. part
c.bp.ac	H1507	גֶּ֫זֶר		גֶּ֫זֶר n.pr.loc. (portion) Levitical city on border of Ephraim
c.bp.ad	H1511	גִּזְרִי		גִּזְרִי adj.gent. 1 S 27:8 Qr (Kt והגרזי) cf. Dr.
c.bp.ae	H1509	גְּזֵרָה		גְּזֵרָה n.f. separation Lv 16:22 (P)
c.bp.af	H1508	גִּזְרָה		גִּזְרָה n.f. cutting, separation
c.bp.ag	H4037	מַגְזֵרָה		[מַגְזֵרָה] n.f. cutting instrument, axe 2 S 12:31 of David’s treatment of captives
c.bp.ah		גֵחֲזִי		גֵחֲזִי v. גַּיְא
c.bp.ai		גֹּ֫חִי		גֹּ֫חִי v. גִּיחַ v. גּוֹחַ
c.bq.aa		גחל	root	גחל (prob. = kindle, burn).
c.bq.ab	H1513	גַּחֶ֫לֶת		גַּחֶ֫לֶת n.f. coal
c.br.aa		גחם	root	גחם (? cf. Ar. Arabic kindle, Arabic, Arabic burn)
c.br.ab	H1514	גַּ֫חַם		גַּ֫חַם n.pr.m. (flame?) Gn 22:24 a son of Nahor, brother of Abraham
c.bs.aa		גחן	root	גחן (cf. Aram. גְּחַן, Nasar. Syriac (Syr. Syriac PS) curve, bend).
c.bs.ab	H1512	גָּחוֹן		גָּחוֹן n.m. belly, of reptiles
c.bt.aa		גחר	root	גחר (? cf. Ar. Arabic retire, retreat, etc.)
c.bt.ab	H1515	גַּ֫חַר		גַּ֫חַר n.pr.m. head of a family of returned exiles
c.bt.ac	H1516	גַּיְא		גַּיְא n.m. valley
c.bt.ad	H1522	גֵּיחֲזִי		גֵּיחֲזִי, גֵּחַזִי n.pr.m. (valley of vision?) servant of Elisha
c.bu.aa		גיד	root	גיד (√ of foll.; mng. dub.; ? cf. As. gâdu, bind, fetter, Jäger BAS I. 689f.)
c.bu.ab	H1517	גִּיד		גִּיד n.m. sinew
c.bv.aa	H1518	גִּיחַ	root	[גִּיחַ, גּוּחַ] vb. burst forth intrans. burst forth trans. draw forth from womb thrust forth, bring forth, fig. of travail
c.bv.ab	H1520	גִּיחַ		גִּיחַ n.pr.loc. (fr. a spring?) near Gibeon in Benjamin 2 S 2:24.
c.bv.ac	H1521	גִּיחוֹן		גִּיחוֹן n.pr.fl. (a bursting forth) one of the rivers of Eden spring of water near Jerusalem
c.bv.ad		גֵּיחֲזִי		גֵּיחֲזִי v. גַּיְא
c.bw.aa	H1523	גִּיל	root	[גִּיל] vb. rejoice (go around or about, be excited to levity) Qal rejoice tremble
c.bw.ab	H1524	גִּיל		גִּיל n.[m.] rejoicing
c.bw.ac	H1524	גִּיל		[גִּיל] n.[m.] circle, age Dn 1:10
c.bw.ad	H1525	גִּילָה		גִּילָה n.f. rejoicing
c.bw.ae	H1542	גִּלֹה		גִּלֹה n.pr.loc. city in mountains of Judah
c.bw.af	H1526	גִּילֹנִי		גִּילֹנִי adj.gent.
c.bw.ag		גִּינַת		גִּינַת v. גנן
c.bx.aa		גיר	root	גיר (boil, boil up? cf. Aram. גִּיר ware, NH id. foam; Ar. Arabic quicklime, also heat in chest from rage or hunger (Lanc); admodum aestuans acc. to Fl NHWB i. 433b; but cf. infr.)
c.bx.ab	H1615	גִּר		גִּר n.[m.] chalk, lime Is 27:9.
c.bx.ac		גֵּיר		גֵּיר v. גֵּר sub. גור
c.bx.ad		גישׁ		גישׁ v. גּוּשׁ
c.bx.ae	H1529	גֵּישָׁן		גֵּישָׁן n.pr.m. a descendant of Judah through Caleb 1 Ch 2:47.
c.bx.af		גַּל		גַּל גּל גֹּל v. גלל
c.by.aa		גלב	root	גלב (= shear, shave, As. [galâbu] Hpt 8FG; Aram. גְּלַב id., גְּלָב razor; cf. Syriac 2 S 20:8 v. PS).
c.by.ab	H1532	גַּלָּב		[גַּלָּב] n.[m.] barber Ez 5:1
c.by.ac	H1533	גִּלְבֹּעַ		גִּלְבֹּעַ n.pr.loc. Gilboa‛ (derivation unknown), mountain-ridge at S.E. end of plain of Jezreel, where Saul & Jonathan were killed
c.by.ad		גַּלְגַּל		גַּלְגַּל גִּלְגָּל גֻּלְגֹּלָת v. גלל
c.bz.aa		גלד	root	גלד √ of foll. mng. dub. perh. cf. Eth. Ethiopic obducere, inducere; Ar. Arabic scourge).
c.bz.ab	H1539	גֶּ֫לֶד		[גֶּ֫לֶד] n.m. skin of man Jb 16:15
c.ca.aa	H1540	גָּלָה	root	גָּלָה 189 vb. uncover, remove Qal uncover the ear of one, i.e. reveal to him intr. remove, depart go into exile Niph. refl. uncover oneself (one’s nakedness) discover or shew oneself pass. be uncovered (one’s nakedness) be disclosed, discovered be removed Pi. uncover disclose, discover, lay bare make known, shew, reveal Pu. be uncovered Hiph. carry away into exile, take into exile Hoph. carried into exile Hithp. was uncovered (naked) that his heart may reveal itself
c.ca.ab	H1473	גּוֹלָה		גּוֹלָה 42 n.f. exiles, exile
c.ca.ac	H1546	גָּלוּת		גָּלוּת n.f. exile
c.ca.ad	H1549	גִּלָּיוֹן		גִּלָּיוֹן n.m. table, tablet
c.ca.ae	H1555	גָּלְיַת		גָּלְיַת n.pr.m. (conspicuous?) Philistine giant slain by David
c.ca.af	H3020	יָגְלִי		יָגְלִי n.pr.m. (led into exile?) chief of tribe of Dan Nu 34:22.
c.ca.ag		גִּלֹה		גִּלֹה v. גיל
c.ca.ah		גֻּלָּה		גֻּלָּה v. גלל
c.cb.aa	H1548	גָּלַח	root	[גָּלַח] vb. be bald; Pi. shave, shave off Pu. be shaven Hithp. shave oneself
c.cc.aa		גלל	root	גלל (Arabic be great in rank or dignity (often of God)).
c.cc.ab	H1558	גָּלָל		[גָּלָל] n.[m.] account
c.cd.aa	H1556	גָּלַל	root	[גָּלַל] vb. roll, roll away Qal roll a stone Niph. roll, roll up or along Pilp. and I will roll thee down from the rocks Pō‛al garment rolled (dabbed, rolled over and over) in blood. Hithpo. roll oneself over and over Hithpalp. cf. Hithpo. Hiph. roll away stone from upon mouth of well
c.cd.ab	H1530	גַּל		גַּל n.m. heap, wave, billow heap of stones waves (rollers) poet. spring
c.cd.ac	H1554	גַּלִּים		גַּלִּים n.pr.loc. (heaps);—place N. of Jerus.
c.cd.ad	H1567	גַּלְעֵד		גַּלְעֵד n.pr.loc. (witness-pile) name of pile of stones erected by Jacob and his company
c.cd.ae	H1561	גֵּל		[גֵּל] n.[m.] dung (ball of dung)
c.cd.af		גֹּל		גֹּל גֻּלָּהּ v. גֻּלָּה
c.cd.ag	H1531	גֻּלָּה		גֻּלָּה n.f. basin, bowl basin (pool, well?) bowl
c.cd.ah	H1557	גָּלָל		גָּלָל n.[m.] dung, הַגּ׳ 1 K 14:10.
c.cd.ai	H1559	גָּלָל		גָּלָל n.pr.m. of two Levites;— 1 Ch 9:15. 1 Ch 9:16 Ne 9:17.
c.cd.aj	H1562	גִּלֲלִי		גִּלֲלִי n.pr.m. a Levitical musician Ne 12:36.
c.cd.ak	H1550	גָּלִיל		[גָּלִיל] adj. turning, folding (= revolving)
c.cd.al	H1551	גָּלִיל		גָּלִיל n.m. cylinder, rod, circuit, district cylinder, rod circuit, district, on northern border of Israel, in Naphtali
c.cd.am	H1552	גְלִילָה		גְלִילָה n.f. circuit, boundary, territory; as n.pr.loc. Galilee
c.cd.an	H1553	גְּלִילוֹת		גְּלִילוֹת n.pr.loc. (strictly pl. of foreg. [c.cd.am]; prob. = circles of stones) place on border between Benj. & Judah locality described as follows: unto Geliloth (= the circles) of Jordan which is in the land of Canaan in front of the land of Canaan, in Geliloth of Jordan, beyond the sons of Israel
c.cd.ao	H1544	גִּלּוּל		[גִּלּוּל] n.m. only pl. idols (= logs, blocks, shapeless things)
c.cd.ap	H1534	גַּלְגַּל		גַּלְגַּל n.m. wheel, whirl, whirlwind
c.cd.aq	H1536	גִּלְגָּל		[גִּלְגָּל] n.[m.] wheel of cart Is 28:28.
c.cd.ar	H1019	גִּלְגָּל		גִּלְגָּל n.pr.loc. (= (sacred) circle of stones) place E. of Jericho, where Isr. lay encamped place on border between Judah & Benjamin place in N. Isr., dwelling of prophets place in N. Isr. near Mt. Gerizim and Mt. Ebal in phr.
c.cd.as	H1538	גֻּלְגֹּ֫לֶת		גֻּלְגֹּ֫לֶת n.f. skull, head, poll (person) skull head, poll (in counting, taxing, etc.; only P and late)
c.cd.at	H4039	מְגִלָּה		מְגִלָּה n.f. roll (writing, book; late)
c.ce.aa	H1563	גָּלַם	root	[גָּלַם] vb. wrap up, fold, fold together 2 K 2:8
c.ce.ab	H1545	גְּלוֹם		[גְּלוֹם] n.[m.] wrapping, garment Ez 27:24.
c.ce.ac	H1564	גֹּ֫לֶם		[גֹּ֫לֶם] n.[m.] embryo ψ 139:16
c.ce.ad	H1565	גַּלְמוּד		גַּלְמוּד adj. hard, barren
c.cf.aa	H1566	גָּלַע	root	[גָּלַע] vb. expose, lay bare—only Hithp. disclose oneself, break out
c.cf.ab		גַּלְעֵד		גַּלְעֵד v. גלל
c.cf.ac	H1568	גִּלְעָד		גִּלְעָד n.pr.loc. of mountain-range or hill-country, land & city, E. of Jordan territory S. of Jabboḳ Northern Gilead more generally, of all Gilead name of a city of Israelites living E. of Jordan (as a whole) treated as n.pr.m.
c.cf.ad	H1569	גִּלְעָדִי		גִּלְעָדִי adj.gent. of 6 a. of 5. of n.pr.loc.
c.cg.aa	H1570	גָּלַשׁ	root	[גָּלַשׁ] vb. sit, sit up, possibly also recline
c.cg.ab		גַּם		גַּם v. גמם
c.ch.aa	H1572	גָּמָא	root	[גָּמָא] vb. swallow (liquids) Pi. fig. of horse in swift gallop Hiph. let me drink a little water, pray
c.ch.ab	H1573	גֹּ֫מֶא		גֹּ֫מֶא n.m. rush, reed, papyrus
c.ci.aa		גמד	root	גמד (√ of foll.; cf. Ar. Arabic congeal, become solid; be hard, stern; also cut, cut off; Aram. גְּמַר contract; Aph. be bold, daring).
c.ci.ab	H1574	גֹּ֫מֶד		גֹּ֫מֶד n.m. cubit (fr. elbow to knuckles of clenched (contracted) hand) Ju 3:18 of Ehud’s sword
c.ci.ac	H1575	גַּמָּדִים		גַּמָּדִים n.pr.gent. Ez 27:11; valorous men
c.ci.ad	H1579	גִּמְזוֹ		גִּמְזוֹ n.pr.loc. city of Judah toward Philistines 2 Ch 28:18; mod. Jimzu, E. from Lydda
c.cj.aa	H1580	גָּמַל	root	גָּמַל vb. 1. deal fully or adequately with, deal out to. 2. wean. 3. ripen Qal deal out to, do to deal bountifully with recompense, repay, requite wean a child (complete his nursing) trans. ripen, bear ripe (almonds) Niph. be weaned
c.cj.ab	H1576	גְּמוּל		גְּמוּל n.m. dealing, recompense, benefit
c.cj.ac	H1577	גָּמוּל		גָּמוּל n.pr.m. (weaned) a chief of the Levites 1 Ch 24:17.
c.cj.ad	H1578	גְּמוּלָה		גְּמוּלָה n.f. dealing, recompense
c.cj.ae	H8408	תַּגְמוּל		[תַּגְמוּל] n.m. benefit ψ 116:12.
c.cj.af	H1583	גַּמְלִיאֵל		גַּמְלִיאֵל n.pr.m. (reward of God) a prince of Manasseh
c.cj.ag	H1581	גָּמָל		גָּמָל n.m. camel as property as beasts of burden for riding forbidden as food
c.cj.ah	H1582	גְּמַלִּי		גְּמַלִּי n.pr.m. a Danite Nu 13:12.
c.ck.aa		גמם	root	גמם (Ar. Arabic become much or abundant, Arabic abundance, much, Arabic collection (of water), company (of people)).
c.ck.ab	H1571	גַּם		גַּם 768 adv. denoting addition, also, moreover, yea
c.ck.ac	H4041	מְגַמָּה		[מְגַמָּה] n.f. Hb 1:9 (of the Chaldeans) of uncertain meaning
c.cl.aa		גמץ	root	גמץ (√ of foll., Aram. גְּמַץ dig (perh. denom.)).
c.cl.ab	H1475	גּוּמָּץ		גּוּמָּץ n.m. pit
c.cm.aa	H1584	גָּמַר	root	גָּמַר vb. end, come to an end, complete
c.cm.ab	H1586	גֹּ֫מֶר		גֹּ֫מֶר n.pr. m. son of Japhet f. wife of Hosea
c.cm.ac	H1587	גְּמַרְיָ֫הוּ		גְּמַרְיָ֫הוּ, גְּמַרְיָה n.pr.m. (י׳ hath accomplished) son of Shaphan son of Hilkiah
c.cm.ad		גַּן		גַּן גַּנָה v. גנן
c.cn.aa	H1589	גָּנַב	root	[גָּנַב] vb. steal Qal steal Niph. be stolen Pi. steal away (trans.) Pu. be stolen away Hithp. go by stealth, syeal away
c.cn.ab	H1591	גְּנֵבָה		גְּנֵבָה n.f. thing stolen
c.cn.ac	H1590	גַּנָּב		גַּנָּב n.m. thief
c.cn.ad	H1592	גְּנֻבַת		גְּנֻבַת n.pr.m. son of Hadad the Edomite
c.co.aa		גנז	root	גנז (cover up, hide, cf. NH hide, Ar. Arabic cover up, Aram. גְּגַז Ithpa, Syriac Ethp. be hidden, Eth. Ethiopic enwrap).
c.co.ab	H1595	גְּנָזִים		[גְּנָזִים] n.[m.]pl. 1. chests (?); 2. treasury
c.co.ac	H1597	גַּנְזַךְ		[גַּנְזַךְ] n.[m.] treasury 1 Ch 28:11.
c.cp.aa	H1598	גָּנַן	root	[גָּנַן] vb. cover, surround, defend Qal defend Hiph. defend
c.cp.ab	H1588	גַּן		גַּן n.m. & f. enclosure, garden
c.cp.ac	H1594	גַּנָּה		גַּנָּה n.f. garden (cf. foregoing [גַּן])—garden, orchard
c.cp.ad	H1527	גִּינַ֑ת		גִּינַ֑ת n.pr.m. father of Tibni 1 K 16:21, 22.
c.cp.ae		גִּנְּתוֹי		גִּנְּתוֹי v.
c.cp.af	H1599	גִּנְּתוֹן		גִּנְּתוֹן n.pr.m. a priest among the returned exiles
c.cp.ag	H4043	מָגֵן		מָגֵן n.m. & f. shield
c.cp.ah	H4044	מְגִנָּה		[מְגִנָּה] n.f. covering, La 3:65
c.cp.ai	H4042	מָגַן		[מָגַן] vb. only Pi. deliver up, deliver (denom. fr. מָגֵן)
c.cq.aa	H1600	גָּעָה	root	גָּעָה vb. low (of cattle)
c.cq.ab	H1601	גֹּעָה		[גֹּעָה] n.pr.loc. close to Jerusalem Je 31:39;—site unknown.
c.cq.ac	H1602	גָּעַל		[גָּעַל] vb. abhor, loathe Qal abhor, loathe Niph. the shield of heroes was defiled Hiph. and doth not curse, or allow, (the cow) to reject as loathsome
c.cq.ad	H1604	גֹּ֫עַל		גֹּ֫עַל n.m. loathing, Ez 16:5.
c.cq.ae	H1603	גַּ֫עַל		גַּ֫עַל n.pr.m. appar. a Canaanite
c.cr.aa	H1605	גָּעַר	root	גָּעַר vb. rebuke
c.cr.ab	H1606	גְּעָרָה		גְּעָרָה n.f. rebuke
c.cr.ac	H4045	מִגְעֶ֫רֶת		מִגְעֶ֫רֶת n.f. rebuke Dt 28:20.
c.cs.aa	H1607	גָּעַשׁ	root	[גָּעַשׁ] vb. shake, quake Qal quake of earth at theoph. Pu. be shaken up, convulsed Hithp. shake back and forth, toss or reel to and fro Hithpo. reel to and fro
c.cs.ab	H1608	גַּ֫עַשׁ		[גַּ֫עַשׁ] n.pr.loc. mt. in Ephraim
c.cs.ac	H1609	גַּעְתָּם		גַּעְתָּם n.pr.m. a chief of Edom, son of Eliphaz
c.cs.ad		גַּף		גַּף v. גפף
c.ct.aa		גפן	root	גפן (√ of following; meaning ?).
c.ct.ab	H1612	גֶּ֫פֶן		גֶּ֫פֶן n.f. vine
c.cu.aa		גפף	root	גפף (√ of following; cf. Syr. Syriac in deriv., Syriac curved, convex; also Ar. Arabic both hilly country and depression, Frey.)
c.cu.ab	H1610	גַּף		[גַּף] n.m. body, self, height, elevation
c.cu.ac	H1613	גֹּ֫פֶר		גֹּ֫פֶר n.[m.] gopher, only in Gn 6:14 wood of which the ark was made
c.cu.ad	H1614	גָּפְרִית		גָּפְרִית n.f. brimstone
c.cu.ae		גֵּר		גֵּר v. גור
c.cu.af		גִּר		גִּר v. גיר
c.cu.ag	H1617	גֵּרָא		גֵּרָא n.pr.m. son of Benjamin
c.cv.aa		גרב	root	גרב (√ of foll.; Ar. Arabic, Aram. Syriac (have the scab etc.), are appar. denom.)
c.cv.ab	H1618	גָּרָב		גָּרָב n.[m.] itch, scab
c.cv.ac	H1619	גָּרֵב		גָּרֵב n.pr.m. one of David’s heroes n.pr.loc. hill of Gareb, appar. close to Jerusalem on the SW.
c.cv.ad		גַּרְגַּר		גַּרְגַּר גַּרְגְּרוֹת v. גרר
c.cv.ae	H1622	גִּרְגָּשִׁי		גִּרְגָּשִׁי adj.gent. ‘begotten’ by Canaan
c.cw.aa	H1623	גָּרַד	root	[גָּרַד] vb. scrape, scratch Hithp. scrape one’s self Jb 2:8.
c.cx.aa	H1624	גָּרָה	root	[גָּרָה] vb. only Pi. stir up strife, Hithp. engage in strife
c.cx.ab	H1627	גָּרוֹן		גָּרוֹן n.m. neck, throat of the visible exterior (front) of throat, neck throat, as capable of thirst; as organ of speech
c.cx.ac	H8409	תִּגְרָה		[תִּגְרָה] n.f. contention, strife, hostility ψ 39:11
c.cx.ad		גֵּרָה		גֵּרָה v. גרר
c.cx.ae		גֵּרוּת		גֵּרוּת v. גור
c.cy.aa	H1629	גָּרַז	root	[גָּרַז] vb. cut, cut off Niph. ψ 31:23 = destroyed out of Yahweh’s sight.
c.cy.ab	H1631	גַּרְזֶן		גַּרְזֶן n.m. axe (pick, pick-axe)
c.cy.ac		גִּרְזִי		גִּרְזִי v. גִּזְרִי
c.cy.ad	H1630	גְּרִזִּים		גְּרִזִּים n.pr.loc. mt. in N. Israel, S. of Sichem (Nabulus), opp. Ebal, which was on N.
c.cz.aa		גרטל	root	גרטל (possibly quadrilit. √, whence foll. c. א prosthet. Cf. however infr.)
c.cz.ab	H0105	אֲגַרְטָל		[אֲגַרְטָל] n.m. a kind of vessel, basin or basket, both Ezr 1:9, denoting vessels from temple at Jerus. restored by Cyrus.
c.da.aa		גרל	root	גרל (cf. Ar. Arabic, pl. Arabic stones, or stony place planted with trees; Arabic stony; Arabic, Arabic stony ground, stones; hence foll., because stones were used in casting lots; cf. Gk. ψῆφος pebble, vote; κύαμος bean, lot).
c.da.ab	H1486	גּוֹרָל		גּוֹרָל 77 n.m. & f. lot lot for dividing land lot for assigning to service, duty or punishment thing assigned, apportioned, allotted portion = recompence, retribution
c.da.ac	H1632	גָּרֹל		[גָּרֹל] adj. Pr 19:19 Kt
c.db.aa	H1633	גָּרַם	root	[גָּרַם] vb. lay aside, leave, save
c.db.ab	H1634	גֶּ֫רֶם		גֶּ֫רֶם n.[m.] bone, strength, self (?)
c.db.ac	H1633	גָּרַם		[גָּרַם] vb. denom. break bones, break
c.db.ad	H1636	גַּרְמִי		גַּרְמִי adj.gent. c. art. 1 Ch 4:19.
c.dc.aa		גרן	root	גרן (√ of foll.; ? cf. Ar. Arabic, become accustomed, worn smooth (of skin, garment, etc.); also grind grain vehemently; vid. further Arabic what one has ground, of grain; & place in which dates are dried = Arabic).
c.dc.ab	H1637	גֹּ֫רֶן		גֹּ֫רֶן n.m. threshing-floor
c.dc.ac		גָּרֹן		גָּרֹן גָּרוֹן v. גרה
c.dc.ad		גָּרַס		גָּרַס v. גרשׂ
c.dd.aa	H1639	גָּרַע	root	[גָּרַע] vb. diminish, restrain, withdraw Qal diminish restrain withdraw Niph. be withdrawn be restrained Pi. withdraw = draw up
c.dd.ab	H4052	מִגְרָעָה		[מִגְרָעָה] n.f. recess, rebatement (RV), i.e. ledge, only pl., 1 K 6:6.
c.de.aa	H1640	גָּרַף	root	[גָּרַף] vb. sweep away—Ju 5:21.
c.de.ab	H0106	אֶגְרֹף		[אֶגְרֹף] n.[m.] fist
c.de.ac	H4053	מֶגְרָפָה		[מֶגְרָפָה] n.f. shovel only pl. Jo 1:17
c.df.aa	H1641	גָּרַר	root	[גָּרַר] vb. drag, drag away Qal drag away Niph. (the) cud he cheweth not Po‛al sawn with the saw Hithpo. a (sweeping) roaring whirlwind
c.df.ab	H1625	גֵּרָה		גֵּרָה n.f. cud, only in legislation of clean and unclean animals
c.df.ac	H1626	גֵּרָה		גֵּרָה n.f. a weight, 20th part of shekel, gerah
c.df.ad	H1620	גַּרְגַּר		[גַּרְגַּר] n.m. berry Is 17:6.
c.df.ae	H1621	גַּרְגְּרוֹת		גַּרְגְּרוֹת n.f.pl. neck
c.df.af	H4050	מְגֵרָה		מְגֵרָה n.f. saw
c.df.ag	H1642	גְּרָר		גְּרָר n.pr.loc. south of Gaza, usually identif. with mod. Umm Jerâr
c.dg.aa		גרשׂ	root	גרשׂ (Ar. Arabic bray, pound, grind coarse, Aram. גְּרַס (rare) crush, Syriac crushed, Syriac crush, destroy; cf. following).
c.dh.aa	H1638	גָּרַס	root	[גָּרַס] vb. be crushed Qal my soul is crushed (i.e. perisheth: cf. Syr.) with longing for Hiph. and he hath crushed my teeth with gravel, fig. of divine chastisement.
c.dh.ab	H1643	גֶּ֫רֶשׂ		גֶּ֫רֶשׂ n.[m.] a crushing, but only concrete of that which is crushed, groats, grits
c.di.aa	H1644	גָּרַשׁ	root	[גָּרַשׁ] vb. drive out, cast out Qal cast out, thrust out Niph. be driven away Pi. drive out, away Pu. subj. Israelites; subj. despised and miserable outcasts
c.di.ab	H1645	גֶּ֫רֶשׁ		[גֶּ֫רֶשׁ] n.[m.] thing thrust or put forth, yield; Dt 33:14 yield, produce of moons; i.e. produce in its seasons
c.di.ac	H1646	גְרוּשָׁה		[גְרוּשָׁה] n.f. expulsion, violence. Only pl. sf. Ez 45:9 your acts of expulsion
c.di.ad	H1647	גֵּרְשֹׁם		גֵּרְשֹׁם n.pr.m. son of Moses and Ṣipporah a son of Levi a son of Phinehas
c.di.ae	H1648	גֵּרְשׁוֹן		גֵּרְשׁוֹן n.pr.m. son of Levi
c.di.af	H1649	גֵּרְשֻׁנִּי		גֵּרְשֻׁנִּי adj.gent. c. art. as subst. collect.
c.di.ag	H4054	מִגְרָשׁ		מִגְרָשׁ n.m. common, common-land, open land
c.di.ah		גֹּרֹתָיו		גֹּרֹתָיו v. גּוֹר sub. גור
c.dj.aa		גשׁם	root	גשׁם (√ of foll.; cf. Arabic be bulky, massive, Arabic body, Syr. Syriac id.)
c.dj.ab	H1654	גֶּ֫שֶׁם		גֶּ֫שֶׁם n.pr.m. an opponent of Nehemiah
c.dj.ac	H1653	גֶּ֫שֶׁם		גֶּ֫שֶׁם n.m. rain, shower
c.dj.ad	H1652	גשׁם		גשׁם vb. denom. Pu. be rained upon Hiph. cause or send rain
c.dj.ae	H1656	גֹּ֫שֶׁם		[גֹּ֫שֶׁם] n.[m.] Ez 22:24 acc. to punct.; but cf. sub גשׁם vb.
c.dj.af		גַּשְׁמוּ		גַּשְׁמוּ v. גֶּשֶׁם
c.dj.ag	H1657	גֹּ֫שֶׁן		גֹּ֫שֶׁן n.pr.loc. district in Egypt E. of lower Nile a city—not clearly located, but on southern border of Judah.
c.dj.ah	H1658	גִּשְׁפָּא		גִּשְׁפָּא n.pr.m. named after צִיחָא as an officer of Nethinim Ne 11:21
c.dk.aa		גשׁר	root	גשׁר (√ of foll. Cf. As. gašâru, strengthen, make firm Lotz TPRegister; Ar. Arabic be bold, also arch a bridge, cf. Arabic, Arabic bridge, NH גֶּשֶׁר id., Aram. גִּישְׁרָא, Syriac, Syriac).
c.dk.ab	H1650	גְּשׁוּר		גְּשׁוּר n.pr.m. (bridge? or land of bridges?). of people of land
c.dk.ac	H1651	גְּשׁוּרִי		גְּשׁוּרִי adj.gent. people dwelling in Geshûr a tribe of, or near, the Philistines
c.dl.aa	H1659	גשׁשׁ	root	[גשׁשׁ] vb. feel with the hand, feel, stroke Pi. Is 59:10 grope, grope for
c.dl.ab		גַּת		גַּת גַּת גִּתִּי גִּתַּיִם גִּתִּית v. יגן
c.dl.ac	H1666	גֶּ֫תֶר		גֶּ֫תֶר n.pr.m. a son of Aram
d.aa.aa		ד	root	ד, דּ Dā̌leth, fourth letter; in modern Heb. = numeral 4; ד̈ = 4000; no evidence of this usage in OT times.
d.ab.aa	H1669	דָּאֵב	root	[דָּאֵב] vb. become faint, languish
d.ab.ab	H1670	דְּאָבָה		דְּאָבָה n.f. faintness, failure of mental energy, dismay Jb 41:14 and before him (i.e. the crocodile) danceth dismay.
d.ab.ac	H1671	דְּאָבוֹן		[דְּאָבוֹן] n.[m.] faintness, languishing, De 28:65
d.ac.aa	H1672	דָּאַג	root	דָּאַג vb. be anxious, concerned, fear
d.ac.ab	H1673	דֹּאֵג		דֹּאֵג n.pr.m. an Edomite, servant of Saul
d.ac.ac	H1674	דְּאָגָה		דְּאָגָה n.f. anxiety, anxious care
d.ac.ad		דָּאג		דָּאג v. דָּג sub. דגה
d.ad.aa	H1675	דָּאָה	root	[דָּאָה] vb. fly swiftly, dart through
d.ad.ab	H1676	דָּאָה		דָּאָה n.f. a bird of prey, possibly kite
d.ad.ac	H1772	דַּיָּה		[דַּיָּה] n.f. id. [דָּאָה]—frequenting ruins Is 34:15
d.ad.ad		דֹּאר		דֹּאר v. דור
d.ad.ae		דֹּב		דֹּב דּוֹב v. דבב
d.ae.aa		דבא	root	דבא (√ of foll.; existence & mng. dub.)
d.ae.ab	H1679	דֹּ֫בֶא		[דֹּ֫בֶא] n.[m.] perh. rest, but sense very doubtful De 33:25.
d.af.aa	H1680	דָּבַב	root	[דָּבַב] vb. move gently, glide, glide over Ct 7:10
d.af.ab	H1677	דֹּב		דֹּב n.m., f. bear (from soft or gliding motion)
d.af.ac	H1681	דִּבָה		דִּבָה n.f. whispering, defamation, evil report (? as that which glides stealthily)
d.af.ad	H1686	דִּבְיוֹנִים		דִּבְיוֹנִים n.[m.] so Qr; = דב יונים dove’s dung (?) 2 K 6:25 for Kt חרייונים; 𝔊 κόπρου περιστερῶν (Klo gives conject. emend.)
d.ag.aa		דבל	root	דבל (Ar. Arabic collect, also make into lumps, gobbets (Lane); Eth. & cogn. in deriv.)
d.ag.ab	H1690	דְּבֵלָה		דְּבֵלָה n.f. lump of pressed figs, pressed (fig-) cake
d.ag.ac	H1689	דִּבְלָה		[דִּבְלָה] n.pr.loc. only c. Ez 6:14
d.ag.ad	H1691	דִּבְלַ֫יִם		[דִּבְלַ֫יִם] n.pr.m. father of Gomer wife of Hosea Ho 1:3.
d.ag.ae		דִּבְלָתַ֫יִם		דִּבְלָתַ֫יִם בֵּית דִּבְלָתַיִם v. בית ד׳ v. אלמן ד׳
d.ah.aa	H1692	דָּבַק	root	דָּבַק, דָּבֵק vb. cling, cleave, keep close Qal cling, cleave to cling, cleave to Pu. of crocodile’s scales, they are joined together Hiph. cause to cling or cleave to pursue closely overtake Hoph. and my tongue is made to cleave (to) my gums
d.ah.ab	H1695	דָּבֵק		דָּבֵק adj. clinging, cleaving (to)
d.ah.ac	H1694	דֶּ֫בֶק		דֶּ֫בֶק n.m. joining, soldering, appendage
d.ai.aa	H1696	דָבַר	root	[דָבַר] 1142 vb. speak (original mng. dub.) Qal speak Niph. reciprocal sense, speak with one another, talk Pi. speak Pu. in the day when she may be spoken for Hithp. speaking this word Hiph. either leads subject, or puts to flight, fig. for subdues
d.ai.ab	H1697	דָּבָר		דָּבָר 1439 n.m. speech, word sg. speech, discourse, saying, word, as the sum of that which is spoken sg. saying, utterance, sentence, as a section of a discourse sg. a word, words sg. matter, affair, thing about which one speaks
d.ai.ac	H1698	דֶּ֫בֶר		דֶּ֫בֶר 49 n.m. pestilence plague, pestilence, in general cattle-plague, murrain
d.ai.ad	H1699	דֹּ֫בֶר		[דֹּ֫בֶר] n.[m.] pasture
d.ai.ae	H1702	דֹּבְרוֹת		דֹּבְרוֹת n.f.pl. floats, rafts 1 K 5:23.
d.ai.af	H1700	דִּבְרָה		[דִּבְרָה] n.f. cause, reason, manner
d.ai.ag	H1682	דְּבוֹרָה		דְּבוֹרָה n.f. bee (swarm of bees)
d.ai.ah	H1683	דְּבוֹרָה		דְּבוֹרָה n.pr.f. (bee) the nurse of Rebekah the prophetess
d.ai.ai	H1705	דָּֽבְרַת		דָּֽבְרַת n.pr.loc. Levitical city in Issachar
d.ai.aj	H1687	דְּבִיר		דְּבִיר n.m. hindmost chamber, innermost room of the temple of Solomon
d.ai.ak	H1688	דְּבִיר		דְּבִיר n. pr. m. king of Eglon n. pr. loc. N. border of Judah town of the Gadites a royal city of Canaanites
d.ai.al	H1699	דִּבֵּר		דִּבֵּר n.[m.] speaking Je 5:13
d.ai.am	H1703	דַּבֶּ֫רֶת		[דַּבֶּ֫רֶת] n.f. word—he receiveth of thy words Dt 33:3 (poem).
d.ai.an	H1704	דִּבְרִי		דִּבְרִי n.pr.m. a Danite Lv 24:11.
d.ai.ao	H4057	מִדְבָּר		[מִדְבָּר] n.m. mouth, as organ of speech, Ct 4:3
d.ai.ap	H4057	מִדְבָר		מִדְבָר 270 n.m. wilderness tracts of land, used for the pasturage of flocks and herds uninhabited land large tracts of such land bearing various names, in certain districts of which there might be towns and cities fig.
d.aj.aa		דבשׁ	root	דבשׁ (√ of foll.; cf. Ar. Arabic IX. become black or brown, of a colour between black and red; vid. deriv.; so Fl v. infr.; yet vb. in this mng. perh. denom. fr. Arabic i.e. having the colour of dibs).
d.aj.ab	H1706	דְּבַשׁ		דְּבַשׁ 64 n.m. honey
d.aj.ac	H1708	דַּבֶ֫שֶׁת		[דַּבֶ֫שֶׁת] n. f. hump (of camel) n. pr. loc. on border of Zebulun
d.aj.ad	H3031	יִדְבָּשׁ		יִדְבָּשׁ n.pr.m. a son of Etam ? 1 Ch 4:3
d.ak.aa	H1711	דָּגָה	root	[דָּגָה] vb. multiply, increase (intr.); Gn 48:16 (E).
d.ak.ab	H1709	דָּג		דָּג n.m. fish
d.ak.ac	H1710	דָּגָה		דָּגָה n.f. fish
d.ak.ad	H1770	דוג		[דוג, דִּיג] vb. denom. fish for, catch Je 16:16
d.ak.ae	H1728	דַּיָּג		[דַּיָּג] n.m. Ez 47:10 fisher, fisherman
d.ak.af	H1729	דּוּגָה		דּוּגָה n.f. fishing, fishery
d.ak.ag	H1712	דָּגוֹן		דָּגוֹן n.pr.m. god & idol of Philistines
d.al.aa	H1713	דָּגַל	root	[דָּגַל] vb. look, behold Ct 5:10
d.al.ab	H1714	דֶּ֫גֶל		[דֶּ֫גֶל] n.m. standard, banner
d.al.ac	H1713	דָּגַל		[דָּגַל] vb. denom. carry, or set up standard, banner Qal set up standard in battle Niph. bannered, supplied with standards
d.am.aa		דגן	root	דגן (√ of foll. mng. dub.; NH דְּגֵּן Pa. heap up etc. seems to he denom.; Ol §215b. 4 der. דָּגָן fr. דָּגָה, cf. MV; WeSkizzen III. 170 inclines to regard דָּגָן as der. fro n. pv. divin. דגן (cf. דָּגוֹן), as cereal fr. Ceres).
d.am.ab	H1715	דָּגָן		דָּגָן n.m. corn, grain (of cereals)
d.an.aa	H1716	דָּגַר	root	[דָּגַר] vb. gather together as a brood
d.an.ab	H1717	דַּד		[דַּד] n.m. breast, better teat, nipple
d.an.ac		דֹּד		דֹּד דֹּדָה v. דוד
d.ao.aa	H1718	דָּדָה	root	[דָּדָה] vb. [move slowly] Pi. lead slowly Hithp. walk deliberately, at ease, or as in procession
d.ao.ab		דדי		דדי v. דּוֹדוֹ sub. דוד
d.ao.ac	H1719	דְּדָן		דְּדָן n.pr.loc. & gent. under fig. of son of רַעֲמָה and grandson of כּוּשׁ as son of יָקְשָׁן, father of אַשּׁוּרִם etc.
d.ao.ad		דְּדָ֫נֶה		דְּדָ֫נֶה v. דְּדָן
d.ao.ae	H1720	דְּדָנִי		[דְּדָנִי] adj.gent. only pl. as subst. Is 21:13.
d.ao.af		דֹּדָנִים		דֹּדָנִים רֹדָנִים v. רוֹדָנִים
d.ap.aa	H1724	דָּהַם	root	[דָּהַם] vb. astonish, astound Niph. Je 14:9 like a man astounded
d.aq.aa	H1725	דָּהַר	root	[דָּהַר] vb. rush, dash, of horse Qal Na 3:2.
d.aq.ab	H1726	דַּהֲרָה		[דַּהֲרָה] n.f. rushing, dashing, of riders Ju 5:22
d.aq.ac	H8410	תִּדְהָר		תִּדְהָר n.[m.] name of a tree, prob. elm
d.ar.aa	H1727	דּוּב	root	[דּוּב] vb. pine away
d.ar.ab		דּוֹב		דּוֹב v. דבב
d.ar.ac		דוג		דוג דַּוָּג דּוּגָה v. דגה
d.as.aa		דוד	root	דוד (√ assumed for foll., wh. however perh. primitive caressing word, Fl NH WB i. 439 swing, rock, dandle, fondle, love; > Thes Dietr Sem. Wortforsch. 277 MV, who connect with דּוּד (cf. infr.) cf. Syr. Syriac disturb).
d.as.ab	H1730	דּוֹד		דּוֹד n.m. beloved, love (pl.), uncle
d.as.ac	H1733	דֹּדָה		[דֹּדָה] n.f. aunt
d.as.ad	H1734	דּוֹדוֹ		דּוֹדוֹ n.pr.m. (his beloved) man of tribe of Issachar Kt father of אֶלְחָנָן
d.as.ae	H1737	דּוֹדַי		דּוֹדַי n.pr.m. = דּוֹדוֹ (q.v.) 1 Ch 27:4
d.as.af	H1735	דּוֹדָוָהוּ		דּוֹדָוָהוּ n.pr.m. father of Eliezer 2 Ch 20:37.
d.as.ag	H1732	דָּוִד		דָּוִד, דָּוִיד 1066 n.pr.m. David
d.as.ah	H1736	דּוּדַי		[דּוּדַי] n.m. mandrake—On דּוּדָאֵי vessels, baskets, v. דּוּד
d.as.ai	H1731	דּוּד		דּוּד n.m. pot, jar pot, kettle receptacle for carrying, all Vrss basket
d.at.aa	H1738	דָּוָה	root	[דָּוָה] vb. be ill, unwell Lv 12:2.
d.at.ab	H1741	דְּוַי		דְּוַי n.[m.] illness
d.at.ac	H1739	דָּוֶה		דָּוֶה adj. faint, unwell
d.at.ad	H4064	מַדְוֶה		[מַדְוֶה] n.m. sickness
d.at.ae	H1742	דַּוָּי		[דַּוָּי] adj. faint
d.at.af	H1773	דְּיוֹ		דְּיוֹ n.m. ink Je 36:18
d.au.aa	H1740	דּוּחַ	root	[דּוּחַ, דִּיחַ] vb. rinse, cleanse away by rinsing, washing Hiph. rinse, victims to be offered in sacrifice fig. cleanse by washing
d.au.ab		דויג		דויג v. דֹּאֵג sub. דאג
d.av.aa	H1743	דּוּךְ	root	[דּוּךְ] vb. pound, beat (in mortar) Nu 11:8
d.av.ab	H4085	מְדֹכָה		מְדֹכָה n.f. mortar, Nu 11:8.
d.av.ac	H1744	דּוּכִיפַת		דּוּכִיפַת n.f. an unclean bird, perh. hoopoe
d.aw.aa		דום	root	דום (NH דום spread slander, perh. orig. whisper, cf. דמם, דממה).
d.aw.ab	H1745	דּוּמָה		דּוּמָה n.f. silence; also oracle of silence, i.e. of concealment, hidden meaning
d.aw.ac	H1746	דּוּמָה		דּוּמָה n.pr. m. son of Ishmael city in mountains of Judah name of Edom with mystic mng.
d.aw.ad	H1747	דּוּמִיָּה		דּוּמִיָּה, דֻּמִיָּה n.f. silence, still waiting, repose
d.aw.ae	H1748	דּוּמָם		דּוּמָם n.[m.] silence … stone of silence = dumb stone; adv. in silence, silently
d.aw.af		דּוּמֶּ֫שֶׂק		דּוּמֶּ֫שֶׂק v. דַּמֶּשֶׂק
d.aw.ag		דון		דון v. דין
d.aw.ah		דּוּן		דּוּן v. דִּין
d.ax.aa	H1750	דּוּץ	root	[דּוּץ] vb. spring, leap, dance Jb 41:14 before him danceth dismay.
d.ay.aa		דוק	root	דוק (? √ of foll.; mng. dub. cf. Sm Ez 4:2 Lag Ges Abhandl. 36).
d.ay.ab	H1785	דָּיֵק		דָּיֵק n.m. bulwark, siege-wall
d.az.aa	H1752	דּוּר	root	דּוּר vb. 1. heap up, pile. 2. dwell
d.az.ab	H1754	דּוּר		דּוּר n.[m.] circle, ball
d.az.ac	H1755	דּוֹר		דּוֹר, דֹּר n.m. period, generation, dwelling period, age, generation, mostly poet. of men living at a particular time (period, age), generation, as transitory generation characterized by quality or condition, class of men dwelling-place, habitation
d.az.ad	H1756	דֹּאר		דֹּאר, דּוֹר n.pr.loc. city in Manasseh, on Mediterr., S. of Carmel
d.az.ae	H4071	מְדוּרָה		מְדוּרָה n.f. pile (of wood, etc.) = pyre
d.ba.aa	H1758	דּוּשׁ	root	דּוּשׁ, דִּישׁ vb. tread, thresh Qal tread on, trample on Niph. be trampled down Hoph. be threshed
d.ba.ab	H1786	דַּ֫יִשׁ		דַּ֫יִשׁ n.m. threshing, i.e. the process of threshing, Lv 26:5 (H)
d.ba.ac	H4098	מְדֻשָֿׁה		[מְדֻשָֿׁה] n.f. that which is threshed; Is 21:10
d.ba.ad	H1788	דִּישֹׁן		דִּישֹׁן n.[m.] a clean animal; pygarg, a kind of antelope or gazelle; perh. rather mountain-goat; only Dt 14:5
d.ba.ae	H1787	דִּישֹׁן		דִּישֹׁן n.pr.m. a son of Seir a son of Anah & grandson of Seir
d.ba.af	H1789	דִּישָׁן		דִּישָׁן n.pr.m. a son of Seir
d.bb.aa	H1760	דָּחָה	root	דָּחָה vb. push, thrust Qal push Niph. be thrust or cast down Pu. they are thrust down
d.bb.ab	H1762	דְּחִי		[דְּחִי] n.[m.] stumbling
d.bb.ac	H4072	מִדְחֶה		מִדְחֶה n.m. means or occasion of stumbling, Pr 26:28
d.bc.aa	H1760	דָּחַח	root	[דָּחַח] vb. only Niph. Impf. 3mpl. Je 23:12 they shall be thrust down
d.bd.aa		דחן	root	דחן (√ of following; perh. cf. Ar. Arabic smoke arose, hence become dusky, dingy, inclining to black).
d.bd.ab	H1764	דֹּ֫חַן		דֹּ֫חַן n.m. millet, Ez 4:9
d.be.aa	H1765	דָּחַף	root	[דָּחַף] vb. drive, hasten (late) Qal of runners Niph. hasten one’s self, hurry
d.be.ab	H4073	מַדְחֵפָה		[מַדְחֵפָה] n.f. thrust, ψ 140:12
d.bf.aa	H1766	דָּחַק	root	[דָּחַק] vb. thrust, crowd, oppress
d.bg.aa	H1767	דַּי	root	דַּי subst. sufficiency, enough absol. thrice only Combined with בְּ, כְּ, and esp. מִן בְּדֵי כְּדֵי according to the sufficiency, or abundance, of מִדֵי out of the abundance of, hence as often as
d.bg.ab	H1774	דִּי זָהָב		דִּי זָהָב n.pr.loc. appar. on border of Moab Dt 1:1 (𝔊 Καταχρύσεα).
d.bg.ac	H1769	דִּיבֹן		דִּיבֹן, דִּיבוֹן n.pr.loc. city in Moab place in Judah, toward south
d.bg.ad		דִּיג		דִּיג דַּיָג v. דגה
d.bg.ae		דַּיָּה		דַּיָּה v. דאה
d.bg.af		דְּיוֹ		דְּיוֹ v. דוה
d.bg.ag		דִּימוֹן		דִּימוֹן v. דִּיבוֹן
d.bg.ah		דִּימוֹנָה		דִּימוֹנָה v. דִּיבוֹן
d.bh.aa	H1777	דִּין	root	דִּין vb. judge Qal act as judge, minister judgment plead the cause execute judgment, vindicate execute judgment, requite govern he cannot contend with one mightier than he Niph. and all the people were at strife throughout all the tribes of Israel
d.bh.ab	H1779	דִּין		דִּין n.[m.] judgment throne of judgment cause, plea judgment, condemnation strife government
d.bh.ac	H1783	דִּינָה		דִּינָה n.pr.f. daughter of Jacob
d.bh.ad	H1835	דָּן		דָּן n.pr.m. (judge) son of Jacob and Bilhah the tribe of Dan a city on northern frontier of Israel at one of the sources of the Jordan
d.bh.ae	H1839	דָּנִי		דָּנִי adj.gent. alw. c. art. as n.pr. coll.
d.bh.af	H1781	דַּיָּן		דַּיָּן n.m. judge
d.bh.ag	H1840	דָּנִאֵל		דָּנִאֵל, later דָנִיֵּאל n.pr.m. (Ēl is my judge) son of David דָנִיֵּאל, priest of the line of Ithamar דָּנִאֵל a great sage דָנִיֵּאל, one of the noble young men taken into captivity by Nebuchadrezzar
d.bh.ah	H4066	מָדוֹן		מָדוֹן n.m. strife, contention strife, contention object of contention
d.bh.ai	H4068	מָדוֹן		מָדוֹן n.pr.loc. a royal city of the Canaanites
d.bh.aj	H4091	מְדָן		מְדָן n.pr.m. son of Abraham and Keturah
d.bh.ak	H4080	מִדְיָן		מִדְיָן n.pr.m. son of Abraham and Keturah an Arabian tribe the land of Midian; land on Ælanitic gulf
d.bh.al	H4084	מִדְיָנִי		מִדְיָנִי adj.gent. Midianite
d.bh.am	H4082	מְדִינָה		מְדִינָה m.f. province districts of realm of Ahab of the Babylonian empire of the Persian empire provinces in general
d.bh.an	H3036	יָדוֹן		יָדוֹן n.pr.m. a Meronothite, one of the builders of the walls of Jerusalem Ne 3:7.
d.bh.ao	H7384	דִּיפַת		דִּיפַת n.pr.m. a son of Gomer, son of Japhet 1 Ch 1:6
d.bh.ap		דָּיֵק		דָּיֵק v. דוק
d.bh.aq		דִּישׁ		דִּישׁ דַּיִשׁ דִּישֹׁן דִּישָׁן v. דושׁ
d.bi.aa	H1792	דָּכָא	root	[דָּכָא] vb. crush, poet. not in Qal;Niph. crushed, fig. = contrite ones Pi. crush Pu. crushed, broken in pieces, shattered Hithp. crushed
d.bi.ab	H1793	דַּכָּא		דַּכָּא adj. contrite (crushed)
d.bi.ac	H1793	דַּכָּא		דַּכָּא n.[m.] dust (as pulverized), ψ 90:3
d.bj.aa	H1794	דָּכָה	root	[דָּכָה] vb. id. (only ψ); Qal dub. and he is crushed, or and he croucheth Niph. be crushed, broken; be contrite Pi. crush down
d.bj.ab	H1796	דֳּכִי		[דֳּכִי] n.[m.] (crushing), crashing, dashing, ψ 93:3 of ocean (waves).
d.bk.aa		דכך	root	דכך (√ of foll.; cf. Ar. Arabic, Aram. דְּכַךְ, NH in deriv.; v. also דכא, דכה).
d.bk.ab	H1790	דַּךְ		דַּךְ adj. crushed, oppressed
d.bk.ac	H1795	דַּכָּה		דַּכָּה n.f. crushing, Dt 23:2 one wounded by crushing (viz. the testicles).
d.bk.ad		דָּל		דָּל דַּל v. דלה
d.bk.ae		דַּל		דַּל v. דלל
d.bl.aa	H1801	דָּלַג	root	[דָּלַג] vb. leap Qal leap Pi. leap, leap over
d.bm.aa	H1802	דָּלָה	root	דָּלָה vb. draw (water) Qal draw Pi. thou hast drawn me up
d.bm.ab	H1817	דָּל		[דָּל] n.[m.] door only fig.: ψ 141:3.
d.bm.ac	H1817	דָּלָה		[דָּלָה] n.f. door, Is 26:20 fig., door of chamber in which people (personified) hides
d.bm.ad	H1805	דְּלִי		דְּלִי n.[m.] bucket
d.bm.ae	H1808	דָּלִיּוֹת		[דָּלִיּוֹת] pl. of [דָּלִית] n.f. branch, bough
d.bm.af	H1817	דֶּ֫לֶת		דֶּ֫לֶת n.f. door door of house door of room gates of city in other senses
d.bm.ag	H1806	דְּלָיָ֫הוּ		דְּלָיָ֫הוּ, דְּלָיָה n.pr.m. (Yah(u) hath drawn) a priest, contemp. David a prince of Judah, contemp. Jerem. head of a family contemp. with Zerubb. descendant of Zerubb. father of contemp. of Neh.
d.bn.aa	H1804	דָּלַח	root	[דָּלַח] vb. make turbid
d.bo.aa	H1809	דָּלַל	root	[דָּלַל] vb. hang, be low, languish Qal hang, ‘depend’ Niph. be brought low, laid low
d.bo.ab	H1800	דַּל		דַּל adj. low, weak, poor, thin (especially common in Wisd. lit. and poet.)
d.bo.ac	H1803	דַּלָּה		דַּלָּה n.f. coll. hair, thrum
d.bo.ad	H1803	דַּלָּה		[דַּלָּה] n.f. the poor
d.bo.ae	H1807	דְּלִילָה		דְּלִילָה n.pr.f. Delila, a Philistine woman, mistress of Samson
d.bo.af	H1810	דִּלְעָן		דִּלְעָן n.pr.loc. a city of Judah, Jos 15:38.
d.bp.aa	H1811	דָּלַף	root	[דָּלַף] vb. drop, drip
d.bp.ab	H1812	דֶּ֫לֶף		דֶּ֫לֶף n.m. a dropping (of rain)
d.bp.ac	H1813	דַּלְפוֹן		דַּלְפוֹן n.pr.m. a son of Haman, Est 9:7.
d.bq.aa	H1814	דָּלַק	root	[דָּלַק] vb. burn (intrans.), hotly pursue Qal burn hotly pursue Hiph. inflame
d.bq.ab	H1816	דַּלֶּ֫קֶת		דַּלֶּ֫קֶת n.f. inflammation, Dt 28:22.
d.bq.ac		דֶּלֶת		דֶּלֶת v. דלה
d.br.aa	H1818	דָּם	root	דָּם 300 n.m. blood blood of man or animal usually blood become visible blood used with religious significance fig. of wine
d.bs.aa	H1819	דָּמָה	root	דָּמָה vb. be like, resemble Qal be like, resemble Pi. liken, compare; imagine, think, devise liken, i.e. consider to be like, compare imagine, form an idea, devise Hithp. make oneself or become like
d.bs.ab	H1823	דְּמוּת		דְּמוּת n.f. likeness, similitude likeness, similitude, of external appearance adverbially,in likeness of, like as
d.bs.ac	H1825	דִּמְיֹן		[דִּמְיֹן] n.[m.] likeness, ψ 17:12 his likeness is as a lion, i.e. he is like a lion.
d.bt.aa	H1820	דָּמָה	root	[דָּמָה] vb. cease, cause to cease, cut off, destroy Qal intr. cease cause to cease, cut off, destroy Niph. be cut off, destroyed, ruined
d.bt.ab	H1824	דֳּמִי		דֳּמִי n.[m.] cessation, quiet, pause, rest
d.bu.aa	H1826	דָּמַם	root	[דָּמַם] vb. be or grow dumb, silent, still Qal be silent be still (opp. to both speech and motion) be struck dumb, astounded Niph. be made silent, i.e. destroyed Po. ‘composed and quieted my soul’ Hiph. he (God) hath silenced us (= caused us to perish)
d.bu.ab	H1827	דְּמָמָה		דְּמָמָה n.f. (silence) whisper
d.bu.ac	H1822	דֻּמָּה		דֻּמָּה n.f. one silenced, brought to silence (?; destroyed?)
d.bv.aa	H1826	דָּמַם	root	[דָּמַם] vb. wail—Is 23:2
d.bw.aa		דמן	root	דמן (√ of foll., mng. dub.; Ar. Arabic, prepare, improve, manure land, appar. denom.)
d.bw.ab	H1828	דֹּ֫מֶן		דֹּ֫מֶן n.m. dung always in this form and always of corpses, lying on the ground as offal
d.bw.ac	H1829	דִּמְנָה		דִּמְנָה n.pr.loc. Levitical city in Zebulun
d.bw.ad	H4086	מַדְמֵן		מַדְמֵן n.pr.loc. in Moab
d.bw.ae	H4087	מַדְמֵנָה		מַדְמֵנָה n.f. dung-place, dung-pit, Is 25:10
d.bw.af	H4088	מַדְמֵנָה		מַדְמֵנָה n.pr.loc. in Benjamin, N. of Jerusalem Is 10:31.
d.bw.ag	H4089	מַדְמַנָּה		מַדְמַנָּה n.pr.loc. city of southern Judah n.pr.m. descendant of Caleb
d.bx.aa	H1830	דָּמַע	root	[דָּמַע] vb. weep, Je 13:17.
d.bx.ab	H1831	דֶּ֫מַע		[דֶּ֫מַע] n.[m.] (weeping, trickling) juice, i.e. wine or (&) oil Ex 22:28
d.bx.ac	H1832	דִּמְעָה		דִּמְעָה n.f. coll. tears (chiefly poet. and late; freq. in Je. and contemp.)
d.bx.ad	H1834	דַּמֶּ֫שֶׂק		דַּמֶּ֫שֶׂק n.pr.loc. Damascus
d.bx.ae	H1833	דְּמֶשֶׁק		דְּמֶשֶׁק n.[m.]? Am 3:12; punct. & mng. dub. damask, silk, etc.
d.bx.af		דָּן		דָּן v. דין
d.bx.ag		דָּנִאֵל		דָּנִאֵל v. דין
d.by.aa		דנג	root	דנג (√ of foll. mng. unknown).
d.by.ab	H1749	דּוֹנַג		דּוֹנַג n.m. wax
d.by.ac	H1837	דַּנָּה		דַּנָּה n.pr.loc. a city of Judah ‘in the hill country,‘ Jos 15:49
d.by.ad	H1838	דִּנְהָ֑בָה		דִּנְהָ֑בָה n.pr.loc. capital city of king Bela in Edom
d.by.ae		דָּנִיֵּאל		דָּנִיֵּאל v. דָּנִאֵל sub. דין
d.by.af		דֵּעַ		דֵּעַ דֵּעָה v. ידע
d.by.ag		דְּעוּאֵל		דְּעוּאֵל v. ידע v. רעה
d.bz.aa	H1846	דָּעַךְ	root	[דָּעַךְ] vb. go out, be extinguished Qal go out, be extinguished Niph. be made extinct, dried up Pu. of assailants, be extinguished, quenched
d.bz.ab		דַּעַת		דַּעַת v. ידע
d.ca.aa		דפה	root	דפה (√ of foll. mng. unknown; NH דֹּופִי is blemish, fault).
d.ca.ab	H1848	דֳּפִי		[דֳּפִי] n.[m.] blemish, fault ψ 50:20 against thy mother’s son thou dost allege a fault
d.cb.aa	H1849	דָּפַק	root	[דָּפַק] vb. beat, knock Qal beat (in driving, drive severely or cruelly) Hithp. beat violently (beat themselves tired) against the door.
d.cb.ab	H1850	דָּפְקָה		דָּפְקָה n.pr.loc. first station of Isr. after מדבר סין
d.cb.ac		דַּק		דַּק דֹּק v. דקק
d.cc.aa		דקל	root	דקל (√ of foll. cf. Arabic a kind of palm; NH דֶּקֶל, date-tree, palm, Aram. דִּיקְלָא, Arabic).
d.cc.ab	H1853	דִּקְלָה		דִּקְלָה n.pr.m.(loc.) a son of Joktan, i.e. an Arabian territory or people
d.cd.aa	H1854	דָּקַק	root	[דָּקַק] vb. crush, pulverize, thresh; be fine Qal crush (trans.) be fine Hiph. make dust of, pulverize Hoph. be crushed
d.cd.ab	H1851	דַּק		דַּק adj. thin, small, fine
d.cd.ac	H1852	דֹּק		דֹּק n.[m.] veil, curtain (as thin), Is 40:22
d.ce.aa	H1856	דָּקַר	root	[דָּקַר] vb. pierce, pierce through Qal pierce, run through Niph. be pierced through Pu. pierced, riddled
d.ce.ab	H1857	דֶּ֫קֶר		דֶּ֫קֶר n.pr.m. (piercing, i.e. sharp weapon? Talm. pick, mattock) 1 K 4:9 בֶּן־דֶּקֶר cf. sub. בן.
d.ce.ac	H4094	מַדְקָרָה		[מַדְקָרָה] n.f. piercing, stab, thrust, only Pr 12:18
d.ce.ad		דַּר		דַּר v. דרר
d.ce.ae		דֹּר		דֹּר v. דור
d.cf.aa		דרא	root	דרא (√ of foll. cf. Arabic repel).
d.cf.ab	H1860	דֵּרָאוֹן		דֵּרָאוֹן n.m. aversion, abhorrence, Is 66:24
d.cg.aa		דרב	root	דרב (√ of foll. cf. Arabic become accltstomed, trained, Arabic train, cf. Fl NHWB i. 444; also Eth. Ethiopic (quadrilit.) jaculando infigere, etc.; or, since דָּרְבָן Aram. in form, & I S 13:21 perh. secondary, possibly regard as Aram. loan-word & connect with Ar. Arabic be sharp, penetrating (GFM, note of Apr. 1892)).
d.cg.ab	H1861	דָּרבָן		דָּרבָן n.[m.] goad, 1 S 13:21
d.cg.ac	H1861	דָּֽרְבֹנָה		[דָּֽרְבֹנָה] n.[f.] goad, only abs. pl. Ec 12:11
d.ch.aa		דרג	root	דרג (√ of foll. cf. Ar. Arabic go on foot, step by step, walk, Arabic rise in grade, rank; NH דרג Hiph. raise, make high; Eth. Ethiopic is be connected; Aram. Syriac (verb denom. acc. to PS); also As. darâgu, be high, lift, Lyon Sargontexte 80, durgu, daragu, path, way (of steep mountain paths) COTGloss (cf. also דרך) ; Ar. Arabic; a step, stair, Aram. דַּרְגָּא, Syriac, Syriac, id.)
d.ch.ab	H4095	מַדְרֵגָה		מַדְרֵגָה n.f. steep place, steep
d.ch.ac	H1862	דַּרְדַּע		דַּרְדַּע n.pr.m. only 1 K 5:11 Ethan the Ezrahite, and Heman, and Calcol, and Darda, the sons of Mahol = דָ֖רַע 1 Ch 2:6
d.ch.ad		דַּרְדַּר		דַּרְדַּר v. דרר
d.ch.ae		דָּרוֹם		דָּרוֹם דְּרוֹר v. דרר
d.ch.af	H1867	דָּֽרְיָ֫וֶשׁ		דָּֽרְיָ֫וֶשׁ n.pr.m. Darius Darius Hystaspis, 522-485 Darius Codomannus, 336-332 ‘Darius the Mede,’
d.ch.ag		דַּרְיוֹשׁ		דַּרְיוֹשׁ דָּרַשׁ v. דרשׁ
d.ci.aa	H1869	דָּרַךְ	root	דָּרַךְ vb. tread, march Qal tread, march, march forth tread upon tread wine- (or oil-) press tread (i.e. bend) the bow Hiph. tread, tread down tread (bend) the bow causat. cause to tread or march, lead
d.ci.ab	H1870	דֶּ֫רֶךְ		דֶּ֫רֶךְ 715 n.m. way, road, distance, journey, manner way, road, path journey of direction, almost or quite = toward way, manner fig. of course of life, or action, undertakings of moral action and character of duty specif.: in good sense oftener in bad sense way of י׳
d.ci.ac	H4096	מִדְרָךְ		[מִדְרָךְ] n.[m.] treading- or stepping-place, place for the foot to tread on, only Dt 2:5
d.ci.ad	H0150	דַּרְכְּמוֹן		[דַּרְכְּמוֹן, אֲדַרְכּוֹן] n.[m.] unit (appar. of weight, certainly) of value, rare & late, perh. drachma, others daric
d.ci.ae		דָּרְמֶשֶׂק		דָּרְמֶשֶׂק v. דַּמֶּשֶׂק
d.cj.aa		דרע	root	דרע (acc. to Thes connected with Aram. דְּרָע, אֶדְרָע arm, Heb. זְרֹועַ, whence foll. in sense strong, of fortified city ; this, however, is dub.)
d.cj.ab	H0154	אֶדְרֶ֫עִי		אֶדְרֶ֫עִי n.pr.loc. a chief city of Bashan
d.cj.ac		דָּ֫רַע		דָּ֫רַע v. דרדע
d.ck.aa		דרק	root	דרק
d.ck.ab	H1874	דַּרְקוֹן		דַּרְקוֹן n.pr.m. head of family of Nethinim, who went up with Zerubbabel
d.cl.aa		דרר	root	דרר (√ of foll. words: Ar. Arabic;— stream, flow abundantly (of milk, tears, rain, etc.), cf. I. דְּרֹור. be abundant, luxuriant (of herbage), cf. Arabic a kind of tree, now elm (Lane), & דַּרְדַּר. run vehemently, easily (of horse), cf. Arabic swift horse, or other beast, & II. דְּרֹור. give light, shine (of lamp), cf. Arabic shining star, Arabic glistening or shining of sword, Arabic pearls (coll.) & דַּר; hence prob. דָּרֹום).
d.cl.ab	H1858	דַּר		דַּר n.[m.] pearl? mother of pearl? (Ar. Arabic pearls, Arabic a pearl) Est 1:6.
d.cl.ac	H1865	דְּרוֹר		דְּרוֹר n.[m.] a flowing; free run, liberty;— myrrh of flowing, fine-flowing m. proclaim liberty
d.cl.ad	H1866	דְּרוֹר		דְּרוֹר n.f. swallow
d.cl.ae	H1864	דָּרוֹם		דָּרוֹם n.m. south (poet. & late)
d.cl.af	H1863	דַּרְדַּר		דַּרְדַּר n.[m.] thistles (coll.)
d.cm.aa	H1875	דָּרַשׁ	root	דָּרַשׁ 162 vb. resort to, seek Qal (tread a place,) resort to, frequent seek, consult, inquire of seek deity in prayer and worship seek, with idea of demanding, require inquire, investigate (a matter) ask for, require, demand seek with application, study, follow, practise seek with care, care for Niph. let oneself be inquired of, consulted, only of God be sought out be required, of blood
d.cm.ab	H4097	מִדְרָשׁ		[מִדְרָשׁ] n.[m.] study, exposition, midrash
d.cn.aa	H1876	דָּשָׁא	root	[דָּשָׁא] vb. sprout, shoot, grow green Qal Jo 2:22 Hiph. Gn 1:11 cause to sprout or shoot forth
d.cn.ab	H1877	דֶּ֫שֶׁא		דֶּ֫שֶׁא n.m. grass
d.co.aa	H1878	דָּשֵׁן	root	דָּשֵׁן vb. be fat, grow fat Qal fig. of Isr.’s prosperity Pi. causat. make fat i.e. anoint, symbol of festivity and joy; of bodily effect of good news; find a burnt-offering fat = acceptable; elsewhere denom.;—take away, clear away the fat ashes (acc. of altar cleared) Pu. pass. of causat. Pi. be made fat, of dust saturated Hothp. of Yahweh’s sword:—it hath fattened itself
d.co.ab	H1880	דֶּ֫שֶׁן		דֶּ֫שֶׁן n.m. fatness, fat ashes fatness, abundance, luxuriance, oil fat ashes; i.e. ashes of victims, mixed with fat
d.co.ac	H1879	דָּשֵׁן		דָּשֵׁן adj. fat
d.co.ad	H1881	דָּת		דָּת n.f. decree, law, usage, only in Persian period decree, edict, commission of Pers. king law, permanently valid and applicable
d.co.ae	H1885	דָּתָן		דָּתָן n.pr.m. a Reubenite, son of Eliab
d.co.af	H1886	דֹּתָן		דֹּתָן n.pr.loc. in N. Israel, north of Samaria
e.aa.aa		ה	root	ה Hē, fifth letter; = numeral 5 in postBHeb.; no evidence of this usage in OT times.
e.ab.aa	d	הַ‍ּ	root	הַ‍ּ, הַ, הָ, הֶ, definite article, the joined with substantives With adjectives, participles, and demonstrative pronouns The article is prefixed exceptionally—mostly in the latest Hebrew—with the force of a relative to the verb
e.ac.aa	i	הֲ	root	הֲ, הַ, הַ‍ּ, הֶ, interrog. part., prefixed, as a rule, to the first word of a sentence (or clause) in direct questions In indirect interrogation, whether
e.ac.ab		הַל		הַל
e.ad.aa	H1887	הֵא	root	הֵא interj. lo, behold!
e.ae.aa	H1889	הֶאָח	root	הֶאָח interj. (onomatop.) expressing joy, Aha!
e.ae.ab		הָארָרִי		הָארָרִי v. הֲרָרִי
e.ae.ac		הַב		הַב v. יהב
e.ae.ad		הַבְהָבִים		הַבְהָבִים v. יהב
e.af.aa	H1892	הֶ֫בֶל	root	הֶ֫בֶל 73 n.m. vapour, breath
e.af.ab	H1891	הָבַל		הָבַל vb. denom. act emptily, become vain Qal they went after vanity and became vain Hiph. cause to become vain (of false prophets) i.e. fill you with vain hopes.
e.ag.aa	H1893	הֶ֫בֶל	root	הֶ֫בֶל, הָ֑בֶל n.pr.m. second son of Adam
e.ag.ab	H1894	הָבְנִי		[הָבְנִי] n.[m.] ebony—only pl. Ez 27:15 Qr
e.ah.aa	H1895	הָבַר	root	[הָבַר] vb. ? divide Qal Is 47:13 Kt, they that divide the heavens, that gaze at the stars; ה׳ then ers to the distinguishing of signs of the zodiac, or other astrological division of the sky
e.ah.ab	H1896	הֵגֵא		הֵגֵא n.pr.m. eunuch of Ahasuerus
e.ai.aa		הגג	root	הגג (murmur, then muse; cf. Ar. Arabic burn, blaze (of fire), make a murmuring noise in burning; PS gives Syr. Syriac phantasma vidit, somniavit,. Ethpe. & esp. Ethpa. mente concepit, imaginatus est; cf. also הָגָה).
e.ai.ab	H1901	הָגִיג		[הָגִיג] n.m. murmuring (Che), whisper, musing
e.ai.ac		הַגֻּדְגֹּ֫דָה		הַגֻּדְגֹּ֫דָה v. גדד
e.aj.aa	H1897	הָגָה	root	הָגָה vb. moan, growl, utter, speak, muse (only poet.) Qal of inarticulate sounds growl, of lion growling over prey groan, moan, in distress (like dove) utter of inarticulate sounds (soliloquize) meditate, muse imagine, devise Po. a conceiving and an uttering, out of the heart, lying words Hiph. those that make chirpings and mutterings, of necromancers and wizards
e.aj.ab	H1899	הֶ֫גֶה		הֶ֫גֶה n.m. a rumbling, growling, moaning
e.aj.ac	H1900	הָגוּת		הָגוּת n.f. meditation, musing, only ψ 49:4
e.aj.ad	H1902	הִגָּיוֹן		הִגָּיוֹן n.m. resounding music, meditation, musing
e.ak.aa	H1898	הָגָה	root	הָגָה vb. remove
e.ak.ab		הֵגַי		הֵגַי הֵגָ֑י v. הֵגֵא
e.al.aa		הגן	root	הגן (NH הָגַן, Aram. הֲגַן be suitable, fit, worthy: on orig. mng. cf. Fl in NHWB, s.v.)
e.al.ab	H1903	הָגִין		[הָגִין] adj. appropriate, suitable?—Ez 42:12
e.am.aa		הגר	root	הגר (√ of foll.; ? cf. Ar. Arabic forsake, retire; Arabic emigration, Hegira).
e.am.ab	H1904	הָגָר		הָגָר n.pr.f. Hagar, Sarah's Egyptian maid, mother of Ishmael
e.am.ac	H1905	הַגְרִי		הַגְרִי n.pr.gent. a tribe (Aramean? Arabian?) with which the E. Jordan Israelites waged successful war adj.gent. of an officer of David n.pr.m. father of one of David’s warriors
e.am.ad		הַגְרִיאִים		הַגְרִיאִים הַגְרִאִים v.
e.am.ae		הֵד		הֵד v. הדד
e.an.aa		הדד	root	הדד (perh. make a loud noise: so Ar. Arabic (of a falling building, rain, the sea, a braying camel); Arabic crash (of a falling wall, etc.), Arabic thunder).
e.an.ab	H1959	הֵידָד		הֵידָד n.m. shout, shouting, cheer
e.an.ac	H1906	הֵד		הֵד n.[m.] id. [e.an.ab], only Ez 7:7 (joyous) shout on mountains
e.an.ad	H0111	הֲדַד		הֲדַד n.pr.m. Hadad name of kings of Edom an Edomite
e.an.ae	H1909	הֲדַדְעֶ֫זֶר		הֲדַדְעֶ֫זֶר n.pr.m. Hadadezer
e.an.af	H1910	הֲדַדְרִמּוֹן		הֲדַדְרִמּוֹן n.pr.divin. (or n.pr.loc. der. fr. n.pr.divin.), Hadadrimmon
e.ao.aa	H1911	הָדָה	root	הָדָה vb. stretch out the hand Is 11:8
e.ao.ab	H3056	יַהְדַּי		[יַהְדַּי] n.pr.m. one of the family of Caleb 1 Ch 2:47
e.ao.ac		הֹדֹה		הֹדֹה v. הוד
e.ao.ad	H1912	הֹ֫דּוּ		הֹ֫דּוּ n.pr.loc. India
e.ao.ae	H1913	הֲדוֹרָם		הֲדוֹרָם n.pr.m. Arabian tribe, called son of Joktan son of Tou king of Hamath
e.ao.af	H1914	הִדַּי		הִדַּי n.pr.m. one of David’s heroes
e.ap.aa	H1915	הָדַךְ	root	[הָדַךְ] vb. cast or tread down Qal Jb 40:12
e.aq.aa		הדם	root	הדם (√ of foll., cf. Ar. Arabic overthrow, overturn, cast down).
e.aq.ab	H1916	הֲדֹם		הֲדֹם n.m. stool, footstool
e.aq.ac	H1918	הֲדַס		הֲדַס n.m. myrtle (-tree), only late
e.aq.ad	H1919	הֲדַסָּה		הֲדַסָּה n.pr.f. Jewish name of Esther (= myrtle) Est 2:7
e.ar.aa	H1920	הָדַף	root	[הָדַף] vb. thrust, push, drive Qal thrust, push thrust out, drive out = depose
e.as.aa	H1921	הָדַר	root	[הָדַר] vb. swell (?), honour, adorn Qal swell honour, pay honour to adorn Niph. were (not) honoured Hithp. honour oneself, i.e. claim honour
e.as.ab	H1925	הֶ֫דֶר		הֶ֫דֶר n.[m.] ornament, adornment, splendour, only Dn 11:20
e.as.ac	H1926	הָדָר		הָדָר n.m. ornament, splendour, honour (chiefly poet.)
e.as.ad	H1927	הֲדָרָה		[הֲדָרָה] n.f. adornment, glory
e.as.ae	H1924	הֲדַר		הֲדַר n.pr.m. a king in Edom (Aram. form) Gn 36:39 = הֲדַד (q.v.) 1 Ch 1:50
e.as.af	H1913	הֲדֹרָם		הֲדֹרָם n.pr.m. an official of Rehoboam
e.as.ag		הֲדַרְעֶ֫זֶר		הֲדַרְעֶ֫זֶר v. הֲדַדְעֶזֶר
e.at.aa	H1929	הָהּ	root	הָהּ interj. expressing woe, alas! Ez 30:2
e.au.aa	H1930	הוֹ	root	הוֹ interj. Ah! Am 5:16 of mourners
e.av.aa		הוּ	root	הוּ Je 29:23 Kt, v. הוּא.
e.aw.aa	H1931	הוּא	root	הוּא m. הִיא f., pron. of the 3rd ps. sing. he, she, used also (in both genders) for the neuter it an emph. he (she, it, they), sometimes equivalent to himself (herself, itself, themselves), or (esp. with the art.) that (those) It resumes the subj. with emph. Where, however, the pron. follows the pred., its position gives it the minimum of emphasis, and it expresses (or resumes) the subject as unobtrusively as possible It anticipates (as it seems) the subject As an emph. predicate, of God In a neuter sense, that, it (of an action, occurrence, matte, etc.) With the art.: so regularly when joined to a subst. defined itself by the art.
e.ax.aa	H1933	הָוָא	root	[הָוָא] vb. fall
e.ax.ab		הובנים		הובנים v. הָבְנִי
e.ay.aa		הוד	root	הוד (√ of foll.; De Jb 39:20 compo Bed. Arabic crash, roar, resonance; 'weithin hallende Selbstverkündigung' Id. ψ 8:6; but Arabic ordinarily means be gentle, quiet, esp. in speech).
e.ay.ab	H1935	הוֹד		הוֹד n.m. splendour, majesty, vigour (chiefly poet.)
e.ay.ac	H1936	הוֹד		הוֹד n.pr.m. (splendour, vigour)—a man of Asher 1 Ch 7:37.
e.ay.ad	H1937	הודוה		הודוה Kt, הוֹדְיָה Qr, n.pr.m. only in Ne 7:43 of a Levitical family
e.ay.ae	H1941	הוֹדִיָּה		הוֹדִיָּה n.pr.m. (my splendour is Yah) a man of Judah Levites a chief of the people
e.ay.af		הוֹדְיָה		הוֹדְיָה v. הודוה
e.ay.ag		הוֹדַוְיָה		הוֹדַוְיָה הוֹדַוְיָהוּ הודיוהו v. ידה
e.az.aa	H1933	הָוָה	root	[הָוָה] vb. become
e.az.ab	H1942	הַוָּה		הַוָּה n.f. 1. desire; 2. chasm, fig. destruction
e.az.ac	H1962	הַיָּה		הַיָּה n.f. destruction, Jb 6:2 Kt
e.az.ad	H1943	הֹוָה		הֹוָה n.f. ruin, disaster
e.az.ae	H3069	יהוה		יהוה c. 6823 i.e. יַהְוֶה n.pr.dei Yahweh, the proper name of the God of Israel—(1. MT יְהֹוָה 6518 (Qr אֲדֹנָי), or יֱהֹוִה 305 (Qr אֱלֹהִים) 2. Many recent scholars explain יַהְוֶה as Hiph. of הוה (= היה) the one bringing into being, life-giver) יהוה is not used by E in Gn, but is given Ex 3:12-15 as the name of the God who revealed Himself to Moses at Horeb יהוה is used with אלהים and suffixes, especially in D the phrase † אֲנִי יהוה is noteworthy יהוה is also used with several predicates, to form sacred names of holy places of Yahweh
e.az.af	H3050	יָהּ		יָהּ 60 n.pr.dei contr. fr. יהוה, first appears in early poems
e.az.ag	H3058	יֵהוּא		יֵהוּא n.pr.m. king of Israel who overthrew the dynasty of Omri prophet of N. Israel in time of Baasha & Jehoshaphat one of David’s heroes a Judahite a Simeonite prince
e.az.ah	H3059	יְהוֹאָחָז		יְהוֹאָחָז, יְוֹאָחָז n.pr.m. (י׳ hath grasped) king of Judah, son of Josiah king of Isr., son of Jehu king of Judah, son of Jehoram of Judah father of יוֹאָח Josiah’s chronicler
e.az.ai	H3060	יְהוֹאָשׁ		יְהוֹאָשׁ, יוֹאָשׁ n.pr.m. (י׳ is strong) king of Judah, son of Ahaziah king of Israel, son of Jehoahaz father of Gideon a prince of Ahab’s house one of David’s heroes a Judaite prince
e.az.aj	H3075	יְהוֹזָבָד		יְהוֹזָבָד, יוֹזָבָד n.pr.m. servant & murderer of Joash of Judah three of David’s mighty men a Benjamite chief priests & Levites
e.az.ak	H3076	יְהוֹחָנָן		יְהוֹחָנָן, יוֹחָנָן n.pr.m. a priest high priest Levite son of Tobiah porter in David’s time a Judaite captain an Ephraimite an Israelite, Ezra’s time a Jewish captain, after fall of Jerus. eldest son of king Josiah a post-exilic prince of the line of David father of Azariah, priest in Sol.’s time two of David’s mighty men a returning exile
e.az.al	H3077	יְהוֹיָדָע		יְהוֹיָדָע, יוֹיָדָע n.pr.m. (י׳ knoweth) father of Benaiah (chief) priest at Jerus. in time of Joash a builder at wall of Jerus., with Nehemiah son of h. p. Eliashib
e.az.am	H3078	יְהוֹיָכִין		יְהוֹיָכִין, יְהוֹיָכִן, יוֹיָכִין n.pr.m. (י׳ appointeth) last king but one of Judah, son of Jehoiakim = כׇּנְיָהוּ
e.az.an	H3079	יְהוֹיָקִים		יְהוֹיָקִים, יוֹיָקִים, יוֹקִים n.pr.m. (י׳ raiseth up) one of the last kings of Judah, son of Josiah priest, son of Jeshua a Judaite
e.az.ao	H3080	יְהוֹיָרִיב		יְהוֹיָרִיב, יוֹיָרִיב n.pr.m. (י׳ pleadeth, or contendeth) name of a priestly family teacher in Ezra’s time a Judaite
e.az.ap	H3081	יְהוּכַל		יְהוּכַל, יוּכַל n.pr.m. (prob. contr. fr. י׳ is able) a courtier of king Zedekiah
e.az.aq	H3082	יְהוֹנָדָב		יְהוֹנָדָב, יוֹנָדָב n.pr.m. (י׳ is noble, or is liberal, or hath impelled) son of Rechab & chief of the Rechabites nephew of David
e.az.ar	H3083	יְהוֹנָתָן		יְהוֹנָתָן, יוֹנָתָן n.pr.m. (י׳ hath given) son of Saul son of Abiathar nephew of David of David, i.e. his uncle? one of David’s heroes one of David’s treasurers a scribe Levites a priest priest to the tribe of Dan, son of Gershom a Judaite captain, after fall of Jerus. a Judaite father of Ebed son of Asahel a priest son of Joiada
e.az.as	H3085	יְהוֹעַדָּה		יְהוֹעַדָּה n.pr.m. a descendant of Saul
e.az.at		יהועדין		יהועדין v.
e.az.au	H3086	יְהוֹעַדָּן		יְהוֹעַדָּן n.pr.f. mother of Amaziah, king of Judah
e.az.av	H3087	יְהוֹצָדָק		יְהוֹצָדָק, יוֹצָדָק n.pr.m. (י׳ is righteous) father of Joshua the high-priest
e.az.aw	H3088	יְהוֹרָם		יְהוֹרָם, יוֹרָם, יֹרָם n.pr.m. (י׳ is exalted) king of Judah, son of Jehoshaphat king of Israel son of Ahab priest in time of Jehoshaphat son of Tou, king of Hamath a Levite
e.az.ax	H3089	יְהוֹשֶׁבַע		יְהוֹשֶׁבַע, יְהוֹשַׁבְעַת n.pr.f. (י׳ is an oath) daughter of Joram of Judah, & wife of Jehoiada the priest
e.az.ay		יְהוֹשַׁבְעַת		יְהוֹשַׁבְעַת v.
e.az.az	H3091	יְהוֹשׁוּעַ		יְהוֹשׁוּעַ, יְהוֹשֻׁעַ, and (later) יֵשׁוּעַ, n.pr.m. (& loc., v. 9 infr.) (י׳ is salvation or י׳ is opulence) Moses’ successor, son of Nun a Bethshemite h.p. after the restoration, son of Jehozadak governor of Jerusalem under Josiah head of one of the classes of priests a Levitical family-name of frequent occurrence father of a builder at the wall a Judaite family-name n.pr.loc. in south of Judah
e.az.ba	H1953	יְהוֹשָׁמָע		[יְהוֹשָׁמָע] only abbrev. (or txt. err.) הוֹשָׁמָע n.pr.m. (י׳ hath heard)—a descendant of the royal house of Judah 1 Ch 3:18
e.az.bb	H3092	יְהוֹשָׁפָט		יְהוֹשָׁפָט, יוֹשָׁפָט n.pr.m. (י׳ hath judged) king of Judah, son of Asa father of Jehu king of Israel chronicler under David & Solomon, son of Ahilud one of Sol.’s 12 officers who provided victuals for the royal household one of David’s heroes a priest & trumpeter in David’s time in n.pr.loc., symbolical name of a valley near Jerusalem, place of ultimate judgment.
e.az.bc	H3097	יוֹאָב		יוֹאָב n.pr.m. (י׳ is father) David’s sister’s son & captain of host a descendant of Judah a family-name after exile
e.az.bd	H3098	יוֹאָח		יוֹאָח n.pr.m. (י׳ is brother) son of Asaph the chronicler in Hezekiah’s time Levites son of Zimmah id. son of Joahaz the chronicler in Josiah’s time son of Obed-edom
e.az.be		יוֹאָחָז		יוֹאָחָז v. יְהוֹאָחָז
e.az.bf	H3100	יוֹאֵל		יוֹאֵל n.pr.m. (usu. interpr. as י׳ is God) Samuel’s firstborn a Simeonite prince a Reubenite a Gadite chief a chief man of Issachar one of David’s heroes a chief of Manasseh a Jew of Ezra’s time a Benjamite the prophet, son of Pethuel Levites
e.az.bg		יוֹאָשׁ		יוֹאָשׁ v. יְהוֹאָשׁ
e.az.bh		יוֹזָבָד		יוֹזָבָד v. יְהוֹזָבָד
e.az.bi	H3108	יוֹזָכָר		יוֹזָכָר n.pr.m. (י׳ hath remembered)—servant & murderer of Joash king of Judah 2 K 12:22
e.az.bj		יוֹחָנָן		יוֹחָנָן v. יְהוֹחָנָן
e.az.bk		יוֹיָדָע		יוֹיָדָע v. יְהוֹיָדָע
e.az.bl		יוֹיָכִין		יוֹיָכִין v. יְהוֹיָכִין
e.az.bm		יוֹיָקִים		יוֹיָקִים v. יְהוֹיָקִים
e.az.bn		יוֹיָרִיב		יוֹיָרִיב v. יְהוֹיָרִיב
e.az.bo	H3115	יוֹכֶ֫בֶד		יוֹכֶ֫בֶד n.pr.f. (י׳ is glory) daughter of Levi, wife of Amram and mother of Moses
e.az.bp		יוּכַל		יוּכַל v. יְהוּכַל
e.az.bq		יוֹנָדָב		יוֹנָדָב v. יְהוֹנָדָב
e.az.br		יוֹנָתָן		יוֹנָתָן v. יְהוֹנָתָן
e.az.bs	H3133	יוֹעֵד		יוֹעֵד n.pr.m. 𝔊 Ἰωαδ (י׳ is a witness) a Benjamite Ne 11:7.
e.az.bt	H3134	יוֹעֶ֫זֶר		יוֹעֶ֫זֶר n.pr.m. (י׳ is a help) one of David’s mighty men 1 Ch 12:7
e.az.bu	H3135	יוֹעָשׁ		יוֹעָשׁ n.pr.m. (י׳ hath aided) a Benjamite, son of Becher an officer under David
e.az.bv		יוֹצָדָק		יוֹצָדָק v. יְהוֹצָדָק
e.az.bw		יוֹקִים		יוֹקִים v. יְהוֹיָקִים
e.az.bx		יוֹרָם		יוֹרָם v. יְהוֹרָם
e.az.by		יוֹשָׁפָת		יוֹשָׁפָת v. יְהוֹשָׁפָת
e.az.bz	H3147	יוֹתָם		יוֹתָם n.pr.m. (י׳ is perfect) king of Judah, son of Azariah youngest son of Jerubaal (Gideon) a descendant of Caleb
e.az.ca		יֵשׁוּעַ		יֵשׁוּעַ v. יְהוֹשׁוּעַ
e.az.cb	H1944	הוֹהָם		הוֹהָם n.pr.m. Canaanitish king of Hebron Jos 10:3.
e.ba.aa	H1945	הוֹי	root	הוֹי 81 interj. expressing usually dissatisfaction and pain, Ah, Alas, Ha (not distinctly Woe!) used in lamentations
e.bb.aa	H1949	הוּם	root	[הוּם, הִים] vb. murmur, roar, discomfit Qal and he shall discomfit them (with) a great discomfiture Niph. be in a stir, of a city; of ground re-echoing shout Hiph. shew disquietude; they (i.e. fold & pasture) shall murmur with men.
e.bb.ab	H4103	מְהוּמָה		מְהוּמָה n.f. tumult, confusion, disquietude, discomfiture
e.bb.ac		הוֹמָם		הוֹמָם v. המם
e.bc.aa	H1951	הוּן	root	[הוּן] vb. be easy—only Hiph. regard as easy to go up, or make light of going up
e.bc.ab	H1952	הוֹן		הוֹן n.m. wealth, sufficiency (poet., almost wholly WisdLt, especially Pr)
e.bc.ac		הוֹר		הוֹר v. הַר sub. הרר
e.bc.ad		הוֹשָׁמָע		הוֹשָׁמָע v. יהוה sub. היה
e.bc.ae		הוֹשֵׁעַ		הוֹשֵׁעַ v. ישׁע
e.bc.af		הוֹשַׁעְנָה		הוֹשַׁעְנָה v. ישׁע
e.bd.aa	H2050	הוּת	root	[הוּת] vb. shout at
e.bd.ab		הוֹתִיר		הוֹתִיר v. יתר
e.be.aa	H1957	הָזָה	root	[הָזָה] vb. dream, rave
e.be.ab	H1958	הִי		הִי (?) n.[m.] lamentation, wailing, only Ez 2:10
e.be.ac		הִיא		הִיא v. הוּא
e.be.ad		הֵידָד		הֵידָד v. הדד
e.be.ae		הֻיְּדוֹת		הֻיְּדוֹת v. ידה
e.bf.aa	H1961	הָיָה	root	הָיָה 3570 vb. fall out, come to pass, become, be Qal Fall out, happen occur, take place, come about, come to pass esp. & very oft., come about, come to pass וַיְהִי and it came to pass that, most often (c. 292 t.) rarely also Pf. c. וְ conj. וְהָיָה less oft. וְהָיָה Pf. consec. and it shall come to pass, or frequentat. came to pass (repeatedly, etc.) Come into being, become abs., in lively narrative, arise, appear, come sq. prep. become sq. pred. noun (to be viewed as implicit accus.) sq. pred. adj. become like sq. pred. לְ pers. sq. לְ pred. oft. c. לְ pred. לְ pers. with עַל and לְ sts. c. לְ pers. only = became the property of, come into the possession of Be (often with subbordinate idea of becoming) exist, be in existence abide, remain, continue with word of locality, be in or at a place, be situated, stand, lie as copula, joining subj. & pred. periphrastic conjug. Niph. either be done, be brought about, or occur, come to pass be done, finished, gone
e.bf.ab		הַיָּה		הַיָּה v. הַיָּה
e.bg.aa	H1963	הֵיךְ	root	הֵיךְ adv. how?
e.bh.aa	H1964	הֵיכָל	root	הֵיכָל n.m. palace, temple rather seld. (royal) palace of palace of God considered as king, = house of God or of י׳, temple
e.bh.ab		הֵילֵל		הֵילֵל v. הלל
e.bh.ac		הִים		הִים v. הוּם
e.bh.ad		הֵימָם		הֵימָם v. הוֹמָם sub. המם
e.bh.ae		הֵימָן		הֵימָן v. אמן
e.bh.af	H1969	הִין		הִין n.m. Lv 19:36 hin, a liquid measure (𝔊 εἴν) a measure vessel with capacity if hin
e.bi.aa	H1970	הָכַר	root	[הָכַר] vb. only Qal or Hiph. Jb 19:3, sense very dubious; (as Hiph.) ye cause me to wonder; (as Qal) ye deal hardly with me, wrong me
e.bi.ab		הַכָּרַת		הַכָּרַת הַכָּרָה v. נכר
e.bi.ac		הַל		הַל v. הֲ
e.bi.ad		הָלָא		הָלָא v.
e.bj.aa	H1973	הָֽ֫לְאָה	root	הָֽ֫לְאָה adv. out there, onwards, further of place of time
e.bj.ab	H1972	הָלָא		הָלָא vb. denom. removed far off
e.bk.aa	H1975	הַלָּז	root	הַלָּז pron.comm. this
e.bl.aa	H1976	הַלָּזֶה	root	הַלָּזֶה this
e.bm.aa	H1977	הַלֵּ֫זוּ	root	הַלֵּ֫זוּ Ez 36:35 (fem.) [e.bl.aa]
e.bm.ab		הלחות		הלחות v. לוּחִית
e.bn.aa	H1980	הָלַךְ	root	הָלַךְ 1546 vb. go, come, walk Qal Impf. usually (629 t.) as if from ילך lit. of persons Also of animals, in similar meanings and combinations in like manner of inanimate things The inf. abs. is often used as in other vbs., quite independently to intensify meaning of finite form most noteworthy is the joining of the Inf. abs. with a following Inf. abs. denoting a simutaneous action or process, and so emphasizing duration or continuance with a foll. vb. fin. c. ו consec. (rare) in cases where vb. fin. is foll. by Inf. abs. adj. denoting progress, advance twice, where vb. fin. is not הלך, but another vb. denoting motion quite by itself 13 t. the Inf. abs. = Imv. & is followed by Pf. consec. akin to the use of Inf. abs. are some instances of Pt. In combination with other verbal forms Fig.; the most common uses follow; in most the origin in a literal meaning is evident: pass away, die live (‘walk’), in general of moral and religious life other fig. uses Pi. (chiefly poet. and late) walk in or with a throng also of walking about = living depart, go entirely away fig. of mode of life, action, etc. Hithp. walk, walk about, move to and fro Hiph. lead, bring lead away carry, bring fig. of influence on character cause to walk, go cause to flow, run cause to depart, retire, go back
e.bn.ab	H1982	הֵ֫לֶךְ		הֵ֫לֶךְ n.m. traveller (properly a going, journey, whence wayfarer, traveller)
e.bn.ac	H1978	הָלִיךְ		[הָלִיךְ] n.[m.] step, only pl. sf. Jb 29:6
e.bn.ad	H1979	הֲלִיכָה		[הֲלִיכָה] n.f. a going, way, travelling-company
e.bn.ae	H4109	מַהֲלָךְ		[מַהֲלָךְ] n.m. walk, journey, going (late) walk ‘of 10 cubits’ breadth before the chambers’ in Ezekiel’s temple journey fr. Bab. to Jerusalem; of dimensions of Nineveh, a journey of three days pl. goings, i.e. free access
e.bn.af	H8418	תַּהֲלוּכָה		[תַּהֲלוּכָה] n.f. procession, only pl. תַּהֲלֻכֹת Ne 12:31 of thanksgiving-processions at dedication of wall.
e.bo.aa	H1984	הָלַל	root	[הָלַל] vb. shine Qal when it, viz. his lamp, shone upon my head, fig. of God’s favour. Hiph. flash forth light
e.bo.ab	H1966	הֵילֵל		הֵילֵל n.m. appell. shining one, epith. of king of Babylon, Is 14:12
e.bp.aa	H1984	הָלַל	root	[הָלַל] vb. be boastful, Pi. praise Qal be boastful Pi. praise man or woman usually praise י׳ appar. boast, make one’s boast Pu. be praised Hithpa. glory, boast, make one’s boast Po‛el make into a fool, make a fool of Po‛al of laughter I said, It is mad (folly) Hithpo. act madly, or like a madman
e.bp.ab	H1985	הִלֵּל		הִלֵּל n.pr.m. (he hath praised) father of a judge of Israel
e.bp.ac	H1974	הִלּוּל		[הִלּוּל] n.[m.] rejoicing, praise
e.bp.ad	H1947	הוֹלֵלָה		[הוֹלֵלָה] n.f. madness
e.bp.ae	H1948	הוֹלֵלוּת		הוֹלֵלוּת n.f. id. [e.bp.ad] Ec 10:3
e.bp.af		הַלֲלוּיָהּ		הַלֲלוּיָהּ הַלֲלוּיָהֿ v. הלל
e.bp.ag	H3094	יְהַלֶּלְאֵל		יְהַלֶּלְאֵל n.pr.[m.] (he shall praise God) a man of Judah a Levite
e.bp.ah	H4110	מַהֲלָל		[מַהֲלָל] n.[m.] praise;—only in Pr 27:21
e.bp.ai	H4111	מַהֲלַלְאֵל		מַהֲלַלְאֵל n.pr.m. (praise of God) great-grandson of Seth a man of Judah
e.bp.aj	H8416	תְּהִלָּה		תְּהִלָּה n.f. praise, song of praise praise, adoration, thanksgiving, paid to י׳ the act of general, public, praise praise-song, as title qualities, deeds, etc., of י׳, demanding praise renown, fame, glory
e.bq.aa	H1986	הָלַם	root	[הָלַם] vb. strike, hammer, strike down
e.bq.ab	H1987	הֶ֫לֶם		הֶ֫לֶם n.pr.m. a man of Asher 1 Ch 7:35.
e.bq.ac	H1989	הַלְמוּת		הַלְמוּת n.f. hammer, mallet, only cstr. Ju 5:26 a workman’s hammer.
e.bq.ad	H3095	יַהֲלֹם		יַהֲלֹם n.[m.] a precious stone, jasper? (so 𝔊, 𝔙), or onyx? (appar. fr. √ הלם; owing to its hardness, as able to smite, hammer?)—mentioned in lists of precious stones Ex 28:18 39:11 Ez 28:13.
e.bq.ae	H4112	מַהֲלֻמֿוֹת		מַהֲלֻמֿוֹת n.f.pl. strokes, blows
e.br.aa	H1988	הֲלֹם	root	הֲלֹם adv. of place, hither
e.br.ab	H1990	הָ֑ם		הָ֑ם n.pr.loc. only in Gn 14:5; not otherwise known
e.br.ac	H1991	הם		[הם ?, המה ?] only in Ez 7:11 Ew nothing of their moaning, wailing; Thes RV wealth
e.br.ad	H4099	הַמְּדָתָא		הַמְּדָתָא n.pr.m. father of Haman
e.bs.aa	H1992	הֵ֫מָּה	root	הֵ֫מָּה and הֵם (without appreciable distinction in usage, except prob. in so far as the longer or shorter form was better adapted to the rhythm of particular sentences) pron. 3 pl. masc. they
e.bt.aa	H1993	הָמָה	root	[הָמָה] vb. murmur, growl, roar, be boisterous Qal growl like a dog murmur, fig. of soul in discouragement roar, of waves be in commotion, stir be boisterous, turbulent
e.bt.ab	H1995	הָמוֹן		הָמוֹן n.m. sound, murmur, roar, crowd, abundance sound, murmur, rush, roar tumult, confusion (as occasioning a roar) crowd, multitude great number, abundance (late) abundance, wealth
e.bt.ac	H1998	הֶמְיָה		[הֶמְיָה] n.f. sound, music, of instruments Is 14:11.
e.bt.ad	H1997	הֲמוֹנָהֿ		הֲמוֹנָהֿ n.pr.loc. a city appar. to be founded to commemorate defeat of Gog, Ez 39:16
e.bu.aa		המל	root	המל (√ of foll.; cf. Ar. Arabic shed tears (sc. the eye); rain steadily (sc. the sky)).
e.bu.ab	H1999	הֲמֻלָּה		הֲמֻלָּה, הֲמוּלָּה n.f. rain-storm (?), rushing or roaring sound (?):
e.bv.aa	H2000	הָמַם	root	הָמַם vb. make a noise, move noisily, confuse, discomfit
e.bv.ab	H1950	הוֹמָ֑ם		הוֹמָ֑ם n.pr.m. son of Seir the Horite 1 Ch 1:39 𝔊 Αἱμαν 𝔊L Ημαν; = הֵימָם Gn 36:22.
e.bv.ac	H1995	הָמַן		[הָמַן] vb. rage, be turbulent
e.bv.ad	H2001	הָמָן		הָמָן n.pr.m. Haman, favourite of Ahasuerus
e.bw.aa		המס	root	המס (√ of foll.; meaning dubious).
e.bw.ab	H2003	הֶ֫מֶס		[הֶ֫מֶס] n.[m.] only pl. brushwood Is 64:1
e.bx.aa		המר	root	המר (√ of foll.; cf. Ar. Arabic pour, pour out).
e.bx.ab	H4113	מַהֲמֹרָה		[מַהֲמֹרָה] n.f. flood, or watery pit (prop. place of flowing waters;—only pl. ψ 140:11
e.by.aa	H2004	הֵן	root	הֵן pron. 3 pl. fem.
e.bz.aa	H2005	הֵן	root	הֵן 100 demonstr.adv. or interj. lo!, behold (on etym. v. הִנֵּה), less widely used than הִנֵּה, and in prose mostly confined to calling attention to some fact upon which action is to be taken, or a conclusion d
e.bz.ab	H2009	הִנֵּה		הִנֵּה, once הִנֶּה־ Gn 19:2, demonstr.part. lo!, behold!
e.bz.ac	H2008	הֵ֫נָּה		הֵ֫נָּה 49 adv. hither of place of time
e.bz.ad		הֵ֫נָּה		הֵ֫נָּה v. הֵ֫מָּה
e.bz.ae		הֲנָחָה		הֲנָחָה v. נוח
e.bz.af	H2011	הִנֹּם		הִנֹּם n.pr.m. only n.pr.loc. of valley S. of Jerusalem
e.bz.ag	H2012	הֵנַע		הֵנַע n.pr.loc. site unknown
e.bz.ah		הֲנָפָה		הֲנָפָה v. נוף
e.ca.aa	H2013	הַס	root	הַס, הָ֑ס interj. hush!, keep silence (prob. onomatop.) Inflected as though a verb. Hence as denom. Hiph. and Caleb stilled the people.
e.ca.ab		הֲפֻגָה		הֲפֻגָה v. פוג
e.cb.aa	H2015	הָפַךְ	root	הָפַךְ vb. turn, overturn Qal trans. turn, turn about, turn over overturn, overthrow turn = change, transform intrans. turn, turn back turn = change, change into Niph. reflex. & intrans. turn oneself, turn, turn back turn = change (oneself) be perverse pass. be turned, turn over to be reversed be turned, changed be overturned, overthrown be upturned, of subterran. work of miners Hithp. turn this way & that, every way transform oneself Hoph. there have been turned upon me terrors
e.cb.ab	H2016	הֶ֫פֶךְ		הֶ֫פֶךְ n.m. the contrary, contrariness, perversity the contrary, opposite thing Ez 16:34 Is 29:16 Oh, your perversity!
e.cb.ac	H2018	הֲפֵכָה		הֲפֵכָה n.f. overthrow, of the cities (of the plain) Gn 19:29
e.cb.ad	H2019	הֲפַכְפַּךְ		הֲפַכְפַּךְ adj. crooked, Pr 21:8
e.cb.ae	H4114	מַהְפֵּכָה		[מַהְפֵּכָה] n.f. overthrow
e.cb.af	H4115	מַהְפֶּ֫כֶת		מַהְפֶּ֫כֶת n.f. stocks or similar instrum. of punishment
e.cb.ag	H8419	תַּהְפֻּכָה		[תַּהְפֻּכָה] n.f. perversity, perverse thing
e.cb.ah		הֻצַּב		הֻצַּב נָצַב v. נצב
e.cb.ai		הַצָּלָה		הַצָּלָה v. נצל
e.cb.aj	H2021	הֹ֫צֶן		הֹ֫צֶן n.[m.] deriv. & mng. dub.; only Ez 23:24
e.cb.ak		הַר		הַר v. הרר
e.cb.al	H2023	הֹר		הֹר n.pr.mont. mt. on border of Edom a NE. spur of Lebanon
e.cb.am	H2024	הָרָא		הָרָא n.pr.loc. 1 Ch 5:26
e.cb.an		הַרְאֵל		הַרְאֵל v. אֲרִאֵיל sub. ארה
e.cc.aa	H2026	הָרַג	root	הָרַג vb. kill, slay Qal kill, slay, implying ruthless violence hence of wholesale slaughter after battle of God’s slaying in judgment rarely of judicial killing by men (at God’s command) of killing beasts of killing by beasts quite general destroy, ruin Niph. shall priest and prophet be slain in the sanctuary? pass. of Qal 1 b Pu. be slain
e.cc.ab	H2027	הֶ֫רֶג		הֶ֫רֶג n.m. slaughter
e.cc.ac	H2028	הֲרֵגָה		הֲרֵגָה n.f. slaughter
e.cd.aa	H2029	הָרָה	root	הָרָה vb. conceive, become pregnant Qal lit. conceive, become pregnant metaph. Pu. a man hath been conceived Po. conceive, contrive, devise
e.cd.ab	H2030	הָרָה		הָרָה adj.f. pregnant
e.cd.ac		הֵרוֹן		הֵרוֹן v. הֵרָיוֹן
e.cd.ad	H2030	הָרִיָּה		[הָרִיָּה] adj.f. pregnant, only pl. as subst. Ho 14:1
e.cd.ae	H2032	הֵרָיוֹן		הֵרָיוֹן n.[m.] conception, pregnancy
e.cd.af	H2033	הֲרוֹרִי		הֲרוֹרִי adj.gent. 1 Ch 11:27
e.cd.ag	H2036	הֹרָם		הֹרָם n.pr.m. a Canaanitish king ruling in Gezer Jos 10:33.
e.cd.ah	H2037	הָרֻם		הָרֻם n.pr.m. a Judaite 1 Ch 4:8.
e.cd.ai		הָרָם		הָרָם v. בֵּית הָרָם
e.cd.aj	H2038	הַרְמוֹן		[הַרְמוֹן] n.m. mng. dub.; text perhaps corrupt; only Am 4:3 and ye shall cast them into Harmon
e.cd.ak		הָרמִּים		הָרמִּים v. אֲרַמִּי
e.cd.al	H2039	הָרָן		הָרָן n.pr.m. (mountaineer; i.e. mountain-people (or land)?) son of Teraḥ, brother of Abraham and father of Lot a Levite (Gershonite)
e.ce.aa	H2040	הָרַס	root	הָרַס vb. throw down, break or tear down Qal throw down, tear down break down, break away break through Niph. be thrown or torn down Pi. overthrow, tear down
e.ce.ab	H2041	הֶ֫רֶס		הֶ֫רֶס n.[m.] overthrow, destruction, only Is 19:18
e.ce.ac	H2034	הֲרִיסָה		[הֲרִיסָה] n.f. ruin (concr.);—Am 9:11
e.ce.ad	H2035	הֲרִיסוּת		[הֲרִיסוּת] n.f. overthrow, destruction, ruin;—Is 49:19
e.cf.aa		הרר	root	הרר (√ of foll.; meaning dubious).
e.cf.ab	H2022	הַר		הַר 568 n.m. mountain, hill, hill-country mountain, hill hill-country, mountain-region
e.cf.ac		הַרֲרִי		הַרֲרִי הֲרָרִי הַרֲרָם הַרֲרֵי הֲרָרֶיהָ v. הר
e.cf.ad	H2043	הֲרָרִי		הֲרָרִי, הָרָרִי adj.gent. (= mountain-dweller)
e.cf.ae	H2044	הָשֵׁם		הָשֵׁם n.pr.m. father of one (or more?) of David’s heroes 1 Ch 11:34
e.cf.af		הַשְׁמָעוּת		הַשְׁמָעוּת v. שׁמע
e.cf.ag		הָשְׁפוֹת		הָשְׁפוֹת v. אַשְׁפֹּת sub. שׁפת
e.cf.ah		הִתּוּךְ		הִתּוּךְ v. נתך
e.cf.ai		הִתְחַבְּרוּת		הִתְחַבְּרוּת v. חבר
e.cf.aj	H2047	הֲתָךְ		הֲתָךְ n.pr.m. a Persian official at court of Ahasuerus
e.cg.aa	H2048	הָתַל	root	[הָתַל] vb. only Pi. deceive, mock, 1 K 18:27
e.cg.ab	H2049	הֲתֻלִֿים		הֲתֻלִֿים n.[m.]pl. mockery:—Jb 17:2
e.ch.aa		התת	root	התת
f.aa.aa		ו	root	ו Wāw, sixth letter; in modern Heb. = numeral 6; no evidence of this usage in OT times.
f.ab.aa	c	וְ	root	וְ, וּ,וָ, demonstr.adv. and conj. so, then, and And The ו consecutive With a voluntative (cohort. or juss.) וְ expresses an intention that or so that It often expresses an informal inference, or consequence, so, then, esp. at the beginning of a speech ו introduces the predicate or apodosis
f.ab.ab	H2051	וְדָן		וְדָן, appar. n.pr.loc., only in Ez 27:19 but identif. wholly dub.
f.ab.ac	H2052	וָהֵב		וָהֵב, appar. n.pr.loc. Nu 21:14, obj. of a vb. now lost out of the text
f.ab.ad	H2053	וָו		[וָו] n.[m.] hook, pin or peg
f.ac.aa		וזר	root	וזר (√ of foll.; cf. Ar. Arabic bear a burden, or Arabic be guilty, yet v. Fl in De Pr 21:8).
f.ac.ab	H2054	וָזָר		וָזָר adj. criminal, guilty Pr 21:8
f.ac.ac	H2055	וַיְזָתָא		וַיְזָתָא n.pr.m. a son of Haman Est 9:9.
f.ac.ad		וָלָד		וָלָד וֶלֶד v. ילד
f.ac.ae	H2057	וַנְיָה		וַנְיָה n.pr.m. one of those with strange wives, Ezr 10:36
f.ac.af	H2058	וָפְסִי		וָפְסִי n.pr.m. a man of Naphtali, Nu 13:14
f.ac.ag	H2059	וַשְׁנִי		וַשְׁנִי acc. to MT appar. n.pr.m. son of Samuel, only 1 Ch 6:13
f.ac.ah	H2060	וַשְׁתִּי		וַשְׁתִּי n.pr.f. queen of Ahasuerus (Xerxes) king of Persia
g.aa.aa		ז	root	ז, Zâyin, seventh letter; used as numeral 7 in modern Heb.; no evidence of this usage in OT times.
g.ab.aa		זאב	root	זאב (√ of foll.; acc. to Fl Bericht d. sächs G. d. w. i. (1846–47) 430f. = Kleinere Schriften iii. 221f. i.q. Ar. Arabic drive away and despise, drive or frighten away, whence Arabic, Arabic, זְאֵב wolf, as driven or chased away; cf. Hom NS 304 MV al.)
g.ab.ab	H2061	זְאֵב		זְאֵב n.m. wolf
g.ab.ac	H2062	זְאֵב		זְאֵב n.pr.m. (wolf)—a prince of Midian; also in n.pr.loc. wine-vat of Zeeb.
g.ab.ad		זֹאת		זֹאת v. זֶה
g.ac.aa		זבב	root	זבב (√ of foll.; cf. Ar. Arabic go hither and thither (of a man); Arabic make to dangle, or move to and fro, of a thing suspended in the air; but in this sense perhaps denom.)
g.ac.ab	H2070	זְבוּב		זְבוּב n.m. fly (as moving to and fro in the air?);—lit. only Ec 10:1 i.e. dead flies
g.ac.ac	H2079	זַבַּי		זַבַּי n.pr.m.—Jew in Ezra’s time
g.ad.aa	H2064	זָבַד	root	[זָבַד] vb. bestow upon, endow with, Gn 30:20a
g.ad.ab	H2065	זֶ֫בֶד		זֶ֫בֶד n.m. endowment, gift, Gn 30:20a cf. foregoing [g.ad.aa].
g.ad.ac	H2066	זָבָד		זָבָד n.pr.m. (he hath given, or, a gift) a descendant of Judah an Ephraimite one of David’s valiant men one of the murderers of Joash of Judah name of three returned exiles who had taken strange wives
g.ad.ad	H2071	זָבוּד		זָבוּד n.pr.m. (bestowed) an officer of Solomon 1 K 4:5.
g.ad.ae	H2072	זבוד		זבוד n.pr.m. a returned exile Ezr 8:14 Kt; Qr זַכּוּר, q.v.
g.ad.af	H2080	זבידה		זבידה Kt, זְבוּדָה Qr, n.pr.f. mother of Jehoiakim
g.ad.ag	H2067	זַבְדִּי		זַבְדִּי n.pr.m. grandfather of Achan, of Judah a Benjamite an officer of David a Levite
g.ad.ah	H2068	זַבְדִּיאֵל		זַבְדִּיאֵל n.pr.m. (my gift is God)— father of one of David’s officers 1 Ch 27:2. a prominent Hebrew in Nehemiah’s time Ne 11:14.
g.ad.ai	H2069	זְבַדְיָהוּ		זְבַדְיָהוּ, זְבַדְיָה n.pr.m. (י׳ hath bestowed) Levites an officer of Jehoshaphat Benjamites one of David’s men an officer of David a returning exile one of priestly house
g.ae.aa	H2076	זָבַח	root	זָבַח 134 vb. slaughter for sacrifice Qal 112 slaughter for sacrifice slaughter for eating slaughter for divine judgment Pi. 22 sacrifice
g.ae.ab	H2077	זֶ֫בַח		זֶ֫בַח 162 n.m. sacrifice general name for all sacrifices eaten at feasts of the God of Israel of other deities there are several kinds which are gradually distinguished the covenant sacrifice, between Jacob and Laban the passover annual sacrifice thank offering in ritual of H & P the slaughter of hostile nations the verb used
g.ae.ac	H2078	זֶ֫בַח		זֶ֫בַח n.pr.m. a Midianite king
g.ae.ad	H4196	מִזְבֵּחַ		מִזְבֵּחַ 401 n.m. altar
g.ae.ae		זַבַּי		זַבַּי v. זבב
g.ae.af	H2081	זְבִינָא		זְבִינָא n.pr.m. (bought)—name of one who had taken a strange wife Ezr 10:43.
g.af.aa	H2082	זָבַל	root	[זָבַל] vb. prob. exalt, honour
g.af.ab	H2073	זְבֻל		זְבֻל n.[m.] elevation, height, abode
g.af.ac	H2083	זְבֻל		זְבֻל n.pr.m. an officer of Abimelech
g.af.ad	H2074	זְבוּלֻן		זְבוּלֻן, זְלֻבוּן n.pr.m. Zebulun sixth son of Jacob and Leah the tribe of Zebulun territory of the tribe
g.af.ae	H2075	זְבוּלֹנִי		זְבוּלֹנִי adj.gent.; c. art. = n. coll. the Zebulonites
g.ag.aa		זוג	root	זוג, זיג (appar. √ of foll.; 𝔗 NH זוג, זיג is be clear, bright, transparent (ChWB Jastr 391a); others (so Thes) derive foll. from √ זגג with same meaning, v. infr. & Fl NHWB i. 560b).
g.ag.ab	H2085	זָג		זָג n.[m.] name of some comparatively insignif. product of vine: Nu 6:4
g.ag.ac		זֶד		זֶד זָדוֹן v. זיד
g.ah.aa	H2063	זֶה	root	זֶה demonstr.pron. and adv.; fem. זֹאת, once זֹאתָה; this, here standing alone In appos. to subst. More oft. as pred. It is attached enclitically, almost as an adv., to certain words, esp. interrog. pronouns, to impart, in a manner often not reproducible in Engl. idiom, directness and force, bringing the question or statement made into close relation with the speaker. In poetry, as a relative pron. (rare) With prefixes (in special senses)
g.ai.aa	H2090	זֹה	root	זֹה this (f.) = זֹאת
g.aj.aa	H2097	זוֹ	root	זוֹ i.q. זֹה (q.v.): only Ho 7:16b this is their derision; and (as relat.) ψ 132:12 and my testimony which
g.ak.aa	H2098	זוּ	root	זוּ pron. (poet.), indeclinable. a demonstr. this a relative which
g.al.aa		זהב	root	זהב (√ of foll.; meaning dubious; cf. Lag BN 55 Anm).
g.al.ab	H2091	זָהָב		זָהָב 385 n.m. gold = gold-ore, gold in raw state gold as wealth gold as spoil of war gold as merchandise gold as costly gift gold as material gold described by its source gold defined by var. adj. and pts. as measure of weight and value = golden oil, from colour often named with the chief vbs. used
g.am.aa	H2092	זָהַם	root	[זָהַם] vb. be foul, loathsome, but only Pi., causat.
g.am.ab	H2093	זָ֑הַם		זָ֑הַם n.pr.m. (fr. above √ ?) a son of Rehoboam, 2 Ch 11:19.
g.an.aa	H2094	זָהַר	root	[זָהַר] vb. be light, shining Hiph. intrans. (late) send out light, shine
g.an.ab	H2096	זֹ֫הַר		זֹ֫הַר n.[m.] shining, brightness
g.ao.aa	H2094	זָהַר	root	[זָהַר] vb. only Hiph., Niph. Hiph. instruct, teach, warn Niph. be instructed, admonished, warned
g.ao.ab	H2099	זִו		זִו appar. n.pr. of 2nd month, = c. April-May, named as month of beginning the temple-building
g.ap.aa		זוֹ	root	זוֹ, זוּ, v. p. 262.
g.aq.aa	H2100	זוּב	root	[זוּב] vb. flow, gush
g.aq.ab	H2101	זוֹב		זוֹב n.m. issue
g.aq.ac		זוּד		זוּד v. זיד
g.ar.aa		זוה	root	זוה (√ of foll.; cf. Ar. Arabic put aside or away, draw together, contract).
g.ar.ab	H2106	זָוִית		[זָוִית] n.f. corner (late)
g.ar.ac	H4200	מָ֫זוּ		[מָ֫זוּ] n.m. garner—only Pl. sf. ψ 144:13
g.as.aa		זוז	root	זוז (NH זוז move, As. zâzu, move, rise, come forth cf. COT gloss.; also be agitated, enraged, V R 64, i, 1. 11).
g.as.ab	H2123	זִיז		זִיז n.m. coll. moving things (i.e. beasts)
g.as.ac	H2124	זִיזָא		זִיזָא n.pr.m. a Simeonite a son of Rehoboam
g.as.ad	H2125	זִיזָה		זִיזָה n.pr.m. a Levite 1 Ch 23:11, = זִינָא v. 10
g.as.ae	H2117	זָזָא		זָזָא n.pr.m. a descendant of יְרַחְמְאֵל of Judah 1 Ch 2:33.
g.as.af	H4201	מְזוּזָה		מְזוּזָה n.f. door-post, gate-post
g.as.ag	H3151	יָזִיז		יָזִיז n.pr.m. an officer of David 1 Ch 27:31.
g.at.aa		זוז	root	זוז (be abundant, cf. esp. As. zâzu, abundance, Dl Pr. 67f. Zim BP 94, 97; only as √ of foll.; perhaps related to I. זוז (cf. Thes), but this very dubious).
g.at.ab	H2123	זִיז		זִיז n.[m.] abundance, fulness: only Is 66:11
g.at.ac	H2104	זוּזִים		זוּזִים n.pr.gent. an ancient trans-Jordanic people, Gn 14:5
g.at.ad	H2105	זוֹחֵת		זוֹחֵת n.pr.m. a descendant of Judah 1 Ch 4:20
g.at.ae		זָוִית		זָוִית v. זוה
g.au.aa		זול	root	זול (prob. √ of foll., Ar. Arabic remove, depart).
g.au.ab	H2108	זוּלָה		[זוּלָה] n.[f.] prop. removal, only found in st. c. as prep. and conj. except, only save that
g.av.aa	H2107	זוּל	root	[זוּל] vb. lavish (be cheap, of little value, lightly esteem)
g.aw.aa	H2109	זוּן	root	[זוּן] vb. feed Hoph. Je 5:8 well-fed horses, fig. of adulterers
g.aw.ab	H4202	מָזוֹן		מָזוֹן n.m. food, sustenance
g.aw.ac		זוֹנָה		זוֹנָה v. זנה
g.ax.aa	H2111	זוּעַ	root	זוּעַ vb. tremble, quake Qal tremble, quake Pilp. causat. and intens. they that shall violently shake thee
g.ax.ab	H2113	זְוָעָה		זְוָעָה, and, by transpos., זַעֲוָה n.f. a trembling, i.e. object of trembling, terror
g.ax.ac	H2127	זִיעַ		זִיעַ n.pr.m. a Gadite 1 Ch 5:13
g.ax.ad		זַעֲוָן		זַעֲוָן v. זַעֲוָן
g.ay.aa	H2114	זוּר	root	[זוּר] vb. be a stranger Qal Pf. become estranged Pt. as adj. strange, or as noun stranger Niph. Pf. be estranged Hoph. Pt. estranged
g.az.aa	H2114	זוּר	root	[זוּר, זִיר] vb. be loathsome, only 3 fs. Jb 19:17
g.az.ab	H2214	זָרָא		זָרָא n.[f.] loathsome thing, Nu 11:20 (J E)
g.ba.aa	H2115	זוּר	root	[זוּר] vb. press down and out
g.ba.ab	H2213	זֵר		זֵר n.m. circlet, border (orig. that which presses, binds)
g.ba.ac	H2223	זַרְזִיר		זַרְזִיר adj. girded, girt—only cstr. Pr 30:31
g.ba.ad	H4205	מָזוֹר		מָזוֹר n.[m.] wound (as needing to have its matter pressed out)
g.ba.ae		זָזָא		זָזָא v. זוז
g.bb.aa	H2118	זָחַח	root	[זָחַח] vb. remove, displace Niph. and that the breast-piece be not displaced etc.
g.bc.aa	H2119	זָחַל	root	[זָחַל] vb. shrink back, crawl away
g.bc.ab	H2120	זֹחֶ֫לֶת		זֹחֶ֫לֶת n.f. mng. dub.; perh. crawling thing, serpent—only c. art., in design. loc. 1 K 1:9
g.bd.aa	H2119	זָחַל	root	[זָחַל] vb. fear, be afraid—only Qal Jb 32:6
g.be.aa	H2102	זִיד	root	[זִיד, זוּד] vb. boil up, seethe, act proudly, presumptuously, rebelliously Qal of Egyptians, in the matter as to which they acted presumptuously against them; of Babylon, against י׳ hath she acted presumptuously. Hiph. boil, seethe, trans. act presumptuously, insolently
g.be.ab	H2086	זֵד		זֵד adj. insolent, presumptious
g.be.ac	H2087	זָדוֹן		זָדוֹן n.m. insolence, presumptuousness
g.be.ad	H2121	זֵידוֹן		[זֵידוֹן] adj. insolent, raging, only pl. and fig. ψ 124:5.
g.be.ae	H5138	נָזִיד		נָזִיד n.[m.] thing sodden or boiled, pottage
g.be.af		זִיז		זִיז זִיזָא זִיזָה v. זוז
g.be.ag		זִיזָא		זִיזָא v. זִיזָה sub. זוז
g.be.ah		זִינָא		זִינָא v. זִיזָה
g.be.ai		זִיעַ		זִיעַ v. זוע
g.be.aj	H2128	זִיף		זִיף n.pr. n.pr.loc. city S.E. from Hebron city of southern Judah n.pr.m. a son of יְהַלָּלְאֵל of Judah
g.be.ak	H2130	זִיפִי		[זִיפִי] adj.gent.; only mpl. as n.pr.gent.
g.be.al	H2129	זִיפָה		זִיפָה n.pr.m. a son of יְהַלֶּלְאֵל 1 Ch 4:16
g.be.am		זִיקוֹת		זִיקוֹת v. זֵק
g.be.an		זִיר		זִיר v. זור
g.be.ao	H2132	זַ֫יִת		זַ֫יִת n.m. olive-tree, olive olive-tree of fruit of olive-tree, olives in designations of place
g.be.ap	H2133	זֵיתָן		זֵיתָן n.pr.m. (? olive-tree)—a Benjamite 1 Ch 7:10
g.be.aq		זֵתָם		זֵתָם v. זֵתָם
g.be.ar		זָךְ		זָךְ זַךְ v. זכך
g.bf.aa	H2135	זָכָה	root	[זָכָה] vb. be clear, clean, pure, alw. in a moral sense Qal be clean, pure be clear, be justified = be regarded as just, righteous, of God Pi. make or keep clean, pure Hithp. make yourselves clean
g.bf.ab		זְכוֹכִית		זְכוֹכִית v. זכך
g.bg.aa	H2141	זָכַךְ	root	[זָכַךְ] vb. be bright, clean, pure Qal be bright, shining be clean, pure Hiph. cleanse
g.bg.ab	H2134	זַךְ		זַךְ adj. pure, clean lit., pure, i.e. unmixed, free from foreign substances fig., pure, clean, righteous
g.bg.ac	H2137	זְכוּכִית		זְכוּכִית n.[f.] glass; as precious, yet of less value than wisdom Jb 28:17.
g.bg.ad	H2140	זַכַּי		זַכַּי n.pr.m. head of a family of returned exiles
g.bh.aa	H2142	זָכַר	root	זָכַר vb. remember Qal Human subj. remember, recall, call to mind, usu. as affecting present feeling, thought or action remember persons (human subj.) remember י׳ remember think of or on, call to mind something present or future remember a day, to observe, commemorate it remember, with implied mention of, obj. Subj. י׳ (אלהִם) remember persons remember the distress of his servants their devotion remember his own covenant (with them) his mercy extenuating circumstances remember sins, idolatries Niph. be brought to remembrance, remembered, thought of, usu. c. neg. neg. be not remembered = no longer exist, of name of Israel, as nation be remembered, of particular days, in order to be observed, commemorated Hiph. cause to remember, remind cause to be remembered, keep in remembrance mention record, only pt. of sacrifice, make a memorial
g.bh.ab	H2144	זֶ֫כֶר		[זֶ֫כֶר] n.pr.m. only 1 Ch 8:31
g.bh.ac		זֶ֫כֶר		זֶ֫כֶר זֵכֶר v.
g.bh.ad	H2143	זֵ֫כֶר		זֵ֫כֶר n.m. remembrance, memorial
g.bh.ae	H2145	זָכָר		זָכָר n.m. & adj. male subst. male, offspring of men and animals adj. sg. male (only human beings)
g.bh.af	H2138	זָכוּר		[זָכוּר] n.m. male
g.bh.ag	H2147	זִכְרִי		זִכְרִי n.pr.m. a Reubenite a Judahite Levites a priest Benjamites father of a captain in Jehoiada’s time mighty man of Ephraim
g.bh.ah	H2139	זַכּוּר		זַכּוּר n.pr.m. a Reubenite a Simeonite Levites companion of Ezra contemp. of Nehemiah
g.bh.ai	H2146	זִכָּרוֹן		זִכָּרוֹן, זִכָּרֹן n.m. memorial, remembrance
g.bh.aj	H2148	זְכַרְיָהוּ		זְכַרְיָהוּ, oftener זְכַרְיָה n.pr.m. king of Isr., son of Jerob. II father of Hezekiah’s mother contemporary of Isaiah a Reubenite a Benjamite a Manassite a son of Jehoshaphat a captain of Jehosh. teacher of Uzziah Levites priests returned exiles
g.bh.ak	H0234	אַזְכָּרָה		אַזְכָּרָה n.f. memorial-offering
g.bh.al		מַזְכִּיר		מַזְכִּיר v. זָכַר
g.bi.aa		זלא	root	זלא (√ of foll.; mng. unknown).
g.bi.ab	H3152	יִזְלִיאָה		יִזְלִיאָה n.pr.m. a Benjamite 1 Ch 8:18
g.bj.aa		זלג	root	זלג (Ar. Arabic glide, slip; of arrow, skim, slide along; Arabic a kind of latch, sliding bolt; Aram. זְלַג is pour forth (tears), flow down).
g.bj.ab	H4207	מַזְלֵג		מַזְלֵג n.m. appar. a sacrificial implement, three-pronged fork
g.bj.ac	H4207	מִזְלָגָה		[מִזְלָגָה] n.[f.] id. [g.bj.ab]—a sacrificial implement
g.bk.aa	H2151	זָלַל	root	[זָלַל] vb. shake Niph. shake, quake
g.bk.ab	H2150	זַלְזַל		[זַלְזַל] n.[m.] (quivering) tendrils;—only pl. tendrils of vine Is 18:5
g.bl.aa	H2151	זָלַל	root	[זָלַל] vb. 1. be light, worthless, 2. make light of Qal be worthless, insignificant trans. make light of = be lavish with, squander Hiph. make light of, despise
g.bl.ab	H2149	זֻלֻּת		זֻלֻּת n.f. worthlessness, only ψ 12:9
g.bm.aa		זלעף	root	זלעף (quadrilit. √ of foll.; v. reff. infr.)
g.bm.ab	H2152	זַלְעָפָה		זַלְעָפָה n.f. raging heat of fever heat of famine of burning wind fig. of zeal
g.bn.aa		זלף	root	זלף (√ of foll.; Thes comp. Aram. זְלַף Pa. drop, drip; cf. Syriac; also NH זִלּוּף sprinkling, Syriac dropping, pouring, Arabic a full bowl, etc.)
g.bn.ab	H2153	זִלְפָּה		זִלְפָּה n.pr.f. Leah's maid, one of Jacob's wives, mother of Gad and Asher
g.bo.aa	H2161	זָמַם	root	זָמַם vb. consider, purpose, devise
g.bo.ab	H2162	זָמָם		[זָמָם] n.[m.] plan, device (bad sense), only ψ 140:9
g.bo.ac	H2154	זִמָּה		זִמָּה n.f. plan, device, wickedness
g.bo.ad	H2155	זִמָּה		זִמָּה n.pr.m. of several Levites (Gershonites)
g.bo.ae	H4209	מְזִמָּה		מְזִמָּה n.f. purpose, discretion, device
g.bo.af	H2157	זַמְזֻמִּים		זַמְזֻמִּים n.pr.gent. said to be a name given to רְפָאִים by the Ammonites who dispossessed them Dt 2:20
g.bp.aa	H2163	זָמַן	root	[זָמַן] vb. only Pu. Pt. be fixed, appointed, of time
g.bp.ab	H2165	זְמָ֑ן		זְמָ֑ן n.m. (late) appointed time, time
g.bq.aa	H2167	זמר	root	[זמר] vb. only Pi. make music in praise of God
g.bq.ab	H2172	זִמְרָה		זִמְרָה n.f. melody, song, in praise of י׳ of instrumental music of singing
g.bq.ac		זִמְרָת		זִמְרָת v. זִמְרָה
g.bq.ad	H2158	זָמִיר		[זָמִיר] n.m. song
g.bq.ae	H4210	מִזְמוֹר		מִזְמוֹר n.[m.] melody (techn. design. of psalms), always in this form; in 57 ψ-titles
g.br.aa	H2168	זָמַר	root	[זָמַר] vb. trim, prune Qal of pruning a vineyard Niph. be pruned
g.br.ab	H2159	זָמִיר		זָמִיר n.[m.] trimming, pruning—only Ct 2:12
g.br.ac	H2156	זְמוֹרָה		זְמוֹרָה n.[f.] branch, twig, shoot
g.br.ad	H4211	מַזְמֵרָה		[מַזְמֵרָה] n.f. pruning-knife
g.br.ae	H4212	מְזַמֶּרֶת		[מְזַמֶּרֶת] n.f. snuffers, as utensil of Sol.’s temple
g.bs.aa		זמר	root	זמר (√ of foll.; mng, dub.; DHM in MV 10, 983 comp. Ar. Arabic thing to be protected, thing sacred, inviolable, Lane 978, Sab. דֿמר protect; Aram. Syriac wonder at, admire, Syriac mirus, admirabilis, etc.; hence זמרת Gn 43:11 'die Merkwürdigkeiten des Landes').
g.bs.ab	H2173	זִמְרָה		זִמְרָה n.f. of uncertain meaning, perh. choice products, of various fruits, etc. Gn 43:11
g.bs.ac	H2169	זֶ֫מֶר		[זֶ֫מֶר] n.[m.] a certain animal allowed as food, most prob. some kind of mountain-sheep or -goat Dt 14:5.
g.bs.ad	H2174	זִמְרִי		זִמְרִי n.pr.m. a Simeonite grandson of Judah king of Isr. before Omri a Benjamite
g.bs.ae	H2174	זִמְרִי		זִמְרִי n.pr.gent. vel patr., only Je 25:25
g.bs.af	H2175	זִמְרָן		זִמְרָן n.pr.m. son of Abraham & Keturah
g.bs.ag	H2160	זְמִירָה		זְמִירָה n.pr.m. a Benjamite, 1 Ch 7:8
g.bs.ah	H2177	זַן		זַן n.[m.] (late) kind, sort
g.bt.aa		זנב	root	זנב (√ of foll.; meaning unknown).
g.bt.ab	H2180	זָנָב		זָנָב n.m. tail, also (fig.), end, stump
g.bt.ac	H2179	זִנֵּב		[זִנֵּב] vb. denom. Pi. cut off, or smite, the tail, only fig., of hostile attack in war
g.bu.aa	H2181	זָנָה	root	זָנָה vb. commit fornication, be a harlot Qal be or act as a harlot fig. of improper intercourse with foreign nations of intercourse with other deities of moral defection Pu. fornication was not done (in going) after thee Hiph. cause to commit fornication commit fornication
g.bu.ab	H2183	זְנוּנִים		זְנוּנִים n.[m.] fornication sexual international religious
g.bu.ac	H2184	זְנוּת		זְנוּת n.f.abstr. fornication sexual international religious
g.bu.ad	H8457	תַּזְנוּת		[תַּזְנוּת] n.f.abstr. fornication
g.bv.aa	H2186	זָנַח	root	זָנַח vb. reject, spurn Qal reject Hiph. (late) reject
g.bw.aa	H2186	זָנַח	root	[זָנַח] stink, emit stench;—only Hiph. Is 19:6
g.bw.ab	H2182	זָנוֹחַ		זָנוֹחַ n.pr.loc. Zanu‛a, SE. Ṣorea a place in the mts.
g.bx.aa	H2187	זָנַק	root	[זָנַק] vb. only Pi. leap—Dt 33:22
g.bx.ab		זֵעָה		זֵעָה v. יָזַע
g.bx.ac		זְעָוָה		זְעָוָה v. זְוָעָה sub. זוּעַ
g.bx.ad	H2190	זַעֲוָן		זַעֲוָן n.pr.m. a descendant (branch or tribe) of Seir
g.by.aa	H2193	זָעַךְ	root	[זָעַךְ] vb. extinguish, only Niph. be extinguished Jb 17:1
g.bz.aa	H2194	זָעַם	root	זָעַם vb. be indignant [Qal] be indignant, have indignation express indignation in speech, denounce, curse Niph. face stirred with indignation.
g.bz.ab	H2195	זַ֫עַם		זַ֫עַם n.m. indignation
g.ca.aa	H2196	זָעַף	root	[זָעַף] vb. be out of humour, vexed; be enraged
g.ca.ab	H2197	זַ֫עַף		זַ֫עַף n.m. storming, raging, rage (poet. and late)
g.ca.ac	H2198	זָעֵף		זָעֵף adj. out of humour, vexed, only of Ahab
g.cb.aa	H2199	זָעַק	root	[זָעַק] vb. cry, cry out, call Qal call, to one's aid cry, cry out, in need Niph. be called together, assemble, join Hiph. call, call out, or together, for military service make a crying have proclamation made call out, or at
g.cb.ab	H2201	זְעָקָה		זְעָקָה n.f. cry, outcry outcry, against cry of distress outcry, clamour
g.cc.aa		זער	root	זער (Ar. Arabic be scanty, of hair, plumage, etc.; Aram. Syriac, זְעַר be or grow small; cf. צער).
g.cc.ab	H2191	זְעֵיר		זְעֵיר n.[m.] a little (diminutive form) of quantity, amount (of instruction) of time
g.cc.ac	H4213	מִזְעָר		מִזְעָר n.[m.] a little, a trifle, a few
g.cc.ad	H2202	זִפְרֹן		[זִפְרֹן] n.pr.loc. only Nu 34:9, place on northern boundary of Canaan
g.cc.ae	H2203	זֶ֫פֶת		זֶ֫פֶת n.f. pitch
g.cc.af	H2131	זֵק		[זֵק] n.[m.] missile, spark
g.cc.ag		זֵק		זֵק זִקִַּם v. זקק
g.cd.aa		זקן	root	זקן (√ of foll.; meaning dubious).
g.cd.ab	H2206	זָקָן		זָקָן n.m. and f. chin, beard
g.cd.ac	H2204	זָקֵן		זָקֵן vb. be or become old Qal be (or become) old Hiph. shew age, grow old
g.cd.ad	H2205	זָקֵן		זָקֵן adj. old old, of human beings usu. as subst. old man (or woman) elder
g.cd.ae	H2207	זֹ֫קֶן		זֹ֫קֶן n.[m.] old age—Gn 48:10 (E).
g.cd.af	H2209	זִקְנָה		זִקְנָה n.f. old age
g.cd.ag	H2208	זְקֻנִים		זְקֻנִים n.pl.[m.] old age
g.ce.aa	H2210	זָקַף	root	[זָקַף] vb. (late) raise up
g.cf.aa	H2212	זָקַק	root	[זָקַק] vb. refine, purify Qal Impf. 3 mpl. Pi. fig., of purifying sons of Levi Pu. refined
g.cg.aa		זקק	root	זקק (NH זָקַק bind, fetter, Aram. זְקַק id.; comp. (perh. fr. idea of restraint) Ar. Arabic, Aram. Syriac, זִיקָּא, זִיקוּקָא, Eth. Ethiopic all = (wine-)skin, etc.; also NH זִיקָה, obligation; Aram. Syriac ring).
g.cg.ab	H2131	זֵק		[זֵק] n.[m.] fetter, only pl.:—fetters of captives
g.cg.ac	H0246	אֲזֵק		[אֲזֵק] n.[m.] id. [g.cg.ab], specif. manacle, only pl. manacles
g.cg.ad		זָר		זָר v. זור
g.cg.ae		זָרָא		זָרָא v. זור
g.cg.af		זֵר		זֵר v. זוּר
g.ch.aa	H2215	זָרַב	root	[זָרַב] vb. only Pu., meaning dub.; prob. (from context) be burnt, scorched
g.ch.ab	H2216	זְרֻבָּבֶ֫ל		זְרֻבָּבֶ֫ל n.pr.m. grandson of Jehoiachin, and son of Pedaiah (but son of Shealtiel); leader of first returning exiles
g.ch.ac	H2218	זֶ֫רֶד		זֶ֫רֶד n.pr.fl. identification disputed; between Moab & Edom
g.ci.aa	H2219	זָרָה	root	[זָרָה] vb. scatter, fan, winnow (Ar. Arabic cause to fly, scatter (of wind), winnow; Aram. דְּרָא, Syriac; Eth. Ethiopic)— Qal scatter, the powder into which the golden calf was ground fan, winnow Niph. be scattered, dispersed, of Israel Pi. (intens. of Qal) scatter, disperse, esp. of peoples winnow, sift Pu. be scattered
g.ci.ab	H4214	מִזְרֶה		מִזְרֶה n.[m.] pitch-fork, with six prongs used in winnowing
g.ci.ac		זַרְזִיף		זַרְזִיף v. זרף
g.ci.ad		זַרְזִיר		זַרְזִיר v. זוּר
g.cj.aa	H2224	זָרַח	root	זָרַח vb. rise, come forth
g.cj.ab	H2225	זֶ֫רַח		[זֶ֫רַח] n.[m.] dawning, shining;—only fig., i.e. of Zion, Is 60:3
g.cj.ac	H2226	זֶ֫רַח		זֶ֫רַח n.pr.m. son of Judah and Tamar Edomites Levites head of Simeonite family a Cushite
g.cj.ad	H2227	זַרְחִי		זַרְחִי adj.gent. alw. c. art. as subst. coll.
g.cj.ae	H2228	זְרַחְיָה		זְרַחְיָה n.pr.m. (י׳ hath risen, or shined) priest head of a family of returned exiles
g.cj.af	H0249	אֶזְרָח		אֶזְרָח n.m. a native (one arising from the soil = ‘free tribesman’)
g.cj.ag	H0250	אֶזְרָחִי		אֶזְרָחִי adj.gent. i.e. of family of זֶרַח
g.cj.ah	H3155	יִזְרָ֑ח		יִזְרָ֑ח adj.gent. only in 1 Ch 27:8
g.cj.ai	H3156	יִזְרַחְיָה		יִזְרַחְיָה n.pr.m. (י׳ will arise, or shine) a man of Issachar overseer of the singers
g.cj.aj	H4217	מִזְרָח		מִזְרָח n.[m.] place of sunrise, east
g.ck.aa	H2229	זָרַם	root	[זָרַם] vb. pour forth in floods, flood away Qal thou floodest them with rain, sweepest them (men) away. Po. the cloud masses (Che) poured forth water.
g.ck.ab	H2230	זֶ֫רֶם		זֶ֫רֶם n.m. flood of rain, rain-storm, downpour
g.ck.ac	H2231	זִרְמָה		זִרְמָה n.f. issue (of semen virile), in fig. of the paramours of Jerusalem Ez 23:20.
g.cl.aa	H2232	זָרַע	root	זָרַע vb. sow, scatter seed Qal lit. sow of shrub and tree producing, yielding seed fig. Niph. be sown, fructified be sown be fructified, made pregnant Pu. of princes and judges under fig. of trees Hiph. produce seed of a woman, = bear a child
g.cl.ab	H2233	זֶ֫רַע		זֶ֫רַע n.m. sowing, seed, offspring lit.: a sowing sowing as regularly recurring at its season seed seed = semen virile seed = offspring seed as marked by moral quality = persons (or community) of such a quality
g.cl.ac	H2221	זֵרוּעַ		זֵרוּעַ n.[m.] sowing, thing sown
g.cl.ad	H2235	זֵרֹעַ		[זֵרֹעַ] n.[m.] vegetable—only pl. Dn 1:12.
g.cl.ae	H2235	זֵֽרְעֹן		[זֵֽרְעֹן] n.[m.] id. [g.cl.ad], only pl. Dn 1:16.
g.cl.af	H3157	יִזְרְעֶאל		יִזְרְעֶאל n.pr.loc. (God soweth) city in the Negeb of Judah city in Issachar n.pr.m. Hosea’s son Judahite name
g.cl.ag	H3158	יִזְרְעֵאלִי		יִזְרְעֵאלִי m., יִזְרְעֵאלִית f., adj.gent.
g.cl.ah	H4218	מִזְרָע		[מִזְרָע] n.[m.] place of sowing, seed-land, only cstr. Is 19:7
g.cm.aa		זרע	root	זרע (cf. Ar. Arabic stretch out, extend, esp. arm or leg; Arabic power, Arabic forearm).
g.cm.ab	H2220	זְרוֹעַ		זְרוֹעַ, זְרֹעַ n.f. and (rare) m. arm, shoulder, strength arm arm, as symbol of strength Pl. forces, political and military Shoulder of animal sacrificed, belonging to priest
g.cm.ac	H0248	אֶזְרוֹעַ		אֶזְרוֹעַ n.f. arm
g.cn.aa	H2222	זָרַף	root	[זָרַף] vb. prob. drip—Hiph. rd. in ψ 72:6
g.cn.ab	H2222	זַרְזִיף		זַרְזִיף drop, dripping
g.co.aa	H2236	זָרַק	root	זָרַק vb. to toss or throw (in a volume), scatter abundantly Qal toss intrans. grey hairs are profuse upon him Pu. of water of purification poured over one defiled by a corpse
g.co.ab	H4219	מִזְרָק		מִזְרָק n.m. bowl, bason (prop. vessel for throwing or tossing a liquid)
g.cp.aa	H2237	זָרַר	root	[זָרַר] vb. only Po. sneeze; 2 K 4:35.
g.cp.ab	H2238	זֶ֫רֶשׁ		זֶ֫רֶשׁ n.pr.f. wife of Haman
g.cp.ac	H2239	זֶ֫רֶת		זֶ֫רֶת n.f. span
g.cp.ad	H2240	זַתּוּא		זַתּוּא n.pr.m. head of a family of returned exiles
g.cp.ae	H2241	זֵתָם		זֵתָם n.pr.m. a Levite (Gershonite)
g.cp.af	H2242	זֵתַר		זֵתַר n.pr.m. an eunuch of Ahasuerus Est 1:10
h.aa.aa		ח	root	ח Ḥêth, 8th letter; = numeral 8 in postBHeb.
h.aa.ab		חֹב		חֹב חֻבִּי v. חבב
h.ab.aa	H2244	חָבָא	root	[חָבָא] vb. withdraw, hide (not in Qal) Niph. hide oneself Pu. have been hidden Hiph. hide, trans. Hoph. be hidden Hithp. draw back, hide oneself draw together, thicken, harden
h.ab.ab	H4224	מַחֲבֵא		מַחֲבֵא n.[m.] hiding-place, only cstr. Is 32:2
h.ab.ac	H4224	מַחֲבֹא		[מַחֲבֹא] n.[m.] id. [h.ab.ab], pl. abs. 1 S 23:23.
h.ac.aa	H2245	חָבַב	root	[חָבַב] vb. love Qal Dt 33:3
h.ac.ab	H2243	חֹב		[חֹב] n.[m.] bosom (Aram.) Jb 31:33
h.ac.ac	H2246	חֹבָב		חֹבָב n.pr.m. son of Reuel
h.ac.ad	H3160	חֻבָּה		חֻבָּה n.pr.m. a descendant of Asher, 1 Ch 7:34
h.ad.aa	H2247	חָבָה	root	[חָבָה] vb. withdraw, hide Qal withdraw into privacy Niph. withdraw, hide oneself
h.ad.ab	H2253	חֶבְיוֹן		חֶבְיוֹן n.[m.] hiding, hiding-place, or < veil, envelope, only cstr. Hb 3:4
h.ad.ac	H2252	חֲבַיָה		חֲבַיָה n.pr.m. head of a priestly family
h.ad.ad		חֲבַיָה		חֲבַיָה חֳבָיָה v.
h.ad.ae		יְחֻבָּה		יְחֻבָּה v. חֻבָּה sub. חבב
h.ad.af	H5147	נַחְבִּי		נַחְבִּי n.pr.m. a Naphtalite, one of the Hebrew spies Nu 13:14 (P).
h.ae.aa	H2251	חָבַט	root	[חָבַט] vb. beat off, beat out Qal beat off beat out (grain) Niph. fennel beaten out
h.ae.ab		חֲבָיָה		חֲבָיָה חֲבִיָּה חֳבָיָה v. חבה
h.ae.ac		חֶבְיוֹן		חֶבְיוֹן v. חבה
h.af.aa	H2254	חָבַל	root	[חָבַל] vb. bind, pledge Qal bind bind by taking a pledge of Niph. Impf. becometh pledged to it Pi. writhe, twist, hence travail
h.af.ab	H2256	חֶ֫בֶל		חֶ֫בֶל n.m. f. cord, territory, band cord, rope measuring-cord, line measured portion, lot, part, region band, company of prophets
h.af.ac	H2256	חֵ֫בֶל		חֵ֫בֶל n.m. pain, pang pains of travail of other than birth-pangs
h.af.ad	H2258	חֲבֹל		חֲבֹל n.[m.] pledge (as binding)
h.af.ae	H2258	חֲבֹלָה		[חֲבֹלָה] n.f. id. [h.af.ad]—Ez 18:7.
h.af.af	H2260	חִבֵּל		חִבֵּל n.[m.] prob. mast (as corded or roped in place)—only in sim. of drunken man Pr 23:34
h.af.ag	H2259	חֹבֵל		חֹבֵל n.m. sailor (i.e. rope-puller)
h.af.ah	H2256	חֹבְלִים		חֹבְלִים n.[m.]pl. union (lit. binders) name of Zec.’s second symbolic staff
h.af.ai	H8458	תַּחְבֻּלָה		[תַּחְבֻּלָה] n.f. direction, counsel (prob. orig. of rope-pulling, i.e. steering, directing a ship)
h.ag.aa	H2254	חָבַל	root	חָבַל vb. act (ruinously) corruptly Qal act corruptly against Niph. Impf. shall be ruined Pi. ruin, destroy Pu. be ruined, broken
h.ag.ab	H2256	חֶ֫בֶל		חֶ֫בֶל n.m. destruction—Mi 2:10
h.ag.ac	H2261	חֲבַצֶּלֶת		חֲבַצֶּלֶת n.f. meadow-saffron or crocus
h.ag.ad	H2262	חֲבַצִּנְיָה		חֲבַצִּנְיָה n.pr.m. a Rechabite Je 35:3
h.ah.aa	H2263	חָבַק	root	[חָבַק] vb. clasp, embrace Qal embrace Pi. embrace
h.ah.ab	H2264	חִבֻּק		חִבֻּק n.[m.] a clasping, folding of the hands
h.ah.ac	H2265	חֲבַקּוּק		חֲבַקּוּק n.pr.m. the prophet Habakkuk
h.ai.aa	H2266	חָבַר	root	[חָבַר] vb. unite (usu. intr.), be joined, tie a magic knot or spell, charm Qal unite, be joined tie magic knots, charm Pi. make an ally of, unite one with unite, join (trans.) Pu. be allied with be united to = be one of be joined together Hiph. I could make a joining with words Hithp. join oneself to, make an alliance with
h.ai.ab	H2267	חֶ֫בֶר		חֶ֫בֶר n.[m.] company, association, spell
h.ai.ac	H2268	חֶ֫בֶר		חֶ֫בֶר, חֵ֫בֶר n.pr.m. the Kenite, husband of Deborah a man of Asher name in Judah a Benjamite
h.ai.ad	H2277	חֶבְרִי		חֶבְרִי adj.gent. of 2. supr., only c. art. = n. coll. Nu 26:45
h.ai.ae	H2274	חֶבְרָה		חֶבְרָה n.f. association, company (abstr.) Jb 34:8
h.ai.af	H2270	חָבֵר		חָבֵר adj. and n.m. united, associate, companion adj. united n. associate, fellow companion at a particular time
h.ai.ag	H2278	חֲבֶ֫רֶת		[חֲבֶ֫רֶת] n.f. consort, i.e. wife Mal 2:14
h.ai.ah	H2279	חֹבֶ֫רֶת		חֹבֶ֫רֶת n.f. a thing that joins or is joined
h.ai.ai	H2271	חַבָּר		[חַבָּר] n.m. associate, partner in a trade or calling, only Jb 40:30
h.ai.aj	H2250	חַבּוּרָה		חַבּוּרָה, [חַבֻּרָה, חַבֻרָה] n.f. stripe, blow
h.ai.ak	H2272	חֲבַרְבֻּרָה		[חֲבַרְבֻּרָה] n.f. stripe, mark, only pl. sf. Je 13:23
h.ai.al	H2275	חֶבְרוֹן		חֶבְרוֹן n.pr.loc. Hebron (association, league)
h.ai.am	H2275	חֶבְרוֹן		חֶבְרוֹן n.pr.m. grandson of Levi name in Caleb's family
h.ai.an	H2276	חֶבְרוֹנִי		חֶבְרוֹנִי, חֶבְרֹנִי adj.gent. alw. c. art. as subst. coll.
h.ai.ao	H4225	מַחְבֶּ֫רֶת		מַחְבֶּ֫רֶת n.f. thing joined, place of joining
h.ai.ap	H4226	מְחַבְּרָה		[מְחַבְּרָה] n.f. binder, clamp, joint
h.ai.aq	H2249	חָבוֹר		חָבוֹר n.pr.fl. flowing into Euphrates
h.ai.ar		חֲבֻרָיוֹ		חֲבֻרָיוֹ v. חַבּוּרָה
h.aj.aa	H2280	חָבַשׁ	root	[חָבַשׁ] vb. bind, bind on, bind up Qal bind, bind on bind up Pi. bind, restrain Pu. be bound up
h.ak.aa		חבת	root	חבת (√ of foll.; cf. Ar. Arabic be obscure, iv. be lowly, submissive, Arabic low ground).
h.ak.ab	H2281	חֲבִתִּים		חֲבִתִּים n.[m.]pl. some kind of flat cakes, or bread-wafers, only 1 Ch 9:31.
h.ak.ac	H4227	מַחֲבַת		מַחֲבַת n.f. flat plate, pan, or griddle for baking
h.ak.ad		חָג		חָג חָגָּא v. חגג
h.al.aa		חגב	root	חגב (√ of foll.; mng. dub.; poss. cf. Ar. Arabic prevent, intervene, hide, Arabic that which veils, conceals, hides; Syr. Syriac shrine; hence locusts as concealing the sky?).
h.al.ab	H2284	חָגָב		חָגָב n.m. locust, grasshopper
h.al.ac	H2285	חָגָב		חָגָב n.pr.m. head of family of returning exiles Ezr 2:46
h.al.ad	H2286	חֲגָבָא		חֲגָבָא n.pr.m. head of a family of returning exiles Ne 7:48
h.al.ae	H2286	חֲגָבָה		חֲגָבָה n.pr.m. head of a family of returning exiles Ezr 2:45
h.am.aa	H2287	חָגַג	root	[חָגַג] vb. make a pilgrimage, keep a pilgrim-feast
h.am.ab	H2282	חַג		חַג n.m. festival-gathering, feast, pilgrim-feast feast festival sacrifice
h.am.ac	H2283	חָגָּא		חָגָּא n.[f.] reeling—Is 19:17
h.am.ad	H2292	חַגַּי		חַגַּי n.pr.m. (festal)—the prophet Haggai
h.am.ae	H2291	חַגִּי		חַגִּי n.pr.m. (festal) son of Gad adj. gent. as subst. coll.
h.am.af	H2293	חַגִיָה		חַגִיָה n.pr.m. (feast of Yah) a Levite, son of Shimea 1 Ch 6:15
h.am.ag	H2294	חַגִּית		חַגִּית n.pr.f. (festal) wife of David and mother of Adonijah
h.an.aa		חגה	root	חגה (√ of foll.; cf. Ar. Arabic conceal; Arabic, Arabic place of refuge, protection).
h.an.ab	H2288	חֲגָוִים		[חֲגָוִים] n.m.pl. places of concealment, retreats
h.ao.aa		חגל	root	חגל (√ of foll.; Ar. Arabic, hobble, hop, whence Arabic partridge, cf. Syr. Syriac, Syriac, id.)
h.ao.ab	H2295	חָגְלָה		חָגְלָה n.pr.f. (= partridge)—a daughter of Ṣelophehad of Manasseh
h.ap.aa	H2296	חָגַר	root	[חָגַר] vb. gird, gird on, gird oneself
h.ap.ab	H2290	חֲגוֹר		חֲגוֹר n.[m.] belt, girdle
h.ap.ac	H2289	חָגוֹר		[חָגוֹר] adj. girt, girded, only pl. cstr.; Ez 23:15
h.ap.ad	H2290	חֲגוֹרָה		חֲגוֹרָה n.f. girdle, loin-covering, belt
h.ap.ae	H4228	מַחֲגֹ֫רֶת		מַחֲגֹ֫רֶת n.f. girding, cincture, only cstr.; Is 3:24
h.ap.af		חַד		חַד v. אֶחָד
h.ap.ag		חַד		חַד v. חדד
h.aq.aa	H0258	חָדַד	root	[חָדַד] vb. be sharp, keen Qal are keener than evening wolves Hiph. the smith sharpeneth an axe. Hoph. be sharpened
h.aq.ab	H2299	חַד		[חַד] adj. sharp
h.aq.ac		חַדָּה		חַדָּה v. עֵין חַדָּה
h.aq.ad	H2303	חַדּוּד		[חַדּוּד] adj. sharpened, sharp, pointed, only cstr., with superlat. sense = subst.: Jb 41:22
h.aq.ae	H2301	חֲדַד		חֲדַד n.pr.m. a son of Ishmael
h.aq.af	H2307	חָדִיד		חָדִיד n.pr.loc. in Benj.
h.ar.aa	H2300	חָדַה	root	[חָדַה] vb. be or grow sharp Qal grow sharp Hiph. sharpen (fig.)
h.as.aa	H2302	חָדָה	root	[חָדָה] vb. rejoice Qal rejoice Pi. thou makest him joyful
h.as.ab	H2304	חֶדְוָה		חֶדְוָה n.f. (late) joy
h.as.ac	H3164	יַחְדִּיאֵל		יַחְדִּיאֵל n.pr.m. (God giveth joy) a chief man in Manasseh 1 Ch 5:24
h.as.ad	H3165	יֶחְדְּיָ֫הוּ		יֶחְדְּיָ֫הוּ n.pr.m. (May י׳ give joy!) a Levite officer of David
h.at.aa	H2308	חָדַל	root	חָדַל vb. cease Qal cease, come to an end cease, leave off Hoph. should I be made to leave
h.at.ab	H2310	חָדֵל		חָדֵל adj. forbearing, lacking
h.at.ac	H2309	חֶ֫דֶל		[חֶ֫דֶל] n.[m.] cessation, only Is 38:11
h.at.ad	H2311	חַדְלָ֑י		חַדְלָ֑י n.pr.m. an Ephraimite, 2 Ch 28:12
h.au.aa		חדק	root	חדק (√ of foll.; NH חִדֵּק press or thrust in, Aram. חַדֵּק id. (denom.?)).
h.au.ab	H2312	חֵ֫דֶק		חֵ֫דֶק n.[m.] brier
h.au.ac	H2313	חִדֶּ֫קֶל		חִדֶּ֫קֶל n.pr.fl. Tigris, the famous Assyr. river
h.av.aa	H2314	חָדַר	root	[חָדַר] vb. surround, enclose—only Qal Ez 21:19
h.av.ab	H2315	חֶ֫דֶר		חֶ֫דֶר n.m. chamber, room
h.av.ac	H2317	חַדְרָ֔ךְ		חַדְרָ֔ךְ n.pr.terr. only Zc 9:1
h.aw.aa	H2318	חָדַשׁ	root	[חָדַשׁ] vb. only Pi. (and Hithp.) renew, repair Pi. renew, make anew repair Hithp. thy youth reneweth itself, like the eagle.
h.aw.ab	H2319	חָדָשׁ		חָדָשׁ adj. new
h.aw.ac	H2320	חֹ֫דֶשׁ		חֹ֫דֶשׁ 282 n.m. (newness), new moon, month
h.aw.ad	H2321	חֹ֫דֶשׁ		חֹ֫דֶשׁ n.pr.f. a wife of Shaharaim of Benj. 1 Ch 8:9
h.aw.ae	H2322	חֲדָשָׁה		חֲדָשָׁה n.pr.loc. town in Judah Jos 15:37 (site unknown, cf. Di).
h.aw.af	H8483	חָדְשִׁי		חָדְשִׁי in n.pr.loc. 2 S 24:6
h.ax.aa	H2325	חוּב	root	[חוּב] vb. be guilty Qal not in MT Pi. inculpate
h.ax.ab	H2326	חוֹב		חוֹב n.[m.] debt;—Ez 18:7
h.ax.ac	H2327	חוֹבָה		חוֹבָה n.pr.loc. Gn 14:15, north of Damascus
h.ay.aa	H2328	חוּג	root	[חוּג] vb. draw round, make a circle
h.ay.ab	H2329	חוּג		חוּג n.[m.] vault
h.ay.ac	H4230	מְחוּגָה		מְחוּגָה n.f. circle-instrument, compass, used by carvers of idols Is 44:13.
h.az.aa		חוד	root	חוד (√ of foll.; Ar. Arabic is decline, turn aside, avoid, hence perh. riddle, as indirect, obscure).
h.az.ab	H2420	חִידָה		חִידָה n.f. riddle, enigmatic, perplexing saying or question riddle = dark, obscure utterance riddle, enigma, to be guessed perplexing questions by which queen of Sheba put Sol. to the test skilled in double-dealing
h.az.ac	H2330	חוּד		[חוּד] vb. denom. propound a riddle
h.ba.aa		חוה	root	חוה (Ph. הוא live = Heb. חָיָה q. v.)
h.ba.ab	H2332	חַוָּה		חַוָּה n.pr.f. (life)
h.ba.ac		יחואל		יחואל v. יְחִיאֵל
h.bb.aa		חוה	root	חוה (√ of foll.; Ar. Arabic, collect, gather; Arabic circle of tents cf. II. חַי sub חיה, Ar. Arabic).
h.bb.ab	H2333	חַוָּה		[חַוָּה] tent-village—Elsewh. in cpd. appellative, almost = n. pr. חַוּוֹת יָעִיר
h.bb.ac	H2340	חִוִּי		חִוִּי adj.gent. (= villagers?)
h.bb.ad	H4233	מַחֲוִים		מַחֲוִים appar. adj.gent., only 1 Ch 11:46
h.bc.aa	H2331	חָוָה	root	[חָוָה] vb. only Pi. (poet. & late), tell, declare
h.bc.ab	H0262	אַחְוָה		[אַחְוָה] n.f. declaration—only sf. Jb 13:17
h.bc.ac		חוֹזַי		חוֹזַי v. חזה
h.bd.aa		חוח	root	חוח (√ of foll., meaning dubious).
h.bd.ab	H2337	חוֹחַ		חוֹחַ n.m. 1. brier, bramble. 2. hook, ring, fetter
h.bd.ac	H2397	חַח		חַח n.m. hook, ring, fetter
h.be.aa		חוט	root	חוט (of foll.; Ar. Arabic, Aram. Syriac, חַיֵּט sew).
h.be.ab	H2339	חוּט		חוּט n.m. thread, cord, line
h.be.ac		חִוִּי		חִוִּי v. חוה
h.be.ad	H2341	חֲוִילָה		חֲוִילָה n.pr.terr. (√ dub.)
h.bf.aa	H2342	חוּל	root	חוּל [חִיל] vb. whirl, dance, writhe Qal dance twist, writhe whirl, whirl about Po‛lel dance writhe in travail with, bear, bring forth (poet.) wait anxiously Po‛lal be made to writhe be brought forth Hiph. cause to be in anguish Hoph. be born Hithpol. whirling writhing, suffering torture wait longingly Hithpalp. and she writhed in anxiety
h.bf.ab	H2344	חוֹל		חוֹל n.m. sand (perh. as turning or whirling)
h.bf.ac	H2427	חִיל		חִיל n.m. a writhing, anguish
h.bf.ad	H2427	חִילָה		חִילָה n.f. anguish, Jb 6:10.
h.bf.ae	H2430	חֵל		חֵל, חֵיל n.m. rampart, fortress
h.bf.af		חֵילָה		חֵילָה v. חֵל
h.bf.ag	H2431	חֵילָם		חֵילָם n.pr.loc. E. of Jordan
h.bf.ah	H2432	חִילֵן		חִילֵן n.pr.loc. in Judah 1 Ch 6:43
h.bf.ai	H2473	חֹלוֹן		חֹלוֹן, חֹלֹן n.pr.loc. in Moab in Judah
h.bf.aj	H2497	חֵלֹן		חֵלֹן n.pr.m. a man of Zebulun
h.bf.ak	H2479	חַלְחָלָה		חַלְחָלָה n.f. anguish
h.bf.al	H4234	מָחוֹל		מָחוֹל n.m. dance
h.bf.am	H4246	מְחוֹלָה		[מְחוֹלָה] n.f. id. [h.bf.al]; dancing
h.bg.aa	H2342	חול	root	[חול, חִיל] vb. be firm, strong
h.bg.ab	H2428	חַ֫יִל		חַ֫יִל 244 n.m. strength, efficiency, wealth, army strength, usu. physical ability, efficiency, often involving moral worth wealth force, army
h.bg.ac	H2343	חוּל		חוּל n.pr.m. a ‘son’ of Aram
h.bh.aa		חום	root	חום (√ of foll.; meaning dub.; NH חום = be warm).
h.bh.ab	H2345	חוּם		חוּם adj. darkened, dark brown or black, only of colour of sheep
h.bh.ac		חוֹמָה		חוֹמָה v. חמה
h.bh.ad	H2347	חוּס		[חוּס] vb. pity, look upon with compassion
h.bh.ae		חוֹף		חוֹף v. חפף
h.bh.af	H2349	חוּפָם		חוּפָם n.pr.m. head of Benjamite family Nu 26:39
h.bh.ag	H2350	חוּפָמִי		חוּפָמִי adj.gent. of foregoing [h.bh.af], c. art. = n. coll. הַח׳ Nu 26:39.
h.bi.aa		חוץ	root	חוץ (√ of foll., meaning unknown).
h.bi.ab	H2351	חוּץ		חוּץ n.[m.] the outside, sts., esp. in pl., spec. a street
h.bi.ac	H2435	חִיצוֹן		חִיצוֹן adj. outer, external
h.bj.aa		חוץ	root	חוץ (√ of foll.; cf. Ar. Arabic sew together, Aram. Syriac bind, compress, σφίγγειν, Syriac bandage: Syriac IV. encompass, Syriac wall, which is oft. compared, does not correspond phonetically).
h.bj.ab	H2434	חַ֫יִץ		חַ֫יִץ n.[m.] party-wall—Ez 13:10
h.bk.aa		חוק	root	חוק, חיק (√ of foll.; As. ḫîḳu, embrace, Creation Tabl. a, 1.6; Ar. Arabic ring, Arabic width of desert, of well, of vulva, Arabic wide; Di comp. also Eth. Ethiopic shore of sea, fr. surrounding, cf. As. supr.)
h.bk.ab		חוק		חוק v.
h.bk.ac	H2436	חֵיק		חֵיק, חֵק n.[m.] bosom of fold of garment, at breast carry in bosom bosom as part of body
h.bk.ad		חוּקֹק		חוּקֹק חֻקֹּק
h.bl.aa	H2357	חָוַר	root	[חָוַר] vb. be or grow white, pale—only Is 29:22
h.bl.ab	H2353	חוּר		חוּר n.[m.] white stuff
h.bl.ac	H2355	חוֹרָ֑י		חוֹרָ֑י n.m. white stuff; Is 19:9
h.bl.ad	H2751	חֹרִי		חֹרִי n.[m.] white bread or cake Gn 40:16
h.bl.ae	H2354	חוּר		חוּר n.pr.m. named with Aaron as compan. of Moses a Judahite a king of Midian head of fam. of returned exiles officer of Sol.
h.bl.af		חוּר		חוּר חֻר v. חרר
h.bl.ag	H2360	חוּרַי		חוּרַי n.pr.m. a hero of David
h.bl.ah	H2359	חוּרִי		חוּרִי n.pr.m. a Gileadite (of Gad) 1 Ch 5:14
h.bl.ai	H2437	חִירָה		חִירָה n.pr.m. an Adullamite, friend of Judah
h.bl.aj		חוּרָם		חוּרָם v. חִירָם sub. אַח sub. אחה
h.bm.aa		חור	root	חור (√ of foll.; cf. Ar. Arabic bend, turn, incline, of man be weak, Lane 820c, Arabichollow, depressed ground between hills).
h.bm.ab	H2735	חֹר		חֹר n.[m.] hollow, only in חֹר הַגִּדְגָּד Nu 33:32 hollow of Gidgad (v. Di).
h.bm.ac		חוֹר		חוֹר חֹר חוֹרִים v. חרר v. חרר
h.bm.ad	H2362	חַוְרָן		חַוְרָן n.pr.terr. (meaning unknown)—district SE. fr. Mt. Hermon, extending between Jaulan and Lejah, toward Syr. desert; only Ez 47:16
h.bn.aa	H2363	חוּשׁ	root	חוּשׁ vb. haste, make haste Qal make haste Hiph. shew haste, act quickly transit. I will hasten it
h.bn.ab	H2440	חִישׁ		חִישׁ adv. quickly, ψ 90:10
h.bo.aa	H2363	חוּשׁ	root	[חוּשׁ] vb. feel, enjoy
h.bo.ab	H2364	חוּשָׁה		חוּשָׁה n.pr.m. a ‘son’ of חוּר = place in Judah 1 Ch 4:4.
h.bo.ac	H2843	חֻשָׁתִי		חֻשָׁתִי adj.gent. of foregoing [h.bo.ab]:—1. of individ.
h.bo.ad	H2365	חוּשַׁי		חוּשַׁי n.pr.m. called friend of David father of one of Solomon’s officers.
h.bo.ae	H2366	חוּשִׁים		חוּשִׁים, חֻשִׁים n.pr.f. wife of Shaharaim of Benjamin
h.bo.af	H2366	חֻשִׁים		חֻשִׁים n.pr.m. of Dan
h.bo.ag	H2367	חֻשָׁם		חֻשָׁם, חוּשָׁם n.pr.m. a king of Edom
h.bo.ah		חוֹתָם		חוֹתָם v. חתם
h.bo.ai		חֲזָאֵל		חֲזָאֵל v. חֲזָהאֵל sub. חזה
h.bp.aa	H2372	חָזָה	root	חָזָה vb. (almost wholly poet.) see, behold Qal see, behold see as a seer in the ecstatic state see, perceive
h.bp.ab		חוֹזָ֑י		חוֹזָ֑י v.
h.bp.ac	H2335	חֹזֶה		חֹזֶה n.m. seer seer vision
h.bp.ad	H2377	חָזוֹן		חָזוֹן n.m. vision vision, as seen in the ecstatic state vision, in the night divine communication in a vision, oracle, prophecy vision, as title of book of prophecy
h.bp.ae	H2378	חָזוֹת		[חָזוֹת] n.[f.], only cstr. in the visions (prophecies) of Iddo 2 Ch 9:29, the title of a collection of prophetic history
h.bp.af	H2380	חָזוּת		חָזוּת n.f. vision, conspicuousness
h.bp.ag	H2384	חִזָּיוֹן		חִזָּיוֹן n.m. vision vision, in the ecstatic state vision, in the night divine communication
h.bp.ah	H2383	חֶזְיוֹן		חֶזְיוֹן n.pr.m. (vision) ancestor of Benhadad king of Aram 1 K 15:18
h.bp.ai	H2371	חֲזָהאֵל		חֲזָהאֵל n.pr.m. (Ēl sees) king of Aram
h.bp.aj	H2381	חֲזִיאֵל		חֲזִיאֵל n.pr.m. (vision of Ēl) Levite of the line of Gershon, of the time of Solomon 1 Ch 23:9.
h.bp.ak	H2382	חֲזָיָה		חֲזָיָה n.pr.m. (Yah hath seen) one of the chiefs of the בְּנֵי יְהוּדָה Ne 11:5.
h.bp.al	H3166	יַחֲזִיאֵל		יַחֲזִיאֵל n.pr.m. (Ēl sees) Benjamite warrior of David priest of David a Levite a Levite of the sons of Asaph ancestor of one of the families of the restoration
h.bp.am	H3167	יַחְזְיָה		יַחְזְיָה n.pr.m. (Yah sees) a prince of the restoration Ezr 10:15.
h.bp.an	H4236	מַחֲזֶה		מַחֲזֶה n.[m.] vision
h.bp.ao	H4237	מֶחֱזָה		מֶחֱזָה n.f. light, place of seeing, window
h.bp.ap	H4238	מַחֲזִיאֹת		מַחֲזִיאֹת n.pr.m. (visions) a Hemanite chief of a course of singers.
h.bq.aa		חזה	root	חזה (√ of foll.; Ar. Arabic III., Arabic be opposite, Arabic front, Lane 537b; v. Lg BN 50 Dr §178, cf. Sab. חדֿית prep. opposite DHM in MV).
h.bq.ab	H2373	חָזֶה		חָזֶה n.m. Lv 7:51 breast of animals
h.bq.ac	H2375	חֲזוֹ		חֲזוֹ n.pr.m. son of Nahor
h.br.aa		חזז	root	חזז (√ of foll.; Ar. Arabic cut or notch; Arabic pierce (Frey)).
h.br.ab	H2385	חֲזִיז		[חֲזִיז] n.[m.] thunder-bolt, lightning-flash
h.bs.aa	H2388	חָזַק	root	חָזַק 291 vb. be or grow firm, strong, strengthen Qal intrans. be or grow strong transit. only strengthened him not Pi. make strong (physically) strengthen the hands (acc.) of anyone, sustain, encourage make strong = bold, encourage make firm make rigid, hard, i.e. perverse, obstinate, harden Hiph. make strong, strengthen make firm, the kingdom display strength make severe, of battle support = repair prevail esp. take or keep hold of, seize, grasp Hithp. strengthen oneself put forth strength, use one's strength withstand hold strongly with
h.bs.ab	H2389	חָזָק		חָזָק adj. strong, stout, mighty strong as subst., a strong one
h.bs.ac	H2390	חָזֵק		חָזֵק adj. verb. v. חָזַק Qal Pt.
h.bs.ad	H2391	חֵ֫זֶק		[חֵ֫זֶק] n.[m.] strength, only ψ 18:2
h.bs.ae	H2393	חֶזְקָה		[חֶזְקָה] n.f. strength, force
h.bs.af	H2392	חֹ֫זֶק		חֹ֫זֶק n.m. strength
h.bs.ag	H2394	חָזְקָה		חָזְקָה n.f. strength, force, violence
h.bs.ah	H2395	חִזְקִי		חִזְקִי n.pr.m. a Benjamite 1 Ch 8:17
h.bs.ai	H2396	חִזְקִיָּהוּ		חִזְקִיָּהוּ, חִזְקִיָּה, יְחִזְקִיָּהוּ, יְחִזְקִיָּה n.pr.m. (י׳ hath strengthened, י׳ strengtheneth) son of Ahaz, King of Judah great-great-grandson pf proph. Zephaniah man of royal Davidic line head of a family of returned exiles an Ephraimite, Ahaz’s time
h.bs.aj	H3168	יְחֶזְקֵאל		יְחֶזְקֵאל n.pr.m. (God strengtheneth) the well-known priest and prophet, son of Buzi priest of the 19th course (assigned to David’s time)
h.bs.ak		יְחִזְקִיָּהוּ		יְחִזְקִיָּהוּ יְחִזְקִיָּה v. חִזְקִיָּהוּ
h.bt.aa		חזר	root	חזר (√ of foll.; meaning dub.; perh. cf. Ar. Arabic the eye was or became narrow, small, Lane 731c; hence narrow-eyed animal).
h.bt.ab	H2386	חֲזִיר		חֲזִיר n.m. swine, boar
h.bt.ac	H2387	חֵזִיר		חֵזִיר n.pr.m. a priest of the 17th course (assigned to David’s time) one of those sealed
h.bt.ad		יַחְזֵרָה		יַחְזֵרָה v. אֲחַזְיָהוּ
h.bt.ae		חַח		חַח חָח v. חוח
h.bu.aa	H2398	חָטָא	root	חָטָא 238 vb. miss (a goal or way), go wrong, sin Qal miss sin, miss the goal or path of right and duty incur guilt, penalty by sin, forfeit Pi. bear loss make a sin offering purify from sin purify from uncleanness Hiph. miss the mark induce or cause to sin bring into guilt, condemnation, punishment Hithp. miss oneself, lose oneself, fig. for be bewildered, beside oneself purify oneself from uncleanness
h.bu.ab	H2399	חֵטְא		חֵטְא n.m. sin sin guilt of sin punishment for sin
h.bu.ac	H2400	חַטָּא		[חַטָּא] adj. and n.m. 1. sinful. 2. sinners
h.bu.ad	H2403	חַטָּאָה		חַטָּאָה n.f. sinful thing, sin, Ex 34:7 (J E) Is 5:18.
h.bu.ae	H2401	חַטָאָה		חַטָאָה n.f. sin, sin-offering(?) sin sin-offering
h.bu.af	H2403	חַטָּאת		חַטָּאת n.f. sin, sin-offering sin condition of sin, guilt of sin punishment for sin sin-offering purification from sins of ceremonial uncleanness
h.bv.aa	H2404	חָטַב	root	[חָטַב] vb. cut or gather wood, usu. firewood Qal cut or gather wood Pu. meaning dub.; perhaps hewn
h.bw.aa		חטב	root	חטב (√ of foll.; cf. Ar. Arabic be of the colour Arabic, i.e. turbid, dusky, mixed with yellowish red, etc.; Aram. Pt. Syriac variegated 𝔖 2 S 13:19).
h.bw.ab	H2405	חֲטֻבוֹת		חֲטֻבוֹת n.f.pl. dark-hued stuffs, only in Pr 7:16
h.bw.ac		חִטָּה		חִטָּה v. חנט
h.bx.aa		חטט	root	חטט (√ of foll.; cf. Ar. Arabic make lines, marks, Arabic, line, streak, stripe; Aram. Syriac, חֲטַט dig, Syriac furrow, trench).
h.bx.ab	H2410	חֲטִיטָא		חֲטִיטָא n.pr.m. head of Levit. family, returned exiles
h.by.aa		חטל	root	חטל (√ of foll.; Ar. Arabic = be flabby (of ear), be tall, long, quivering, be light, quick).
h.by.ab	H2411	חַטִּיל		חַטִּיל n.pr.m. head of a family of ‘the children of Sol.’s servants’
h.bz.aa	H2413	חָטַם	root	חָטַם vb. hold in, restrain
h.ca.aa	H2414	חָטַף	root	חָטַף vb. catch, seize
h.ca.ab	H2412	חֲטִיפָא		חֲטִיפָא n.pr.m. head of a family of Nethinim, post-exil.
h.cb.aa		חטר	root	חטר (√ of foll; cf. Ar. Arabic lash with the tail, move spear up and down, shake, quiver (said of spear), etc.; Aram. Syriac, חוּטְרָא, As. ḫutartu, all = staff, Schr COT Gloss and on 2 K 9:2; חטר sceptre, Inscr. Zinj. DHM Sendsch. 57; on format. v. Lag BN 144).
h.cb.ab	H2415	חֹטֶר		חֹטֶר n.m. branch or twig, rod
h.cb.ac		חַטָּת		חַטָּת v. חַטָּאת sub. חטא
h.cc.aa		חטשׁ	root	חטשׁ (√ of foll.; meaning unknown).
h.cc.ab	H2407	חַטּוּשׁ		חַטּוּשׁ n.pr.m. man of Davidic line, post-exil. a builder at the wall of Jerus. head of a priestly house, post-exil.
h.cc.ac		חַי		חַי חִיאֵל sub. חיה
h.cc.ad		חִידָה		חִידָה v. חוד
h.cd.aa	H2421	חָיָה	root	חָיָה 283 vb. live Qal 203 live be quickened, revive Pi. preserve alive, let live give life quicken, revive, refresh Hiph. preserve alive, let live quicken, revive
h.cd.ab	H2416	חַי		חַי adj. alive, living of God, as the living one, the fountain of life of man of animals, alive, living animals and man (dub.) of vegetation, as thorns, green of water, fresh (dub.) lively, active reviving
h.cd.ac	H2416	חַי		[חַי] n.[m.] kinsfolk, pl. sf. 1 S 18:18
h.cd.ad	H2416	חַיָּה		חַיָּה n.f. living thing, animal animal in general wild animals, on account of their vital energy and activity living beings, of the cherubic chariot life, only in late poetry appetite, activity of hunger revival, renewal
h.cd.ae	H2416	חַיָּה		חַיָּה n.f. community
h.cd.af	H2422	חָיֶה		[חָיֶה] adj. having the vigour of life, lively—fpl. Ex 1:19 (E)
h.cd.ag	H2416	חַיִּים		חַיִּים n.m. pl. abstr. emph. life life: physical life: as welfare and happiness in king's presence sustenance, maintenance
h.cd.ah	H2424	חַיּוּת		חַיּוּת n.f.abstr. 2 S 20:3, lit. ‘widowhood of livingness’; living widows
h.cd.ai	H4241	מִחְיָה		מִחְיָה n.f. preservation of life, sustenance preservation of life sustenance reviving the quick
h.cd.aj	H2419	חִיאֵל		חִיאֵל n.pr.m. (Ēl lives)—name of the rebuilder of Jericho 1 K 16:34.
h.cd.ak	H3171	יְחִיאֵל		יְחִיאֵל n.pr.m. (may Ēl live) one of David’s chief musicians one of David’s chiefs of the Levites tutor of David’s sons son of Jehoshaphat Hemanite of Hezekiah’s reign overseer in Hezekiah’s reign ruler over the temple in Josiah’s reign contemporaries of Ezra
h.cd.al	H3172	יְחִיאֵלִי		יְחִיאֵלִי n.pr.m. (patronym.)
h.cd.am	H3174	יְחִיָּה		יְחִיָּה n.pr.m. (may Yah live) keeper of the ark 1 Ch 15:24
h.cd.an		חיל		חיל v. חול
h.cd.ao		חַיִל		חַיִל חֵיל חִיל חִילָה חֵילָה חֵילָן v. חול
h.cd.ap		חִין		חִין v. חנן
h.cd.aq		חִיצוֹן		חִיצוֹן חַיִץ v. חוץ v. חוץ
h.cd.ar		חֵיק		חֵיק v. חוק
h.cd.as		חִירָה		חִירָה v. חור
h.cd.at		חִירָם		חִירָם חִירוֹם v. אח v. אחה
h.cd.au		חֵךְ		חֵךְ v. חנך
h.ce.aa	H2442	חָכָה	root	[חָכָה] vb. wait, await Qal waiting for him Pi. wait, tarry wait (in ambush) wait for, long for
h.ce.ab		חַכָּה		חַכָּה v. חנך
h.cf.aa		חכל	root	חכל (√ of foll.; cf. Ar. Arabic IV. be confused, vague; Arabic barbarousness, or impediment in speech; As. akûlu, be gloomy, êklu, dark, eklitu, darkness, Dl in Zim BP 116. W. 385ff., cf. Jäger BAS ii. 282).
h.cf.ab	H2444	חֲכִילָה		חֲכִילָה n.pr.loc. (dark) a hill in southern Judah, edge of wilderness of Ziph
h.cf.ac	H2447	חַכְלִילִי		חַכְלִילִי adj. (dark) dull, from wine Gn 49:12.
h.cf.ad	H2448	חַכְלִילוּת		חַכְלִילוּת n.f. dulness, of eyes in drunkenness, Pr 23:29
h.cf.ae	H2446	חֲכַלְיָה		חֲכַלְיָה n.pr.m. (mng. dub.; perhaps wait for Yahweh)—father of Nehemiah
h.cg.aa	H2449	חָכַם	root	חָכַם vb. be wise Qal be or become wise, act wisely Pi. make wise, teach wisdom Pu. made wise, intensive, as it were the embodiment of wisdom Hiph. making wise the simple Hithp. let us deal wisely (shrewdly) toward it (the people); make or shew thyself wise
h.cg.ab	H2450	חָכָם		חָכָם adj. wise skilful in technical work wise in the administration of affairs shrewd, crafty, cunning pl. class of learned and shrewd men, incl. astrologers, magicians and the like prudent wise, ethically and religiously
h.cg.ac	H2451	חָכְמָה		חָכְמָה n.f. wisdom skill in war wisdom, in administration shrewdness, wisdom wisdom, prudence in religious affairs wisdom, ethical and religious
h.cg.ad	H2453	חַכְמוֹנִי		חַכְמוֹנִי n.pr.m. (wise) father of one of David’s warriors father of the tutor of David’s sons
h.cg.ae	H8461	תַּחְכְּמֹנִי		תַּחְכְּמֹנִי adj.gent. 2 S 23:8
h.cg.af		חֵל		חֵל v. חֵיל sub. חול
h.cg.ag		חֹל		חֹל v. חלל
h.ch.aa	H2456	חָלָא	root	[חָלָא] vb. be sick, diseased 2 Ch 16:12
h.ch.ab	H8463	תַּחֲלֻאִים		תַּחֲלֻאִים n.pl.m. diseases
h.ci.aa		חלא	root	חלא (√ of foll.; DHM in MV comp. Sab. פחֿטאת ותחלאן she sinned and defiled herself).
h.ci.ab	H2457	חֶלְאָה		[חֶלְאָה] n.f. rust (perh. as filth)
h.ci.ac	H2458	חֶלְאָה		חֶלְאָה n.pr.f. (meaning dub.)—wife of Ashhur (of Judah) ‘father’ of Tekoah
h.ci.ad		חֲלָאִים		חֲלָאִים v. חֲלִי sub. חלה
h.ci.ae		חֵלָ֑אמָה		חֵלָ֑אמָה v. חֵילָם sub. חול
h.cj.aa		חלב	root	חלב (√ of foll.; meaning unknown).
h.cj.ab	H2461	חָלָב		חָלָב n.m. milk
h.ck.aa		חלב	root	חלב (√ of foll.; perh. cf. As. ḫalûbu, be covered, VR 8:83 Lyon Manual, Gloss, ḫallibu, cover, clothe, IR 18, 68 ḫallubtu, clothing, Lyon Sargontexte 14, ḫitlupatu, naḫlapu (rd. b for p) Schr COT Gloss).
h.ck.ab	H2459	חֵ֫לֶב		חֵ֫לֶב n.m. fat fat of human body fat of beasts choicest, best part of products of land
h.ck.ac	H2460	חֵ֫לֶב		חֵ֫לֶב n.pr.m. one of David’s heroes 2 S 23:29
h.ck.ad	H2462	חֶלְבָּה		חֶלְבָּה n.pr.loc. town assigned to Asher Ju 1:31, site unknown
h.ck.ae	H2463	חֶלְבּוֹן		חֶלְבּוֹן n.pr.loc. place whence wine came (to Tyre) Ez 27:18
h.ck.af	H2464	חֶלְבְּנָה		חֶלְבְּנָה n.f. (Aram. Syriac, חֶלְבְּנִיתָא 𝔊 χαλβάνη, 𝔙 galbanum)—a kind of gum Ex 30:34, ingredient of the holy incense, v. Di Löw 115.
h.ck.ag	H0303	אַחְלָב		אַחְלָב n.pr.loc. town assigned to Asher Ju 1:31, site unknown
h.cl.aa		חלד	root	חלד (√ of foll.; Ar. Arabic abide, continue, often in Qor of righteous in Paradise).
h.cl.ab	H2465	חֶ֫לֶד		חֶ֫לֶד n.[m.] duration, world
h.cm.aa		חלד	root	חלד (√ of foll.; cf. NH חלד dig, or hollow out, Aram. Syriac creep, crawl).
h.cm.ab	H2466	חֵ֫לֶד		חֵ֫לֶד n.pr.m. one of David’s heroes 1 Ch 11:30
h.cm.ac	H2467	חֹ֫לֶד		חֹ֫לֶד n.[m.] weasel Lv 11:29
h.cm.ad	H2468	חֻלְדָּה		חֻלְדָּה n.pr.f. prophetess, Josiah’s time
h.cm.ae	H2469	חֶלְדַּי		חֶלְדַּי n.pr.m. one of David’s heroes a returned exile
h.cn.aa	H2470	חָלָה	root	חָלָה vb. be weak, sick Qal be or become weak become sick, ill Niph. make oneself sick, fig. for strain oneself be made sick Pi. make sick Pu. be made weak Hithp. make oneself sick Hiph. make (sick, i.e.) sore thy smiting make sick shew (signs of) sickness, become sick Hoph. make sick = wounded
h.cn.ab	H2483	חֳלִי		חֳלִי n.m. sickness
h.cn.ac	H4245	מַחֲלֶה		[מַחֲלֶה] n.[m.] sickness, disease
h.cn.ad	H4245	מַחֲלָה		מַחֲלָה n.f. sickness, disease
h.cn.ae	H4251	מַחֲלוּי		[מַחֲלוּי] n.m. sickness, suffering (caused by wounds)—only pl. intens. 2 Ch 24:25.
h.co.aa	H2470	חָלָה	root	[חָלָה] vb. only Pi. mollify, appease, entreat the favour of
h.co.ab	H4257	מַחֲלַת		מַחֲלַת n.f. only in ψ titles; appar. a catchword in a song, giving name to tune
h.cp.aa		חלה	root	חלה (adorn; cf. Ar. Arabic adorn, Arabic (neck-)ornament).
h.cp.ab	H2481	חֲלִי		חֲלִי n.m. ornament
h.cp.ac	H2482	חֲלִי		חֲלִי n.pr.loc. in Asher Jos 19:25, site unknown (v. conject. in Di).
h.cp.ad	H2484	חֶלְיָה		[חֶלְיָה] n.f. jewelry Ho 2:15
h.cp.ae	H2477	חֲלַח		חֲלַח n.pr.loc. a city or district under Assyr. control, whither Isr. captives were taken
h.cp.af	H2478	חַלְחוּל		חַלְחוּל n.pr.loc. town in Judah, Jos 15:58
h.cp.ag		חַלְחָלָה		חַלְחָלָה v. חול
h.cq.aa	H2480	חָלַט	root	[חָלַט] vb. only 1 K 20:33, and they snatched it from him, caught the word fr. his lips
h.cr.aa		חלך	root	חלך (√ of foll.; poss. (si vera l.) cf. Ar. Arabic be black (passing into fig. sense, unfortunate, in Heb.), v. Bae ψ 10, 8; cf. Aram. חֲשׁוֹךְ).
h.cr.ab	H2489	חֵֽלְכָה		חֵֽלְכָה adj. hapless, unfortunate, only as subst. hapless, luckless one(s)
h.cs.aa	H2490	חָלַל	root	חָלַל vb. bore, pierce Qal my heart is pierced (wounded) within me Pi. in the hand of the ones wounding thee Pu. pierced by the sword Po‛el his hand pierced the fleeing serpent Po‛al pierced, wounded because of our transgressions
h.cs.ab	H2491	חָלָל		חָלָל 90 n.m. pierced pierced, fatally wounded slain
h.cs.ac	H2471	חַלָּה		חַלָּה n.f. a kind of cake (prob. as perforated)
h.cs.ad	H2474	חַלּוֹן		חַלּוֹן n.m. and f. window
h.cs.ae	H2485	חָלִיל		חָלִיל n.m. flute, pipe
h.cs.af	H2490	חלל		[חלל] vb. denom. play the pipe, pipe Qal as well the singers as the pipe-players Polel dancers Pi. and the people piped with pipes
h.cs.ag	H4247	מְחִלָּה		[מְחִלָּה] n.f. hole, Is 2:19
h.ct.aa	H2490	חָלַל	root	[חָלַל] vb. pollute, defile, profane Niph. reflex. pollute, defile oneself Pass., be polluted, defiled Pi. defile, pollute violate the honour of, dishonour violate a covenant treat a vineyard as common Pu. my great name which is profaned among the nations Hiph. I will not let my holy name be profaned any more. he shall not violate his word begin Hoph. then it was begun (= men began) to call on the name of י׳
h.ct.ab	H2455	חֹל		חֹל n.[m.] profaneness, commonness
h.ct.ac	H2491	חָלָל		חָלָל adj. profaned
h.ct.ad	H2486	חָלִ֫ילָה		חָלִ֫ילָה subst. used as exclam. lit. ad profanum! i.e. far be it
h.ct.ae	H8462	תְּחִלָּה		תְּחִלָּה n.f. beginning
h.cu.aa	H2492	חָלַם	root	[חָלַם] vb. be healthy, strong Qal their young are healthy Hiph. and restore me to health
h.cu.ab	H2494	חֵ֫לֶם		חֵ֫לֶם n.pr.m. (strength)—a returned exile
h.cv.aa	H2492	חָלַם	root	חָלַם vb. dream Qal dream Hiph. dream
h.cv.ab	H2472	חֲלוֹם		חֲלוֹם n.m. dream ordinary dream of sleep dreams with prophetic meaning
h.cv.ac	H2495	חַלָּמוּת		חַלָּמוּת n.f. name of a plant, with thick, slimy juice, purslain, Jb 6:6
h.cw.aa		חלמשׁ	root	חלמשׁ (quadrilit. √ of following; meaning unknown).
h.cw.ab	H2496	חַלָּמִישׁ		חַלָּמִישׁ n.m. flint
h.cw.ac		חֵלֹן		חֵלֹן חֹלוֹן v. חול
h.cx.aa	H2498	חָלַף	root	חָלַף vb. pass on or away, pass through (mostly poet.) Qal pass on quickly pass away, vanish of grass, come on anew, i.e. sprout again trans. pass through, i.e. pierce overstep, transgress Pi. (cause to pass) change Hiph. change (trans.) shew newness
h.cx.ab	H2500	חֵ֫לֶף		חֵ֫לֶף n.[m.] exchange, only cstr., as prep. in return for
h.cx.ac	H2501	חֵ֫לֶף		חֵ֫לֶף n.pr.loc. in Naphtali, site unknown Jos 19:33.
h.cx.ad	H2475	חֲלוֹף		חֲלוֹף n.m. a passing away, vanishing—Pr 31:8
h.cx.ae	H2487	חֲלִיפָה		[חֲלִיפָה] n.f. a change (from the idea of replacing, changing, substituting) change of raiment relays revival after death, under fig. of relief from milit. service changing, varying, of course of life
h.cx.af	H4252	מַחֲלָף		[מַחֲלָף] n.m. knife, only Pl. Ezr 1:9, among temple utensils
h.cx.ag	H4253	מַחֲלָפָה		[מַחֲלָפָה] n.f. plait (of hair; so called fr. intertwining, passing through each other, of the strands)
h.cy.aa	H2502	חָלַץ	root	חָלַץ vb. draw off or out, withdraw Qal draw, draw off intrans. withdraw Niph. be delivered Pi. pull out, tear out rescue, deliver
h.cy.ab	H2488	חֲלִיצָה		[חֲלִיצָה] n.f. what is stripped off a person, as plunder, in war
h.cy.ac	H4254	מַחֲלָצָה		[מַחֲלָצָה] n.f. robe of state (taken off in ordinary life)
h.cz.aa	H2502	חָלַץ	root	[חָלַץ] vb. equip for war Qal only Pt. pass.—equipped as adj. as subst. sg. coll. Niph. be or go equipped Hiph. will brace up, invigorate, thy bones
h.cz.ab	H2504	חָלָץ		[חָלָץ] n.[f.] only dual, loins as seat of virility as girded as seat of pains, like a woman in travail
h.cz.ac	H2503	חֶ֫לֶץ		חֶ֫לֶץ n.pr.m. (viqour). one of David’s heroes man of Judah
h.cz.ad		חֵ֫לֶץ		חֵ֫לֶץ v. חֶלֶץ
h.da.aa	H2505	חָלַק	root	חָלַק vb. divide, share Qal divide, apportion assign, distribute assign, impart share divide up = plunder the temple Niph. Impf. reflex. divide oneself pass. be divided trans. assign, distribute Pi. divide, apportion assign, distribute scatter Pu. be divided, of land Hithp. divide land among themselves Hiph. to receive a portion
h.da.ab	H2506	חֵ֫לֶק		חֵ֫לֶק n.m. portion, tract, territory portion, share portion, tract, of land hence portion, i.e. (acquired) possession chosen portion, habitual mode of life portion, award, from God
h.da.ac	H2507	חֵ֫לֶק		חֵ֫לֶק n.pr.m. (portion) a Gileadite
h.da.ad	H2516	חֶלְקִי		חֶלְקִי adj.gent. of foreg. [h.da.ac]; only c. art. as subst. n. coll. Nu 26:30.
h.da.ae	H2513	חֶלְקָה		חֶלְקָה n.f. portion of ground
h.da.af	H2515	חֲלֻקָּה		[חֲלֻקָּה] n.f. part, portion 2 Ch 35:5.
h.da.ag	H2517	חֶלְקָ֑י		חֶלְקָ֑י n.pr.m. priest, time of Joiakim son of Jeshua, Ne 12:15
h.da.ah	H2520	חֶלְקָת֙		חֶלְקָת֙ n.pr.loc. (portion, possession) city in Asher
h.da.ai	H2521	חֶלְקַת הַצֻּרִים		חֶלְקַת הַצֻּרִים n.pr.loc. a place near pool of Gibeon where Ishbosheth’s men were killed by Dvd.’s men under Joab 2 S 2:16
h.da.aj	H2518	חִלְקִיָּהוּ		חִלְקִיָּהוּ, חִלְקִיָּה n.pr.m. (my portion is י׳) father of Eliakim, Hezekiah’s officer high priest, Josiah’s time father of Jerem. Levites a priest, contemp. of Ezra father of Gemariah, an ambassador of Zedekiah to Nebuchadrezzar
h.da.ak	H4256	מַחֲלֹ֫קֶת		מַחֲלֹ֫קֶת n.f. division, course (almost wholly Chr.)
h.db.aa	H2505	חָלַק	root	חָלַק vb. be smooth, slippery Qal smooth, slippery Hiph. make smooth
h.db.ab	H2506	חֵ֫לֶק		חֵ֫לֶק n.[m.] smoothness, seductiveness of speech, only sg. cstr. Pr 7:21
h.db.ac	H2511	חָלָק		חָלָק adj. smooth lit. fig. of mouth uttering smooth words as subst. = flattery
h.db.ad	H2513	חֶלְקָה		[חֶלְקָה] n.f. smooth part, smoothness, flattery smoothness, smooth part pl. slippery places smoothness = flattery
h.db.ae	H2512	חַלֻּק		[חַלֻּק] adj. smooth, only pl. cstr. 1 S 17:40
h.db.af	H2514	חֲלַקָּה		[חֲלַקָּה] n.f. smoothness, flattery, only pl. abs.: fine promises, Dn 11:32
h.db.ag	H2519	חֲלַקְלַקּוֹת		חֲלַקְלַקּוֹת n.pl.f.abstr. smoothness, slipperiness, flattery, fine promises
h.db.ah	H5555	מַחְלְקוֹת		מַחְלְקוֹת n.f.pl. smoothness, 1 S 23:28
h.dc.aa	H2522	חָלַשׁ	root	[חָלַשׁ] vb. 1. be weak, prostrate. 2. weaken, disable, prostrate
h.dc.ab	H2523	חַלָּשׁ		חַלָּשׁ adj. weak, only c. art. as subst., Jo 4:10
h.dc.ac	H2476	חֲלוּשָׁה		חֲלוּשָׁה n.f. weakness, prostration, Ex 32:18
h.dc.ad	H2526	חָם		חָם n.pr.pers.m. and loc. Ham, 2nd son of Noah a name (coll.) for Egyptians
h.dc.ae		חָם		חָם v. חמה
h.dc.af		חָם		חָם v. חמם
h.dc.ag		חֹם		חֹם v. חמם
h.dd.aa		חמא	root	חמא (√ of foll.; cf. Ar. Arabic be hard, used of curdled milk, Frey).
h.dd.ab	H2529	חֶמְאָה		חֶמְאָה n.f. curd
h.dd.ac		חֵמָא		חֵמָא v. חֵמָה sub. יחם
h.de.aa	H2530	חָמַד	root	חָמַד vb. desire, take pleasure in Qal desire Niph. desirable Pi. delight greatly
h.de.ab	H2531	חֶ֫מֶד		חֶ֫מֶד n.[m.] desire, delight
h.de.ac	H2532	חֶמְדָּה		חֶמְדָּה n.f. id. [h.de.ab]—desire of Israel
h.de.ad	H2532	חֲמוּדָה		[חֲמוּדָה] n.f. desirableness, preciousness
h.de.ae	H2533	חֶמְדָּן		חֶמְדָּן n.pr.m. an Edomite
h.de.af	H4261	מַחְמָד		מַחְמָד n.m. desire, desirable thing
h.de.ag	H4262	מַחְמֹד		[מַחְמֹד] n.[m.] desirable, precious thing
h.df.aa		חמה	root	חמה (√ of foll.; cf. Ar. Arabic protect, guard, RS K 136 Lag BN 156; Dl Pr 91; BAS ii. 43 comp. an As. êmû, surround, guard, cf. Mod. Syr. Syriac id.; Eth. Ethiopic III. I means contract affinity, be joined by affinity, prob. denom.)
h.df.ab	H2524	חָם		[חָם] n.m. husband’s father
h.df.ac	H2545	חֲמוֹת		[חֲמוֹת] n.f. husband’s mother
h.df.ad	H2346	חוֹמָה		חוֹמָה 133 n.f. wall (as protection) usu. term for wall of city wall of a building fig. of waters of Red Sea
h.df.ae	H3181	יַחְמַי		יַחְמַי n.pr.m. a man of Issachar 1 Ch 7:2
h.df.af	H2537	חֲמוּטַל		חֲמוּטַל Qr, חמיטל Kt, n.pr.f. mother of the kings Jehoahaz and Zedekiah, sons of Josiah
h.df.ag		חֵמָה		חֵמָה, wrath, v. sub יחם;
h.df.ah		חֵמָה		חֵמָה, Jb 29:6, v. חֶמְאָה;
h.df.ai		חַמָּה		חַמָּה, חַמָּן, חַמּוֹן, חַמַּת v. sub חמם.
h.df.aj		חַמּוּאֵל		חַמּוּאֵל v. חמם
h.df.ak		חָמוֹת		חָמוֹת v. חמה
h.dg.aa		חמט	root	חמט (√ of foll.; cf. As. ḫamâṭu, hasten, Prä ZMG 1874, 88ff., ḫamṭu, swift, Zim BP 84n.; Aram, חֲמֵישׁ ,חֲמַט is sink or fall to the ground, kneel).
h.dg.ab	H2546	חֹ֫מֶט		חֹ֫מֶט n.[m.] a kind of lizard, only in list of unclean creeping animals Lv 11:30
h.dg.ac	H2547	חֻמְטָה		חֻמְטָה n.pr.loc. city in Judah Jos 15:54
h.dg.ad		חֲמִיטַל		חֲמִיטַל v. חמוטל
h.dh.aa	H2550	חָמַל	root	חָמַל vb. spare
h.dh.ab	H2538	חָמוּל		חָמוּל n.pr.m. (spared) grandson of Judah
h.dh.ac	H2539	חָמוּלִי		חָמוּלִי adj.gent. of foreg. [h.dh.ab]; only c. art. הֶחָ׳, as subst. coll. Nu 26:21.
h.dh.ad	H2551	חֶמְלָה		[חֶמְלָה] n.f. compassion, mercy
h.dh.ae		חֻמְלָה		חֻמְלָה v. חמל
h.dh.af	H4263	מַחְמָל		[מַחְמָל] n.[m.] thing pitied, object of compassion, only cstr. Ez 24:21
h.di.aa	H2552	חָמַם	root	[חָמַם] vb. be or become warm Qal lit., be or grow warm fig. of heat in conception (animals) Niph. inflame oneself with, of idolatry. Pi. keep eggs warm Hithp. warm oneself
h.di.ab	H2527	חֹם		חֹם n.m. heat
h.di.ac	H2525	חָם		חָם adj. hot
h.di.ad	H2535	חַמָּה		חַמָּה n.f. heat, sun (poet.)
h.di.ae	H2553	חַמָּן		[חַמָּן] n.m. sun-pillar, used in idolatrous worship
h.di.af	H2540	חַמּוֹן		חַמּוֹן n.pr.loc. (hot spring?) town in Asher in Naphtali
h.di.ag	H2575	חַמַּת		חַמַּת n.pr.loc. (hot springs)—town in Naphtali Jos 19:35
h.di.ah	H2575	חַמַּת		חַמַּת n.pr.m. father of the house of Rechab 1 Ch 2:55.
h.di.ai	H2576	חַמֹּת דֹּאר		חַמֹּת דֹּאר n.pr.loc. in Naphtali, Levitical city Jos 21:32
h.di.aj	H2536	חַמּוּאֵל		חַמּוּאֵל n.pr.m. a Simeonite 1 Ch 4:26
h.dj.aa	H2554	חָמַס	root	[חָמַס] vb. treat violently, wrong Qal treat violently, wrong of physical wrong of ethical wrong both physical and ethical Niph. thy heels suffer violence
h.dj.ab	H2555	חָמָס		חָמָס n.m. violence, wrong
h.dj.ac	H8464	תַּחְמָס		תַּחְמָס n.[m.] name of male ostrich
h.dk.aa	H2556	חָמֵץ	root	חָמֵץ vb. be sour, leavened Qal be leavened Hithp. be soured, embittered
h.dk.ab	H2557	חָמֵץ		חָמֵץ n.m. that which is leavened
h.dk.ac	H2558	חֹ֫מֶץ		חֹ֫מֶץ n.m. vinegar
h.dk.ad	H2548	חָמִיץ		חָמִיץ adj. seasoned (viz. with salt, or a salt herb), of provender for cattle Is 30:24.
h.dk.ae		חֻמְצָה		חֻמְצָה v. חמץ
h.dk.af	H2557	מַחְמֶ֫צֶת		מַחְמֶ֫צֶת n.f. anything leavened, only Ex 12:19, 20 (P).
h.dl.aa	H2556	חמץ	root	[חמץ] vb. be red
h.dm.aa	H2556	חמץ	root	[חמץ] vb. be ruthless—only Qal Pt. ψ 71:4
h.dm.ab	H2541	חָמוֹץ		חָמוֹץ n.[m.] coll. the ruthless—only Is 1:17
h.dn.aa	H2559	חָמַק	root	חָמַק vb. turn away (intr.) Qal and my beloved had turned away, passed on. Hithp. turn hither and thither
h.dn.ab	H2542	חַמּוּק		[חַמּוּק] n.m. curving, curve, Ct 7:2
h.do.aa	H2560	חָמַר	root	חָמַר vb. ferment, boil or foam up Qal and wine which foams; the great waters foamed; let its waters roar and foam. Pe‛al‛al my bowels are in a ferment
h.do.ab	H2561	חֶ֫מֶר		חֶ֫מֶר n.[m.] wine (poet.)
h.do.ac	H2564	חֵמָר		חֵמָר n.[m.] bitumen, asphalt
h.do.ad	H2563	חֹ֫מֶר		חֹ֫מֶר n.m. cement, mortar, clay
h.do.ae	H2560	חָמַר		[חָמַר] vb. denom. cover or smear with asphalt, only Ex 2:3 (E)
h.dp.aa		חמר	root	חמר (√ of foll.; NH חמר heap up; Aram. חַמֵּר make a rum-heap; Ar. Arabic great mass of stone, heap of stones).
h.dp.ab	H2563	חֹ֫מֶר		חֹ֫מֶר n.[m.] heap
h.dp.ac	H2563	חֹ֫מֶר		חֹ֫מֶר n.m. homer, a dry measure
h.dp.ad	H2565	חֲמוֹר		חֲמוֹר n.[m.] heap, Ju 15:16
h.dp.ae		חֲמֹרֹתָ֑יִם		חֲמֹרֹתָ֑יִם v. חֲמוֹר
h.dq.aa	H2560	חמר	root	[חמר] vb. be red
h.dq.ab	H2543	חֲמוֹר		חֲמוֹר n.m. (he)-ass
h.dq.ac	H2544	חֲמוֹר		חֲמוֹר n.pr.m. father of Shechem
h.dq.ad	H2566	חַמְרָן		חַמְרָן n.pr.m. 1 Ch 1:41
h.dq.ae	H3180	יַחְמוּר		יַחְמוּר n.[m.] roebuck
h.dr.aa		חמשׁ	root	חמשׁ (√ of foll.; meaning unknown).
h.dr.ab	H2568	חָמֵשׁ		חָמֵשׁ, חֲמִשָּׁה 342 n.m. and f. five
h.dr.ac	H2569	חֹ֫מֶשׁ		חֹ֫מֶשׁ n.[m.] fifth part—only Gn 47:26
h.dr.ad	H2567	חמשׁ		[חמשׁ] vb. denom. only Pi. Gn 41:34 (E) and he shall fifth (take the fifth part of) the land of Egypt
h.dr.ae	H2572	חֲמִשִּׁים		חֲמִשִּׁים 164 n.pl. (a) fifty
h.dr.af	H2549	חֲמִישִׁי		חֲמִישִׁי m., חֲמִישִׁית f.adj.num.ordin. fifth
h.ds.aa		חמשׁ	root	חמשׁ (√ of foll.; meaning dubious).
h.ds.ab	H2570	חֹ֫מֶשׁ		חֹ֫מֶשׁ n.m. belly
h.dt.aa		חמשׁ	root	חמשׁ (√ of foll.; mng. dub.; perh. cf. Ar. Arabic army, Sab. חֿמם men of a tribe who can bear arms; √ then poss. = I. חמשׁ (e.g. army as composed of five parts) v. Lane Frey; also Sab. Denkm. 24, which cites tribus (fr. tres), quartier (fr. quartus, quatuor); < Thes MV al. who comp. Ar. Arabic be firm strong, Arabic be courageous, etc.)
h.dt.ab	H2571	חֲמֻשִׁים		חֲמֻשִׁים adj.pl. in battle array, alw. this form
h.du.aa		חמת	root	חמת (√ of foll.; mng. unknown; MV al., very improbably, fr. Ar. Arabic grow rancid, putrid; see on formation, Lag BN 154).
h.du.ab	H2573	חֵ֫מֶת		חֵ֫מֶת, חֶ֑מֶת n.[m.] waterskin
h.du.ac	H2574	חֲמָת		חֲמָת, חֲמַת n.pr.loc. (√ dub.; fortress). It is called great Hamath by Am 6:2 (חֲמַת רַבָּה)
h.du.ad	H2577	חֲמָתִי		חֲמָתִי adj.gent. c. art. = subst., as descendants of Canaan
h.du.ae		חַמַּת		חַמַּת v. חמם
h.du.af		חֵן		חֵן חֵנָדָד חַנָּה v. חנן
h.dv.aa	H2583	חָנָה	root	חָנָה 143 vb. decline, bend down, encamp Qal decline, of day drawing to its close encamp (prop. verge toward, incline to, settle at, of goal of day’s march)
h.dv.ab	H2588	חָנוּת		[חָנוּת] n.f. cell (as having curved or vaulted roof, arched)—Je 37:16
h.dv.ac	H2595	חֲנִית		חֲנִית n.f. spear (as flexible?) spear, as hurled shaft of spear spear-head butt of spear metaph. of teeth of lions
h.dv.ad	H4264	מַחֲנֶה		מַחֲנֶה 214 n.m. and f. encampment, camp camp, place of encampment camp of armed host those who encamp company, body of people army, host
h.dv.ae	H4265	מַחֲנֵה־דָ֑ן		מַחֲנֵה־דָ֑ן n.pr.loc. = camp of Dan, name given to place where Danites encamped
h.dv.af	H4266	מַחֲנַיִם		מַחֲנַיִם n.pr.loc. (two camps) E. of Jordan; name from Jacob's meeting angels
h.dv.ag	H8465	תַּ֫חַן		תַּ֫חַן n.pr.m. an Ephraimite
h.dv.ah	H8470	תַּחֲנִי		תַּחֲנִי adj.gent. only c. art. as subst. coll., הַחּ׳ Nu 26:35.
h.dv.ai	H8466	תַּחֲנָה		[תַּחֲנָה] n.f. encamping, or encampment; 2 K 6:8
h.dw.aa	H2590	חָנַט	root	חָנַט vb. spice, make spicy, embalm
h.dw.ab	H2590	חֲנֻטִים		חֲנֻטִים n.[m.]pl.abstr. embalming, only Gn 50:3 i.e. days consumed in the embalming process
h.dw.ac	H2406	חִטָּה		חִטָּה n.f. wheat
h.dw.ad		חַנִּיאֵל		חַנִּיאֵל חֲנִינָה v. חנן
h.dw.ae		חֲנִית		חֲנִית v. חנה
h.dx.aa		חנך	root	חנך (√ of foll. (see Ar. Syr.); meaning unknown).
h.dx.ab	H2441	חֵךְ		חֵךְ n.m. palate, roof of mouth, gums
h.dy.aa	H2596	חָנַךְ	root	חָנַךְ vb. train up, dedicate
h.dy.ab	H2585	חֲנוֹךְ		חֲנוֹךְ n.pr.m. son of Cain son of Jered (line of Seth), the pious Enoch, who walked with God and was taken by him a son of Midian a son of Reuben
h.dy.ac	H2599	חֲנֹכִי		חֲנֹכִי adj.gent. only c. art. = subst. coll. Nu 26:5.
h.dy.ad	H2593	חָנִיךְ		[חָנִיךְ] adj. trained, tried, experienced, only Gn 14:14
h.dy.ae	H2598	חֲנֻכָּה		חֲנֻכָּה n.f. dedication, consecration, as a matter of usage only P and late (NH חֲנוּכָּה Feast of Dedication)
h.dy.af	H2443	חַכָּה		חַכָּה n.f. hook fastened in jaw, fish-hook
h.dy.ag		חִנָּם		חִנָּם v. חנן
h.dy.ah	H2601	חֲנַמְאֵל		חֲנַמְאֵל n.pr.m. Jeremiah’s cousin, son of his uncle
h.dy.ai	H2602	חֲנָמֵל		[חֲנָמֵל] n.[m.] only ψ 78:47 as instr. of destroying sycomores
h.dz.aa	H2589	חָנַן	root	חָנַן vb. shew favour, be gracious Qal favour, shew favour Niph. be pitied Po‛el direct favour to Hoph. be shewn favour, consideration Hithp. seek or implore favour
h.dz.ab	H2580	חֵן		חֵן n.m. favour, grace favour, grace, elegance favour, acceptance
h.dz.ac	H2600	חִנָּם		חִנָּם subst., used chiefly in the accus. as adv.—lit. out of favour; i.e. gratis, gratuitously, for nothing for no purpose, in vain gratuitously, without cause, undeservedly
h.dz.ad	H2581	חֵן		חֵן n.pr.m. (favour)—contemp. of Zerubbabel Zc 6:14
h.dz.ae	H2433	חִין		חִין n.[m.] Jb 41:4 the grace of his proportions
h.dz.af	H2584	חַנָּה		חַנָּה n.pr.f. mother of Samuel
h.dz.ag	H2605	חָנָן		חָנָן n.pr.m. (gracious) one of the warriors of David one of the heads of families of Nethinim names of Levites chiefs of the people Benjamite name head of a prophetic guild
h.dz.ah	H2586	חָנוּן		חָנוּן n.pr.m. (favoured) an Ammonite king Jewish chiefs, contemporaries of Nehemiah
h.dz.ai	H2587	חַנּוּן		חַנּוּן adj. gracious, only used as an attribute of God
h.dz.aj	H2594	חֲנִינָה		חֲנִינָה n.f. favour Je 16:13
h.dz.ak	H2592	חַנִּיאֵל		חַנִּיאֵל n.pr.m. (favour of Ēl) prince of tribe of Manasseh a chief of the tribe of Asher
h.dz.al	H2606	חֲנַנְאֵל		חֲנַנְאֵל n.pr.m. (Ēl is gracious)—name of tower at Jerusalem
h.dz.am	H2582	חֵנָדָד		חֵנָדָד n.pr.m. (favour of Hadad)—Levite chief
h.dz.an	H2607	חֲנָנִי		חֲנָנִי n.pr.m. father of the prophet Jehu brother of Nehemiah a chief musician of David a chief musician in time of Nehemiah a priest of Ezra’s time
h.dz.ao	H2608	חֲנַנְיָ֫הוּ		חֲנַנְיָ֫הוּ, חֲנַנְיָה n.pr.m. (י׳ hath been gracious) father of a prince under Jehoiakim captain of Uzziah's army chief of one of the divisions of musicians of David a false prophet of Jeremiah's time one of the three companions of Daniel grandfather of an officer of the guard in Jeremiah's time a son of Zerubbabel a Benjamite various postexilic persons
h.dz.ap	H2615	חַנָּתֹן		חַנָּתֹן n.pr.loc. place in tribe of Zebulun Jos 19:14
h.dz.aq	H8467	תְּחִנָּה		תְּחִנָּה n.f. favour, supplication for favour
h.dz.ar	H8468	תְּחִנָּה		תְּחִנָּה n.pr.m. one in the line of Judah 1 Ch 4:12.
h.dz.as	H8469	תַּחֲנוּן		[תַּחֲנוּן] n.[m.] only pl.abstr. supplication for favour
h.ea.aa	H2603	חָנַן	root	[חָנַן] be loathsome—only Jb 19:17
h.ea.ab	H2609	חָנֵס		חָנֵס n.pr.loc. Is 30:4 in Lower Egypt, on island in Nile, S. of Memphis
h.eb.aa	H2610	חָנֵף	root	[חָנֵף] vb. be polluted, profane Qal be polluted of prophet and priest = profane, godless Hiph. pollute make profane, godless
h.eb.ab	H2612	חֹ֫נֶף		חֹ֫נֶף n.[m.] profaneness—Is 32:6
h.eb.ac	H2611	חָנֵף		חָנֵף adj. profane, irreligious
h.eb.ad	H2613	חֲנֻפָּה		חֲנֻפָּה n.f. profaneness, pollution, Je 23:15.
h.ec.aa	H2614	חָנַק	root	[חָנַק] vb. strangle Niph. strangled himself Pi. strangle, of lion strangling prey, fig. of Ninevitish king
h.ec.ab	H4267	מַחֲנָק		מַחֲנָק n.[m.] strangling, suffocation, as a mode of death Jb 7:15
h.ec.ac		חַנָּתֹן		חַנָּתֹן v. חנן
h.ed.aa	H2616	חָסַד	root	[חָסַד] vb. be good, kind—only Hithp. Impf.
h.ed.ab	H2617	חֶ֫סֶד		חֶ֫סֶד 247 n.m. goodness, kindness of man: kindness of men toward men, in doing favours and benefits kindness (especially as extended to the lowly, needy and miserable), mercy (rarely) affection of Isr. to י׳, love to God, piety lovely appearance of God: kindness, lovingkindness in condescending to the needs of his creatures.
h.ed.ac	H2623	חָסִיד		חָסִיד adj.m. kind, pious (so, as denoting active practice of חֶסֶד, kindness, Thes MV De and most, cf. קָצִיר, פָּקִיד etc.; > Hup on ψ 4:4 RVm who expl. as passive reception of י׳’s חֶסֶד, cf. שָׂכִיר, אָסִיר etc.; its used as attribute of God Je 3:12 ψ 145:17, and the context ψ 12:1 Mi 7:2 etc., favour active sense)— kind pious, godly
h.ed.ad	H2624	חֲסִידָה		חֲסִידָה n.f. stork (so called as kind and affectionate to its young)
h.ed.ae	H2619	חֲסַדְיָה		חֲסַדְיָה n.pr.m. (Yah is kind) son of Zerubbabel 1 Ch 3:20.
h.ee.aa	H2616	חָסַד	root	[חָסַד] vb. be reproached, ashamed—only Pi. Impf. Pr 25:10
h.ee.ab	H2617	חֶ֫סֶד		חֶ֫סֶד n.m. shame, reproach
h.ef.aa	H2620	חָסָה	root	חָסָה vb. (mostly poet. and fig.) seek refuge
h.ef.ab	H2621	חֹסָה		חֹסָה n.pr.m. (refuge)—name of one of the Levitical doorkeepers of the temple n.pr.loc. place in the tribe of Asher
h.ef.ac	H2622	חָסוּת		חָסוּת n.f. uge;—Is 30:3
h.ef.ad	H4268	מַחְסֶּה		מַחְסֶּה n.m. refuge, shelter
h.ef.ae	H4271	מַחְסֵיָה		מַחְסֵיָה n.pr.m. (י׳ is a refuge) ancestor of Baruch and Seraiah
h.eg.aa	H2628	חָסַל	root	[חָסַל] vb. finish off, consume—Qal Dt 28:38
h.eg.ab	H2625	חָסִיל		חָסִיל n.m. a kind of locust
h.eh.aa	H2629	חָסַם	root	[חָסַם] vb. stop up, muzzle
h.eh.ab	H4269	מַחְסוֹם		מַחְסוֹם n.m. muzzle, ψ 39:2
h.ei.aa	H2630	חסן	root	חסן (√ of following; be strong, also take possession of)
h.ei.ab	H2633	חֹ֫סֶן		חֹ֫סֶן n.m. wealth, treasure
h.ei.ac	H2634	חָסֹן		חָסֹן adj. strong
h.ei.ad	H2626	חֲסִין		חֲסִין adj. strong, mighty (Aramaism);—only ψ 89:9.
h.ei.ae	H2636	חַסְפַּס		[חַסְפַּס] vb. only Pt. pass. (scaled off) scale-like;—of the manna Ex 16:14
h.ej.aa	H2637	חָסֵר	root	חָסֵר vb. lack, need, be lacking, decrease Qal lack be lacking diminish, decrease Pi. cause to lack Hiph. cause to be lacking, fail
h.ej.ab	H2639	חֶ֫סֶר		חֶ֫סֶר n.m. want, poverty
h.ej.ac	H2640	חֹ֫סֶר		חֹ֫סֶר n.[m.] want, lack
h.ej.ad	H2638	חָסֵר		חָסֵר adj. needy, lacking, in want of
h.ej.ae	H2641	חַסְרָה		חַסְרָה n.pr.m. grandfather of Shallum who was husband of Huldah the prophetess [2 Ch 34:22]
h.ej.af	H2642	חֶסְרוֹן		חֶסְרוֹן n.m. thing lacking, deficiency—only Ec 1:15
h.ej.ag	H4270	מַחְסוֹר		מַחְסוֹר, מַחְסֹר n.[m.] need, thing needed, poverty need = thing needed lack, want in gen., need, poverty
h.ej.ah		חַף		חַף v. חפף
h.ek.aa	H2644	חָפָא	root	[חָפָא] vb. do secretly;—only Pi. 2 K 17:9
h.el.aa	H2645	חָפָה	root	[חָפָה] vb. cover Qal cover the head Niph. on material Pi. (late) overlay
h.el.ab		חֻפָּה		חֻפָּה v. חפף
h.em.aa	H2648	חָפַז	root	[חָפַז] vb. be in trepidation, hurry, or alarm Qal be in a hurry or alarm, of hurried flight Niph. hurry away in alarm
h.em.ab	H2649	חִפָּזוֹן		חִפָּזוֹן n.[m.] trepidation, hurried flight
h.em.ac		חֻפִּים		חֻפִּים v. חפף
h.en.aa		חפן	root	חפן (√ of foll.; Ar. Arabic take with both hands, Arabic handful; NH חָפַן, Aram. חֲפַן fill the hands with).
h.en.ab	H2651	חֹ֫פֶן		[חֹ֫פֶן] n.[m.] hollow of hand
h.en.ac	H2652	חָפְנִי		חָפְנִי n.pr.m. one of Eli’s two sons
h.eo.aa	H2653	חָפַף	root	[חָפַף] vb. enclose, surround, cover—only Qal Dt 33:12
h.eo.ab	H2348	חוֹף		חוֹף n.[m.] shore, coast (as surrounding, enclosing)
h.eo.ac	H2646	חֻפָּה		חֻפָּה n.f. canopy, chamber (as covering, enclosing)
h.eo.ad	H2647	חֻפָּה		חֻפָּה n.pr.m. 1 Ch 24:13 priest of the 13th course
h.eo.ae	H2650	חֻפִּים		חֻפִּים n.pr.m. a son of Benjamin
h.ep.aa		חפף	root	חפף (NH חָפַף; Aram. חֲפַף, Syriac, Syriac, all rub, cleanse, esp. the head).
h.ep.ab	H2643	חַף		חַף adj. clean—only Jb 33:9
h.eq.aa	H2654	חָפֵץ	root	חָפֵץ vb. delight in
h.eq.ab	H2655	חָפֵץ		חָפֵץ adj.verb. delighting in, having pleasure in
h.eq.ac	H2656	חֵ֫פֶץ		חֵ֫פֶץ n.m. delight, pleasure delight desire, longing the good pleasure, will, purpose, of Yahweh that in which one takes delight, his business (late), or matter
h.eq.ad	H2657	חֶפְצִי־בָהּ		חֶפְצִי־בָהּ n.pr.f. (my delight is in her) mother of king Manasseh fig. name of Zion
h.er.aa	H2654	חָפַץ	root	[חָפַץ] vb. bend down—only Qal Jb 40:17
h.es.aa	H2658	חָפַר	root	חָפַר vb. dig, search for
h.es.ab	H2660	חֵ֫פֶר		חֵ֫פֶר n.pr.m. a Manassite a man of Judah one of David's heroes
h.es.ac	H2662	חֶפְרִי		חֶפְרִי adj.gent. only c. art. as n.pr. coll. Nu 26:32.
h.es.ad	H2660	חֵ֫פֶר		חֵ֫פֶר n.pr.loc. Canaanitish town, with a king, named just before Aphek in Judah
h.es.ae	H2663	חֲפָרַיִם		חֲפָרַיִם n.pr.loc. in Issachar Jos 19:19
h.es.af	H2661	חֲפַרְפָּרָה		[חֲפַרְפָּרָה] n.f. mole (as digger)—only Is 2:20
h.et.aa	H2659	חָפֵר	root	[חָפֵר] vb. be abashed, ashamed Qal be abashed, ashamed Hiph. display shame
h.et.ab	H6548	חָפְרַע		חָפְרַע n.pr.m. Apries, reigned in Egypt alone, b.c. 589-570 and with Amasis 570-564; Je 44:50
h.et.ac		חֲפַרְפָּרָה		חֲפַרְפָּרָה v. חפר
h.eu.aa	H2664	חָפַשׂ	root	[חָפַשׂ] vb. search Qal search, search out search for = think out, devise search = test Niph. searched out = exposed and plundered Pi. search through search for Pu. be searched for = be hidden Hithp. disguise oneself (lit. let oneself be searched for)
h.eu.ab	H2665	חֵ֫פֶשׂ		חֵ֫פֶשׂ n.[m.] a (shrewd) device, plot, only in ψ 64:7
h.ev.aa	H2666	חָפַשׁ	root	[חָפַשׁ] vb. be free—only Pu. Lv 19:20 (H)
h.ev.ab	H2667	חֹ֫פֶשׁ		חֹ֫פֶשׁ n.[m.] very dub.; only Ez 27:20 wide-spread (?) garments for riding, i.e. saddle-cloths
h.ev.ac	H2668	חֻפְֿשָׁה		חֻפְֿשָׁה n.f. freedom, only Lv 19:20 (H)
h.ev.ad	H2670	חָפְשִׁי		חָפְשִׁי adj. free
h.ev.ae	H2669	חָפְשִׁית		חָפְשִׁית, חפשׁות n.f. freedom, separateness
h.ev.af		חֵץ		חֵץ v. חצץ
h.ew.aa	H2672	חָצַב	root	[חָצַב] חָצֵב vb. hew, hew out, cleave Qal hew out, (dig) hew stone appar. hew wood metaph. hew in pieces Niph. be cut, hewn, graven (words on rock) Pu. fig., hewn out of rock Hiph. hew in pieces
h.ew.ab	H4274	מַחְצֵב		מַחְצֵב n.[m.] hewing, alw. = hewn stones
h.ex.aa	H2673	חָצָה	root	חָצָה vb. divide Qal divide shall not halve their days, i.e. enjoy even half of the normal number Niph. be divided
h.ex.ab	H2676	חָצוֹת		[חָצוֹת] n.f. (Inf. form) division, middle
h.ex.ac	H2677	חֲצִי		חֲצִי 123 n.m. half half of anything middle … midnight
h.ex.ad		חֲצִי הַמְּנֻחוֹת		חֲצִי הַמְּנֻחוֹת חֲצִי הַמְּנַחְתִּי v. מָנַחַת sub. נוח
h.ex.ae	H2678	חֵ֫צִי		חֵ֫צִי n.m. arrow
h.ex.af	H3183	יַחְצְאֵל		יַחְצְאֵל, יַחְצִיאֵל n.pr.m. (God divideth, apportioneth)—son of Naphtali
h.ex.ag	H3184	יַחְצְאֵלִי		יַחְצְאֵלִי adj.gent. of foregoing [h.ex.af]; only c. art. as n.pr.coll., Nu 26:48.
h.ex.ah	H4275	מֶחֱצָה		מֶחֱצָה n.f. half, of spoils
h.ex.ai	H4276	מַחֲצִית		מַחֲצִית n.f. half, middle half of a shekel middle = midday, noon
h.ey.aa		חצן	root	חצן (√ of foll.; meaning dub.; denom. seem to be Ar. Arabic, Eth. Ethiopic carry in the arms or bosom, rear, foster; perhaps also As. êṣênu, bring together, also drink or draw in sweet odours Flood Tablet iii. 49 Hpt in KAT 2Gloss i).
h.ey.ab	H2683	חֵ֫צֶן		[חֵ֫צֶן] n.m. bosom of a garment—ψ 129:7
h.ey.ac	H2684	חֹ֫צֶן		חֹ֫צֶן n.m. bosom
h.ez.aa	H2686	חָצַץ	root	[חָצַץ] vb. divide Qal of locusts; i.e. dividing (themselves) into companies or swarms. Pi. v. Pu. the number of his months, they have been cut in two (fig. for curtailed).
h.ez.ab	H2687	חָצָץ		חָצָץ n.[m.] gravel (as divided, comminuted)
h.ez.ac	H2671	חֵץ		חֵץ n.m. arrow, mostly poet. and proph.
h.ez.ad	H2688	חַצֲצֹן תָּמָר		חַצֲצֹן תָּמָר n.pr.loc. (ח׳ of the palms);—abode of Amorites
h.ez.ae	H2686	חצץ		[חצץ] vb. denom. only Pi. Pt. Ju 5:11 archers
h.ez.af		חצצר		חצצר חֲצֹצְרָה v. חצר
h.fa.aa		חצר	root	חצר (√ of foll.; cf. Ar. Arabic encompass, surround; Eth. Ethiopic surround, enclose by wall, etc.; Ethiopic enclosure; NH חָצֵר court, Ph. חצר id., Syr. Syriac id.)
h.fa.ab	H2691	חָצֵר		חָצֵר 145 n.m. and (oftener) f. enclosure, court
h.fb.aa		חצר	root	חצר (√ of foll.; cf. Ar. Arabic be present, settle or dwell, v. Lag BN 47f.; Sab. חצֿר fixed abode Os (Levy) ZMG 1865, 185 CIS iv, i. 2, No. 79. 82).
h.fb.ab	H2691	חָצֵר		[חָצֵר] 46 n.m. settled abode, settlement, village—always pl. abs. חֲצֵרִים
h.fb.ac	H2692	חֲצַר־אַדָּר		חֲצַר־אַדָּר n.pr.loc. place on southern border of Canaan (Judah)
h.fb.ad	H2693	חֲצַר גַּדָּה		חֲצַר גַּדָּה n.pr.loc. in southern Judah Jos 15:27
h.fb.ae	H2701	חֲצַר סוּסָה		חֲצַר סוּסָה, ה׳ סוּסִים n.pr.loc. in Simeon
h.fb.af	H2704	חֲצַר עֵינוֹן		חֲצַר עֵינוֹן, ח׳ עֵינָן n.pr.loc. on NE. border of Canaan
h.fb.ag	H2705	חֲצַר שׁוּעָל		חֲצַר שׁוּעָל n.pr.loc. place in southern Judah place in Simeon
h.fb.ah	H2694	חֲצַר הַתִּיכוֹן		חֲצַר הַתִּיכוֹן n.pr.loc. Ez 47:16; ‘at the foot of the eastern corner of Hermon.’
h.fb.ai	H2674	חָצוֹר		חָצוֹר, חָצֹר n.pr.loc. a royal city of northern Canaan places in the Negeb a Benjamite town an Arabian locality
h.fb.aj	H2675	חָצוֹר חֲדַתָּה		חָצוֹר חֲדַתָּה n.pr.loc. Jos 15:25, in Negeb of Judah, site unknown.
h.fb.ak	H2681	חָצִיר		חָצִיר n.[m.] settled abode or haunt
h.fb.al	H2695	חֶצְרוֹ		חֶצְרוֹ, חֶצְרַי (n.pr.m.)—one of David’s heroes, called the Carmelite
h.fb.am	H2696	חֶצְרוֹן		חֶצְרוֹן, חֶצְרֹן n.pr.loc. et pers. n. pr. loc. place in extreme south of Judah another town of Judah in south n. pr. m. son of Reuben son of Pereṣ and grandson of Judah
h.fb.an	H2697	חֶצְרוֹנִי		חֶצְרוֹנִי, חֶצְרֹנִי adj.gent. only c. art. as n. coll. Nu 26:6 v 21
h.fb.ao	H2698	חֲצֵרוֹת		חֲצֵרוֹת, חֲצֵרֹת n.pr.loc. a station of Isr. in wilderness
h.fb.ap	H2700	חֲצַרְמָ֫וֶת		חֲצַרְמָ֫וֶת n.pr.m. 5th in order from Shem; = n.pr.terr. a district in southern Arabia
h.fc.aa		חצר	root	חצר (√ of foll.; Ar. Arabic be green).
h.fc.ab	H2682	חָצִיר		חָצִיר n.m. green grass, herbage grass, as food for animals;spec. of leeks as type of what is quickly perishing
h.fd.aa		חצר	root	חצר (assumed as √ for redupl. חצרצר whence foll.; mng. unknown; perh. onomatop., v. Thes Ol §§82c. 188a Sta §124b; see also Lag Or ii. 18).
h.fd.ab	H2689	חֲצֹצְרָה		חֲצֹצְרָה n.f. clarion as secular instr. as sacred instr.
h.fd.ac	H2690	חצצר		[חצצר] vb. Kt, חצר Qr, denominat. = sound a clarion Pi. = players on clarions Hiph. sound with clarions
h.fd.ad		חֵק		חֵק v. חֵיק
h.fd.ae		חֹק		חֹק v. חקק
h.fe.aa	H2707	חָקָה	root	חָקָה vb. only Pu. cut in, carve Pu. carved figure on wall = subst. carved work Hithp. thou gavest thee a graving (= markest a line) for (i.e. about) the soles of my feet, fixed limits for them
h.fe.ab		חֻקָּה		חֻקָּה v. חקק
h.fe.ac	H2709	חֲקוּפָא		חֲקוּפָא n.pr.m. head of a family of returning exiles
h.ff.aa	H2710	חָקַק	root	[חָקַק] vb. cut in, inscribe, decree Qal cut in cut in or on, upon, engrave, inscribe trace, mark out of a law, engrave, inscribe Po‛el inscribe (as a law), enact (poet.) prescriber of laws, hence (as sovereign authority in a warlike clan) commander commander’s staff Pu. that which is decreed Hoph. inscribed
h.ff.ab	H2706	חֹק		חֹק 127 n.m. something prescribed, a statute or due prescribed task prescribed-portion or allowance of food action prescribed for oneself, resolve prescribed due of the priest from offerings prescribed limit, boundary enactment, decree, ordinance of either God or man pl. חֻקִּים enactments, statutes of a law
h.ff.ac	H2708	חֻקָּה		חֻקָּה 104 n.f. something prescribed, enactment, statute
h.ff.ad	H2712	חֻקֹֿק		[חֻקֹֿק] n.pr.loc. in tribe of Naphtali, only Jos 19:34
h.ff.ae	H2712	חוּקֹק		חוּקֹק n.pr.loc. city in Asher 1 Ch 6:60; but rd. prob. חֶלְקַת (q.v.)
h.ff.af		חִקֲקֵי		חִקֲקֵי v. חֹק
h.fg.aa	H2713	חָקַר	root	[חָקַר] vb. search Qal search (for) search through, explore search a man, find out his sentiments of י׳ searching man of examining thoroughly Niph. be searched out, found out, ascertained Pi. he sought out many proverbs
h.fg.ab	H2714	חֵ֫קֶר		חֵ֫קֶר n.m. searching, thing (to be) searched out
h.fg.ac	H4278	מֶחְקָר		[מֶחְקָר] n.m. range (as place to be explored)
h.fg.ad		חֹר		חֹר חֹר חֻר v. חרר
h.fg.ae		חֹר הַגִּדְגָּד		חֹר הַגִּדְגָּד v. חור
h.fh.aa		חרא	root	חרא, or חרה (√ of following; meaning unknown).
h.fh.ab	H2716	חֶרֶא		[חֶרֶא, or חֲרִי] n.[m.] dung
h.fh.ac	H4280	מַחֲרָאָה		[מַחֲרָאָה] n.f. pl. draught house, 2 K 10:27.
h.fi.aa	H2717	חָרֵב	root	[חָרֵב] vb. be dry, dried up Qal be dry, dried up Pu. of fresh bow-strings Hiph. of י׳ drying up rivers
h.fi.ab	H2720	חָרֵב		[חָרֵב] adj. dry
h.fi.ac	H2721	חֹ֫רֶב		חֹ֫רֶב n.m. dryness, drought, heat dryness drought parching heat
h.fi.ad	H2724	חָֽרָבָה		חָֽרָבָה n.f. dry ground
h.fi.ae	H2725	חֵרָבוֹן		[חֵרָבוֹן] n.m. drought, only pl. cstr. ψ 32:4 metaph. for fever heat.
h.fj.aa	H2717	חָרֵב	root	[חָרֵב] be waste, desolate Qal be waste, desolate Niph. as adj., desolate city Hiph. lay waste, make desolate Hoph. she is laid waste
h.fj.ab	H2720	חָרֵב		חָרֵב adj. waste, desolate
h.fj.ac	H2721	חֹ֫רֶב		חֹ֫רֶב n.[m.] desolation
h.fj.ad	H2722	חֹרֵב		חֹרֵב, חוֹרֵב n.pr.mont. Horeb (waste, desert)
h.fj.ae	H2723	חָרְבָּה		חָרְבָּה n.f. waste, desolation, ruin
h.fk.aa	H2717	חָרַב	root	[חָרַב] vb. (Aram. and rare) attack, smite down Qal attack Niph. the kings have attacked one another, fought together Hoph. 2 K 3:23
h.fk.ab	H2719	חֶ֫רֶב		חֶ֫רֶב 411 n.f. sword (as weapon)
h.fk.ac	H2726	חַרְבוֹנָא		חַרְבוֹנָא n.pr.m. eunuch of Ahasuerus
h.fk.ad		חַרְבּוֹנָה		חַרְבּוֹנָה v.
h.fl.aa	H2727	חָרַג	root	[חָרַג] vb. quake
h.fm.aa		חרגל	root	חרגל (quadril. √ of foll.; cf. Ar. Arabic run right and left, run swiftly (Frey)).
h.fm.ab	H2728	חָרְגֹּל		חָרְגֹּל n.[m.] a kind of locust—only Lv 11:22 (P) in list if edible insects
h.fn.aa	H2729	חָרַד	root	חָרַד vb. tremble, be terrified Qal tremble, quake tremble, of persons be anxiously careful with preps. pregn. = go or come trembling Hiph. drive in terror, rout as army
h.fn.ab	H2730	חָרֵד		חָרֵד adj.verb. of foregoing [h.fn.aa], trembling
h.fn.ac	H5878	חֲרֹד		חֲרֹד n.pr.loc. only עֵין ח׳ a camping-place of Gideon and Israel. Ju 7:1.
h.fn.ad	H2733	חֲרֹדִי		חֲרֹדִי adj.loc. only c. art., of Harod
h.fn.ae	H2731	חֲרָדָה		חֲרָדָה n.f. trembling, fear, anxiety trembling, quaking anxious care
h.fn.af	H2732	חֲרָדָה		חֲרָדָה n.pr.loc. a station of Isr. in wilderness
h.fo.aa	H2734	חָרָה	root	חָרָה vb. burn, be kindled, of anger Qal of man of God Niph. be angry with Hiph. burned with zeal (?) in repairing; and kindled his anger against me Hithp. heat oneself in vexation.—The foll. forms are somewhat dub.: how canst thou hotly contend (in a race) with the horses?; because thou strivest eagerly (to excel) in cedar
h.fo.ab	H2740	חָרוֹן		חָרוֹן n.m. (burning of) anger
h.fo.ac	H2750	חֳרִי		חֳרִי n.m. burning
h.fo.ad		חַרְהֲיָה		חַרְהֲיָה v. חרחיה
h.fo.ae	H2739	חֲרוּמַף		חֲרוּמַף n.pr.m. father of one of the builders of the wall Ne 3:10.
h.fp.aa		חרז	root	חרז (√ of foll.; NH חֲרַז string together, esp. jewels or pearls; Aram. חֲרַז id.; Syriac id.; Ar. Arabic sew or stitch, Arabic beads strung together, neck-ornament).
h.fp.ab	H2737	חָרוּז		[חָרוּז] n.[m.] string of beads, only pl. Ct 1:10
h.fp.ac	H2736	חַרְחֲיָה		חַרְחֲיָה n.pr.m. father of one of the builders of the wall, Neh.’s time Ne 3:8.
h.fp.ad		חַרְחוּר		חַרְחוּר חַרְחֻר v. חרר
h.fp.ae	H2745	חַרְחַס		חַרְחַס n.pr.m. grandfather of Shallum, who was husband of Huldah the prophetess 2 K 22:14.
h.fq.aa		חרט	root	חרט (√ of foll.; Aram. Syriac cut, scratch, tear; cf. Ar. Arabic peel of bark, strip off leaves (mod. Ar. turn wood), Arabic iron instrument for doing this).
h.fq.ab	H2747	חֶ֫רֶט		חֶ֫רֶט n.[m.] graving-tool, stylus
h.fq.ac	H2748	חַרְטֹם		[חַרְטֹם] n.m. engraver, writer, only in deriv. sense of one possessed of occult knowledge, diviner, astrologer, magician
h.fr.aa		חרט	root	חרט (√ of foll.; relation to I. חרט obscure).
h.fr.ab	H2754	חָרִיט		[חָרִיט] n.m. bag, purse
h.fr.ac		חֹרִי		חֹרִי v. חור
h.fr.ad		חֹרִי		חֹרִי חוֹרִי v. חרר
h.fr.ae		חַרֵי יוֹנִם		חַרֵי יוֹנִם חֲרֵיהֶם v. חרא v. חרי
h.fs.aa	H2760	חָרַךְ	root	[חָרַךְ] vb. set in motion, start—only Qal Pr 12:27
h.ft.aa		חרך	root	חרך (√ of foll.; meaning unknown).
h.ft.ab	H2762	חֲרַכִּים		חֲרַכִּים n.[m.]pl. lattice or other opening through which one may look—only Ct 2:9
h.fu.aa		חרל	root	חרל (√ of foll.; meaning unknown).
h.fu.ab	H2738	חָרוּל		חָרוּל n.[m.] a kind of weed, perh. chickpea
h.fv.aa	H2763	חָרַם	root	[חָרַם] vb. Hiph. ban, devote, exterminate Hiph. ban, devote Hoph. be put under the ban, devoted (to death) devoted, i.e. forfeited, to the temple treasures
h.fv.ab	H2764	חֵ֫רֶם		חֵ֫רֶם n.m. devoted thing. devotion, ban
h.fv.ac	H2765	חֳרֵם		חֳרֵם n.pr.loc. (sacred)—a place in tribe of Naphtali Jos 19:38 (P); not identified.
h.fv.ad	H2766	חָרִם		חָרִם n.pr.m. (consecrated) priest of the third course, David’s time priest of time of Nehemiah heads of families of returning exiles a prince
h.fv.ae	H2767	חָרְמָה		חָרְמָה n.pr.loc. (asylum)—a royal city of Canaanites, in the South, in tribe of Simeon
h.fv.af	H2768	חֶרְמוֹן		חֶרְמוֹן n.pr.mont. Hermon (sacred mountain)
h.fv.ag		הֶרמוֹנִים		הֶרמוֹנִים v.
h.fw.aa	H2763	חָרַם	root	[חָרַם] vb. slit (nose, lip, ear, etc.), mutilate esp. face—Qal Lv 21:18 (H)
h.fw.ab	H2764	חֵ֫רֶם		חֵ֫רֶם n.m. net (as something perforated)
h.fw.ac	H2770	חֶרְמֵשׁ		חֶרְמֵשׁ n.[m.] sickle
h.fw.ad	H2771	חָרָן		חָרָן n.pr.loc. city in northern Mesopotamia
h.fw.ae	H2771	חָרָן		חָרָן n.pr.m. son of Caleb of Judah
h.fw.af		חוֹרֹן		חוֹרֹן חֹרֹן v. בֵּית חוֹרֹן
h.fw.ag		חֹרֹנִי		חֹרֹנִי v. בֵּית חוֹרֹן
h.fw.ah	H2773	חֹרוֹנַיִם		חֹרוֹנַיִם, חֹרֹנַיִם n.pr.loc. (poss. two hollows, caves, ravines) city of Moab
h.fw.ai	H2774	חַרְנֶ֫פֶר		חַרְנֶ֫פֶר n.pr.m. name in tribe of Asher 1 Ch 7:36 = n.pr.loc.
h.fx.aa		חרס	root	חרס (√ of foll.; meaning dubious).
h.fx.ab	H2775	חֶ֫רֶס		חֶ֫רֶס n.m. sun
h.fx.ac	H2776	חֶ֫רֶס		[חֶ֫רֶס] n.pr.loc. abode of Amorites place E. of Jordan
h.fx.ad		חֶרֶס		חֶרֶס חַרְסִים חרסות v. חרשׂ
h.fy.aa		חרע	root	חרע (√ of foll.; perh. cf. Aram. Syriac Ethpa. be clever, Syriac shrewd, esp. in bad sense; Ar. Arabic split, VIII. originate, invent).
h.fy.ab	H8390	תַּחֲרֵעַ		תַּחֲרֵעַ n.pr.m. a great-great-grandson of Saul
h.fz.aa	H2778	חָרַף	root	[חָרַף] vb. reproach Qal Piel. reproach,—prop. say sharp things against,—taunt
h.fz.ab	H2781	חֶרְפָּה		חֶרְפָּה n.f. reproach taunt of enemy reproach which rests upon one, condition of shame, disgrace a reproach, the object of reproach, the person or thing reproached
h.ga.aa		חרף	root	חרף (√ of foll.; cf. Ar. Arabic gather fruit, pluck).
h.ga.ab	H2779	חֹ֫רֶף		חֹ֫רֶף n.m. harvest-time, autumn
h.ga.ac	H2778	חָרַף		[חָרַף] vb. denom. remain in harvest time—only Qal Is 18:6
h.ga.ad	H2780	חָרֵף		חָרֵף n.pr.m. a chief of the line of Judah 1 Ch 2:51.
h.ga.ae	H2756	חָרִף		חָרִף, חָרִיף n.pr.m. (autumn) head of family of returned exiles one of those sealed
h.ga.af	H2741	חֲרִיפִי		חֲרִיפִי Qr, חרופי Kt, adj.gent. c. art.
h.gb.aa	H2778	חָרַף	root	[חָרַף] vb. acquire—only Niph. Lv 19:20
h.gc.aa	H2782	חָרַץ	root	חָרַץ vb. cut, sharpen, decide Qal cut, mutilate sharpen decide Niph. decisive
h.gc.ab	H2742	חָרוּץ		חָרוּץ adj. sharp, diligent
h.gc.ac	H2742	חָרוּץ		חָרוּץ n.[m.] strict decision, only Jo 4:14, 14
h.gc.ad	H2742	חָרוּץ		חָרוּץ n.[m.] trench, moat—only in Dn 9:25
h.gc.ae	H2743	חָרוּץ		חָרוּץ n.pr.m. father of king Amon’s mother 2 K 21:19
h.gc.af	H2757	חָרִיץ		[חָרִיץ] n.m. a cut, thing cut, sharp instrument
h.gc.ag	H2785	חַרְצַנִּים		חַרְצַנִּים n.m.pl. some insignificant vine-product, usu. taken as grape-kernels, grape-stones, fr. acrid taste Nu 6:4
h.gd.aa		חרץ	root	חרץ be yellow (prob. √ of foll.: Syr. Syriac id. (rare), Syriac yellow; cf. Aram. חריע safflower, Ar. Arabic id.: v. Nö ZMG 1886. 728, Löw Aram. Pflanzenn. 218 Kö ii. 1, 137).
h.gd.ab	H2742	חָרוּץ		חָרוּץ n.m. gold, poet.
h.ge.aa		חרצב	root	חרצב (quadrilit. √ of foll.; cf. Ar. Arabic bind or twist powerfully, Frey).
h.ge.ab	H2784	חַרְצֻבָּה		[חַרְצֻבָּה] n.[f.] bond, fetter, pang
h.ge.ac		חַרְצַנִּים		חַרְצַנִּים v. חרץ
h.gf.aa	H2786	חָרַק	root	חָרַק vb. gnash or grind the teeth, only poet.
h.gg.aa	H2787	חָרַר	root	[חָרַר] vb. be hot, scorched, burn Qal be hot, scorched burn = be burned burn, of bones of sick men in fever Niph. be scorched burn; be parched Pilp. to kindle strife
h.gg.ab	H2788	חָרֵר		[חָרֵר] n.[m.] parched place, only pl. abs. Je 17:6
h.gg.ac	H2746	חַרְחֻר		חַרְחֻר n.m. violent heat, fever—Dt 28:22.
h.gg.ad	H2744	חַרְחוּר		חַרְחוּר n.pr.m. head of family of returning exiles
h.gh.aa		חרר	root	חרר (√ of foll.; Ar. Arabic be or become free, Arabic free, freeborn; NH חרר Pi. set free, חֹר freeman; Aram. חֲרַר, Syriac Pa. set free, חָרְתָּא ,חֹרָא freed-man, -woman; Sab. חר freeman, noble (?) DHM Epigr. Denkm. 57; Eth. Ethiopic coll. army, troops (in Ambar. free, noble, acc. to Di 85), Ethiopic free, noble, etc.)
h.gh.ab	H2715	חֹר		[חֹר] n.m. noble, late
h.gi.aa		חרר	root	חרר (√ of foll.; v. As. ḫarâru, bore, pierce, ḫurru, hole, ravine Dl Pr 150, 182; Ar. Arabic hole or mouth of millstone; NH חִרְחֵר bore, pierce).
h.gi.ab	H2356	חֹר		חֹר, חוֹר n.[m.] hole
h.gi.ac	H2352	חֻר		חֻר, חוּר n.[m.] id. [חֹר]
h.gi.ad	H2753	חֹרִי		חֹרִי, חוֹרִי adj., usu. n.pr.gent. et pers. (prob. = cave-dweller) adj.gent. Seir the Horite n.pr.gent. ancient inhabitants of land of Edom n.pr.pers.m. an Edomite a Simeonite
h.gj.aa		חרשׂ	root	חרשׂ (√ of foll.; cf. Ar. Arabic vb. scratch, lacerate, Arabic irritation, etc.)
h.gj.ab	H2789	חֶ֫רֶשׂ		חֶ֫רֶשׂ n.[m.] earthenware, earthen vessel, sherd potsherd
h.gj.ac		חֲרֶשֶׂת		חֲרֶשֶׂת v. קִיר־חֲרֶשֶׂת
h.gj.ad	H2775	חֶ֫רֶס		[חֶ֫רֶס] n.[m.] an eruptive disease, itch—Dt 28:27
h.gj.ae	H2777	חרסות		חרסות Kt, חַרְסִית Qr, n.f.coll. potsherd—Je 19:2, designation of a gate in Jerus.
h.gk.aa	H2790	חָרַשׁ	root	[חָרַשׁ] vb. cut in, engrave, plough, devise Qal cut in, engrave plough devise Niph. Zion, as a field she shall be ploughed Hiph. fabricating mischief against
h.gk.ab	H2796	חָרָשׁ		חָרָשׁ n.m. graver, artificer
h.gk.ac	H2799	חֲרֹ֫שֶׁת		חֲרֹ֫שֶׁת n.f. carving, skilful working
h.gk.ad	H2758	חָרִישׁ		חָרִישׁ n.m. ploughing, ploughing-time—abs. Gn 45:6
h.gk.ae	H4281	מַחֲרֵשָׁה		[מַחֲרֵשָׁה, מַחֲרֶ֫שֶׁת] n.f. ploughshare
h.gl.aa	H2790	חָרֵשׁ	root	[חָרֵשׁ] vb. 1. be silent, dumb, speechless; 2. be deaf; chiefly poet. Qal be silent, alw. of God’s keeping silence when men pray be deaf Hiph. be silent (= exhibit silence) once causat. make silent be deaf, shew deafness
h.gl.ab	H2795	חֵרֵשׁ		חֵרֵשׁ adj. deaf
h.gl.ac	H2791	חֶ֫רֶשׁ		חֶ֫רֶשׁ n.[m.] as adv. silently, secretly—Jos 2:1 (J E) exploring secretly.
h.gm.aa		חרשׁ	root	חרשׁ (√ of foll.; meaning unknown).
h.gm.ab	H2793	חֹ֫רֶשׁ		חֹ֫רֶשׁ n.m. wood, wooded height
h.gn.aa		חרשׁ	root	חרשׁ (√ of foll.; meaning unknown; suggestions on etym. v. infr.)
h.gn.ab	H2791	חֶ֫רֶשׁ		[חֶ֫רֶשׁ] n.[m.] magic art, or perh. magic drug—only Is 3:3 skilled in magic arts, or drugs
h.gn.ac	H2792	חֶ֫רֶשׁ		חֶ֫רֶשׁ n.pr.m. a Levite 1 Ch 9:15
h.gn.ad	H2797	חַרְשָׁא		חַרְשָׁא n.pr.m. head of a family of returning exiles
h.gn.ae	H2800	חֲרֹ֫שֶׁת		חֲרֹ֫שֶׁת n.pr.loc. only in combin. Ḥarosheth of the nations
h.gn.af		חֲרָשִׁים		חֲרָשִׁים v. חָרָשׁ v. נַּיְא v. חֶרֶשׁ
h.gn.ag	H2759	חֲרִישִׁי		[חֲרִישִׁי] adj. meaning wholly dub.; only Jon 4:8; a silent east wind is not suitable in context; still = sultry is mere conjecture
h.go.aa	H2801	חָרַת	root	[חָרַת] vb. grave, engrave, only Qal Ex 32:16 (E)
h.go.ab	H2802	חֶרֶת		[חֶרֶת] n.pr.loc., only in 1 S 22:5.
h.gp.aa	H2820	חָשַׂךְ	root	חָשַׂךְ vb. withhold, refrain Qal withhold, keep back, keep for oneself keep one from evil, calamity hold in check refrain spare reserve for (abs.) restrain, check (pain) i.e. assuage Niph. at the day of calamity the wicked is spared
h.gq.aa	H2834	חָשַׂף	root	חָשַׂף vb. strip off, strip, make bare
h.gq.ab	H2835	חָשִׂיף		[חָשִׂיף] n.m. only pl. cstr. 1 K 20:27, two little flocks of goats
h.gq.ac	H2817	חֲשׂוּפָא		חֲשׂוּפָא, חֲשֻׂפָא n.pr.m. head of a family of Nethinim among the returning exiles
h.gq.ad		חֲשׂוּפַי		חֲשׂוּפַי חָשַׂף v. חשׂף
h.gq.ae	H4286	מַחְשֹׂף		מַחְשֹׂף n.m. a laying bare, stripping—only cstr. Gn 30:37 (J)
h.gr.aa	H2803	חָשַׁב	root	חָשַׁב vb. think, account Qal of man: think, account devise, plan, mean charge, impute esteem, value, regard invent ingenious and artistic things of God: think devise, plan, mean inpute, reckon esteem, value, regard invent ingenious and artistic things Niph. be accounted, thought, esteemed be computed, reckoned be imputed to any one Pi. think upon, consider, be mindful of think to do, devise, plan count, reckon, the years since a sale of land Hithp. among the nations it shall not reckon itself
h.gr.ab	H2805	חֵ֫שֶׁב		חֵ֫שֶׁב n.m. ingenious work, name of the girdle or band of the ephod (cunningly woven band, RV)
h.gr.ac	H2807	חֲשֻׁבָה		חֲשֻׁבָה n.pr.m. (consideration)—son of Zerubbabel 1 Ch 3:20
h.gr.ad	H2815	חַשּׁוּב		חַשּׁוּב n.pr.m. (considerate) a Levite chief builders at the wall
h.gr.ae	H2808	חֶשְׁבּוֹן		חֶשְׁבּוֹן n.m. reckoning, account
h.gr.af	H2809	חֶשְׁבּוֹן		חֶשְׁבּוֹן n.pr.loc. of the city of Sihon king of the Amorites
h.gr.ag	H2810	חִשָּׁבוֹן		[חִשָּׁבוֹן] n.m. device, invention
h.gr.ah	H2811	חֲשַׁבְיָ֫הוּ		חֲשַׁבְיָ֫הוּ, חֲשַׁבְיָה n.pr.m. (Yah(u) has taken account) a temple musician a Levite, David’s time a Levite, Josiah’s time Levite in line of Merari Levite Levite, Ezra’s time head of a family of priests a builder of the wall
h.gr.ai	H2812	חֲשַׁבְנָה		חֲשַׁבְנָה n.pr.m. a chief of the people, Nehemiah’s time
h.gr.aj	H2813	חֲשַׁבְנְיָה		חֲשַׁבְנְיָה n.pr.m. father of a builder at the wall a Levite
h.gr.ak	H4284	מַחֲשָׁבָה		מַחֲשָׁבָה n.f. thought, device thought device, plan, purpose invention
h.gr.al	H2806	חַשְׁבַּדָּנָה		חַשְׁבַּדָּנָה n.pr.m. one of those who stood with Ezra at the reading of the law Ne 8:4
h.gs.aa	H2814	חָשָׁה	root	[חָשָׁה] vb. be silent, inactive, still (chiefly poet. and late) Qal be silent Hiph. exhibit silence, be silent shew inactivity causat. make still, quiet
h.gs.ab		חֻשִׁים		חֻשִׁים חֻשָׁם v.
h.gt.aa	H2821	חָשַׁךְ	root	חָשַׁךְ be, grow dark
h.gt.ab	H2822	חֹ֫שֶׁךְ		חֹ֫שֶׁךְ n.m. darkness, obscurity darkness (opp. אוֹר) = secret place(s); = hiding-place fig. = distress = dread, terror, symbol. of judgment = mourning = perplexity; confusion = ignorance = evil, sin = obscurity
h.gt.ac	H2823	חָשֹׁךְ		[חָשֹׁךְ] adj. obscure, low, only mpl. as subst.; Pr 22:29
h.gt.ad	H2825	חֲשֵׁכָה		חֲשֵׁכָה n.f. darkness (chiefly poet.)
h.gt.ae	H4285	מַחְשָׁךְ		מַחְשָׁךְ n.m. dark place (poet.)
h.gu.aa	H2826	חָשַׁל	root	[חָשַׁל] vb. shatter Niph. Dt 25:18 all the shattered ones, i.e. those broken down, worn out
h.gu.ab	H2828	חָשֻׁם		חָשֻׁם n.pr.m. head of a family of returned exiles
h.gu.ac	H2830	חַשְׁמַל		חַשְׁמַל n.[m.] etym. and exact mng. dub.; evidently some shining substance; AV amber
h.gu.ad	H2831	חַשְׁמַן		[חַשְׁמַן] n.m. only pl. ψ 68:32; mng. unknown, 𝔊 𝔖 𝔙 ambassadors
h.gu.ae	H2829	חֶשְׁמוֹן		חֶשְׁמוֹן n.pr.loc. town in southern Judah, site unknown Jos 15:27.
h.gu.af	H2832	חַשְׁמֹנָה		חַשְׁמֹנָה n.pr.loc. a station of Isr. in wilderness
h.gv.aa		חשׁן	root	חשׁן (√ of foll.; meaning not certain; Ar. Arabic is be excellent, beautiful; Arabic beauty, all excellence; hence poss. חשֶׁן either as chief ornament of ephod, or as the most excellent, precious article of high priest's attire).
h.gv.ab	H2833	חֹ֫שֶׁן		חֹ֫שֶׁן n.m. the breast-piece or sacred pouch
h.gw.aa	H2836	חָשַׁק	root	חָשַׁק vb. be attached to, love
h.gw.ab	H2837	חֵ֫שֶׁק		חֵ֫שֶׁק n.m. desire = thing desired
h.gw.ac	H2838	חָשׁוּק		[חָשׁוּק] n.[m.] fillet or ring clasping (binding) a pillar of the tabernacle
h.gw.ad	H2836	חשׁק		חשׁק vb. denom. only Pi. furnish with fillets or rings, and Pu. pass.
h.gw.ae	H2839	חִשּׁוּק		[חִשּׁוּק] n.[m.] spoke of a wheel (as binding felloe to nave)—pl. sf. 1 K 7:33.
h.gx.aa		חשׁר	root	חשׁר (√ of foll.; cf. As. ašâru, collect, gather Zim BP 39. In Ar., collect is Arabic, but Arabic not usu. = שׁ).
h.gx.ab	H2841	חַשְׁרָה		[חַשְׁרָה] n.f. collection, mass
h.gx.ac	H2840	חִשּׁוּר		[חִשּׁוּר] n.[m.] nave, hub of a wheel (which gathers in the spokes)—pl. sf. 1 K 7:33.
h.gy.aa		חשׁשׁ	root	חשׁשׁ (√ of foll.; cf. Ar. Arabic hasten, hurry (trans.), Arabic particles of straw, sand, dust, as flying quickly about; v. Lag BN 40).
h.gy.ab	H2842	חֲשַׁשׁ		חֲשַׁשׁ n.m. chaff
h.gy.ac		חֻשָׁתִי		חֻשָׁתִי v. חושׁ
h.gy.ad		חַת		חַת חִתָּה v. חתת
h.gy.ae	H2845	חֵת		חֵת n.pr.m. appar. represented as ancestor of Hittites
h.gy.af	H2850	חִתִּי		חִתִּי adj. et n.gent. Hittite(s)
h.gz.aa	H2846	חָתָה	root	[חָתָה] vb. snatch up, usu. fire, coals
h.gz.ab	H3189	יַ֫חַת		יַ֫חַת n.pr.m. grandson of Judah Levites
h.gz.ac	H4287	מַ֫חַת		מַ֫חַת n.pr.m. Levites
h.gz.ad	H4289	מַחְתָּה		מַחְתָּה n.f. fire-holder, censer, snuff-dish
h.gz.ae		חִתָּה		חִתָּה חַתְחַת v. חתת
h.gz.af	H2852	חָתַךְ		[חָתַךְ] vb. divide, determine—only Niph. Dn 9:24
h.ha.aa	H2853	חָתַל	root	[חָתַל] vb. perh. entwine, enwrap Pu. and Hoph. be swathed, swaddled;—Ez 16:4
h.ha.ab	H2854	חֲתֻלָּה		[חֲתֻלָּה] n.f. swaddling-band—only Jb 38:9
h.ha.ac	H2848	חִתּוּל		חִתּוּל n.[m.] bandage—ח׳ Ez 30:21, for broken arm (in fig. of Pharaoh’s broken arm).
h.ha.ad	H2855	חֶתְלֹן		חֶתְלֹן n.pr.loc., on the extreme northern boundary of Isr. territory (in Ezek.’s conception)
h.hb.aa	H2856	חָתַם	root	חָתַם vb. seal, affix seal, seal up Qal seal, affix one’s seal, in attestation seal up, fasten up by sealing Niph. (it was) written and sealed Pi. lit. by day they seal up for themselves, i.e acc. to most, they shut themselves up Hiph. or hath his flesh (genital organ) shewn stoppage by reason of his flux.
h.hb.ab	H2368	חֹתָם		חֹתָם, חוֹתָם n.m. seal, signet-ring
h.hb.ac	H2369	חוֹתָם		חוֹתָם n.pr.m. nam of Asher father of two of David’s heroes
h.hb.ad	H2858	חֹתֶ֫מֶת		חֹתֶ֫מֶת n.f. signet-ring—only Gn 38:25
h.hc.aa		חתן	root	חתן (√ of foll.; prob. circumcise; cf. Ar. Arabic circumcise, Arabic circumcision, circumcision-feast) .
h.hc.ab	H2859	חֹתֵן		חֹתֵן n.verb. m. wife's father f. wife's mother
h.hc.ac	H2860	חָתָן		חָתָן n.m. daughter's husband, bridegroom in relation to a father, daughter’s husband, or bridegroom in relation to the bride, bridegroom
h.hc.ad	H2859	חתן		חתן vb. denom. only Hithp. make oneself a daughter's husband
h.hc.ae	H2861	חֲתֻנָּה		[חֲתֻנָּה] n.f. marriage, wedding—only Ct 3:11
h.hd.aa	H2862	חָתַף	root	[חָתַף] vb. seize, snatch away—Qal Jb 9:12
h.hd.ab	H2863	חֶ֫תֶף		חֶ֫תֶף n.[m.] prey—only Pr 23:28
h.he.aa	H2864	חָתַר	root	חָתַר vb. dig, row
h.he.ab	H4290	מַחְתֶּ֫רֶת		מַחְתֶּ֫רֶת n.m. breaking in, burglary
h.hf.aa	H2865	חָתַת	root	[חָתַת] vb. be shattered, dismayed Qal be shattered, broken be dismayed Niph. and at my name he is put in awe Pi. dismay, scare Hiph. shatter cause to be dismayed dismay, terrify
h.hf.ab	H2844	חַת		[חַת] n.m. terror, fear
h.hf.ac	H2844	חַת		[חַת] adj. shattered, dismayed
h.hf.ad	H2866	חֲתַת		חֲתַת n.[m.] terror—only Jb 6:21
h.hf.ae	H2847	חִתָּה		[חִתָּה] n.f. terror—Gn 35:5
h.hf.af	H2867	חֲתַת		חֲתַת n.pr.m. son of Othniel and grandson of Kenaz (brother of Caleb), 1 Ch 4:13.
h.hf.ag	H2849	חַתְחַת		[חַתְחַת] n.[m.] terror, only pl. Ec 12:5
h.hf.ah	H2851	חִתִּית		חִתִּית n.f. terror, only Ezek.
h.hf.ai	H4288	מְחִתָּה		מְחִתָּה n.f. terror, destruction, ruin
h.hf.aj		חֵת		חֵת חִתִּי v.
i.aa.aa		ט	root	ט Ṭêth, ninth letter; = numeral 9 in postBHeb.; ט´´ו = 15(9 + 6), ט´´ז = 16(9 + 7), to avoid י´´ה and י´´ו v. י Ges §5. 4, R 3 Nes ZAW 1884. 249.
i.ab.aa	H2894	טֵאטֵא	root	[טֵאטֵא] vb. Pilpēl, only Is 14:23 and I will sweep it with the besom of destruction
i.ab.ab	H4292	מַטְאֲטֵא		מַטְאֲטֵא n.[m.] broom, besom, only Is 14:23, v. foregoing [i.ab.aa].
i.ab.ac	H2870	טָֽבְאֵל		טָֽבְאֵל n.pr.m. Persian officer in Samaria Ezr 4:7
i.ab.ad	H2870	טָֽבְאַ֑ל		טָֽבְאַ֑ל n.pr.m. (appar. pointed to mean good-for-nothing)—Aramean, whose son Peḳaḫ and Reṣin proposed to make king of Jerus. in place of Ahaz; only Is 7:6
i.ac.aa	H2873	טָבַח	root	[טָבַח] vb. slaughter, butcher, slay
i.ac.ab	H2874	טֶ֫בַח		טֶ֫בַח n.m. slaughtering, slaughter
i.ac.ac	H2875	טֶ֫בַח		טֶ֫בַח n.pr.m. son of Nahor by his concubine Gn 22:24
i.ac.ad	H2878	טִבְחָה		טִבְחָה n.f. thing slaughtered, slaughtered meat, slaughter
i.ac.ae	H2876	טַבָּח		טַבָּח n.m. 1. cook, 2. guardsman
i.ac.af	H2879	טַבָחָה		[טַבָחָה] n.f. female cook;—only pl. abs. 1 S 8:13
i.ac.ag	H4293	מַטְבֵּחַ		מַטְבֵּחַ n.[m.] slaughtering-place, Is 14:21, for Babylonians
i.ac.ah	H2880	טִבְחַת		טִבְחַת n.pr.loc. a Syrian city
i.ad.aa	H2881	טָבַל	root	טָבַל vb. dip
i.ad.ab	H2882	טְבַלְיָ֫הוּ		טְבַלְיָ֫הוּ n.pr.m. (י׳ hath dipped, i.e. purified)—name of one of the porters, line of Merari 1 Ch 26:11
i.ae.aa		טבל	root	טבל (perh. to be assumed as √ of foll.; cf. Eth. Ethiopic wind about, wrap up; As. ṭublu, turban, Dl in Baer's Ezech xii).
i.ae.ab	H2871	טְבוּל		[טְבוּל] n.m. turban—only Ez 23:15 extended in respect to turbans on their heads = with pendant turbans
i.af.aa	H2883	טָבַע	root	טָבַע vb. sink, sink down Qal sink, sink down, intrans. Pu. be sunk Hiph. be sunk; of pedestals of the earth, as settled, planted
i.af.ab	H2885	טַבַּ֫עַת		טַבַּ֫עַת n.f. signet, signet-ring, ring signet-ring ring, as ornament most often (only in Ex.) of rings for staves of ark, for curtains, for ephod, and other sacred furniture
i.af.ac	H2884	טַבָּעוֹת		טַבָּעוֹת n.pr.m. a family name among the Nethinim
i.ag.aa		טבר	root	טבר (√ of foll.; meaning dubious).
i.ag.ab	H2872	טַבּוּר		טַבּוּר n.[m.] highest part, centre
i.ag.ac	H2886	טַבְרִמּוֹן		טַבְרִמּוֹן n.pr.m. (Aram.; = Ramman is good, or is wise)—father of Benhadad king of Aram 1 K 15:18.
i.ag.ad	H2887	טֵבֶ֑ת		טֵבֶ֑ת n.pr. 10th month = Dec.-Jan., Est 2:16
i.ag.ae	H2888	טַבָּ֑ת		טַבָּ֑ת n.pr.loc. Ju 7:22, spot near which Gideon’s pursuit of Midianites ended, site unknown.
i.ah.aa	H2891	טָהֵר	root	טָהֵר vb. be clean, pure Qal be clean, i.e. (miraculously) freed from leprosy by washing in the Jordan be clean ceremonially be clean morally Pi. cleanse, purify pronounce clean, ceremonially perform the ceremony of cleansing Pu. a land not cleansed Hithp. purify oneself present oneself for purification
i.ah.ab	H2892	טֹ֫הַר		טֹ֫הַר n.[m.] purity, purifying
i.ah.ac	H2892	טֳהָר		[טֳהָר], or [טְהָר] n.[m.] clearness, lustre—only ψ 89:45
i.ah.ad	H2893	טָֽהֳרָה		טָֽהֳרָה n.f. purifying, cleansing purifying, menstruation cleansing, purification
i.ah.ae	H2890	טָהוֹר		טָהוֹר adj. clean, pure
i.ai.aa	H2895	טוֹב	root	טוֹב vb. pleasing, good Qal be pleasant, delightful be glad, joyful of rank, position, claim: art thou really better than Balak? be well with, good for be pleasing Hiph. do well, act right
i.ai.ab	H2896	טוֹב		טוֹב adj. pleasant, agreeable, good pleasant, agreeable to the senses pleasant to the higher nature, giving pleasure, happiness, prosperity, and so agreeable, pleasing, well good, excellent, of its kind good, rich, valuable in estimation good, appropriate, becoming c. מִן compar. = better of man's sensuous nature, glad, happy, prosperous of man's intellectual nature, good understanding good, kind, benign good (ethical), right
i.ai.ac	H2896	טוֹב		טוֹב n.m. a good thing, benefit, welfare welfare, prosperity, happiness good things good = benefit moral good
i.ai.ad	H2899	טוֹב אֲדֹנִיָּה		טוֹב אֲדֹנִיָּה n.pr.m. (good is my Lord, י׳)—in list of Levites assigned to reign of Jehoshaphat 2 Ch 17:8
i.ai.ae	H2898	טוּב		טוּב n.m. good things, goods, goodness
i.ai.af	H2896	טוֹבָה		טוֹבָה n.f. welfare, benefit, good things, good welfare, prosperity, happiness good things bounty, good
i.ai.ag	H2900	טוֹבִיָּ֫הוּ		טוֹבִיָּ֫הוּ, טוֹבִיָּה n.pr.m. (Yah(u) is my good) a Levite, assigned to reign of Jehoshaphat Ammonite adversary of Nehem. head of a family of returning exiles of doubtful lineage a chief of returning exiles
i.ai.ah	H2897	טוֹב		טוֹב n.pr.loc. a region beyond Jordan, N. or NE. of Gilead, prob. Aramean
i.aj.aa	H2901	טָוָה	root	[טָוָה] vb. spin
i.aj.ab	H4299	מַטְוֶה		מַטְוֶה n.[m.] that which is spun, yarn, Ex 35:25 (P).
i.ak.aa	H2902	טוּחַ	root	[טוּחַ] vb. over-spread, over-lay, coat, besmear Qal over-spread, coat Niph. be coated
i.ak.ab	H2915	טִיחַ		טִיחַ n.[m.] a coating, only Ez 13:12.
i.ak.ac	H2910	טֻחוֹת		טֻחוֹת n.f.pl. inward parts (as covered over, concealed)
i.al.aa		טוט	root	טוט, טיט (√ of foll.; meaning unknown).
i.al.ab	H2916	טִיט		טִיט n.m. mud, mire, clay
i.al.ac		טוֹטָפֹת		טוֹטָפֹת טֹטָפֹת v. טטף
i.am.aa	H2904	טוּל	root	[טוּל] vb. Pilp. etc., hurl, cast Pilp. hurleth thee violently Hiph. cast, cast out Hoph. be hurled of inanimate thing, be cast, thrown
i.am.ab	H2925	טַלְטֵלָה		טַלְטֵלָה n.f. a hurling, Is 22:17
i.an.aa		טוּר	root	טוּר (√ of foll.; cf. Ar. Arabic, go or hover about, approach, Arabic limit, border).
i.an.ab	H2905	טוּר		טוּר n.m. Ex 28:17 row row, course of building-stones, in temple and in Solomon’s house row of jewels, on high priest’s breast-piece
i.an.ac	H2918	טִירָה		[טִירָה] n.f. encampment, battlement
i.an.ad	H3195	יְטוּר		יְטוּר n.pr.m. and gent. a ‘son’ of Ishmael
i.ao.aa	H2907	טוּשׂ	root	[טוּשׂ] vb. rush, dart—only Qal Jb 9:26
i.ap.aa	H2909	טָחָה	root	[טָחָה] vb. hurl, shoot—only Pil. Gn 21:16 (E)
i.aq.aa	H2902	טָחַח	root	[טָחַח] vb. be besmeared—only Qal Pf. Is 44:18
i.aq.ab	H2912	טָחַן		[טָחַן] vb. grind
i.aq.ac	H2911	טְחוֹן		טְחוֹן n.[m.] grinding-mill, hand-mill; only La 5:13
i.aq.ad	H2913	טַחֲנָה		טַחֲנָה n.f. mill = foregoing [i.aq.ac], Ec 12:4
i.ar.aa		טחר	root	טחר (√ of foll.; cf. Ar. Arabic eject; Aram. טְחַר, Syriac strain at stool, Syriac dysentery).
i.ar.ab	H2914	טְחוֹר		[טְחוֹר] n.m. only pl. tumours, result of dysentery
i.as.aa		טטף	root	טטף (perh. √ of foll.; meaning dub.; Dl Pr 46 comp. As. ṭaṭâpu, surround, encircle; Thes Di prop. √טוף (cf. Ar. Arabic go around), whence טפמפות=טוטפות; Kn., foll. by Klein JPTh 1881, 673 al., assumes √טפף tap, strike, comp. στίγμα, and thinks of actual sign or mark in the flesh as orig. meant).
i.as.ab	H2903	טוֹטָפוֹת		טוֹטָפוֹת n.f.pl. bands—alw. bands, frontlet-bands, between the eyes
i.as.ac		טִיחַ		טִיחַ v. טוּחַ
i.as.ad		טִיט		טִיט v. טוּט
i.as.ae		טִירָה		טִירָה v. טוּר
i.as.af		טַל		טַל v. טלל
i.at.aa	H2921	טָלָא	root	[טָלָא] vb. patch, spot Qal chiefly of spotted, variegated sheep and goats; of high places, variegated (gaily-coloured shrines) Pu. patched, of sandals
i.at.ab	H2923	טְלָאִים		טְלָאִים n.pr.loc. c. art., place where Saul mustered his forces 1 S 15:4
i.at.ac		טְלָאִים		טְלָאִים v.
i.au.aa		טלה	root	טלה (√ of foll.; mng. dub.; Ar. Arabic, Arabic is tie a lamb to a stake, confine; Syr. Syriac is make young, both appar. denom.; Lag Armen. Stud. §2229 finds earlier form of טָלֶה in Armenian).
i.au.ab	H2922	טָלֶה		טָלֶה n.m. lamb
i.au.ac		טלטלה		טלטלה v. טוּל
i.av.aa		טלל	root	טלל (√ of foll.; mng. dub.; perh. denom. are Ar. Arabic (the sky) rained fine rain; Eth. Ethiopic be (moist), fat, II. fertilize).
i.av.ab	H2919	טַל		טַל n.m. night-mist, dew
i.aw.aa	H2926	טָלַל	root	[טָלַל] vb. cover over, roof—only Pi. Ne 3:15
i.ax.aa		טלם	root	טלם (√ of foll.; perh. cf. Ar. Arabic; Aram. טְלַם, Syriac; Eth. Ethiopic all oppress, injure; in this case טַלְמֹן ,טֶלֶם will be Aramaic names, since Syriac = Heb. צ).
i.ax.ab	H2928	טֶ֫לֶם		טֶ֫לֶם n.pr.loc. et pers. n.pr.loc. in the Negeb of Judah n.pr.m. one of the porters
i.ax.ac	H2929	טַלְמֹן		טַלְמֹן, once טַלְמוֹן n.pr.m. name of porters
i.ay.aa	H2930	טָמֵא	root	טָמֵא vb. be or become unclean Qal be or become unclean Niph. defile oneself, be defiled Pi. defile Pu. myself is not polluted Hithp.—reflexive, defile oneself Hothp. after that she has been defiled
i.ay.ab	H2931	טָמֵא		טָמֵא adj. unclean
i.ay.ac	H2932	טֻמְאָה		טֻמְאָה n.f. uncleanness sexual of a foul or filthy mass ethical and religious ritual local
i.ay.ad	H2930	טָמְאָה		טָמְאָה n.f. uncleanness Mi 2:10
i.az.aa	H2933	טָמָה	root	[טָמָה] vb. only Niph. we are stopped up, stupid Jb 18:3
i.ba.aa	H2934	טָמַן	root	טָמַן vb. hide, conceal Qal hide often of hiding, concealing, secretly laying a snare that which is darkened = darkness Niph. hide thyself in the dust Hiph. and they went and hid (it)
i.ba.ab	H4301	מַטְמוֹן		מַטְמוֹן n.m. hidden treasure, treasure
i.bb.aa		טנא	root	טנא (√ of foll.; Ph. טנא is set up, erect, also offer, present, acc. to DHM in MV10, 983).
i.bb.ab	H2935	טֶ֫נֶא		טֶ֫נֶא n.m. basket
i.bc.aa	H2936	טָנַף	root	[טָנַף] vb. soil, defile—Pi. Ct 5:3
i.bd.aa	H2937	טָעָה	root	[טָעָה] vb. wander, stray Qal like a wandering (vagrant) woman Hiph. fig., they have led astray my people.
i.be.aa	H2938	טָעַם	root	טָעַם vb. taste, perceive
i.be.ab	H2940	טַ֫עַם		טַ֫עַם n.m. taste, judgment
i.be.ac	H4303	מַטְעָם		[מַטְעָם] n.m. only pl. tasty or savoury food, dainties
i.bf.aa	H2943	טָעַן	root	[טָעַן] vb. load—Qal Gn 45:17 (E)
i.bg.aa	H2944	טָעַן	root	[טָעַן] vb. pierce—only Pu. Is 14:19
i.bg.ab		טַף		טַף v. טפף
i.bh.aa	H2946	טָפַח	root	[טָפַח] vb. extend, spread—Pi.
i.bh.ab	H2949	טִפֻּחִים		טִפֻּחִים n.[m.]pl.abstr. dandling, La 2:20.
i.bh.ac	H2947	טֶ֫פַח		טֶ֫פַח n.[m.] 1. a span, hand-breadth; 2. coping (?)
i.bh.ad	H2948	טֹ֫פַח		טֹ֫פַח n.m. span, hand-breadth
i.bh.ae	H4304	מִטְפַּ֫חַת		מִטְפַּ֫חַת n.f. cloak
i.bi.aa	H2950	טָפַל	root	[טָפַל] vb. smear or plaster (over), stick, glue
i.bi.ab	H2951	טִפְסָר		טִפְסָר n.[m.] scribe, marshal
i.bj.aa	H2952	טָפַף	root	[טָפַף] vb. trip, take quick little steps—Qal Is 3:16
i.bj.ab	H2945	טַף		טַף 42 n.m. coll. children (as going with quick, tripping steps)
i.bj.ac	H2954	טָפַשׁ		טָפַשׁ vb. be gross—metaph. ψ 119:70
i.bj.ad	H2955	טָפַת		טָפַת n.pr.f. daughter of Solomon, & wife of בֶּן־אֲבִינָדָב 1 K 4:11.
i.bk.aa	H2956	טָרַד	root	[טָרַד] vb. pursue, chase, be continuous
i.bk.ab	H4308	מַטְרֵד		מַטְרֵד n.pr.f. mother-in-law of Hadar (Hadad)
i.bl.aa		טרה	root	טרה (√ of foll.; cf. Ar. Arabic, Arabic be fresh, juicy, moist; Eth. Ethiopic raw).
i.bl.ab	H2961	טָרִי		[טָרִי] adj. fresh
i.bm.aa	H2959	טָרַח	root	[טָרַח] vb. toil, be burdened—Hiph. Jb 37:11
i.bm.ab	H2960	טֹ֫רַח		טֹ֫רַח n.m. burden
i.bn.aa	H2958	טֶ֫רֶם	root	טֶ֫רֶם 54, once (Ru 3:14 Kt) טְרוֹם, adv. of time not yet, ere, before that
i.bo.aa	H2963	טָרַף	root	טָרַף vb. tear, rend, pluck Qal tear, rend Niph. of animal torn Pu. Joseph has certainly been torn in pieces Hiph. let me devour my appointed bread
i.bo.ab	H2965	טָרָף		טָרָף adj. fresh-plucked—Gn 8:11
i.bo.ac	H2964	טֶ֫רֶף		טֶ֫רֶף n.m. prey, food; leaf
i.bo.ad	H2966	טְרֵפָה		טְרֵפָה n.f. animal torn (by wild beasts); torn flesh
j.aa.aa		י	root	י Yôdh, tenth letter; used as numeral 10 in postBHeb.; יא or י´´א = 11; יב, י´´ב = 12, etc.; 14 and 15, however, are not י´´ה, י´´ו, which might stand for abbrev. of יהוה, but מ´´ו, מ´´ז, v. ט, and Ges §5. 4. R. 3a.
j.ab.aa	H2968	יָאַב	root	[יָאַב] vb. long, desire—Qal ψ 119:131, late Aramaism.
j.ac.aa	H2969	יָאָה	root	[יָאָה] vb. befit, be befitting—Qal Je 10:7
j.ac.ab		יְאוֹר		יְאוֹר v. יְאֹר
j.ac.ac		יַאֲזַנְיָ֫הוּ		יַאֲזַנְיָ֫הוּ יַאֲזַנְיָה v. אזן
j.ac.ad		יָאִיר		יָאִיר יָאִירִי v. אור
j.ad.aa	H2973	יָאַל	root	[יָאַל] vb. be foolish Niph. do or act foolishly shew wicked folly = sin become fools, lacking insight and judgment
j.ae.aa	H2974	יָאַל	root	[יָאַל] vb. only Hiph. shew willingness, be pleased, determine, undertake to do anything (and do it)
j.ae.ab	H2975	יְאֹר		יְאֹר, יְאוֹר n.m. stream of the Nile, stream, canal
j.af.aa	H2976	יָאַשׁ	root	[יָאַשׁ] vb. despair Niph. despair Pi. to make my heart despair, concerning all the toil.
j.af.ab		יֹאשִׁיָּ֫הוּ		יֹאשִׁיָּ֫הוּ יֹאשִׁיָּה v. אשׁה
j.af.ac	H2979	יְאָֽתְרַי		יְאָֽתְרַי n.pr.m. an ancestor of Asaph
j.ag.aa	H2980	יָבַב	root	[יָבַב] vb. only Pi. cry shrilly—Pi. Ju 5:28
j.ag.ab	H3103	יוֹבָב		יוֹבָב n.pr.m. ‘son’ of Yoḳtân a king in Edom king of Madon Benjamites
j.ag.ac		יְבוּס		יְבוּס יְבוּסִי יְבֻסִי v. בוס
j.ag.ad		יִבְחָר		יִבְחָר v. בחר
j.ag.ae		יָבִין		יָבִין v. בינ
j.ah.aa	H2986	יָבַל	root	[יָבַל] vb. Hiph. conduct, bear along Hiph. bear along offerings carry away Hoph. be borne along be borne to the grave be led, conducted
j.ah.ab	H2988	יָבָל		[יָבָל] n.[m.] watercourse, stream (prop. conduit), as irrigating
j.ah.ac	H2989	יָבָל		יָבָל n.pr.m. son of Lamech by Adah, and founder of pastoral life acc. to Gn 4:20 (J)
j.ah.ad	H3105	יוּבַל		יוּבַל n.[m.] stream, Je 17:8
j.ah.ae	H3106	יוּבָ֑ל		יוּבָ֑ל n.pr.m. son of Lamech by Adah, and inventor of musical instr. Gn 4:21 (J)
j.ah.af	H2981	יְבוּל		יְבוּל n.m. produce of soil
j.ah.ag	H0944	בּוּל		בּוּל n.[m.] produce, outgrowth (abbrev. or scribal err. for foregoing [יְבוּל])
j.ah.ah	H3104	יוֹבֵל		יוֹבֵל, יֹבֵל n.m. ram, ram's horn, cornet
j.ah.ai	H2990	יַבָּל		[יַבָּל] adj. running, suppurating—only Lv 22:22
j.ah.aj	H0180	אוּבַל		אוּבַל n.[m.] stream, river—only Dn 8:2
j.ah.ak	H8398	תֵּבֵל		תֵּבֵל n.f. world (perh. orig. as productive)
j.ah.al	H2991	יִבְלְעָם		יִבְלְעָם n.pr.loc. a city of Manasseh in West-Jordan land
j.ah.am		יַבֶּלֶת		יַבֶּלֶת v. יַבָּל
j.ai.aa		יבם	root	יבם (appar. √ of foll.; meaning dubious).
j.ai.ab	H2993	יָבָם		[יָבָם] n.m. husband’s brother
j.ai.ac	H2994	יְבֵ֫מֶת		[יְבֵ֫מֶת] n.f. sister-in-law
j.ai.ad	H2992	יָבַם		[יָבַם] vb. denom., only Pi. do duty of יָבַם to a brother's widow
j.ai.ae		יַבְנְאֵל		יַבְנְאֵל יַבְנֶה יִבְנְיָה יִבְנִיָּה v. בנה
j.ai.af		יַבֹּק		יַבֹּק v. בקק
j.ai.ag		יְבֶרֶכְיָ֫הוּ		יְבֶרֶכְיָ֫הוּ v. ברך
j.ai.ah		יִבְשָׂם		יִבְשָׂם v. בשׂם
j.aj.aa	H3001	יָבֵשׁ	root	יָבֵשׁ vb. be dry, dried up, withered Qal be dry, dried up without moisture be dried up Pi. make dry, dry up Hiph. dry up, make dry dry up water make dry, wither exhibit dryness
j.aj.ab	H3002	יָבֵשׁ		יָבֵשׁ adj.verb. or pt. dry, dried
j.aj.ac	H3003	יָבֵשׁ		יָבֵשׁ, יָבֵישׁ n.pr.loc. et pers. n.pr.loc. Jabesh of Gilead n.pr.m. father of Shallum
j.aj.ad	H3004	יַבָּשָׁה		יַבָּשָׁה n.f. dry land, dry ground
j.aj.ae	H3006	יַבֶּ֫שֶׁת		יַבֶּ֫שֶׁת n.f. id. [j.aj.ad], made by God’s hand; water shall become blood
j.aj.af		יִגְאָל		יִגְאָל v. גאל
j.ak.aa	H3009	יָגַב	root	[יָגַב] vb. till, be husbandman
j.ak.ab	H3010	יָגֵב		[יָגֵב] n.m. field
j.ak.ac		יָגְבְּהָה		יָגְבְּהָה v. גבהּ
j.ak.ad		יִגְדַּלְיָ֫הוּ		יִגְדַּלְיָ֫הוּ v. גדל
j.al.aa	H3013	יָגָה	root	[יָגָה] vb. suffer Niph. grieved Pi. grieve Hiph. cause grief or sorrow
j.al.ab	H3015	יָגוֹן		יָגוֹן n.[m.] grief, sorrow
j.al.ac	H8424	תּוּגָה		תּוּגָה n.f. grief (poet.)
j.am.aa	H3014	יָגָה	root	[יָגָה] vb. only Hiph. thrust away—2 S 20:13
j.am.ab		יָגוּר		יָגוּר v. גור
j.am.ac		יָגְלִי		יָגְלִי v. גלה
j.an.aa		יגן	root	יגן (√ of foll.; cf. Ar. Arabic beat cloth (said of a fuller); in Heb. only in deriv. wine-press).
j.an.ab	H1660	גַּת		גַּת n.f. wine-press
j.an.ac	H1661	גַּת		גַּת n.pr.loc. (wine-press)—Philistine city
j.an.ad	H1662	גַּת הַחֵ֫פֶר		גַּת הַחֵ֫פֶר (wine-press of digging) home of Jonah, proph.
j.an.ae	H1667	גַּת־רִמּוֹן		גַּת־רִמּוֹן n.pr.loc. in Dan; Levitical city
j.an.af	H1663	גִּתִּי		גִּתִּי adj.gent. of Obed-edom; Ittai; Goliath; the Gittites
j.an.ag	H1665	גִּתִּית		גִּתִּית f. of foregoing [j.an.af] in three ψ-titles
j.an.ah	H1664	גִּתָּ֑יִם		גִּתָּ֑יִם n.pr.loc. in Judah
j.ao.aa	H3021	יָגֵעַ	root	[יָגֵעַ, יָגַע] vb. toil, grow or be weary Qal toil, labour grow or be weary Pi. weary, make weary Hiph. make to toil
j.ao.ab	H3022	יָגָע		יָגָע n.[m.] gain (= product of labour)—Jb 20:18
j.ao.ac	H3023	יָגֵעַ		יָגֵעַ adj. weary, wearisome
j.ao.ad	H3024	יְגִעָה		[יְגִעָה] n.f. wearying (late format) Ec 12:12
j.ao.ae	H3019	יָגִיעַ		[יָגִיעַ] adj. weary;—Jb 3:17
j.ao.af	H3018	יְגִיעַ		[יְגִיעַ] n.m. toil, product
j.ap.aa	H3025	יָגֹר	root	[יָגֹר] vb. be afraid, fear
j.ap.ab	H3016	יָגוֹר		יָגוֹר adj.vb. fearing, men
j.aq.aa	H3027	יָד	root	יָד 1604 n.f. hand hand Fig. = strength, power Fig. = side יָד is used in various special, technical senses:— sign, monument part, fractional part or share time, repetition axle-trees stays, supports for laver tenons on sides of boards of tabernacle a (beckoning) hand יַד with prep.
j.aq.ab	H3030	יִדְאֲלָה		יִדְאֲלָה n.pr.loc. in Zebulun Jos 19:15
j.aq.ac		יִדְבָּשׁ		יִדְבָּשׁ v. דְּבַשׁ
j.ar.aa	H3032	יָדַד	root	[יָדַד] vb. cast a lot
j.as.aa		ידד	root	ידד (√ of foll.; love, cf. Ar. Arabic love; Aram. Pa. Syriac love, also deriv.; Sab. epith. f. ודת loving-one, friend, amie, DHM ZMG 1883, 391; v. also דוד).
j.as.ab	H3039	יָדִיד		[יָדִיד] adj. (poet.) beloved my beloved lovely a song of love
j.as.ac	H3033	יְדִדוּת		יְדִדוּת n.f. love = obj. of love;—only Je 12:7
j.as.ad	H3040	יְדִידָה		יְדִידָה n.pr.f. (beloved) mother of Josiah 2 K 22:1
j.as.ae	H3041	יְדִידְיָה		יְדִידְיָה n.pr.m. (beloved of Yah)—name given to Solomon by Nathan; 2 S 12:25
j.as.af	H3035	יִדּוֹ		יִדּוֹ n.pr.m. a Manassite one of those who took foreign wives
j.as.ag		יַדַּי		יַדַּי v. יִדּוֹ
j.as.ah	H4312	מֵידָד		מֵידָד n.pr.m. one who prophesied in the camp of Isr.
j.at.aa	H3034	יָדָה	root	[יָדָה] vb. throw, cast Qal shoot (arrows) at Pi. and they cast (stones) on me Hiph. give thanks, laud, praise confess Hithp. confess give thanks, in ritual worship
j.at.ab	H1938	הוֹדַוְיָה		הוֹדַוְיָה, הוֹדַוְיָהוּ, הודיוהו n.pr.m.
j.at.ac	H1960	הֻיְּדוֹת		הֻיְּדוֹת n.f.pl. songs of praise;—Ne 12:8
j.at.ad	H8426	תּוֹדָה		תּוֹדָה n.f. thanksgiving give praise to י׳ thanksgiving in songs of liturgical worship thanksgiving choir, procession, line, company thank-offering
j.at.ae	H3038	יְדוּתוּן		יְדוּתוּן, יְדֻתוּן n.pr.m. chief of one of the three choirs of the temple
j.at.af	H3042	יְדָיָה		יְדָיָה n.pr.m. a Simeonite chief a builder at the wall
j.at.ag		יְדִידְיָה		יְדִידְיָה v. ידד
j.at.ah		יְדָיָה		יְדָיָה v. ידה
j.at.ai		יְדִיעֲאֵל		יְדִיעֲאֵל v. ידע
j.at.aj		ידיתוּן		ידיתוּן v. ידה
j.at.ak	H3044	יִדְלָ֑ף		יִדְלָ֑ף n.pr.m. son of Nahor Gn 22:22 (J)
j.au.aa	H3045	יָדַע	root	יָדַע 943 vb. know Qal know, learn to know perceive perceive and see; find out and discern discriminate, distinguish know by experience recognize, admit, acknowledge, confess consider not know = not expect know a person, be acquainted with know a person carnally, of sexual intercourse know how, to do a thing, be able to do it be skilful in abs. have knowledge, be wise Niph. be made known, be or become known, of things make oneself known of pers. be perceived be instructed Pi. cause to know Pu. known Hiph. make known, declare Hoph. made known Hithp. make oneself known
j.au.ab	H3047	יָדָע		יָדָע n.pr.m. (the knowing, shrewd on)—a man of Judah
j.au.ac	H1843	דֵּעַ		[דֵּעַ] n.[m.] knowledge, opinion (late)
j.au.ad	H1844	דֵּעָה		דֵּעָה n.f. knowledge
j.au.ae	H1847	דַּ֫עַת		דַּ֫עַת n.f. knowledge knowledge, perception = skill (in workmanship) of proph. knowledge esp. knowledge with moral quality knowledge possessed by God esp. in Wisd Lt = discernment, understanding, wisdom
j.au.af	H3048	יְדַעְיָה		יְדַעְיָה n.pr.m. priestly name
j.au.ag	H3037	יַדּוּעַ		יַדּוּעַ n.pr.m. a chief of the people, one of those sealed a priest, prob. the high priest in time of Alexander the Great
j.au.ah	H3043	יְדִיעֲאֵל		יְדִיעֲאֵל n.pr.m. a Benjamite one of David’s heroes a Korahite porter
j.au.ai	H1845	דְּעוּאֵל		דְּעוּאֵל n.pr.m. a Gadite
j.au.aj	H3049	יִדְּעֹנִי		יִדְּעֹנִי n.m. familiar spirit (prop. either as knowing, wise (acquianted with secrets of unseen world); or as intimate acquaintance of soothsayer)
j.au.ak	H4129	מוֹדַע		מוֹדַע, מֹדָע n.m. kinsman
j.au.al	H4130	מֹדַ֫עַת		[מֹדַ֫עַת] n.f. kindred, kinship—Ru 3:2
j.au.am	H4093	מַדָּע		מַדָּע n.m. knowledge, thought knowledge place of knowledge, mind, (in our idiom also) thought
j.au.an	H4069	מַדּוּעַ		מַדּוּעַ 61 and מַדֻּעַ adv. wherefore?
j.au.ao		יָהּ		יָהּ v. הוה
j.av.aa	H3051	יָהַב	root	[יָהַב] vb. give give = set with reflex. = provide ascribe glory, etc. = come now (orig. grant, permit)
j.av.ab	H3053	יְהָב		[יְהָב] n.[m.] lot (as that which is given)—ψ 55:23
j.av.ac	H1890	הַבְהָב		[הַבְהָב] n.m. gift—only Ho 8:13
j.av.ad		יהד		יהד v. יִהוּדָה
j.av.ae		יַהִדַּי		יַהִדַּי יֶהְדַּי v. הדה
j.av.af	H3055	יְהֻד		יְהֻד n.pr.loc. in Dan, Jos 19:45
j.av.ag		יְהוֹ׳		יְהוֹ׳ v. יהוה
j.av.ah		יֵהוּא		יֵהוּא v. יהוה
j.av.ai	H3063	יְהוּדָה		יְהוּדָה 820 n.pr.m. et terr. Judah n.pr.m. son of Jacob and Leah tribe descended from Judah nation, of southern kingdom under dynasty of David, as distinguished from northern kingdom of Ephraim or Israel Levite, Ezra’s time an overseer of Jerus. Levite musician priest n.pr.terr. land of Judah
j.av.aj	H3057	יְהוּדִי		יְהוּדִי adj.gent. Jewish, as subst. a Jew
j.av.ak	H3066	יְהוּדִית		יְהוּדִית adj.gent., but only as adv. in Jewish = in the Jewish language
j.av.al	H3065	יְהוּדִי		יְהוּדִי n.pr.m. officer of Jehoiakim
j.av.am	H3067	יְהוּדִית		יְהוּדִית n.pr.f. wife of Esau
j.av.an	H3054	יהד		[יהד] vb. denom. Hithp. become a Jew—only Est 8:17
j.av.ao		יהוה		יהוה v. הוה
j.av.ap		יְהוּכַל		יְהוּכַל v. יהוה
j.av.aq		יְהַלֶּלְאֵל		יְהַלֶּלְאֵל v. הלל
j.av.ar		יַהֲלֹם		יַהֲלֹם v. הלם
j.aw.aa		יהץ	root	יהץ (√ of foll.; Ar. Arabic break,split; valide calcavit; Arabic terra depressa et rotunda).
j.aw.ab	H3096	יַ֫הַץ		יַ֫הַץ, יַ֫הְצָה n.pr.loc. in Moab, site unknown
j.ax.aa		יהר	root	יהר (√ of foll.; cf. NH יָהַר Hithp. shew oneself haughty, adj. יָהִיר; Aram. יְהַר Pa. be haughty, adj. יְהִירָה; cf. Ar. Arabic be insane).
j.ax.ab	H3093	יָהִיר		יָהִיר adj. proud, haughty
j.ax.ac		יוֹ׳		יוֹ׳ יְהוֹ׳ v. יהוה
j.ax.ad	H3102	יוֹב		יוֹב n.pr.m. son of Issachar
j.ax.ae		יוֹבָב		יוֹבָב v. יבב
j.ax.af		יוֹבֵל		יוֹבֵל יוּבַל v. יבל
j.ax.ag	H3109	יוֹחָא		יוֹחָא n.pr.m. a Benjamite one of David’s heroes
j.ax.ah		יוּטָה		יוּטָה יֻטָּה v. נטה
j.ax.ai		יוּכַל		יוּכַל v. יְהוּכַל sub. יהוה
j.ay.aa	H3117	יוֹם	root	יוֹם 2285 n.m. day day, opp. night Day as division of time יוֹם י׳ day of Yahweh, chiefly as time of his coming in judgment, involving often blessedness for righteous Pl. days of anyone Days יוֹם = time Phrases
j.ay.ab	H3119	יוֹמָם		יוֹמָם 51 subst. and adv. daytime, by day
j.az.aa		יון	root	יון (√ of foll.; meaning unknown).
j.az.ab	H3121	יָוֵן		יָוֵן n.[m.] mire
j.ba.aa		יון	root	יון (√ of foll.; mng. unknown; יוֹנָה acc. to Lag Armen. Stud. 7. 68; M. i. 228 = Pers. wanâ, but improb.; Sta §269a conject. יוֹנָה to be fr. אָנָה mourn, so Dl Pa 157).
j.ba.ab	H3123	יוֹנָה		יוֹנָה n.f. dove
j.ba.ac	H3124	יוֹנָה		יוֹנָה n.pr.m. prophet; he is also the principal figure of the Book of Jonah
j.ba.ad		יוֹנָה		יוֹנָה v. יָנָה
j.ba.ae	H3120	יָוָן		יָוָן n.pr.gent. Ionia(ns), Greece
j.ba.af	H3125	יְוָנִי		[יְוָנִי] adj.gent. only c. art. as n.pr.gent.: Jo 4:6
j.ba.ag		יוֹסֵף		יוֹסֵף יוֹסִפְיָה v. יסף
j.ba.ah		יוֹעֵאלָה		יוֹעֵאלָה v. יעל
j.ba.ai		יוֹרָה		יוֹרָה v. ירה
j.ba.aj		יוּשַׁב חֶ֫סֶד		יוּשַׁב חֶ֫סֶד v. שׁוּב
j.ba.ak		יוֹשָׁה		יוֹשָׁה יְשַׁוְרָה v. ישׁה
j.bb.aa		יזה	root	יזה (√ whence first element of foll.; perh. cf. Ar. Arabic congregatus, conglomerate fuit, Frey).
j.bb.ab	H3149	יְזִיאֵל		[יְזִיאֵל, יזואל] n.pr.m. one of David’s heroes 1 Ch 12:3.
j.bb.ac		יִזִּיָּה		יִזִּיָּה v. נזה
j.bc.aa	H2109	יזן	root	[יזן] vb. only Pu. Pt. pl. Je 5:8; mng. dub.
j.bc.ab		יָזִיז		יָזִיז v. זוז
j.bc.ac		יִזְלִיאָה		יִזְלִיאָה v. זלא
j.bc.ad		יְזַנְיָהוּ		יְזַנְיָהוּ יְזַנְתָה v. אזן
j.bd.aa		יזע	root	יזע (√ of foll.; cf. Ar. Arabic fluxit aqua (Frey); NH and Aram, in deriv., v. infr.)
j.bd.ab	H3154	יֶ֫זַע		[יֶ֫זַע] n.[m.] sweat—Ez 44:18
j.bd.ac	H2188	זֵעָה		[זֵעָה] n.f. sweat—Gn 3:19 (J).
j.bd.ad		יִזְרָח		יִזְרָח יִזְרַחְיָה v. זרח
j.bd.ae		יִזְרְעֶאל		יִזְרְעֶאל v. זרע
j.bd.af		יחבה		יחבה v. חֻבָּה sub. חבב
j.be.aa	H3161	יָחַד	root	[יָחַד] vb. be united Qal in their assembly let my glory not be united Pi. unite my heart
j.be.ab	H3173	יָחִיד		יָחִיד adj. and subst. only, only one, solitary
j.be.ac	H3162	יַ֫חַד		יַ֫חַד 45 n.[m.] unitedness as subst. elsewhere always in acc. as adv. in union, together
j.be.ad	H3162	יָחְדָּו		יָחְדָּו 92 adv. together
j.be.ae	H3163	יַחְדֹּי		יַחְדֹּי Baer, יַחְדּוֹ van d. H, n.pr.m. a Gileadite, 1 Ch 5:14
j.be.af		יַחְדִּיאֵל		יַחְדִּיאֵל יֶחְדְּיָהוּ v. חדה
j.be.ag		יְחַוְאֵל		יְחַוְאֵל v. חיה
j.be.ah		יַחֲזִיאֵל		יַחֲזִיאֵל יַחְזְיָה v. חזה
j.be.ai		יְחֶזְקֵאל		יְחֶזְקֵאל יְחִזְקִיָּה(וּ) v. חזק
j.be.aj	H3170	יַחְזֵרָה		יַחְזֵרָה n.pr.m. a priest
j.be.ak		יְחִיאֵל		יְחִיאֵל יְחִיאֵלִי יְחִיָּה v. חיה
j.bf.aa	H3176	יָחַל	root	[יָחַל] vb. Niph. wait; Pi. await Niph. wait Pi. wait, tarry for wait for = hope for Hiph. wait, tarry
j.bf.ab	H3175	יָחִיל		יָחִיל adj.verb. waiting—only La 3:26
j.bf.ac	H8431	תּוֹחֶ֫לֶת		תּוֹחֶ֫לֶת n.f. hope
j.bf.ad	H3177	יַחְלְאֵל		יַחְלְאֵל n.pr.m. (wait for God!) a Zebulunite
j.bf.ae	H3178	יַחְלְאֵלִי		יַחְלְאֵלִי adj.gent. of foregoing [j.bf.ad]: only c. art. as n.pr.coll. Nu 26:26.
j.bg.aa	H3179	יָחַם	root	[יָחַם] vb. be hot, Pi. conceive
j.bg.ab	H2534	חֵמָה		חֵמָה, (once חֵמָא) 121 n.f. heat, rage heat: fever venom, poison burning anger, rage: of man of the he-goat in Daniel's vision of God
j.bg.ac		יַחְמוּר		יַחְמוּר v. חמר
j.bg.ad		יַחְמַי		יַחְמַי v. חמה
j.bh.aa		יחף	root	יחף (√ of foll.; orig. mng. unknown; NH Aram. יָחֵף adj. as Heb.; Syr. Aph. Arabic discalcealus fuit; cf. perh. Ar. Arabic (transp.) walk barefoot, also become chafed, of foot or hoof).
j.bh.ab	H3182	יָחֵף		יָחֵף adj. barefoot
j.bh.ac		יַחְצְאֵל		יַחְצְאֵל יַחֲצִיאֵל יַחְצְאֵלִי v. חצה
j.bh.ad		(ו)ייחר		(ו)ייחר v. אחר
j.bi.aa		יחשׂ	root	יחשׂ (√ of foll.; meaning unknown; deriv. common in NH and. Aram.)
j.bi.ab	H3188	יַ֫חַשׂ		יַ֫חַשׂ n.[m.] genealogy—Ne 7:5
j.bi.ac	H3187	הִתְיַחֵשׂ		[הִתְיַחֵשׂ] vb. Hithp. denom. enroll oneself or be enrolled by genealogy
j.bi.ad		יַ֫חַת		יַ֫חַת v. חתה
j.bj.aa	H3190	יָטַב	root	[יָטַב] vb. be good, well, glad, pleasing Qal be glad, joyful be well placed impers. be well for or with, go well with be pleasing Hithp. make glad, rejoice do good to, deal well with do well or thoroughly make a thing good, right, beautiful do well, right, ethically
j.bj.ab	H3192	יָטְבָה		יָטְבָה n.pr.loc. (pleasantness) city prob. in Judah 2 K 21:19, site unknown.
j.bj.ac	H3193	יָטְבָ֫תָה		יָטְבָ֫תָה n.pr.loc. (pleasantness) station of Isr. in wilderness
j.bj.ad	H4105	מְהֵיטַבְאֵל		מְהֵיטַבְאֵל n.pr.pers. (God benefits) f. an Edomite princess m. ancestor of the false prophet Shemaiah
j.bj.ae	H4315	מֵיטָב		(מֵיטָב) n.[m.] the best
j.bj.af		יֻטָּה		יֻטָּה יוּטָה v. נטה
j.bj.ag		יְטוּר		יְטוּר v. טוּר
j.bk.aa		יין	root	יין (√ of foll.; meaning unknown; regarded as loan-word by Lag Armen. Stud. §484 al.; Hom ZMG 1889, 653ff.; Aufsätze, 1892, 102 comp. Georgian g'wino, wine, whence also (acc. to him) Armen. gini, Gk. ϝοῖνος, Lat. vinum; cf. on the other hand Jen l. c. Infr.)
j.bk.ab	H3196	יַ֫יִן		יַ֫יִן 141 n.m. wine
j.bk.ac	H3197	יך		יך 1 S 4:13 Kt; err. for יד Qr.
j.bl.aa	H3198	יָכַח	root	[יָכַח] vb. Hiph. decide, adjudge, prove Hiph. decide, judge adjudge, appoint shew to be right, prove convince, convict reprove, chide correct, rebuke Hoph. he is chastened also with pain Niph. come now and let us reason together; there an upright man might reason with him; and thou art set right, righted, justified Hithp. with Israel he will argue
j.bl.ab	H8433	תּוֹכֵחָה		תּוֹכֵחָה n.f. rebuke, correction
j.bl.ac	H8433	תּוֹכַ֫חַת		תּוֹכַ֫חַת n.f. argument, reproof argument, impeachment, spoken by lips and mouth reproof, chiding correction, rebuke
j.bm.aa	H3201	יָכֹל	root	יָכֹל, יָכוֹל 193 vb. be able, have power, prevail, endure Qal be able, to do a thing,, whether ability be physical, moral, constitutional, or dependent on external authority prevail abs. have ability, strength, only neg.
j.bm.ab		יוּכַל		יוּכַל v. יְהוּכַל
j.bm.ac	H3203	יְכָלְיָהוּ		יְכָלְיָהוּ, יְכָלְיָה n.pr.f. (י׳ hath been able) mother of king Azariah
j.bm.ad		יְכוֹנְיָה		יְכוֹנְיָה יְכָנְיָה(וּ) v. יְהוֹיָכִין
j.bn.aa	H3205	יָלַד	root	יָלַד 497 vb. bear, bring forth, beget Qal bear, bring forth less often beget of both parents Niph. be born Pi. cause (or help) to bring forth, viz., assist or tend as midwife Pu. be born Hiph. beget (a father a child) bear Hoph. day of one's being born = birthday Hithp. declared their pedigree
j.bn.ab	H2056	וָלָד		וָלָד n.m. offspring, child, only Gn 11:30 (J)
j.bn.ac	H3206	יֶ֫לֶד		יֶ֫לֶד 89 n.m. child, son, boy, youth
j.bn.ad	H3207	יַלְדָּה		יַלְדָּה n.f. girl, damsel
j.bn.ae	H3208	יַלְדוּת		יַלְדוּת n.f. childhood, youth
j.bn.af	H3209	יִלּוֹד		יִלּוֹד adj. born
j.bn.ag	H3210	יָלוֹן		יָלוֹן n.pr.m. son of Ezra, 1 Ch 4:17.
j.bn.ah	H3211	יָלִיד		[יָלִיד] adj. born
j.bn.ai	H4138	מוֹלֶ֫דֶת		מוֹלֶ֫דֶת n.f. kindred, birth, offspring
j.bn.aj	H4137	מוֹלָדָה		מוֹלָדָה, מֹלָדָה n.pr.loc. town in Simeon
j.bn.ak	H4140	מוֹלִיד		מוֹלִיד n.pr.m. a Judahite 1 Ch 2:29.
j.bn.al	H8435	תּוֹלֵדוֹת		[תּוֹלֵדוֹת] 39 n.f.pl. generations, esp. in genealogies = account of a man and his descendants
j.bn.am	H8434	תּוֹלָ֑ד		תּוֹלָ֑ד n.pr.loc. in Simeon 1 Ch 4:29
j.bo.aa	H3213	יָלַל	root	[יָלַל] vb. Hiph. howl, make a howling (onomatop.)
j.bo.ab	H3214	יְלֵל		יְלֵל n.[m.] howling (of beasts);—Dt 32:10
j.bo.ac	H3215	יְלָלָה		יְלָלָה n.f. howling
j.bo.ad		יָ֣לַע		יָ֣לַע v. לעע
j.bp.aa		ילף	root	ילף (√ of foll.; mng. dub.; Ar. Arabic III. is conjunctus fuit cum aliquo, etc., Frey; whence ילפת as an accretion? so Thes 'ab adhaerendo').
j.bp.ab	H3217	יַלֶּ֫פֶת		יַלֶּ֫פֶת n.f. scab, scurf, an eruptive disease
j.bq.aa		ילק	root	ילק (√ of following; meaning dubious; Thes al. comp. לקק lick; Ar. Arabic is hasten, etc.)
j.bq.ab	H3218	יֶ֫לֶק		יֶ֫לֶק n.m. a kind of locust
j.bq.ac		יַלְקוּט		יַלְקוּט v. לקט
j.bq.ad	H3223	יְמוּאֵל		יְמוּאֵל n.pr.m. son of Simeon
j.bq.ae	H3224	יְמִימָה		יְמִימָה n.pr.f. (dove)—daughter of Job Jb 42:14.
j.bq.af		יִמְלָה		יִמְלָה v. יִמלָא sub. מלא
j.br.aa		ימם	root	ימם (√ assumed for foll.; actual existence and meaning dubious, v. infr.)
j.br.ab	H3220	יָם		יָם 390 n.m. sea
j.br.ac	H3222	יֵמִם		יֵמִם n.[m.] appar. pl., meaning dub.; only in Gn 36:24; perh. hot springs
j.bs.aa		ימן	root	ימן (√ of foll.; found in deriv. in all cogn., but orig. mng. dubious; Thes al. comp. אמן confirm, whence right hand as the stronger; others fr. use of right hand in confirming by an oath).
j.bs.ab	H3225	יָמִין		יָמִין 137 n.f. right hand right hand of situation on, or direction toward the right of other parts of the body = south, because when facing east the right hand is toward the south
j.bs.ac	H3227	יְמִינִי		יְמִינִי adj. Kt right hand, on the right
j.bs.ad	H3227	יְמִינִי		יְמִינִי adj. gent.
j.bs.ae	H0541	יָמַן		[יָמַן] vb. denom. Hiph. go to or choose the right, use the right hand
j.bs.af	H3233	יְמָנִי		יְמָנִי adj. right hand, right
j.bs.ag	H3226	יָמִין		יָמִין n.pr.m. son of Simeon man of Judah Levite (?) name, time of Ezra
j.bs.ah	H3228	יָֽמִינִי		יָֽמִינִי adj.gent. of II. ימן 1; only c. art. as subst. coll. Nu 26:12.
j.bs.ai	H3232	יִמְנָה		יִמְנָה n.pr.m. a son of Asher, also (for adj.gent.) = the family of the Yimnites a Levite
j.bs.aj	H8486	תֵּימָן		תֵּימָן n.f. south, south wind, chiefly poet.
j.bs.ak	H8487	תֵּימָן		תֵּימָן n.pr. (m. et) loc. a N. district of Edom, poet. often = Edom; as name of an Edomite chief
j.bs.al	H8489	תֵּימָנִי		תֵּימָנִי adj.gent. the land of the Temanites
j.bs.am	H8488	תֵּימְנִי		תֵּימְנִי appar. n.pr.m. in Judah 1 Ch 4:6.
j.bs.an		יִמְנַע		יִמְנַע v. מנע
j.bt.aa	H3235	ימר	root	ימר vb. assumed in Thes to expl. Hiph. הֵימִיר = הֵמִיר Je 2:11, and Hithp. תִּתְיַמָּ֑רוּ Is 61:6; but on הימיר v. מור, and תִּתְיַמָּ֑רוּ is prob. from אמר q.v. supr. p. 56b.
j.bt.ab		יִמְרָה		יִמְרָה v. מרה
j.bu.aa	H3237	יָמַשׁ	root	יָמַשׁ vb. touch, Hiph. Ju 16:26
j.bv.aa	H3238	יָנָה	root	[יָנָה] vb. suppress (?), oppress, maltreat Qal suppress (?) Hiph. oppress, maltreat
j.bv.ab		יֶנוֹחַ		יֶנוֹחַ v. נוח
j.bv.ac		יָנוּם		יָנוּם v. נום
j.bw.aa	H3243	יָנַק	root	[יָנַק] vb. suck Qal suck, of infant at mother's breast Hiph. give suck to, nurse
j.bw.ab	H3126	יוֹנֵק		יוֹנֵק n.m. young plant, sapling (sucker)—Is 53:2
j.bw.ac	H3127	יוֹנֶ֫קֶת		[יוֹנֶ֫קֶת] n.f. young shoot, twig
j.bw.ad	H3242	יְנִיקָה		[יְנִיקָה] n.f. id. [j.bw.ac], only Ez 17:4 of Israel under figure of cedar.
j.bw.ae		יַנְשׁוּף		יַנְשׁוּף יַנְשׁוֹף v. נשׁף
j.bx.aa	H3245	יָסַד	root	יָסַד vb. establish, found, fix Qal found, establish Niph. fix or seat themselves close together, sit in conclave be founded Pi. found establish Pu. be founded, be laid, of a foundation Hoph. be founded
j.bx.ab	H3246	יְסֻד		יְסֻד n.[m.] foundation, beginning, Ezr 7:9
j.bx.ac	H3247	יְסוֹד		יְסוֹד n.f. Ezr 13:17 (m. Jb 22:16) foundation,
j.bx.ad	H3248	יְסוּדָה		[יְסוּדָה] n.f. foundation = city founded; ψ 87:1
j.bx.ae	H4143	מוּסָד		מוּסָד n.m. foundation, foundation-laying
j.bx.af	H4145	מוּסָדָה		מוּסָדָה n.f. foundation, appointment, מַטֵּה מֽוּסָדָה Is 30:32 rod of appointment (cf. Hb 1:12 יָסַד); pl. cstr. מוּסְדוֹת Ez 41:8 Qr, must mean foundations (si vera l.); Kt perhaps intends Pu. Pt. מְיֻסָּדוֹת founded, furnished with foundations (conject. emendation by Co).
j.bx.ag	H4144	מוֹסָד		[מוֹסָד] n.m. foundation
j.bx.ah	H4527	מַסַּד		מַסַּד n.[m.] foundation
j.by.aa		יסך	root	יסך
j.by.ab	H3252	יִסְכָּה		יִסְכָּה n.pr.f. Gn 11:29
j.by.ac		יִסְמַכְיָ֫הוּ		יִסְמַכְיָ֫הוּ v. סמך
j.bz.aa	H3254	יָסַף	root	יָסַף 214 vb. add Qal add Niph. join (intr.), join oneself to be joined, added to Hiph. add sq. inf. add to do = do again or more sq. Impf. sq. Impf. asynd.
j.bz.ab	H3084	יוֹסֵף		יוֹסֵף 212 and יְהוֹסֵף n.pr.m. (he adds, increases) elder son of Jacob and Rachael a man of Issachar a son of Asaph one of those who took strange wives a priest
j.bz.ac	H3131	יוֹסִפְיָה		יוֹסִפְיָה n.pr.m. (י׳ adds)—father of one of Ezra’s companions Ezr 8:10.
j.ca.aa	H3256	יָסַר	root	[יָסַר] vb. discipline, chasten, admonish Qal admonish instruct discipline Niph. let oneself be corrected, admonished Pi. discipline, correct (the moral nature, with more or less severity acc. to circumstances) more severely, chasten, chastise Nithp. pass. be disciplined, corrected Hiph. chasten
j.ca.ab	H3250	יִסּוֹר		יִסּוֹר n.m. one who reproves, faultfinder, Jb 40:2
j.ca.ac	H4148	מוּסָר		מוּסָר n.m. discipline (of the moral nature), chastening, correction
j.ca.ad		מֹסָר		מֹסָר v. מוּסָר
j.ca.ae		יָע		יָע v. יעה
j.ca.af		יַעְבֵּץ		יַעְבֵּץ v. עבר
j.cb.aa	H3259	יָעַד	root	יָעַד vb. appoint Qal appoint, a time; place; a rod; assign or designate as concubine Niph. reflexive, meet at an appointed place meet by appointment gather, assemble by appointment Po‛ēl Pf. Hiph. Impf. who will make me meet him at the appointed place (of judgment) Hoph. Pt. be set, placed before
j.cb.ab	H5712	עֵדָה		עֵדָה 149 n.f. congregation (prop. company assembled together by appointment, or acting concertedly)
j.cb.ac	H4150	מוֹעֵד		מוֹעֵד 223 n.m. appointed time, place, meeting appointed time appointed meeting appointed place appointed sign, signal tent of meeting
j.cb.ad	H4151	מוֹעָד		[מוֹעָד] n.[m.] appointed place (of soldier in army); Is 14:31
j.cb.ae	H4152	מוּעָדָה		מוּעָדָה n.f. cities appointed (for uge) Jos 20:9 (P).
j.cb.af	H5129	נוֹעַדְיָה		נוֹעַדְיָה n.pr. (meeting with Yah) m. Levite, cotemp. Ezra f. a prophetess hostile to Nehemiah
j.cb.ag	H3260	יֶעְדּוֹ		יֶעְדּוֹ Qr, ידעי Kt n.pr.m. 2 Ch 9:29
j.cc.aa	H3261	יָעָה	root	יָעָה vb. sweep together (with collat. idea of carrying away)—Qal Is 28:17
j.cc.ab	H3257	יָע		[יָע] n.[m.] shovel
j.cc.ac	H3262	יְעוּאֵל		יְעוּאֵל, יְעִיאֵל, יְעִו֯אֵל n.pr.m. son of Zerah a companion of Ezra a chief of the Reubenites Levites one of those who took strange wives man of Gibeon, ancestor of Saul one of David’s heroes the סוֹפֵר (q.v.) of King Uzziah a Levite
j.cc.ad		יעוץ		יעוץ v. עוץ
j.cc.ae		יעור		יעור v. עור
j.cc.af		יְעוֹרִים		יְעוֹרִים v. יַעַר
j.cc.ag		יְעוּשׁ		יְעוּשׁ v. עוּשׁ
j.cd.aa	H3267	יָעַז	root	[יָעַז] vb. only Niph. Pt. as adj.—Is 33:19 a barbarous (?) people, of foreign invaders.
j.cd.ab		יעזיאל		יעזיאל יעזיהו v. עזה
j.cd.ac		יַעְזֵר		יַעְזֵר v. עזר
j.ce.aa	H3271	יָעַט	root	[יָעַט] vb. cover; only Qal Is 61:10
j.ce.ab		יָעִיר		יָעִיר v. עור
j.ce.ac		יָעִישׁ		יָעִישׁ v. עושׁ
j.ce.ad		יַעְכָּן		יַעְכָּן v. עכן
j.cf.aa	H3276	יָעַל	root	[יָעַל] vb. only Hiph. profit, avail, benefit
j.cf.ab	H3132	יוֹעֵאלָה		יוֹעֵאלָה n.pr.m. (perh. may he avail!)—one of David’s heroes 1 Ch 12:8
j.cg.aa		יעל	root	יעל (√ of foll.; Ar. Arabic eminuit, prominuit; v. ascend, Kam Frey).
j.cg.ab	H3277	יָעֵל		[יָעֵל] n.[m.] mountain-goat
j.cg.ac	H3278	יָעֵל		יָעֵל n.pr.f. wife of Heber the Kenite slayer of Sisera
j.cg.ad	H3280	יַעֲלָה		[יַעֲלָה] n.f. Pr 5:19 fig. of wife.
j.cg.ae	H3279	יַעֲלָא		יַעֲלָא, יַעֲלָה n.pr.m. head of family of returning exiles
j.cg.af		יַעְלָם		יַעְלָם v. עלם
j.cg.ag		יַ֫עַן		יַ֫עַן v. ענה
j.cg.ah		יַעַן		יַעַן דָּנָֿה יַעַן v.
j.ch.aa		יען	root	יען (√ of foll.; acc. to Ges Ew GGA 1864, No. 27 Aram. Syriac, Syriac avidus, cupidus; hence בַּת יַעֲנָה = daughter of greed, of ostrich as voracious bird; but Wetzst Del Jb 31, 39 = daughter of the desert or steppe, from Arabic hard, unproductive soil; cf. the Arab. name Arabic father of the plains.)
j.ch.ab	H3283	יָעֵן		[יָעֵן] n.[m.] ostrich (i.e. voracious one?);—only La 4:3 Kt
j.ch.ac	H3284	יַעֲנָה		יַעֲנָה n.f. greed (?);—ostrich
j.ch.ad	H3285	יַעֲנַי		יַעֲנַי n.pr. v. sub ענה
j.ci.aa	H3286	יָעֵף	root	[יָעֵף] vb. be weary, faint Qal be or grow weary; be faint Hoph. wearied
j.ci.ab	H3287	יָעֵף		יָעֵף adj. weary, faint
j.ci.ac	H3288	יְעָף		יְעָף n.[m.] weariness, faintness;—Dn 9:21
j.cj.aa		יעף	root	יעף (√ of following; cf. Ar. Arabic ascend a mountain, Arabic hill).
j.cj.ab	H8443	תּוֹעָפָה		[תּוֹעָפָה] n.f. eminence; of towering horns
j.ck.aa	H3289	יָעַץ	root	יָעַץ vb. advise, counsel Qal advise, counsel Niph. consult together, exchange counsel Hithp. conspire against
j.ck.ab	H6098	עֵצָה		עֵצָה n.f. counsel, advice
j.ck.ac	H4156	מוֹעֵצָה		[מוֹעֵצָה] n.f. counsel, plan, principle, device
j.ck.ad		יַעֲקֹב		יַעֲקֹב יַעֲקֹ֫בָה v. עקב
j.ck.ae		יַעֲקָן		יַעֲקָן v. עֲקָן
j.cl.aa		יער	root	יער (√ of foll.; Ar. Arabic is be rugged, of mountain, etc., be difficult; Arabic rough or difficult place, mountain).
j.cl.ab	H3293	יַ֫עַר		יַ֫עַר n.m. wood, forest, thicket
j.cm.aa		יער	root	יער (√ of following; meaning dubious; MV identif. with I, from roughness and porousness (?) of honeycomb, cf. Buhl).
j.cm.ab	H3293	יַ֫עַר		יַ֫עַר n.[m.] honeycomb
j.cm.ac	H3295	יַעְרָה		[יַעְרָה] n.f. honeycomb, only 1 S 14:27
j.cm.ad	H3294	יַעְרָה		יַעְרָה n.pr.m. a descendant of Saul
j.cm.ae	H3296	יַעֲרֵי אֹרְגִים		יַעֲרֵי אֹרְגִים n.pr.m. father of Elḥanan 2 S 21:19
j.cm.af	H3297	יְעָרִים		יְעָרִים n.pr.mont. only Jos 15:10, NE. of Beth Shemesh
j.cm.ag		יַעֲרֶשְׁיָה		יַעֲרֶשְׁיָה v. ערשׁ
j.cm.ah		יַעֲשַׂי		יַעֲשַׂי יעשׂו יַעֲשִׂיאֵל v. עשׂה
j.cm.ai	H3301	יִפְדְּיָה		יִפְדְּיָה 1 Ch 8:25 v. sub פדה.
j.cn.aa	H3302	יָפָה	root	[יָפָה] vb. be fair, beautiful Qal be beautiful Pi. beautify an idol Hithp. beautify thyself
j.cn.ab	H3303	יָפֶה		יָפֶה adj. fair, beautiful
j.cn.ac	H3304	יְפֵה־פִיָּה		יְפֵה־פִיָּה adj.f. pretty, Je 46:20
j.cn.ad		יְפִי		יְפִי v. יֳפִי
j.cn.ae	H3308	יֳפִי		[יֳפִי] n.m. beauty
j.cn.af	H3305	יָפוֹ		יָפוֹ, יָפוֹא n.pr.loc. Joppa—seaport town of Palestine (Jerusalem)
j.co.aa	H3306	יָפַח	root	[יָפַח] vb. breathe, puff—only Hithp. Je 4:31
j.co.ab	H3307	יָפֵחַ		[יָפֵחַ] adj. breathing or puffing out, ψ 27:12
j.co.ac		יַפְלֵט		יַפְלֵט v. פלט
j.co.ad		יְפֻנֶּה		יְפֻנֶּה v. פנה
j.cp.aa	H3313	יָפַע	root	[יָפַע] vb. only Hiph. shine out or forth, send out beams, cause to shine
j.cp.ab	H3314	יִפְעָה		[יִפְעָה] n.f. brightness, splendour, יִפְעָתֶ֑ךָ Ez 28:7, 17 of prince and king of Tyre.
j.cp.ac	H3309	יָפִיעַ		יָפִיעַ n.pr.pers. et loc. n.pr.m. a king of Lachish a son of David n.pr.loc. on border of Zebulun
j.cp.ad	H4158	מֵיפַ֫עַת		מֵיפַ֫עַת n.pr.loc.—Levitical city in Reuben
j.cp.ae		יֶ֫פֶת		יֶ֫פֶת v. פתה
j.cp.af		יִפְתָּח		יִפְתָּח יִפְתַּח־אֵל v. פתח
j.cq.aa	H3318	יָצָא	root	יָצָא 1068 vb. go or come out Qal go or come out or forth from (מִן) a place go forth from (the presence of) a person in technical senses of flight, involving escape depart of inanimate things with especial emphasis on idea of origin, source of children as going forth from loins (of father) go forth to a place go forward, proceed to or toward something come or go forth, with esp. ref. to purpose or result of combinations Hiph. cause to go or come out, bring out, lead out fig. obj. persons, bring out of (מִן) distress, etc. bring out animals inanimate obj. fig. subj. י׳, bring forth from (מִן) Hoph. be brought forth
j.cq.ab	H3329	יָצִיא		[יָצִיא] adj. coming forth; only 2 Ch 32:21 Kt
j.cq.ac	H6631	צֶאֱצָא		[צֶאֱצָא] n.m. only pl., issue, offspring, produce
j.cq.ad	H4161	מוֹצָא		מוֹצָא n.m. place or act of going forth, issue, export, source, spring
j.cq.ae	H4162	מוֹצָא		מוֹצָא n.pr.m. son of Caleb by Ephah his concubine a descendant of Saul
j.cq.af	H4163	מוֹצָאָה		[מוֹצָאָה] n.f. only pl. (of future ruler out of Bethlehem), his origin. place of going out to, i.e. a privy
j.cq.ag	H8444	תּוֹצָאָה		[תּוֹצָאָה] n.f. outgoing, extremity, source (?), escape
j.cr.aa	H3320	יָצַב	root	[יָצַב] vb. only Hithp. set or station oneself, take one's stand
j.cs.aa	H3322	יָצַג	root	[יָצַג] vb. Hiph. set, place Hiph. set, place Hoph. be stayed, stopped, detained
j.cs.ab		יִצְהָר		יִצְהָר יִצְחָק יִצְחָר v. צהר v. צחק v. צחר
j.ct.aa	H3331	יָצַע	root	[יָצַע] vb. Hiph. lay, spread, late Hiph. lay, spread out Hoph. be laid, spread
j.ct.ab	H3326	יָצוּעַ		[יָצוּעַ] n.[m.] couch, bed (poet.)
j.ct.ac	H3326	יָצִיעַ		[יָצִיעַ] n.m. only Qr, properly flat surface, only of lower projecting story of temple
j.ct.ad	H4702	מַצָּע		מַצָּע n.m. couch, bed; Is 28:20
j.cu.aa	H3332	יָצַק	root	יָצַק vb. pour, cast, flow Qal pour, pour out cast (objects of metal) Pt.pass. as adj. fig. cast, hard, of crocodile’s scales intrans. flow, pour Hiph. pour (oil) Hoph. be poured Pt. = cast, molten Pt., fig. firmly established
j.cu.ab	H3333	יְצֻקָה		[יְצֻקָה] n.f. a casting (of metal);—1 K 7:24
j.cu.ac	H4165	מוּצָק		מוּצָק n.m. a casting
j.cu.ad	H4166	מוּצֶ֫קֶת		[מוּצֶ֫קֶת] n.f. pipe (through which oil is poured). a casting
j.cv.aa	H3335	יָצַר	root	יָצַר vb. form, fashion Qal of human activity of divine activity Niph. before me a god was not formed (created) Pu. days (that) were pre-ordained (in divine purpose) Hoph. any weapon that is formed against thee will not prosper.
j.cv.ab	H3336	יֵ֫צֶר		יֵ֫צֶר n.m. form, framing, purpose pottery, formed by the potter form of a graven image form of man as made on the dust of what is framed in the mind
j.cv.ac	H3337	יֵ֫צֶר		יֵ֫צֶר n.pr.m. son of Naphtali
j.cv.ad	H3340	יִצְרִי		יִצְרִי n.pr.m. chief of one of the Levitical choirs of singers adj.gent. c. art. = subst. coll.
j.cv.ae	H3338	יְצֻרִים		[יְצֻרִים] n.m.pl. my forms, members of my body Jb 17:7.
j.cw.aa	H3341	יָצַת	root	[יָצַת] vb. kindle, burn (intr.) Qal kindle, intr., fig. of wickedness; sq. be kindled with fire (= set on fire) Niph. be kindled; be burned; = desolated Hiph. kindle, set on fire
j.cx.aa		יקב	root	יקב (√ of foll.; comp. Ar. Arabic be sunk, depressed; Arabic hollow, cavity).
j.cx.ab	H3342	יֶ֫קֶב		יֶ֫קֶב n.m. wine-vat, sometimes also wine-press
j.cx.ac		יְקַבְצְאֵל		יְקַבְצְאֵל v. קבץ
j.cy.aa	H3344	יָקַד	root	[יָקַד] vb. be kindled, burn Qal be kindled, fig. of judgment; so burn Hoph. be burning, burn
j.cy.ab	H3350	יְקוֹד		יְקוֹד n.[m.] a burning—only Is 10:16
j.cy.ac	H4168	מוֹקֵד		מוֹקֵד n.[m.] a burning mass
j.cy.ad	H4169	מוֹקְדָה		מוֹקְדָה n.f. hearth (= place of burning), only of altar-hearth, the plate or top of altar, on which burnt-offering was laid and consumed, Lv 6:2
j.cy.ae	H3347	יָקְדְעָם		יָקְדְעָם n.pr.loc. a city of Judah Jos 15:56; site unknown
j.cz.aa		יקה	root	יקה (√ of following; cf. Ar. Arabic preserve (from evil, or fear); VIII. be pious, careful of one's religious duties (Lane 3059)).
j.cz.ab	H3348	יָקֶה		יָקֶה n.pr.m. father of Agur, Pr 30:1
j.cz.ac	H3354	יְקוּתִיאֵל		יְקוּתִיאֵל n.pr.m. a man of Judah 1 Ch 4:18
j.da.aa		יקהּ	root	יקהּ (√ of following; cf. Ar. Arabic be obedient; so As. âḳâ (וקה?) Dl HWB 123; Sab. וקה hear (favourably), hear (and answer), also in n.pr. וקהאל, יקהאל, יקהמלך DHM in MV).
j.da.ab	H3349	יִקְּהָה		[יִקְּהָה] n.f. obedience
j.da.ac		יָקוֹט		יָקוֹט קָטַט v. קוט
j.da.ad		יְקוּם		יְקוּם יְקִים יְקַמְיָה יְקַמְעָם יָקְמְעָם v. קום
j.da.ae		יְקוּתִיאֵל		יְקוּתִיאֵל v. יקה
j.da.af	H3355	יָקְטָן		יָקְטָן n.pr.m. son of Eber, descendant of Shem
j.da.ag	H3362	יָקְנְעָם		יָקְנְעָם n.pr.loc. Canaanitish city, with a king
j.db.aa	H3363	יָקַע	root	יָקַע vb. be dislocated, alienated Qal dislocated (Jacob’s thigh); elsewhere torn away, alienated from any one Hiph. of some solemn form of execution, but mng. uncertain Hoph. pass. of Hiph.
j.dc.aa	H3364	יָקַץ	root	[יָקַץ] vb. awake
j.dd.aa	H3365	יָקַר	root	[יָקַר] vb. be precious, prized, appraised Qal be precious be appraised Hiph. I will make men more rare (lit. precious) than fine gold
j.dd.ab	H3368	יָקָר		יָקָר adj. precious, rare, splendid, weighty
j.dd.ac	H3366	יְקָר		יְקָר n.m. preciousness, price, honour
j.dd.ad	H3357	יַקִּיר		יַקִּיר adj. intrans. very precious, dear; only Je 31:20
j.de.aa	H3369	יָקֹשׁ	root	[יָקֹשׁ] vb. lay a bait or lure, then gen. lay snares Qal lay snares; Pt. as subst. bait-layers, fowlers Niph. be caught by bait, ensnared Pu. entrapped
j.de.ab	H3352	יָקוֹשׁ		יָקוֹשׁ n.[m.] bait-layer, fowler, Ho 9:8
j.de.ac	H3353	יָקוּשׁ		יָקוּשׁ n.[m.] id. [יָקוֹשׁ]
j.de.ad	H4170	מוֹקֵשׁ		מוֹקֵשׁ n.m. prop. a bait or lure in a fowler's net; then fig. a snare
j.de.ae	H3370	יָקְשָׁן		יָקְשָׁן n.pr.m. son of Abraham and Keturah
j.de.af	H3371	יָקְתְאֵל		יָקְתְאֵל n.pr.loc. in the Shephelah of Judah name given to סֶלַע (= Petra) by King Amaziah, its captor
j.df.aa	H3372	יָרֵא	root	יָרֵא vb. fear Qal fear, be afraid stand in awe of fear, reverence, honour Niph. be fearful, dreadful cause astonishment and awe inspire reverence, godly fear, and awe Piel. make afraid, terrify
j.df.ab	H3373	יָרֵא		יָרֵא adj. verb. v. supr. [j.df.aa] Pt.
j.df.ac	H3374	יִרְאָה		יִרְאָה n.f. fear fear, terror a terror = obj. of terror fear of God, reverence, piety the fear of י׳ the law as revered.
j.df.ad	H3375	יִרְאוֹן		יִרְאוֹן n.pr.loc. city in Naphtali Jos 19:38
j.df.ae	H4172	מוֹרָא		מוֹרָא n.m. fear fear, terror reverence object of reverence, esp. God awe-inspiring spectacle or deed
j.df.af	H4172	מוֹרָה		מוֹרָה n.[m.] ψ 9:21, prob. appoint terror (i.e. some awe-inspiring exhibition of power) for them
j.df.ag	H8493	תִּֽירְיָא		תִּֽירְיָא n.pr.m. (in Judah) 1 Ch 4:16
j.dg.aa	H3384	יָרָא	root	[יָרָא] vb. shoot, pour Qal shoot with arrows Hiph. and they shot at; Pt. pl. the shooters, archers Hoph. he that watereth shall himself also be watered
j.dg.ab		יִרְאִיָּי֯ה		יִרְאִיָּי֯ה v. ראה
j.dg.ac		יָרֵב		יָרֵב יְרֻבַּ֫עַל יָרָבְעָם יְרֻבֶּ֫שֶׁת v. ריב
j.dh.aa	H3381	יָרַד	root	יָרַד 380 vb. come or go down, descend Qal 306 come or go down go down (usu. from mountain or hill-country into plain), to battle go down to (acc.) threshing-floor go down (abs.) from Palestine to Egypt from Jerusalem from altar go down = sink, in water go down to She’ôl fig. going down (dissolving) in tears = be prostrated of divine manifestations: descend of inanimate things Hiph. cause to come or go down bring down send down rain = cause to flow down = lay prostrate to (acc.) threshing-floor bring down to She’ôl take down (from cart) let down Hoph. be brought down be taken down
j.dh.ab	H3382	יֶ֫רֶד		יֶ֫רֶד n.pr.m. son of Mehall’ēl, fourth generation from Seth man of Judah
j.dh.ac	H4174	מוֹרָד		מוֹרָד n.[m.] descent, slope
j.dh.ad	H3383	יַרְדֵן		יַרְדֵן 182 n.pr.fl. Jordan
j.di.aa	H3384	יָרָה	root	יָרָה vb. throw, shoot Qal throw, cast cast (= lay, set), corner-stone; pillar shoot arrows throw water, rain Niph. shot through (with arrows) Hiph. throw, cast shoot (arrows) throw water, rain point out, shew direct, teach, instruct
j.di.ab	H3139	יוֹרָה		יוֹרָה n.pr.m. one of the families of the restoration
j.di.ac	H3138	יוֹרֶה		יוֹרֶה n.[m.] early rain, which falls in Palestine from the last of October to the first of December
j.di.ad	H4175	מוֹרֶה		מוֹרֶה n.m. (early) rain
j.di.ae	H4176	מוֹרֶה		מוֹרֶה n.m. teacher
j.di.af	H8452	תּוֹרָה		תּוֹרָה n.f. direction, instruction, law instruction law (prop. direction) custom, manner
j.di.ag	H3140	יוֹרַי		יוֹרַי (whom Yah teacheth) n.pr.m. chief of tribe of Gad 1 Ch 5:13
j.di.ah	H3385	יְרוּאֵל		יְרוּאֵל (founded of Ēl) n.pr.loc. 2 Ch 20:16, not identified, prob. part of wilderness of Judah, near Ziz
j.di.ai	H3400	יְרִיאֵל		יְרִיאֵל n.pr.m. chief of tribe of Issachar, 1 Ch 7:2
j.di.aj	H3404	יְרִיָּהוּ		יְרִיָּהוּ n.pr.m. chief of one of the Levitical courses
j.dj.aa		יָרַהּ	root	[יָרַהּ] vb. only Qal Is 44:8; ? be stupified
j.dj.ab	H3389	יְרוּשָׁלִַ֫͏ם		יְרוּשָׁלִַ֫͏ם, יְרוּשָׁלַ֫יִם 644 n.pr.loc. Jerusalem
j.dk.aa		ירח	root	ירח (√ of foll.; meaning dub.; acc. to MV Buhl = ארח, of moon as wanderer, so Lag BN 46).
j.dk.ab	H3394	יָרֵחַ		יָרֵחַ n.m. moon, esp. poet.
j.dk.ac	H3391	יֶ֫רַח		יֶ֫רַח n.m. month
j.dk.ad	H3392	יֶ֫רַח		[יֶ֫רַח] n.pr.m. ‘son’ of Joktan
j.dk.ae	H3386	יָרוֹחַ		יָרוֹחַ n.pr.m. a Gadite, 1 Ch 5:14
j.dk.af		יְרֵחוֹ		יְרֵחוֹ v. יְרִיחוֹ
j.dk.ag		יְרֹחָם		יְרֹחָם יִרַחְמְאֵל v. רחם
j.dk.ah	H3398	יַרְחָע		יַרְחָע n.pr.m. an Egyptian slave
j.dl.aa	H3399	יָרַט	root	יָרַט vb. be precipitate, precipitate (trans.)
j.dl.ab	H3405	יְרִיחוֹ		יְרִיחוֹ, יְרִיחֹה, יְרֵחוֹ 57 n.pr.loc. Jericho
j.dm.aa		ירך	root	ירך (√ of foll.; meaning dubious).
j.dm.ab	H3409	יָרֵךְ		יָרֵךְ n.f. thigh, loin, side,
j.dm.ac	H3411	יַרְכָה		[יַרְכָה, or יְרֵכָה] flank, side, du. extreme parts, recesses
j.dm.ad	H3412	יַרְמוּת		יַרְמוּת n.pr.loc. Canaanitish city, with a king, named between Hebron and Lachish Levitical city in Issachar
j.dm.ae	H3413	יְרֵמַי		יְרֵמַי n.pr.m. one of those who had strange wives Ezr 10:33
j.dm.af	H3406	יְרֵימוֹת		יְרֵימוֹת, יְרֵמוֹת, יְרִימוֹת n.pr.m. Benjamites Levites Naphtalite son of David and father of Rehoboam’s wife men who had strange wives
j.dm.ag		יִרְמְיָהוּ		יִרְמְיָהוּ יִרְמְיָה v. רמה
j.dn.aa	H3415	יָרַע	root	[יָרַע] vb. quiver—Qal Is 15:4
j.dn.ab	H3407	יְרִיעָה		יְרִיעָה 54 n.f. curtain
j.dn.ac	H3408	יְרִיעוֹת		יְרִיעוֹת n.pr.m. (?) only 1 Ch 2:18
j.dn.ad		יִרְפְּאֵל		יִרְפְּאֵל v. רפא
j.do.aa		ירק	root	ירק (√ of foll.; NH Hiph.; Aram. Aph. אֹורִיק grow green; Syriac be pale, and deriv.; As. arâḳu, grow pale (of face), arḳu, yellow, green, etc., Dl HWB 243; Ar. Arabic leaf, Arabic put forth leaves, cf. Arabic ash-colour, Arabic dusky-white, of camel, Arabic silver coin Lag BN 30; Sab. ורק gold (כתס וורק), Hal ÉS, JAs, Déc. 1874. Nos. 47, 97 DHM VOJ 1.26f., and Eth. Ethiopic gold, both from colour acc. to DHM Di).
j.do.ab	H3418	יֶ֫רֶק		יֶ֫רֶק n.m. green, greenness
j.do.ac	H3419	יָרָק		יָרָק n.[m.] herbs (coll.), herbage (green, greens)
j.do.ad		יַרְקוֹן		יַרְקוֹן מֵי הַיַּרְקוֹן v. מַי
j.do.ae	H3387	יָרוֹק		יָרוֹק n.[m.] green thing (= יָרָק), only as food of wild ass Jb 39:8.
j.do.af	H3420	יֵרָקוֹן		יֵרָקוֹן n.m. mildew, paleness, lividness
j.do.ag	H3422	יְרַקְרַק		יְרַקְרַק adj. greenish, pale-green
j.do.ah	H3421	יָרְקְעָ֑ם		יָרְקְעָ֑ם n.pr.m. a name in Judah 1 Ch 2:44
j.dp.aa	H3417	יָרַק	root	יָרַק vb. spit
j.dq.aa	H3423	יָרַשׁ	root	יָרַשׁ 229 vb. take possession of, inherit, dispossess Qal take possession of, esp. bu force, have as a possession, often with collat. idea of taking in place of others, succeeding to, inheriting inherit, sq. acc. pers. = be one's heir = impoverish Niph. be (dispossessed =) impoverished, come to poverty Pi. the fruit of thy ground shall the cricket get full possession Hiph. cause to possess or inherit cause (others) to possess or inherit, then gen. dispossess = impoverish nearly = bring to ruin, destroy take possession of a land
j.dq.ab	H3424	יְרֵשָׁה		יְרֵשָׁה n.f. a possession, used of nation Nu 24:18 (J E).
j.dq.ac	H3388	יְרוּשָׁא		יְרוּשָׁא, יְרוּשָׁה n.pr.f. (taken possession of, i.e. married?) mother of king Jotham
j.dq.ad	H3425	יְרֻשָּׁה		יְרֻשָּׁה n.f. (a) possession, inheritance
j.dq.ae	H7568	רֶ֫שֶׁת		רֶ֫שֶׁת n.f. net net brazen network for altar of tabern.
j.dq.af	H4180	מוֹרָשׁ		[מוֹרָשׁ] n.[m.] a possession
j.dq.ag	H4181	מוֹרָשָׁה		מוֹרָשָׁה n.f. a possession
j.dq.ah	H4182	מוֹרֶ֫שֶׁת		מוֹרֶ֫שֶׁת n.pr.loc. apparently in neighbourhood of Gath Mi 1:14; prob. home of prophet Micah
j.dq.ai	H4183	מ(וֹ)רַשְׁתִּי		מ(וֹ)רַשְׁתִּי adj.gent. only Mi 1:1, Je 26:18; v. foregoing [j.dq.ah].
j.dq.aj	H8492	תִּירוֹשׁ		תִּירוֹשׁ n.m. must, fresh or new wine
j.dr.aa	H3455	יָשַׂם	root	[יָשַׂם] vb. Impf. וַיִּישֶׂם Gn 50:26, and so 24:33 Kt, v. שׂום, שׂים
j.dr.ab		יִשְׂרָאֵל		יִשְׂרָאֵל v. שׂרה
j.dr.ac	H3480	יְשַׂרְאֵ֫לָה		יְשַׂרְאֵ֫לָה n.pr.m. a son of Asaph
j.dr.ad	H3485	יִשָּׂשכָר		יִשָּׂשכָר 43 n.pr.m. Issachar
j.dr.ae	H3426	יֵשׁ		יֵשׁ 137 subst. being, substance, existence substance elsewhere (prop. as a subst. in in the st. c.), it asserts existence, and so corresponds to the verb substantive, is (are, was, were, will be), lit. the being, presence of …
j.ds.aa	H3427	יָשַׁב	root	יָשַׁב 1090 vb. sit, remain, dwell Qal sit sit, sit down sit down sit = be set (as a jewel) remain, stay, tarry with special emphasis of qualifying phr. dwell, have one’s abode of a land or city, sit, abide, seated in its place, fig. for be inhabited Niph. be inhabited, of land Pi. and they shall set their encampments in thee Hiph. cause to sit cause to abide cause to dwell cause cities to be inhabited marry (prop. give a dwelling to) Hoph. and ye be made to dwell alone in the midst of the land
j.ds.ab	H7675	שֶׁ֫בֶת		שֶׁ֫בֶת n.f. seat, dwelling, place
j.ds.ac	H7871	שִׁיבָה		[שִׁיבָה] n.f. sojourn—only 2 S 19:33
j.ds.ad	H3428	יֶֽשֶׁבְאָב		יֶֽשֶׁבְאָב n.pr.m. Levite of the 14th course 1 Ch 24:13
j.ds.ae	H3429	יֹשֵׁב בַּשֶּׁ֫בֶת		יֹשֵׁב בַּשֶּׁ֫בֶת n.pr.m. one of David’s heroes 2 S 23:8
j.ds.af	H3430	יִשְׁבּוֹ בְּנֹב		יִשְׁבּוֹ בְּנֹב Kt, יִשְׁבִּי בְּנֹב Qr, n.pr.m. a gigantic Philistine
j.ds.ag	H3436	יָשְׁבְּקָ֫שָׁה		יָשְׁבְּקָ֫שָׁה n.pr.m. a son of Heman
j.ds.ah	H3143	יוֹשִׁבְיָה		יוֹשִׁבְיָה n.pr.m. (י׳ setteth, causeth to dwell)—a Simeonite 1 Ch 4:35
j.ds.ai	H4186	מוֹשָׁב		מוֹשָׁב n.m. seat, assembly, dwelling-place, dwelling, dwellers seat sitting = those sitting, sitting company or assembly dwelling-place of people, tribe, etc. alm. = abstr. dwelling = house situation of city; location of image time of dwelling coll. = those dwelling
j.ds.aj	H8453	תּוֹשָׁב		תּוֹשָׁב n.m. sojourner
j.ds.ak		יִשְׁבָּח		יִשְׁבָּח v. שׁבח
j.ds.al		יָשֻׁבִי		יָשֻׁבִי יָשָׁבְעָם v. שׁוב
j.ds.am		יִשְׁבָּק		יִשְׁבָּק v. שׁבק
j.dt.aa		ישׁה	root	ישׁה (√ of following; meaning uncertain; acc. to Fl De Pr 2. 7 = Ar. Arabic, III. Arabic, var. Arabic, assist, support: but this dubious; v. Lane 60 (cf. Wetzst ZDMG 1868, 119) acc. to whom this is a second. sense from to make equal (viz. by giving to another of one's own property, etc.))
j.dt.ab	H8454	תּוּשִׁיָּה		תּוּשִׁיָּה n.f. sound, efficient wisdom, abiding success
j.dt.ac	H3144	יוֹשָׁה		יוֹשָׁה n.pr.m. a Simeonite 1 Ch 4:34
j.dt.ad	H3145	יוֹשַׁוְיָה		יוֹשַׁוְיָה n.pr.m. one of David’s heroes 1 Ch 11:46
j.dt.ae		יָשׁוּב		יָשׁוּב v. שׁוב
j.dt.af		יִשְׁוָה		יִשְׁוָה v. שׁוה
j.dt.ag		יְשׁוֹחָיָה		יְשׁוֹחָיָה v. שׁוח
j.dt.ah		יִשְׁוִי		יִשְׁוִי v. שׁוה
j.dt.ai		יֵשׁוּע		יֵשׁוּע v. יְהוֹשׁוּעַ
j.du.aa		ישׁח	root	ישׁח (√ of following, si vera l.)
j.du.ab	H3445	יֶ֫שַׁח		[יֶ֫שַׁח] n.[m.] ? emptiness (of hunger), meaning conjectured from text; Mi 6:14
j.dv.aa	H3447	יָשַׁט	root	[יָשַׁט] vb. only Hiph. Impf. extend, hold out (late)
j.dv.ab	H3448	יִשַׁי		יִשַׁי 41 n.pr.m. father of David
j.dv.ac		יָשִׁיב		יָשִׁיב v. יָשׁוּב sub. שׁוב
j.dv.ad		יִשִּׁיָּה(וּ)		יִשִּׁיָּה(וּ) v. נשׁה
j.dw.aa	H3456	יָשַׁם	root	[יָשַׁם] vb. be desolate
j.dw.ab	H3451	יְשִׁימָה		[יְשִׁימָה] n.f. desolation, only intens. pl. ψ 55:16 Kt
j.dw.ac	H3452	יְשִׁימוֹן		יְשִׁימוֹן n.m. waste, wilderness
j.dw.ad	H3457	יִשְׁמָא		יִשְׁמָא n.pr.m. a name in Judah 1 Ch 4:3
j.dw.ae		יִשְׁמָעֵאל		יִשְׁמָעֵאל יִשְׁמַעְיָה(וּ) v. שׁמע
j.dw.af		יִשְׁמְרָי		יִשְׁמְרָי v. שׁמר
j.dx.aa	H3462	יָשֵׁן	root	[יָשֵׁן] vb. sleep Qal sleep, go to sleep, and be sleep Niph. only in deriv. sense of become inactive or stationary Pi. causat. she made him sleep
j.dx.ab	H3463	יָשֵׁן		יָשֵׁן adj. sleeping
j.dx.ac	H3464	יָשֵׁן		יָשֵׁן n.pr.m. one of David’s heroes
j.dx.ad	H3465	יָשָׁן		יָשָׁן adj. old (orig., as it seems, withered, flabby, like a lifeless plant with top hanging down, as if in sleep)
j.dx.ae	H3466	יְשָׁנָה		יְשָׁנָה n.pr.loc. town on southern border of N. Israel, near Bethel
j.dx.af	H8142	שֵׁנָה		שֵׁנָה, שֵׁנָא, שֵׁנָת n.f. sleep
j.dy.aa	H3467	יָשַׁע	root	[יָשַׁע] vb. Hiph. deliver; Niph. intrans. and pass. Niph. be liberated, saved (prop. placed in freedom) be saved in battle, victorious Hiph. deliver, save (prop. give width and breadth to, liberate) save from moral troubles give victory to
j.dy.ab	H3468	יֵ֫שַׁע		יֵ֫שַׁע n.m. deliverance, rescue, salvation, also safety, welfare safety, welfare, prosperity salvation, i.e. primarily physical rescue, by God, oft. with added spiritual idea victory
j.dy.ac	H3444	יְשׁוּעָה		יְשׁוּעָה n.f. salvation welfare, prosperity deliverance salvation by God, primarily from external evils, but often with added spiritual idea victory
j.dy.ad	H7771	שׁוֹעַ		שׁוֹעַ adj. (free), independent, noble (in station)
j.dy.ae	H7770	שׁוּעַ		שׁוּעַ n.pr.m. father of Judah’s wife
j.dy.af	H7769	שׁוּעַ		שׁוּעַ n.[m.] opulence ?
j.dy.ag	H7774	שׁוּעָא		שׁוּעָא n.pr.f. a woman of Asher 1 Ch 7:32
j.dy.ah	H3469	יִשְׁעִי		יִשְׁעִי n.pr.m. (salutary) one of the line of Jerahmeel a chief of Manasseh a chief of Judah a chief of Simeon
j.dy.ai	H3470	יְשַׁעְיָ֫הוּ		יְשַׁעְיָ֫הוּ n.pr.m. (salvation of Yah) Isaiah, son of ’Amôṣ, the prophet one of the children of Jeduthun a Levite ancestor of one of David's treasurers
j.dy.aj	H3470	יְשַׁעְיָה		יְשַׁעְיָה n.pr.m. (salvation of Yah) grandson of Zerubbabel chief of the sons of Elam, who went up with Ezra chief of sons of Merari in time of Ezra a Benjamite
j.dy.ak	H1954	הוֹשֵׁעַ		הוֹשֵׁעַ n.pr.m. (salvation) orig. name of Joshua last king of Israel the prophet Hosea an Ephraimite chief under David a chief under Nehemiah
j.dy.al	H1955	הוֹשַׁעֲיָה		הוֹשַׁעֲיָה n.pr.m. (Yah has saved) a prince of Judah father of Azariah or Jezaniah, a chief in time of Jeremiah
j.dy.am		יְהוֹשֻׁעַ		יְהוֹשֻׁעַ יֵשׁוּעַ v.
j.dy.an	H4190	מוֹשָׁעָה		[מוֹשָׁעָה] n.f. only pl. saving acts ψ 68:21.
j.dy.ao	H4338	מֵישַׁע		מֵישַׁע n.pr.m. (deliverance)—Mesha, king of Moab 2 K 3:4
j.dy.ap	H4337	מֵישָׁע		מֵישָׁע n.pr.m. (deliverance)—son of Caleb 1 Ch 2:42
j.dy.aq	H8668	תְּשׁוּעָה		תְּשׁוּעָה († תְּשֻׁעָה 2 S 19:3) n.f. deliverance, salvation
j.dy.ar	H3471	יָֽשְׁפֶה		יָֽשְׁפֶה n.[m.] jasper (loan-word from Pers. Persian)
j.dy.as		יִשְׁפָּה		יִשְׁפָּה v. שׁפה
j.dy.at		יִשְׁפָּן		יִשְׁפָּן v. שׁפן
j.dz.aa	H3474	יָשַׁר	root	יָשַׁר vb. be smooth, straight, right Qal go straight fig., be pleasing, agreeable, right in ethical sense, straightforward, upright Pi. make smooth, straight lead straight along, direct esteem right, approve Pu. gold made level, laid smoothly out, upon the graven work Hiph. let thine eyelids look straight before thee
j.dz.ab	H3477	יָשָׁר		יָשָׁר adj. straight, right straight, level right, pleasing straightforward, just, upright abstr., uprightness
j.dz.ac	H3476	יֹ֫שֶׁר		יֹ֫שֶׁר n.m. straightness, uprightness straightness, evenness, of paths rightness, uprightness what is due, right
j.dz.ad	H3475	יֶ֫שֶׁר		יֶ֫שֶׁר n.pr.m. (uprightness) son of Caleb 1 Ch 2:18
j.dz.ae	H3483	יְשָׁרָה		[יְשָׁרָה] n.f. uprightness;—1 K 3:6
j.dz.af	H3484	יְשֻׁרוּן		יְשֻׁרוּן n.pr.m. (upright one); poetic name of Israel, designating it under its ideal character
j.dz.ag	H4339	מֵישָׁר		[מֵישָׁר] n.m. evenness, uprightness, equity
j.dz.ah	H4334	מִישׁוֹר		מִישׁוֹר n.m. level place, uprightness
j.dz.ai	H8289	שָׁרוֹן		שָׁרוֹן n.pr.loc. Sharon (with art.), name of maritime plain on Mediterr., fr, Joppa northward, noted for fertility region E. of Jordan
j.dz.aj	H8290	שָׁרוֹנִי		שָׁרוֹנִי adj.gent. 1 Ch 27:29.
j.ea.aa		ישׁשׁ	root	ישׁשׁ (√ of foll.; cf. Ar. Arabic weak or impotent man, Arabic weakness, impotence, Lane 2919).
j.ea.ab	H3486	יָשֵׁשׁ		יָשֵׁשׁ adj. aged, decrepit, only 2 Ch 36:17
j.ea.ac	H3453	יָשִׁישׁ		יָשִׁישׁ adj. aged, only Jb
j.ea.ad	H3454	יְשִׁישַׁי		יְשִׁישַׁי n.pr.m. a Gileadite man 1 Ch 5:14.
j.eb.aa		יתד	root	יתד (√ of foll.; mng. dub.; Ar. Arabic, drive in peg, be firm (of peg), is appar. denom.)
j.eb.ab	H3489	יָתֵד		יָתֵד n.f. pin, peg
j.eb.ac		יְתוּר		יְתוּר v. תור
j.eb.ad		יִתְלָה		יִתְלָה v. תלה
j.ec.aa		יתח	root	יתח (assumed by Thes as √ of foll.; cf. Ar. Arabic beat with a club, chastise; Arabic club; Ba NB 294 der. תותח as loan-word fr. As. tartaḫu = club (or javelin, cf. Dl HWB 630)).
j.ec.ab	H8455	תּוֹתָ֑ח		תּוֹתָ֑ח n.m. name of a weapon, perh. club, mace;—Jb 41:21.
j.ed.aa		יתם	root	יתם (√ of foll.; cf. Ar. Arabic, Arabic be alone, bereaved, Aram. adj. and subst. Syriac, 𝔗 יִתָּם = יָתֹום; vid. Lag BN 30 Ba NB 194).
j.ed.ab	H3490	יָתוֹם		יָתוֹם n.[m.] orphan
j.ed.ac	H3495	יִתְמָה		יִתְמָה n.pr.m. one of David’s valiant men, 1 Ch 11:46
j.ee.aa		יתן	root	יתן (√ of foll.; cf. Ar. Arabic be perpetual, never-failing, esp. of water, Arabic a permanent thing: Ph. ירח אתנם CIS I. i. 86 A; W P6BA 1886 (ix), 47).
j.ee.ab	H0386	אֵיתָן		אֵיתָן, אֵתָן adj. perennial, ever-flowing, fig. permanent, as subst, steady flow, permanence
j.ee.ac	H0387	אֵיתָן		אֵיתָן n.pr.m. a wise man
j.ee.ad		יַתְנִיאֵל		יַתְנִיאֵל v. תנה
j.ee.ae	H3497	יִתְנָ֑ן		יִתְנָ֑ן n.pr.loc. (etym. dub.) city in the Negeb of Judah Jos 15:23
j.ef.aa	H3498	יָתַר	root	[יָתַר] 107 vb. remain over Qal Pt. the remainder Niph. be left over, remain over Hiph. leave over, leave abs. leave a remnant save over, i.e. presevre alive excel, shew pre-eminence shew excess = have more than enough
j.ef.ab		יָתֵר		יָתֵר תּוּר v. תור
j.ef.ac	H3499	יֶ֫תֶר		יֶ֫תֶר 94 n.m. remainder, excellence, excess
j.ef.ad	H3499	יֶ֫תֶר		יֶ֫תֶר n.m. cord (prop. as hanging over or down)
j.ef.ae	H3500	יֶ֫תֶר		יֶ֫תֶר n.pr.m. (abundance) father of Moses’ wife eldest son of Gideon father of Amasa men of Judah a man of Asher
j.ef.af	H3501	יִתְרָא		יִתְרָא n.pr.m. father of Amasa 2 S 17:25
j.ef.ag	H3502	יִתְרָה		יִתְרָה n.f. abundance, riches
j.ef.ah	H3503	יִתְרוֹ		יִתְרוֹ n.pr.m. father of Moses’ wife
j.ef.ai	H3505	יִתְרִי		יִתְרִי adj.gent., alw. c. art.
j.ef.aj	H3148	יוֹתֵר		יוֹתֵר, יֹתֵר n.m. superiority, advantage, excess
j.ef.ak	H3508	יֹתֶ֫רֶת		יֹתֶ֫רֶת n.f. appendage (term. techn. of P)
j.ef.al	H3504	יִתְרוֹן		יִתְרוֹן n.[m.] advantage, profit, only Ec
j.ef.am	H3506	יִתְרָן		יִתְרָן n.pr.m. an Edomite a man of Asher
j.ef.an	H1956	הוֹתִיר		הוֹתִיר n.pr.m. (abundance, superabundance)—a son of Heman
j.ef.ao	H4195	מוֹתָר		מוֹתָר n.m. abundance, pre-eminence
j.ef.ap	H4340	מֵיתָר		[מֵיתָר] n.m. cord, string
j.ef.aq	H3492	יַתִּיר		יַתִּיר, יַתִּר n.pr.loc. town in Judah
j.ef.ar	H3507	יִתְרְעָם		יִתְרְעָם n.m. 6th son of David
j.ef.as	H3509	יְתֵת		יְתֵת n.pr.m. an Edomite chief
k.aa.aa		כ	root	כ, כּ eleventh letter ; used as numeral 20 in postBHeb.; כא = 21, כב = 22, etc.
k.ab.aa	k	כְּ	root	כְּ prop. subst. the like of, like, as quantitatively: as many qualitatively, to express resemblance in respect of some attribute, action, character, appearance, etc.: the like of as an accus. of mode or limitation, in or with the like of sometimes כְּ is used in partic. to compare an object with the class to which it belongs, and express its correspondence with the idea which it ought to realize repeated כְּ … כְּ, to signify the completeness of the correspondency between two objects before an inf.: like of time, about, at
k.ab.ab	H0834	כַּאֲשֶׁר		כַּאֲשֶׁר conj. according as, as, when according to that which, according as, as with a causal force, in so far as, since with a temporal force, when
k.ab.ac	H3644	כְּמוֹ		כְּמוֹ adv. and conj. like, as, when (lit. the like of what (viz.) …, a pleon. form of כְּ (v. מוֹ), and, like it, prop. a subst.)
k.ac.aa	H3510	כָּאַב	root	כָּאַב vb. be in pain Qal be in pain, physical of mental pain Hiph. pain, mar
k.ac.ab	H3511	כְּאֵב		כְּאֵב n.m. pain
k.ac.ac	H4341	מַכְאוֹב		מַכְאוֹב n.m. pain
k.ad.aa	H3512	כָּאָה	root	[כָּאָה] vb. Niph. be disheartened, cowed Niph. then shall he be cowed; downhearted Hiph. Inf. cstr.
k.ad.ab	H3512	כָּאֶה		[כָּאֶה] adj. cowed, ψ 10:10 Qr
k.ad.ac		כאר		כאר v. כור
k.ad.ad		כָּאֹר		כָּאֹר יְאֹר v. יְאֹר
k.ae.aa		כבב	root	כבב (√ of foll., cf. Sta §116, 3; meaning not wholly clear; Ar. Arabic is roll threads into a ball, Arabic ball of thread, but also troop of horses, band of men, etc.; Eth. Ethiopic is in orbem circumsistere, Ethiopic orbis, circulus, etc.; hence perh. star, as round, or as collected in bands, clusters, constellations; As. kabâbu = burn; kabâbê, shields, is written kabâbê by Dl HWB 578).
k.ae.ab	H3556	כּוֹכָב		כּוֹכָב n.m. star
k.af.aa	H3513	כָּבֵד	root	כָּבֵד vb. be heavy, weighty, burdensome, honoured Qal be heavy, in weight heavy, insensible, dull be honoured Niph. pass. be made heavy fr. abundance be honoured, enjoy honour, of man medial, get oneself glory (or honour), of God Pi. make heavy, insensible make honourable, honour, glorify, usu. c. human subj. Pu. be made honourable, honoured Hiph. make heavy make heavy, dull, unresponsive, the ears cause to be honoured Hithp. make oneself heavy, dense, numerous honour oneself
k.af.ab	H3515	כָּבֵד		כָּבֵד adj. heavy
k.af.ac	H3516	כָּבֵד		כָּבֵד n.m. La 2:11 liver (explained by Thes (quoting Galen) as the heavy organ, par excellence, of the body)
k.af.ad	H3514	כֹּ֫בֶד		כֹּ֫בֶד n.[m.] heaviness, weight of a stone mass, abundance, of corpses vehemence, of war
k.af.ae	H3520	כָּבוֹד		[כָּבוֹד] adj. glorious
k.af.af	H3519	כָּבוֹד		כָּבוֹד n.m. and f. abundance, honour, glory abundance, riches honour, splendor, glory, of external condition and circumstances honour, dignity of position honour, reputation, of character my honour, poet. of the seat of honour in the inner man, the noblest part of man honour, reverence, glory, as due to one or ascribed to one glory as the object, of honour, reverence and glorifying
k.af.ag	H3520	כְּבוּדָּ֯ה		כְּבוּדָּ֯ה n.f. abundance, riches Ju 18:21.
k.af.ah	H3517	כְּבֵדֻת		כְּבֵדֻת n.f. heaviness, Ex 14:25 (J)
k.ag.aa	H3518	כָּבָה	root	[כָּבָה] vb. be quenched, extinguished, go out, of fire or lamp Qal be quenched, extinguished Pi. quench, extinguish
k.ag.ab	H3521	כָּבוּל		כָּבוּל n.pr.loc. city on border of Asher district in Galilee containing 20 cities given by Sol. to Hiram
k.ah.aa		כבל	root	כבל (√ of foll. = bind; NH כָּבַל bind, כֶּבֶל fetter; Aram. כְּבַל id., כַּבְלָא id., Syriac, Syriac; Ar. Arabic bind, Arabic fetter).
k.ah.ab	H3525	כֶּ֫בֶל		כֶּ֫בֶל n.[m.] fetter(s)
k.ai.aa		כבן	root	כבן (√ of foll., mng. dub.; NH כָּבַן, Aram. כבן, Syriac = wrap round, wrap up).
k.ai.ab	H3522	כַּבוֹן		כַּבוֹן n.pr.loc. in Judah Jos 15:40
k.ai.ac	H4343	מַכְבֵּנָה		מַכְבֵּנָה n.pr.loc. 1 Ch 2:49
k.ai.ad	H4344	מַכְבַּנַּי		מַכְבַּנַּי n.pr.m. a hero of David 1 Ch 12:14.
k.aj.aa	H3526	כָּבַס	root	[כָּבַס] 51 vb. (tread), wash Qal highway of fuller’s (= treader’s, washer’s) field Pi. wash garments (i.e. by treading) wash person Pu. be washed, of garment Hothp. after the plague is washed out
k.ak.aa	H3527	כָּבַר	root	[כָּבַר] vb. be much, many Hiph. (only Elihu) make many
k.ak.ab	H3524	כַּבִּיר		כַּבִּיר adj. great, mighty, much, only poet.
k.ak.ac	H3530	כִּבְרָה		[כִּבְרָה] n.f. appar. distance, only in the phr. a distance of land or length of way
k.ak.ad	H3528	כְּבָר		כְּבָר adv. (late) already
k.ak.ae	H3529	כְּבָר		כְּבָר n.pr.fl. Kĕbār, a river (or perhaps a canal) of Babylonia, not at present identified, by wh. the exiles, among whom Ez. ministered, were settled
k.al.aa		כבר	root	כבר (√ of foll.; ? to intertwine, net; NH כָּבַר sift is denom. fr. כְּבָרָה).
k.al.ab	H3523	כָּבִיר		[כָּבִיר] n.[m.] prob. something netted, i.e. either a quilt or a fly-net spread over the face while a person was asleep
k.al.ac	H3531	כְּבָרָה		כְּבָרָה n.f. a sieve (a net-like implement), Am 9:9
k.al.ad	H4346	מַכְבֵּר		מַכְבֵּר n.[m.] a netted cloth or coverlet; 2 K 8:15 of the cloth which Hazael dipped in water, and spread over Ben-hadad’s face to smother him.
k.al.ae	H4345	מִכְבָּר		מִכְבָּר n.m. grating or lattice-work
k.al.af	H3532	כֶּ֫בֶשׂ		כֶּ֫בֶשׂ 107 n.m. lamb
k.al.ag	H3535	כִּבְשָׂה		כִּבְשָׂה, כַּבְשָׂה n.f. ewe-lamb
k.al.ah	H3775	כֶּ֫שֶׂב		כֶּ֫שֶׂב n.[m.] lamb
k.al.ai	H3776	כִּשְׂבָּה		כִּשְׂבָּה n.f. ewe-lamb Lv 5:6 (P).
k.am.aa	H3533	כָּבַשׁ	root	[כָּבַשׁ] vb. subdue, bring into bondage Qal bring into bondage (late) subdue, force, a woman subdue, dominate, the earth Niph. pass. Pi. (of conquest) Hiph. bring into bondage
k.am.ab	H3534	כֶּ֫בֶשׁ		כֶּ֫בֶשׁ n.[m.] footstool (late)—2 Ch 9:18 (of Solomon’s throne).
k.am.ac	H3536	כִּבְשָׁן		כִּבְשָׁן n.m. kiln, for lime or pottery
k.an.aa		כדד	root	כדד (√ of foll.; Ar. Arabic is toil severely; Arabic fatigue, weary, harass, tread; Arabic mortar in which things are pounded, bruised; Arabic what remains in bottom of cooking-pot).
k.an.ab	H3537	כַּד		כַּד n.f. jar
k.an.ac	H3590	כִּידוֹד		[כִּידוֹד] n.m. spark—only pl. cstr. Jb 41:11 of breath of crocodile
k.an.ad	H3539	כַּדְכֹּד		כַּדְכֹּד n.[m.] a precious stone, perh. ruby
k.an.ae		כְּדֵי		כְּדֵי v. דַּי
k.ao.aa		כדר	root	כדר (√ of foll.; cf. Ar. Arabic VII. shoot or rush down (of hawk, star, etc.; also of an attacking force) so Thes Fl in De Job 15, 24 Buhl Di al.; v. also mod. Ar. Arabic annoy, vex, reprimand, Spiro Vocab.; Arabic oftener be dark, gloomy, turbid, whence > כידור = seething tumult, of battle, cf. Kö ii. 147, §71, 1).
k.ao.ab	H3593	כִּידוֹר		כִּידוֹר n.[m.] onset, Jb 15:24
k.ao.ac	H1754	כַּדּוּר		כַּדּוּר n.[m.] ball Is 22:18, as in Talm.; circle, cordon
k.ao.ad	H3540	כְּדָרְלָעֹמֶר		כְּדָרְלָעֹמֶר n.pr.m. king of Elam
k.ap.aa	H3541	כֹּה	root	כֹּה demonstr.adv. thus, here of manner, thus of place, here of time, hitherto
k.ap.ab	H3602	כָּ֫כָה		כָּ֫כָה 37 adv. thus
k.aq.aa	H3543	כָּהָה	root	[כָּהָה] vb. be or grow dim, faint Qal grow dim Pi. grow faint
k.aq.ab	H3544	כֵּהֶה		[כֵּהֶה] adj. dim, dull, faint
k.aq.ac	H3545	כֵּהָה		כֵּהָה n.f. (dimming), lessening, alleviation;—of Nineveh Na 3:19
k.ar.aa	H3543	כָּהָה	root	[כָּהָה] vb. Pi. rebuke, only 1 S 3:13
k.as.aa		כהן	root	כהן (√ of foll; mng. dub., v. Dr 28 6, 18; Ar. vb. Arabic is divine, and Arabic (Qor 52:29) is a seer, the organ (mostly) of a jinn, rarely of a god: the Arabic and the כֹּהֵן must have been orig. identical (both alike being guardians of an oracle, at a sanctuary); but their functions diverged: the Arabic gradually lost his connexion with the sanctuary, and sank to be a mere diviner; the כהן acquired fuller sacrif. functions: v. RS Enc. Brit. ed. 9, xix, 727; We Skizzen iii. 130f., 167; Now Arch ili. 89f.; Ph כהן is priest כהנת priestess).
k.as.ab	H3548	כֹּהֵן		כֹּהֵן 750 n.m. priest
k.as.ac	H3547	כָּהַן		[כָּהַן] vb. only Pi. denom. act as priest
k.as.ad	H3550	כְּהֻנָּה		כְּהֻנָּה n.f. priesthood
k.as.ae	H3552	כּוּב		כּוּב n.pr.gent. Ez 30:5
k.as.af	H3553	כּוֹבַע		כּוֹבַע n.m. helmet (√ dub.)
k.at.aa	H3554	כָּוָה	root	[כָּוָה] vb. burn, scorch, brand Niph. be scorched
k.at.ab	H3587	כִּי		כִּי n.[m.] burning, branding—only Is 3:24
k.at.ac	H3555	כְּוִיָּה		כְּוִיָּה n.f. id. [כִּי]; Ex 21:25.
k.at.ad	H4348	מִכְוָה		מִכְוָה n.f. burnt-spot, scar of a burn; Lv 13:24
k.at.ae		כּוֹכָב		כּוֹכָב v. כבב
k.au.aa	H3557	כּוּל	root	[כּוּל] vb. comprehend, contain Qal who hath comprehended the dust of the earth in a shalish-measure Pilp. sustain, maintain, contain Polp. were supplied with food Hiph. contain, hold, hold in, endure
k.au.ab	H3633	כַּלְכֹּל		כַּלְכֹּל n.pr.m. one of the wise men whom Solomon surpassed
k.av.aa		כום	root	כום (√ of foll.; Ar. Arabic II. is heap up, accumulate; Arabic heap; Arabic herd of camels, hence perh. כִּימָה as a group, herd, or flock of stars, but uncertain (v. כִּימָה)).
k.av.ab	H3598	כִּימָה		כִּימָה n.f. perh. Pleiades
k.aw.aa	H3559	כּוּן	root	[כּוּן] 218 vb. prob. be firm, only in der. conj. Niph. be set up, established, fixed in a moral sense, be directed aright, of ways prepare, be ready pass. be prepared, of judgments Hiph. establish, set up fix, so as to be ready, make ready, prepare, a gift provide for, provide, furnish direct one's face toward arrange, order Hoph. be established, of throne be prepared for Po‛lēl. set up, establish constitute, make, a man (in womb) fix, so as to be ready direct Po‛lal. be established Hithpo‛l. be established
k.aw.ab	H3651	כֵּן		כֵּן adj. right, veritable, honest right veritable, true pl. concr. honest (men)
k.aw.ac	H3560	כּוּן		כּוּן n.pr.loc. city of Hadarezer
k.aw.ad	H3562	כּוֹנַנְיָ֫הוּ		כּוֹנַנְיָ֫הוּ Kt, כֳּנַנְיָ֫הוּ Qr, n.pr.m. Levites.
k.aw.ae	H3199	יָכִין		יָכִין n.pr.m. (he will establish) a Simeonite name of right-hand pillar before temple
k.aw.af	H3200	יָכִינִי		יָכִינִי adj.gent. with art. as n.coll. Nu 26:12.
k.aw.ag	H3204	יְכוֹנְיָה		יְכוֹנְיָה n.pr.m. (י׳ is firm, enduring) all of last king but one of Judah
k.aw.ah	H4349	מָכוֹן		מָכוֹן n.m. fixed or established place, foundation (chiefly poet.)
k.aw.ai	H4350	מְכוֹנָה		מְכוֹנָה, מְכֹנָה 25 n.f. fixed resting-place,
k.aw.aj	H5225	נָכוֹן		נָכוֹן n.pr.m. only in 2 S 6:6
k.aw.ak	H8499	תְּכוּנָה		תְּכוּנָה n.f. arrangement, preparation, fixed place
k.aw.al	H3561	כַּוָּן		[כַּוָּן] n.[m.] cake, sacrificial cake—only pl.
k.aw.am	H3563	כּוֹס		כּוֹס n.f. cup
k.aw.an	H3563	כּוֹס		כּוֹס n.[m.] a kind of owl
k.ax.aa		כור	root	כור (√ of foll.; perh. be or make round, hence furnace, pot, basin, fr. shape; Ar. Arabic wind about (e.g. a turban), Arabic turn or twist (of turban), Arabic blacksmith's fire-place, hornets' or bees' nest, Arabic bundle; > Thes comp. Syr. Syriac incaluit (Lexx. aestuavit, calefactus est)).
k.ax.ab	H3733	כָּר		[כָּר] n.[m.] basket-saddle, Gn 31:34
k.ax.ac	H3564	כּוּר		כּוּר n.[m.] smelting-pot or furnace
k.ax.ad		כּוֹר־עָשָׁן		כּוֹר־עָשָׁן v. בּוֹר עָשָׁן
k.ax.ae	H3600	כִּיר		[כִּיר] n.[m.] cooking-furnace—frangible, only du. Lv 11:35
k.ax.af	H3595	כִּיֹּר		כִּיֹּר, כִּיּוֹר n.m. 1 K 7:38 pot, basin pot for cooking fire-pot basin of bronze for washing, laver; set on a bronze support platform or stage of bronze (prob. round, bowl-like in shape) on which, acc. to Chr, Solomon stood and kneeled
k.ay.aa	H3738	כוּר	root	[כוּר] vb. mng. dub., perh. bore, or dig, or hew—only Qal ψ 22:17
k.ay.ab	H4351	מְכֹרָה		[מְכֹרָה, מְכוּרָה] n.f. origin (i.e. place of digging out?)
k.ay.ac	H4380	מְכֵרָה		[מְכֵרָה] n.[f.] prob. the name of a weapon, only pl. Gn 49:5
k.ay.ad	H3566	כּ֫וֹרֶשׁ		כּ֫וֹרֶשׁ and כֹּ֫רֶשׁ n.pr.m. Cyrus—king of Persia, conqueror of Babylon, restorer of Jews to Palestine
k.az.aa	H3568	כּוּשׁ	root	כּוּשׁ n.pr.pers.m., gent. et terr. 1st ‘son’ of חָם land and people of southern Nile-valley, or Upper Egypt, extending from Syene indefinitely to the south כּוּשׁ is err. for כַּשׁ = Bab. Kaššu
k.az.ab	H3568	כּוּשׁ		כּוּשׁ n.pr.m. a Benjamite, ψ 7:1 (title)
k.az.ac	H3569	כּוּשִׁי		כּוּשִׁי adj.gent. sg. agreeing with noun = subst., a Cushite id. c. art., the Cushite, of Joab’s adjutant pl. = subst.
k.az.ad	H3570	כּוּשִׁי		כּוּשִׁי n.pr.m. great-grandfather of יְהוּדִי father of prophet Zephaniah
k.az.ae	H3572	כּוּשָׁן		כּוּשָׁן n.pr., gent. vel terr., only Hb 3:7
k.az.af	H3573	כּוּשַׁן רִשְׁעָתַ֫יִם		כּוּשַׁן רִשְׁעָתַ֫יִם n.pr.m. king of Aram Naharaim
k.az.ag		כּוֹשָׁרוֹת		כּוֹשָׁרוֹת v. כּוֹשָׁרָה sub. כָּשַׁר
k.az.ah	H3575	כּוּתָה		כּוּתָה, כּוּת n.pr.loc. whence king of Assyria (Sargon) transported colonists into N. Israel
k.ba.aa	H3576	כָּזַב	root	[כָּזַב] vb. lie, be a liar Qal Pt. Niph. his hope has been made deceptive Pi. lie, tell a lie disappoint, fail Hiph. who will make me a liar? i.e. prove me to be so
k.ba.ab	H3577	כָּזָב		כָּזָב n.m. lie, falsehood, deceptive thing
k.ba.ac	H3580	כְּזִיב		כְּזִיב n.pr.loc. in plain of Judah Gn 38:5
k.ba.ad	H3578	כֹּֽזֵבָ֗א		כֹּֽזֵבָ֗א n.pr.loc. 1 Ch 4:22
k.ba.ae	H3579	כָּזְבִי		כָּזְבִי n.pr.f. a woman of Midian
k.ba.af	H0391	אַכְזָב		אַכְזָב adj. deceptive, disappointing
k.ba.ag	H0392	אַכְזִיב		אַכְזִיב n.pr.loc. in lowland of Judah in Asher
k.bb.aa		כזר	root	כזר (√ of foll.; Aram. Ethpe. be cruel (𝔗 Jb 10:1 ), cf. Syr. Syriac, miles, vir strenuus PS 1718, who comp. Pers. Persian athleta, heros (Vullers)).
k.bb.ab	H0393	אַכְזָר		אַכְזָר adj. cruel, fierce
k.bb.ac	H0394	אַכְזָרִי		אַכְזָרִי adj. cruel, always in this form
k.bb.ad	H0395	אַכְזְרִיּוּת		אַכְזְרִיּוּת n.f. cruelty, fierceness, only Pr 27:4
k.bb.ae	H3581	כֹּחַ		כֹּחַ n.[m.] a small reptile, prob. a kind of lizard, in list of unclean creeping things Lv 11:30; chameleon
k.bb.af		כֹּחַ		כֹּחַ v. כחח
k.bc.aa	H3582	כָּחַד	root	[כָּחַד] vb. not in Qal; Pi. Hiph. hide, efface; Niph. (usu.) pass. Niph. be hidden be effaced, destroyed Pi. hide Hiph. hide efface, annihilate
k.bd.aa		כחח	root	כחח (√ assumed by Thes Buhl al. for foll. Ba NB 79 prop. √ כוח).
k.bd.ab	H3581	כֹּחַ		כֹּחַ and כּוֹחַ n.m. strength, power
k.be.aa	H3583	כָּחַל	root	[כָּחַל] vb. paint (eyes)—only in Ez 23:40
k.bf.aa	H3584	כָּחַשׁ	root	כָּחַשׁ vb. be disappointing, deceive, fail, grow lean Qal my flesh hath grown lean (away) fr. fatness Niph. thine enemies shall cringe Pi. deceive act deceptively against cringe = come cringing disappoint, fail Hithp. shall come cringing to me
k.bf.ab	H3585	כַּ֫חַשׁ		כַּ֫חַשׁ n.m. 1. lying. 2. leanness
k.bf.ac	H3586	כֶּחָשׁ		[כֶּחָשׁ] adj. deceptive, false—Is 30:9
k.bg.aa	H3588	כִּי	root	כִּי conj. that, for, when that Of time, when, of the past elsewhere כִּי has a force approximating to if, though it usu. represents a case as more likely to occur than אִם when or if, with a concessive force, i.e. though Because, since
k.bg.ab	H3588	כִּי אם־		כִּי אם־ each part. retaining its independent force, and relating to a different clause: that if for if (About 140 t.) the two particles being closely conjoined, and relating to the same clause— limiting the prec. clause, except the if being neglected, and treated as pleonastic, so that the clause is no longer a limitation of the preceding clause but a contradiction of it: but rather, but after an oath, surely
k.bg.ac	H3651	כִּי עַל כֵּן		כִּי עַל כֵּן forasmuch as
k.bg.ad		כִּי		כִּי v. כוה
k.bg.ae	H3589	כִּיד		[כִּיד] n.[m.] only Jb 21:20, meaning unknown; rd. prob. his misfortune
k.bh.aa		כיד	root	כיד (√ of foll.; cf. perh. Ar. Arabic in sense labour, take pains, strive, or struggle with, Arabic war).
k.bh.ab	H3591	כִּידוֹן		כִּידוֹן n.[m.] dart, javelin
k.bh.ac	H3592	כִּידֹן		כִּידֹן n.pr.m. 1 Ch 13:9
k.bh.ad		כִּידוֹד		כִּידוֹד v. כדד
k.bh.ae		כִּידוֹר		כִּידוֹר v. כדר
k.bh.af	H3594	כִּיּוּן		כִּיּוּן n.pr.dei Am 5:26, prob. = As. kaivânu, planet Saturn (Ar. and Pers. Arabic, Syr. Syriac), regarded as god; orig. pronunc. כֵּיוָן Schr COT ad loc., cf. Kö ii. 151 (pointing כִּיּוּן intended to suggest √ כון as something established, firm); kaimânu = kaiânu, acc. to Jen Cosm. iii. 502 who der. fr. כון (cf. Thes; so Zim BP 17); > Hpt ZA ii. 266, 281 f. rds. כַּיָּוָן (for כְּאָמָן *), reading Babyl. name Kaʼâmânu; v. also M-A JBL 1892, xi. 86 n. 39.
k.bh.ag		כִּיּוֹר		כִּיּוֹר, v. sub. I. כור.
k.bh.ah		כִּילַי		כִּילַי כֵּלַי Is 32:5, 7 v. נכל (Kö ii. 118).
k.bh.ai	H3597	כֵּילַפּוֹת		כֵּילַפּוֹת n.[f.] axe (loan-word (cf. Frä 74) fr. As. kalappatu v. DI HWB 333)—בְּכַשִּׁיל וְכ׳ יַהֲלֹמ֑וּן ψ 74:6 (∥ קַרְדֻּמּֽוֹת v 5).
k.bh.aj		כִּימָה		כִּימָה v. sub כום.
k.bh.ak	H3599	כִּיס		כִּיס n.m. Pr 1:14 bag, purse (perh. kindred with כּוֹס, q.v.; Ar. Arabic (prob. fr. Pers. Persian Lane 2640); Eth. Ethiopic NH כִּיס; Aram. כִּיסָא, Syriac; Palm. מן כיסה from his purse = at his own expense, Vog p. 13 al.)—bag, in which were carried: weights (v. אֶבֶן 5) Dt 25:13 Mi 6:11 Pr 16:11; money, i.e. a purse Is 46:6 Pr 1:14.
k.bh.al		כִּיֹּר		כִּיֹּר, [כִּיר], כִּירַיִם v. sub I. כור.
k.bh.am		כִּישׁוֹר		כִּישׁוֹר v. sub כשׁר.
k.bh.an		כָּ֫כָה		כָּ֫כָה v. sub כה p. 462 supr.
k.bh.ao		כִּכָּר		כִּכָּר v. sub כרר;
k.bh.ap		כֹּל		כֹּל v. sub I. כלל.
k.bi.aa	H3607	כָּלָא	root	[כָּלָא] vb. shut up, restrain, withhold (NH id.; Aram. כְּלָא, Syriac; Eth. Ethiopic restrain, hinder; As. kâlû, id.; Ar. Arabic protect Qor 21:43 cf. Ba ZMG 1887, 605 Anm. 4)— Qal Pf. 3 ms. sf. כְּלָאוֹ Je 32:3; 3 fs. כָּֽלְאָה Hg 1:10; 2 fs. sf. כְּלִתִ֫נִי I S 25:33; 1 s. כָּלִאתִי ψ 119:101; 3 pl. כָּֽלְאוּ Hg 1:10, כָּלוּ I S 6:10; Impf. 3 ms. יִכְלֶה Gn 23:6; 2 ms. תִכְלָא ψ 40:12; 2 fs. תִּכְלָ֑אִי Is 43:6; 1 s. אֶכְלָא ψ 40:10; Imv. sf. כְּלָאֵֽם Nu 11:28; Inf. cstr. לִכְלוֹא Ec 8:8; Pt. pass. כָלוּא Je 32:2, כָּלֻא ψ 88:9; (on the metapl. forms, as if fr. כלה, v. Ges § 76, 21 c Kö i. 611);— shut up, c. acc. I S 6:10 (+ בְ loc.), Je 32:3; pt. pass. Je 32:2 (בְ loc.), fig. ψ 88:9 (opp. יצא). restrain, c. acc. I S 25:33 (+ מִבּוֹא בְדָמִים), ψ 119:101 (+ מִכָּל־); כְּלָאֵם (sc. מֵהִתְנַבֵּא) Nu 11:28; כ׳ שְׂפָתַי ψ 40:10; כ׳ אֶת־הָרוּחַ Ec 8:8. On ψ 74:11 v. כלה Pi. 2. withhold, כ׳ אֶת־קִבְרוֹ מִמְּךָ מִקְּבֹר מֵתֶֽךָ Gn 23:6 (P), כ׳ רַחֲמֶיךָ מִמֶּנִּי ψ 40:12, Hg 1:10 b, prob. also v a (rd. מָ֑ל for MT 𝔊 מִטָּ֑ל, We); abs. אַל־תִּכְלָאִי (sc. exiles) Is 43:6 (∥ תְּנִי). Niph. Impf. וַיִּכָּלֵא הַגֶּשֶׁם מִן־הַשָּׁמָיִם Gn 8:2 (J), and the rain from heaven was restrained, cf. וַיִּכָּלְאוּ מַיִם רַבִּים Ez 31:15 (in fig.; ∥ מנע); וַיִּכָּלֵא הָעָם מֵהָבִיא Ex 36:6 (P). Pi. [Pf. כִּלָּא and] Inf. cstr. לְכַלֵּא v. כלה Pi.
k.bi.ab	H3608	כֶּ֫לֶא		כֶּ֫לֶא n.[m.] confinement, restraint, imprisonment;—abs. כ׳ 1 K 22:27 + 6 t.; sf. כִּלְאוֹ 2 K 25:29 Je 52:33; pl. כְלָאִים Is 42:22;—confinement, in combin. בֵּית (ה)כ׳ (cf. As. bit kili, prison, DI HWB 328) 1 K 22:27 = 2 Ch 18:26, 2 K 17:4 Je 37:15, 18 Is 42:7; בָּֽתֵּי כְלָאִים v 22 (cf. בָּיִת 1 (ε) (2) p. 109 supr.; v. also כלוא infr.); בִּגְדֵי כִלְאוֹ 2 K 25:29 = Je 52:33 garments of imprisonment = prison garb.
k.bi.ac	H3628	כלוא		כלוא Kt, כְּלִיא Qr n.[m.] id. [k.bi.ab];—בֵּ֥ית הַכּ׳ Je 37:4 52:31 (v. כֶּלֶא supr.)
k.bi.ad	H4356	מִכְלָה		מִכְלָה (incorrect for מכלא) n.[m.] enclosure, fold;—גָּזַר מִמּ׳ צֹאן Hb 3:17; pl. cstr. לקח מִֽמִּכְלְאֹת צֹֽאן ψ 78:70 (obj. David); pl. sf. לקה מִ֝מִּכְלְאֹתֶ֗יךָ 50:9 (obj. he-goats).—II. מִכְלָה v. sub כלה.
k.bi.ae	H3610	כִּלְאַיִם		כִּלְאַיִם n.[m.]du. two kinds (Ar. Arabic, Arabic both; Eth. Ethiopic two; perh. also כלאי MI 23 both, two, Nö LCB 1889, 61, cf. Dr Sm xcii; Sm u. So MI, 1886 suggest reservoirs; v. also כְּלִי)—בְּהֶמְתְּךָ לֹא־תַרְבִּיעַ כ׳ Lv 19:19 not cause thy cattle to breed (in) two kinds; שָׂדְךָ לֹא תִזְרַע כ׳ v 19 (H); לֹא תִזְרַע כַּרְמְךָ כ׳ Dt 22:9 (both כִּלְאָ֑יִם); בֶגֶד כ׳ Lv 19:19 (H);—only in law of H and D against mixtures.
k.bi.af	H3609	כִּלְאָב		כִּלְאָב n.pr.m. second son of David, 2 S 3:3 = דָּנִיֵּאל 1 Ch 3:1, v. דָּנִיֵּאל 1. p. 193 supr.
k.bj.aa		כלב	root	כלב (√ of foll.; meaning unknown; Thes regards כֶּלֶב as onomatop.)
k.bj.ab	H3611	כֶּ֫לֶב		כֶּ֫לֶב n.m. I S 24:15 dog (NH id.; Ph. כלב; Aram. כֶּ֫לְבָּא, Syriac; Ar. Arabic; Eth. Ethiopic As. kalbu DI HWB 328)—abs. כ׳ Ju 7:5 + 16 t., כָּ֑לֶב ψ 59:7, 15; pl. כְּלָבִים 1 K 14:11 + 12 t.; cstr. כַּלְבֵי Jb 30:1; sf. כְּלָבֶיךָ ψ 68:24;—dog: lit. 1 K 14:11 16:4 21:19, 19, 23, 24 22:38 2 K 9:10, 36 (all of fierce, hungry dogs, devouring dead bodies and licking blood); cf. Je 15:3 and (לְשׁוֹן כְּלָבֶיךָ) ψ 68:24; eating torn flesh, Ex 22:30 (E), כַּלְבֵי צֹאנִי = my sheep-dogs, only Jb 30:1 (in both these with implied inferiority); dog-sacrifice was a heathen rite Is 66:3 (Di al.); v. esp. RS Sem. 1, 273 (291), 325 (343); in various sim. Ju 7:5 Pr 26:11, 17 ψ 59:7, 15; in proverbial sayings: לֹא יֶֽחֱרַץ־כ׳ לְשֹׁנוֹ Ex 11:7 (v. I. חרץ);לְכ׳ מֵת טוֹב מִן־הָאַרְיֵה הַמֵּֽת Ec 9:4. applied, fig., to men, in contempt I S 17:43, so of psalmist’s enemies ψ 22:17, 21, or in excessive humility 2 K 8:13; still more emphatically כ׳ מֵת a dead dog, הָכּ׳ הַמֵּת 2 S 9:8 16:9; also רֹאשׁ כ׳ 3:8; כְּלָבִים אִלְּמִים Is 56:10 (of misleading prophets), הַכּ׳ עַזֵּי נֶפֶשׁ v 11 (id.); כ׳ was name given to male temple-prostitutes Dt 23:19 (v. Dr; cf. קָדֵשׁ).
k.bj.ac	H3612	כָּלֵב		כָּלֵב n.pr.m. son of יְפֻנֶּה
k.bj.ad	H3614	כָּלִבִּי		כָּלִבִּי adj.gent. 1 S 25:3 Qr
k.bj.ae	H3620	כְּלוּב		כְּלוּב n.pr.m. a name in Judah father of one of David’s officers
k.bj.af	H3621	כְּלוּבָ֑י		כְּלוּבָ֑י n.pr.m. a son of Hezron of Judah
k.bj.ag	H3619	כְּלוּב		כְּלוּב n.m. basket, cage
k.bk.aa	H3615	כָּלָה	root	כָּלָה 204 vb. be complete, at an end, finished, accomplished, spent Qal be complete, at an end, of a period of time be completed, finished, of a work be accomplished, fulfilled be idealy complete, be determined, always in a bad sense, plotted be spent, used up (prop. come to an end), of water waste away, be exhausted, fail come to an end, vanish = perish, be destroyed Pi. complete, bring to an end, finish, a thing, task, work, etc. complete a period of time finish doing a thing make an end, end accomplish, fulfil, bring to pass accomplish in thought, determine put an end to, cause to cease cause to fail, exhaust, use up, spend destroy, sts. exterminate
k.bk.ab	H3617	כָּלָה		כָּלָה n.f. completion, complete destruction, consumption, annihilation
k.bk.ac	H3616	כָּלֶה		[כָּלֶה] adj. failing with desire, longing, only Dt 28:32
k.bk.ad	H3622	כלוהי		כלוהי Kt, כְּלוּהוּ Qr n.pr.m. one of those who had strange wives Ezr 10:35
k.bk.ae	H3631	כִּלָּיוֹן		כִּלָּיוֹן n.m. 1. failing, pining; 2. annihilation
k.bk.af	H3630	כִּלְיוֹן		כִּלְיוֹן n.pr.m. one of Naomi’s sons
k.bk.ag	H4357	מִכְלָה		[מִכְלָה] n.[f.] completeness, perfection;—only pl. cstr. intens. 2 Ch 4:21
k.bk.ah	H8502	תִּכְלָה		תִּכְלָה n.f. completeness, perfection;—ψ 119:96
k.bk.ai	H8503	תַּכְלִית		תַּכְלִית n.f. end, completeness
k.bk.aj	H3627	כְּלִי		כְּלִי 324 n.m. article, utensil, vessel
k.bl.aa		כלה	root	כלה (√ of foll.; meaning unknown).
k.bl.ab	H3629	כִּלְיָה		[כִּלְיָה] n.f. only pl. kidneys
k.bl.ac		כַּלָּה		כַּלָּה כְּלוּלָה v. כלל
k.bm.aa		כלח	root	כלח (√ of I. כֶּלַח, mng. dub.; Ar. Arabic is contract the face, look hard, stern; Arabic, Arabic a hard year (through dearth, etc.)).
k.bm.ab	H3624	כֶּ֫לַח		כֶּ֫לַח n.m. poss. firm or rugged strength
k.bm.ac	H3625	כֶּ֫לַח		[כֶּ֫לַח], כָּ֑לַח n.pr.loc. city in Assyria
k.bm.ad	H3626	כָּל־חֹזֶה		כָּל־חֹזֶה n.pr.m. father of one of the builders, Shallun a name in Judah
k.bm.ae		כְּלִי		כְּלִי כִּלָּיוֹן v. כלה
k.bm.af		כִּלְיָה		כִּלְיָה v. כלה
k.bm.ag		כִּלְכֵּל		כִּלְכֵּל כֵּלְכֹּל v. כול
k.bn.aa	H3634	כָּלַל	root	כָּלַל vb. complete, perfect
k.bn.ab	H3605	כֹּל		כֹּל once כּוֹל n.m. the whole, all with foll. gen. (as usually) the whole of, to be rendered, however, often in our idiom, to avoid stiffness, any or every Absolutely: without the art., all things, all with the art. הַכֹּל where the sense is limited by the context to things (or persons) just mentioned in a wider sense, all, whether of all mankind or of all living things, the universe, or of all the circumstances of life (chiefly late)
k.bn.ac	H3632	כָּלִיל		כָּלִיל adj. and subst. entire, whole, holocaust
k.bn.ad	H4358	מִכְלוֹל		מִכְלוֹל n.m. perfection, i.e. (prob.) gorgeous attire
k.bn.ae	H4360	מַכְלֻל		[מַכְלֻל] n.m. a thing made perfect, i.e. (prob.) gorgeous garment (or stuff), Ez 27:24
k.bn.af	H4359	מִכְלָל		מִכְלָל n.m. completeness, perfection, ψ 50:2
k.bo.aa		כלל	root	כלל (assumed as √ of foll., but dubious; cf. NH כַּלָּה; Aram. כַּלְּתָא; Ar. Arabic; As. kallâtu, expl. by Dl Prol. 130f. (cf. Id 11 WB 330) as prop, closed bridal chamber (ideogr. = closed chamber), fr. √ כלא or כלה, thence bride (cf. harem); acc. to RS K 136f. 292 כַּלָּה = one closed in, or reserved (sc. for her husband); Ges al. one crowned (cf. Aram. etc. כלילא crown), but form much against this; Nö ZMG 1886, 737 'ventures no explanation').
k.bo.ab	H3618	כַּלָה		כַּלָה n.f. daughter-in-law, bride
k.bo.ac	H3623	כְּלוּלָה		[כְּלוּלָה] n.f. betrothal;—only pl. Je 2:2
k.bo.ad	H3636	כְּלָ֑ל		כְּלָ֑ל n.pr.m. one of those who took strange wives Ezr 10:30
k.bp.aa	H3637	כָּלַם	root	[כָּלַם] vb. only Niph. Hoph. be humiliated, Hiph. humiliate Niph. be humiliated, ashamed, put to shame, dishonoured, confounded Hiph. put to shame = insult, humiliate exhibit shame Hoph. we were not insulted, humiliated they were put to shame, dishonoured, confounded
k.bp.ab	H3639	כְּלִמָּה		כְּלִמָּה n.f. insult, reproach, ignominy
k.bp.ac	H3640	כְּלִמּוּת		כְּלִמּוּת n.f. ignominy;—only cstr. Je 23:40
k.bp.ad	H3638	כִּלְמָד		כִּלְמָד n.pr.loc. Ez 27:23, named after אַשּׁוּר
k.bp.ae	H3641	כַּלְנֵ֑ה		כַּלְנֵ֑ה n.pr.loc. in Babylonia, Gn 10:10 (J)
k.bp.af	H3641	כַּלְנֶה		כַּלְנֶה n.pr.loc. city (conquered by Assyria under Sargon?)
k.bq.aa	H3642	כָּמַהּ	root	כָּמַהּ vb. faint, only fig.—Qal ψ 63:2
k.bq.ab	H3643	כִּמְהָם		כִּמְהָם n.pr.m. attendant of David in n.loc.
k.bq.ac		כִּמְהָן		כִּמְהָן v.
k.bq.ad		כַּמָּה		כַּמָּה v. מָה
k.bq.ae		כְּמוֹ		כְּמוֹ v. כְּ
k.bq.af		כמוהם		כמוהם כִּמְהָם v. כִּמְהָם
k.bq.ag	H3645	כְּמוֹשׁ		כְּמוֹשׁ n.pr.div. Chemosh;—god of the Moabites to whom Solomon erected a high place
k.br.aa		כמז	root	כמז (√ of foll.; mng. dub.; Ar. Arabic is bunch, heap).
k.br.ab	H3558	כּוּמָז		כּוּמָז n.[m.] name of a golden ornament
k.br.ac		כמישׁ		כמישׁ כְּמוֹשׁ כְּמִישׁ v. כְּמוֹשׁ
k.bs.aa		כמן	root	כמן (√ of foll. (si vera l.); perh. be hidden; cf. Aram. כְּמַן, Syriac, lie in ambush; Ar. Arabic id. is denom. fr. loan-word Arabic acc. to Frä 243).
k.bs.ab	H4362	מִכְמָן		[מִכְמָן] n.[m.] only pl. hidden stores Dn 11:43
k.bs.ac	H3646	כַּמֹּן		כַּמֹּן n.m. cummin, plant grown as condiment
k.bt.aa	H3647	כָּמַס	root	[כָּמַס] vb. store up, in Qal Dt 32:34
k.bt.ab	H4363	מִכְמָס		מִכְמָס n.pr.loc.; = מִכְמָשׂ;—city in Benjamin, N. fr. Geba and Jerusalem (E. fr. Bethaven)
k.bu.aa	H3648	כָּמַר	root	[כָּמַר] vb. Niph. grow warm and tender, be or grow hot
k.bv.aa		כמר	root	כמר (√ of foll.; cf. Syr. Syriac black, dark, usu. gloomy, sad; Syriac, Syriac be sad).
k.bv.ab	H3650	כִּמְרִיר		[כִּמְרִיר] n.m. darkness, gloominess (?), Jb 3:5
k.bw.aa		כמר	root	כמר (√ of foll.; cf. As. kamâru, overthrow, lay prostrate, whence n. kamâru, net, snare Dl HWB 336 and בֹּמֶר priest acc. to Dl HA 42, i.e. one who prostrates himself; also Mand. כמר turn round, bring back Nö M 443f. and N. Syr. Syriac pursue Nö ib. PS 1759).
k.bw.ab	H4364	מִכְמָר		מִכְמָר n.[m.] net, snare, bringing an animal to its fall, Is 51:20
k.bw.ac	H4364	מַכְמֹר		[מַכְמֹר] n.[m.] net, snare
k.bw.ad	H4365	מִכְמֶ֫רֶת		[מִכְמֶ֫רֶת] n.f. net, fishing-net
k.bw.ae	H4365	מִכְמֹ֫רֶת		מִכְמֹ֫רֶת n.f. id. [k.bw.ad]; Is 19:8
k.bw.af	H3649	כֹּ֫מֶר		[כֹּ֫מֶר] n.m. (idol-)priest
k.bx.aa		כמת	root	כמת (√ of foll.; meaning unknown).
k.bx.ab	H4366	מִכְמְתָת		מִכְמְתָת n.pr.loc. place in NE. Ephraim, near border of Manasseh, between Shechem and Taanath Shilo
k.by.aa	H3651	כֵּן	root	כֵּן adv. so
k.by.ab		כֵּן		כֵּן v. כון
k.by.ac		כֵּן		כֵּן v. כנן
k.by.ad		כֵּן		כֵּן v. כנן
k.bz.aa	H3655	כָּנָה	root	[כָּנָה] vb. Pi. betitle, title, give an epithet or cognomen Pi. I have called thee by thy name, given thee a title Pu. he is betitled
k.bz.ab		כַּנָּה		כַּנָּה v. כנן
k.bz.ac	H3656	כַּנֶּה		כַּנֶּה n.pr.loc. appar. in Mesopot., Ez 27:23
k.bz.ad		כְּנָוֹת		כְּנָוֹת v. כְּנָת
k.bz.ae		כָּנְיָהוּ		כָּנְיָהוּ v. יְהוֹיָכִין
k.bz.af		יְכוֹנְיָה		יְכוֹנְיָה v. כון
k.bz.ag		כִּנָּם		כִּנָּם כִּנִּם v. כֵּן sub. כנן
k.ca.aa		כנן	root	כנן (√ of foll.; parallel form of כק; be firm, substantial).
k.ca.ab	H3653	כֵּן		כֵּן n.m. , pedestal, office
k.ca.ac	H3663	כְּנַנְיָ֫הוּ		כְּנַנְיָ֫הוּ n.pr.m. (י׳ is firm) a Levite = כְּנַנְיָה an Izharite
k.ca.ad	H3662	כְּנָנִי		כְּנָנִי n.pr.m. a Levite Ne 9:4
k.ca.ae		כָּנַנְיָ֫הוּ		כָּנַנְיָ֫הוּ v. כּוֹנַנְיָ֫הוּ sub. כון
k.cb.aa		כנן	root	כנן (√ of foll.; meaning dubious; v. conj. in Kö ii. 1. 100 Anm.)
k.cb.ab	H3654	כֵּן		כֵּן (?), כִּנִּם, כִּנָּם n.[m.], mng. dub.; either gnat, gnats, gnat-swarm, or [louse,] lice
k.cb.ac	H3657	כַּנָּה		כַּנָּה ψ 80:16 n.f. support (of tree), i.e. root, stock
k.cc.aa	H3664	כָּנַס	root	[כָּנַס] vb. gather, collect Qal gather Pi. and I will gather you together Hithp. and the covering is (too) narrow when one gathers oneself together, i.e. the bed is too short to stretch oneself at full length, and when one (perforce) draws up the feet, the covering becomes too narrow.
k.cc.ab	H4370	מִכְנָס		[מִכְנָס] n.m. Ez 44:18 only du. (or pl.) drawers
k.cd.aa	H3665	כָּנַע	root	[כָּנַע] vb. be humble, only in der. conj. Niph. reflex. humble oneself pass. be humbled, subdued Hiph. humble subdue enemies
k.cd.ab	H3666	כִּנְעָה		[כִּנְעָה] n.f. bundle, pack;—Je 10:17
k.cd.ac	H3667	כְּנַ֫עַן		כְּנַ֫עַן 90 n.pr.m. et terr. Canaan as n. pr. m., son of Ham land, W. of Jordan, into wh. Hebrews came, and where they settled, subduing the inhabitants the coast, esp. Phoenicia
k.cd.ad	H3667	כְּנַ֫עַן		כְּנַ֫עַן n.[m.] merchant(s) (because Canaanites, esp. Phoenicians, were traders)
k.cd.ae	H3669	כְּנַעֲנִי		כְּנַעֲנִי adj. et nom.gent.
k.cd.af	H3669	כְּנַעֲנִי		כְּנַעֲנִי n.m. trader, merchant
k.cd.ag	H3668	כְּנַעֲנָה		כְּנַעֲנָה n.pr.m. father of proph. Zedekiah a Benjamite
k.ce.aa		כנף	root	כנף √ of foll. (mng. dub.; Ar. (√ of foll.; meaning dubious).Arabic fence in, enclose, and Aram. כְּנַף collect, assemble, are denom.)
k.ce.ab	H3671	כָּנָף		כָּנָף 109 n.f. wing, extremity
k.ce.ac	H3670	כָּנַף		כָּנַף vb. denom. only Niph. be cornered, thrust into a corner or aside;—Is 30:20
k.cf.aa		כנר	root	כנר (poss. √ of foll.; meaning unknown).
k.cf.ab	H3658	כִּנּוֹר		כִּנּוֹר n.m. lyre
k.cf.ac	H3672	כִּנֶּ֫רֶת		כִּנֶּ֫רֶת, כִּנֲּֿרוֹת n.pr.loc. in Galilee (Naphtali) a city lake near the city
k.cf.ad	H3674	כְּנָת		[כְּנָת] n. [of men, but f. in form] associate, colleague;—Ezr 4:7
k.cf.ae		כֵּס		כֵּס v. כִּסֵּא
k.cf.af	H3677	כֶּ֫סֶא		כֶּ֫סֶא Pr 7:20, כֶּ֫סֶה ψ 81:4 n.[m.] full moon
k.cf.ag	H3676	כִּסֵּא		כִּסֵּא, כִּסֵּה 133 n.m. seat of honour, throne
k.cg.aa	H3680	כָּסָה	root	[כָּסָה] vb. cover Qal conceal pass. (cstr.) covered in respect of sin (by God, which he thus puts out of sight) Niph. covered Pi. cover, clothe cover, conceal blood cover (with covering of protection) cover, spread over cover, overwhelm cover over Pual. be covered be clothed Hithp. cover, clothe oneself
k.cg.ab	H3681	כָּסוּי		[כָּסוּי] n.[m.] covering, only cstr.
k.cg.ac	H3682	כְּסוּת		כְּסוּת n.f. covering covering, clothing covering, for concealment
k.cg.ad	H4372	מִכְסֶה		מִכְסֶה n.[m.] covering
k.cg.ae	H4374	מְכַסֶּה		מְכַסֶּה n.m. covering
k.ch.aa		כסה	root	כסה (√ of foll.; prob. bind; cf. As. kasû, take captive, Pi. fetter, kasîtu, kisittu, a fetter; Zehnpfund BAS i. 536 Dl Baer's Ezech. xii. HWB 342).
k.ch.ab	H3704	כֶּ֫סֶת		[כֶּ֫סֶת] n.f. band, fillet (= charm or amulet), only pl.
k.ch.ac		כֶּסֶה		כֶּסֶה v. כֶּסֶא
k.ch.ad		כִּסֵּה		כִּסֵּה v. כִּסֵּא
k.ch.ae		כַּסּוּחָה		כַּסּוּחָה סוּחָה v. סוּחָה
k.ch.af		כָּסוּי		כָּסוּי כְּסוּת v. כסה
k.ci.aa	H3683	כָּסַח	root	[כָּסַח] vb. cut off or away, a plant
k.cj.aa	H3688	כָּסַל	root	[כָּסַל] vb. be or become stupid—Qal Je 10:8
k.cj.ab	H3689	כֶּ֫סֶל		כֶּ֫סֶל n.m. 1. loins, 2. stupidity, 3. confidence
k.cj.ac	H3690	כִּסְלָה		כִּסְלָה n.f. stupidity confidence
k.cj.ad	H3684	כְּסִיל		כְּסִיל 70 n.m. stupid fellow, dullard, fool
k.cj.ae	H3687	כְּסִילוּת		כְּסִילוּת n.f. stupidity;—Pr 9:13
k.cj.af	H3685	כְּסִיל		כְּסִיל n.m. Orion
k.cj.ag	H3686	כְּסִיל		כְּסִיל n.pr.loc. in S of tribe of Judah
k.cj.ah	H3693	כְּסָלוֹן		כְּסָלוֹן n.pr.loc. on border of tribe of Judah Jos 15:10
k.cj.ai	H3692	כִּסְלוֹן		כִּסְלוֹן n.pr.m. a prince of Benjamin Nu 34:21.
k.cj.aj	H3694	כְּסֻלּוֹת		כְּסֻלּוֹת n.pr.loc. in the tribe of Issachar
k.cj.ak	H3691	כִּסְלֵו		כִּסְלֵו n.pr.[m.] Kislew, ninth month (postex.) = Nov.-Dec.
k.cj.al	H3695	כַּסְלֻחִים		כַּסְלֻחִים n.pr.gent. not identif.
k.cj.am		כִּסְלֹת תָּבוֹר		כִּסְלֹת תָּבוֹר כִּסְלֹת תָּבֹר v. כְּסֻלּוֹת
k.ck.aa	H3697	כָּסַם	root	[כָּסַם] vb. shear, clip:—only Qal Ez 44:20
k.ck.ab	H3698	כֻּסֶּ֫מֶת		כֻּסֶּ֫מֶת n.f. spelt
k.ck.ac	H3765	כִּרְסֵם		[כִּרְסֵם] vb. quadril. = Pi., tear off;—only ψ 80:14
k.cl.aa	H3699	כָּסַס	root	[כָּסַס] vb. compute—only Qal Ex 12:4 (P)
k.cl.ab	H4371	מֶ֫כֶס		מֶ֫כֶס n.m. computation, proportion to be paid, tax
k.cl.ac	H4373	מִכְסָה		מִכְסָה n.f. computation; hence number valuation, worth
k.cm.aa	H3700	כָּסַף	root	[כָּסַף] vb. long (for) Qal for the work of thy hands thou wouldest long; like a lion that longeth to rend. Niph. thou didst long sorely for thy father’s house
k.cm.ab	H3701	כֶּ֫סֶף		כֶּ֫סֶף 402 n.m. silver, money = silver ore, raw silver silver as bright, shining silver, as wealth silver as spoil of war silver as merchandise silver as costly gift silver as material silver as measure of weight and value among vbs. and phr.
k.cm.ac	H3703	כָּסִפְיָא		כָּסִפְיָא n.pr.loc. in Babylonia, site unknown
k.cm.ad		כֶּסֶת		כֶּסֶת v. כסה
k.cn.aa	H3707	כָּעַס	root	כָּעַס vb. be vexed, angry Qal be vexed, indignant be angry Piel. provoke to anger Hiph. vex vex, provoke to anger
k.cn.ab	H3708	כַּ֫עַס		כַּ֫עַס n.m. vexation, anger
k.cn.ac	H3708	כַּ֫עַשׂ		כַּ֫עַשׂ n.m. vexation, grief vexation, anger
k.cn.ad		כַּף		כַּף v. כפף
k.cn.ae	H3710	כֵּף		[כֵּף] n.[m.] rock
k.co.aa	H3711	כָּפָה	root	[כָּפָה] vb. prob. subdue;—only Qal Pr 21:14
k.co.ab		כִּפָּה		כִּפָּה v. כפף
k.cp.aa	H3717	כָּפַל	root	כָּפַל vb. double, double over (late) Qal and thou shalt double over the sixth curtain, i.e. prob. use it double; folded double, of the breast-piece Niph. and let the sword be doubled, but very dub.
k.cp.ab	H3718	כֶּ֫פֶל		כֶּ֫פֶל n.[m.] the double:—Jb 41:5
k.cp.ac	H4375	מַכְפֵּלָה		מַכְפֵּלָה n.pr.loc. near Hebron, where patriarchs and their wives were buried
k.cq.aa	H3719	כָּפַן	root	[כָּפַן] vb. be hungry, hunger, perh. also hungrily desire;—only Qal Ez 17:7
k.cq.ab	H3720	כָּפָן		כָּפָן n.[m.] hunger, famine
k.cr.aa		כפס	root	כפס (perh. √ of foll.; cf. 𝔗 כְּפַס Est 1:6 bind, fasten (so Levy, Jastrow)).
k.cr.ab	H3714	כָּפִיס		כָּפִיס n.m. appar. term. techn. for some beam in a house, perhaps rafter, or girder;—only Hb 2:11
k.cs.aa	H3721	כָּפַף	root	כָּפַף vb. bend, bend down, be bent, bowed Qal my soul is bowed down Niph. with what shall I bow myself (in worship) toward the high God?
k.cs.ab	H3709	כַּף		כַּף 192 n.f. hollow, or flat of the hand, palm, sole of foot, hand
k.cs.ac	H3712	כִּפָּה		כִּפָּה n.f. branch, frond (prob. of palm-tree)
k.ct.aa		כפר	root	כפר (of foll.; orig. mng. dub., but most prob. cover, cf. Ar. Arabic cover, hide; < RS who thinks ofAram. כְּפַר, Syriac Pa. wash away, rub off, whence כִּפֶר, כִּפֶּר of washing away, obliteration of sin: NH כִּפֶּר Aram. כַּפֵּר and deriv.; Ar. Arabic an expiation (see RS OTJC 438; 2. 321 Now Arch il. 192 Dr Dt 425 Schmoller St. Kr. 1891, 205ff. LagBN230ff.)).
k.ct.ab	H3724	כֹּפֶר		כֹּפֶר n.m. the price of a life, ransom
k.ct.ac	H3722	כִּפֶּר		כִּפֶּר vb. Pi. etc. denom. cover over (fig.), pacify, make propitiation Pi. cover over, pacify, propitiate cover over, atone for sin, without sacrifice cover over, atone for sin and persons by legal rites Pu. be covered over, atoned for Hithp. the iniquity of the house of Eli shall not be covered by peace-offering or minchah Niph. and the blood shall be covered for them
k.ct.ad	H3725	כִּפֻּרִים		כִּפֻּרִים n.pl.abstr. atonement, only in P
k.ct.ae	H3727	כַּפֹּרֶת		כַּפֹּרֶת n. propitiatory, late techn. word cover over sin: the older explan. cover, lid has no justification in usage
k.cu.aa		כפר	root	כפר (√ of following).
k.cu.ab	H3724	כֹּ֫פֶר		כֹּ֫פֶר n.m. pitch—Gn 6:14 (P).
k.cu.ac	H3722	כָּפַר		כָּפַר vb. denom. Gn 6:14 and thou shalt pitch it with pitch (P).
k.cv.aa		כפר	root	כפר (√ of following).
k.cv.ab	H3715	כְּפִיר		כְּפִיר n.m. young lion
k.cv.ac	H3724	כֹּ֫פֶר		כֹּ֫פֶר n.m. name of a plant, El Ḥenna
k.cv.ad	H3723	כָּפָר		[כָּפָר] n.m. village;—sg. cstr. כְּפַר הָעַמּוֹנִי Jos 18:24 Kt village of the Ammonites
k.cv.ae	H3724	כֹּפֶר		כֹּפֶר n.[m.] village;—only sg. cstr. 1 S 6:18
k.cv.af		כְּפַר הָעַמּוֹנִי		כְּפַר הָעַמּוֹנִי v. כָּפָר
k.cv.ag	H3716	כְּפִירָה		כְּפִירָה n.pr.loc. city of the Hivites subsequently assigned to Benjamin.
k.cv.ah	H3715	כְּפִירִים		כְּפִירִים Ne 6:2, prob. = foregoing [כְּפִירָה] (𝔊 al. n. appell. = villages).
k.cw.aa		כפר	root	כפר (√ of foll., = dig? cf. Sab. כפר, vb. dig, n. cave, DHM Anzelgerd. Wlemer Ak., phil. hist. Cl. Dec. 17, 1884, quoted by Eut Nab 27; Nö comp. also Eth. Ethiopic basket, measure; Nab. כפר cave, sepulchre, synon. of קברא Nö in Eut Nab ib.)
k.cw.ab	H3713	כְּפוֹר		כְּפוֹר n.m. bowl of gold or silver, used in the temple (late)
k.cw.ac	H3713	כְּפוֹר		כְּפוֹר n.m. hoar frost
k.cx.aa	H3728	כָּפַשׁ	root	[כָּפַשׁ] vb. only Hiph. make bent, press or bend together
k.cx.ab	H3730	כַּפְתּוֹר		כַּפְתּוֹר, כַּפְתֹּר n.m. 1. capital. 2. knob, bulb
k.cx.ac	H3731	כַּפְתּוֹר		כַּפְתּוֹר, כַּפְתֹּר n.pr.terr. prob. Crete
k.cx.ad	H3732	כַּפְתֹּרִי		[כַּפְתֹּרִי] adj.gent., only pl. as subst. Cretans
k.cx.ae		כַּר		כַּר v. כור
k.cx.af	H3733	כַּר		כַּר n.m. pasture
k.cx.ag	H3734	כֹּר		כֹּר n.[m.] kōr, a measure
k.cx.ah	H3736	כרבל		[כרבל] vb. either denom. be-mantle (from BAram. כַּרְבְּלָא, if this = mantle), or poss. quadril. bind round (from כבל, with ins. ר);—only Pu. 1 Ch 15:27
k.cy.aa	H3738	כָּרָה	root	כָּרָה vb. dig Qal dig a grave; a well; a pit Niph. until the pit be digged of the wicked, fig. of judgment.
k.cy.ab	H3741	כָּרָה		[כָּרָה] n.f. cistern (or well), only pl. cstr. in Zp 2:6
k.cy.ac	H4379	מִכְרֶה		[מִכְרֶה] n.m. pit (?), only cstr. Zp 2:9
k.cz.aa	H3739	כָּרָה	root	[כָּרָה] vb. get by trade, trade
k.da.aa	H3739	כָּרָה	root	[כָּרָה] vb. give a feast;—only Qal 2 K 6:23
k.da.ab	H3740	כֵּרָה		כֵּרָה n.f. a feast, 2 K 6:23 (si vera l.; v. foregoing [k.da.aa]).
k.da.ac	H3743	כְּרוּב		כְּרוּב 91 n.m. cherub the living chariot of the theophanic God as guards of the garden of Eden as the throne of Yahweh Sabaoth P gives an account K and Ch describe the cherubim of the temple Ezekiel describes the cherubim
k.da.ad	H3746	כָּרִי		כָּרִי adj.gent. prob. = Carian, only c. art. as subst. coll. Carians, name given to foreign body-guard of king
k.da.ae		כְּרִית		כְּרִית כְּרִיתוּת v. כרת
k.db.aa		כרך	root	כרך (√ of following; cf. Aram. כְּרַךְ, Syriac enwrap, surround, כְּרִיכַא, Syriac bundle, כַּרְכָּא, Syriac city (+ many other deriv.); כְּרִיכָא, Syriac, NH כֶּרֶךְ, scroll, etc.)
k.db.ab	H8509	תַּכְרִיךְ		תַּכְרִיךְ n.m. robe Est 8:15.
k.dc.aa		כרכב	root	כרכב quadril. (√ of following; cf. NH כִּרְכֵּב, furnish with a rim, enclose, set).
k.dc.ab	H3749	כַּרְכֹּב		כַּרְכֹּב n.[m.] border, rim, of altar
k.dc.ac	H3750	כַּרְכֹּם		כַּרְכֹּם n.[m.] saffron;—Ct 4:14
k.dc.ad	H3751	כַּרְכְּמִישׁ		כַּרְכְּמִישׁ, כַּרְכְּמִשׁ n.pr.loc. city on Euphrates
k.dc.ae	H3752	כַּרְכַּס		כַּרְכַּס n.pr.m. Pers., a eunuch of Ahasuerus, Est 1:10.
k.dc.af		כִּרְכָּרוֹת		כִּרְכָּרוֹת v. כִּרְכָּרָה sub. כרר
k.dd.aa	H3754	כֶּרֶם	root	כֶּרֶם 92 n.m. (f.) vineyard
k.dd.ab	H3755	כָּרַם		כָּרַם vb. denom. tend vineyards, dress vines, only Qal Pt. pl. vinedressers
k.dd.ac	H3756	כַּרְמִי		כַּרְמִי n.pr.m. son of Reuben a Judaite
k.dd.ad	H3757	כַּרְמִי		כַּרְמִי adj.gent. only c. art., as subst. Nu 26:6.
k.dd.ae	H3759	כַּרְמֶל		כַּרְמֶל n.m. 1. plantation, garden-land. 2. fruit, garden-growth
k.dd.af	H3760	כַּרְמֶל		כַּרְמֶל n.pr.mont. et urb. Carmel mt.-promontory on Mediterranean, with fertile slopes, Tel el-Amarna city, 3 h. S. of Hebron
k.dd.ag	H3761	כַּרְמְלִי		כַּרְמְלִי adj.gent., c. art., the Carmelite, of Nabal. f. הַכַּרְמְלִית the Carmelitess, of Abigail.
k.dd.ah	H3758	כַּרְמִיל		כַּרְמִיל n.[m.] crimson, carmine, i.e. crimson stuff, cloth; late
k.dd.ai	H3763	כְּרָ֑ן		כְּרָ֑ן n.pr.m., an Edomite
k.dd.aj		כִּרְסֵם		כִּרְסֵם v. כסם
k.de.aa	H3766	כָּרַע	root	כָּרַע bow down Qal bow bow down, of the crouching lion bow down over (in order to lie with) a woman bow down, of a woman in childbirth Hiph. cause to bow in grief cause to bow down in death
k.de.ab	H3767	כֶּ֫רַע		[כֶּ֫רַע] n.[f.] leg
k.de.ac	H3768	כַּרְפַּס		כַּרְפַּס n.m. cotton (or fine linen);—Est 1:6
k.df.aa	H3769	כָּרַר	root	[כָּרַר] vb. √ of foll.;—only Pilpēl, Pt. dancing (lit. whirling)
k.df.ab	H3733	כַּר		כַּר n.[m.] he-lamb, battering-ram
k.df.ac	H3753	כִּרְכָּרָה		[כִּרְכָּרָה] n.f. dromedary;—only Is 66:20
k.df.ad	H3603	כִּכָּר		כִּכָּר n.f. a round: hence 1. a round district. 2. a round loaf. 3. a round weight, talent
k.dg.aa		כרשׂ	root	כרשׂ √ of foll. (Ar. Arabic wrinkled).
k.dg.ab	H3770	כְּרֵשׂ		[כְּרֵשׂ] n.[m.] belly;—only Je 51:34 of Nebuchadrezzar under fig. of sea-monster.
k.dg.ac		כֹּרֶשׁ		כֹּרֶשׁ v. כּוֹרֶשׁ
k.dg.ad	H3771	כַּרְשְׁנָא		כַּרְשְׁנָא n.pr.m. a Pers. prince Est 1:14.
k.dh.aa	H3772	כָּרַת	root	כָּרַת 291 vb. cut off, cut down Qal cut off cut down hew, timber cut, or make a covenant Niph. be cut off be cut down be chewed between the teeth be cut off, in a more general sense fail Pual be cut off be cut down Hiph. cut off, flattering lips cut off, destroy the life of cut down, destroy, cities take away permit to perish
k.dh.ab	H3748	כְּרִיתוּת		כְּרִיתוּת n.f. divorcement
k.dh.ac	H3747	כְּרִית		כְּרִית n.pr. the brook where Elijah was hidden
k.dh.ad		כְּרֹת		כְּרֹת כָּרָה v. כָּרָה sub. כרה
k.dh.ae	H3774	כְּרֵתִי		כְּרֵתִי adj.gent., always c. art., or pl., as subst., Kerethites, a name for Philistines or a part of them (perhaps = Cretans)
k.dh.af		כֶּשֶׂב		כֶּשֶׂב כִּשְׂבָּה v. כֶּבֶשׂ
k.dh.ag	H3777	כֶּ֫שֶׂד		כֶּ֫שֶׂד n.pr.m. son of Nahor acc. to Gn 22:22 (J).
k.dh.ah	H3778	כַּשְׂדִּים		כַּשְׂדִּים n.pr.gent. et terr. Kasdim = Chaldeans, Chaldea
k.di.aa	H3780	כָּשָׂה	root	[כָּשָׂה] vb. be sated, gorged with food;—only Qal De 32:15
k.di.ab		כֻּשִׁיִּים		כֻּשִׁיִּים כֻּשִׁית v. כּוּשִׁי
k.dj.aa	H3782	כָּשַׁל	root	כָּשַׁל vb. stumble, stagger, totter Qal stumble at, over, something (lit. by means of) totter Niph. stumble be tottering, feeble Pi. only apparent Hiph. cause to stumble make feeble, weak Hoph. either and let them be ones who have stumbled before thee, i.e. regard them as such, or and let them be ones overthrown before thee
k.dj.ab	H3781	כַּשִּׁיל		כַּשִּׁיל n.[m.] axe—ψ 74:6.
k.dj.ac	H3783	כִּשָּׁלוֹן		כִּשָּׁלוֹן n.[m.] a stumbling; fig. = calamity Pr 16:18.
k.dj.ad	H4383	מִכְשׁוֹל		מִכְשׁוֹל n.m. a stumbling, means or occasion of stumbling, stumbling-block
k.dj.ae	H4384	מַכְשֵׁלָה		מַכְשֵׁלָה n.f. 1. overthrown mass. 2. stumbling-block
k.dk.aa		כשׁף	root	כשׁף (√ of foll.; cf. Ar. Arabic cut off, cut up, Syr. Syriac to pray (lit. prob. to cut oneself v. 1 K 18:28): so RS JPhil. xiv. 125, 126 Nö ZMG 1886, 723; acc. to RS כֶּשֶׂף is prop, herbs etc. shredded into a magic brew).
k.dk.ab	H3785	כֶּ֫שֶׁף		[כֶּ֫שֶׁף] n.m. sorcery
k.dk.ac	H3784	כִּשֵּׁף		כִּשֵּׁף vb. Pi. denom. practice sorcery
k.dk.ad	H3786	כַּשָּׁף		[כַּשָּׁף] n.m. sorcerer, only pl. sf.;—Je 27:9.
k.dl.aa		כשׁף	root	כשׁף (√ of following).
k.dl.ab	H0407	אַכְשָׁף		אַכְשָׁף n.pr.loc. in (Northern) Canaan, with a king; situated on the border of Asher
k.dm.aa	H3787	כָּשֵׁר	root	כָּשֵׁר vb. be advantageous, proper, suitable, succeed Qal and the thing be proper in the view of the king Hiph. an advantage for giving success in wisdom.
k.dm.ab	H3788	כִּשְׁרוֹן		כִּשְׁרוֹן n.[m.] skill, success
k.dm.ac	H3574	כּוֹשָׁרָה		[כּוֹשָׁרָה] n.f. prosperity. Only pl. intens. ψ 68:7
k.dm.ad	H3601	כִּישׁוֹר		כִּישׁוֹר n.[m.] distaff;—only in Pr 31:19
k.dn.aa	H3789	כָּתַב	root	כָּתַב 223 vb. write Qal write = write down, describe in writing = register, enroll = decree Niph. be written = be written down, recorded Pi. frequent.
k.dn.ab	H3791	כְּתָב		כְּתָב n.m. writing register, enrolment = mode of writing, character, letter = letter of a royal enactment, edict of a writing with divine authority
k.dn.ac	H3793	כְּתֹ֫בֶת		כְּתֹ֫בֶת n.f. only cstr. Lv 19:28 i.e. a writing (mark or sign) of imprintment, scriptio stigmatis, perh. of tattooing
k.dn.ad	H4385	מִכְתָּב		מִכְתָּב n.m. writing = hand-writing = thing written in a title
k.dn.ae	H3794	כִּתִּי		[כִּתִּי] adj.gent. alw. pl.; usu. as n.gent. = Cypriotes
k.dn.af		כָּתִית		כָּתִית v. כתת
k.do.aa		כתל	root	כתל (√ of foll.; cf. Ar. Arabic make into firm lumps or blocks, make compact; Frey also bind, imprison, Arabic be joined together).
k.do.ab	H3796	כֹּ֫תֶל		[כֹּ֫תֶל] n.[m.] wall of house;—only sf. Ct 2:9.
k.do.ac	H3798	כִּתְלִישׁ		כִּתְלִישׁ n.pr.loc. a city of Judah Jos 15:40, site unknown
k.dp.aa	H3799	כָּתַם	root	[כָּתַם] vb. only Niph. be stained
k.dq.aa		כתם	root	כתם (√ of foll.; meaning unknown).
k.dq.ab	H4387	מִכְתָּם		מִכְתָּם n.[m.] Mikhtām, a term. techn. in ψ-titles, meaning unknown
k.dq.ac	H3800	כֶּ֫תֶם		כֶּ֫תֶם n.m. gold, poet. and late
k.dr.aa		כתן	root	כתן (√ of foll., = clothe? so Zehnpf. BAS i. 532, who der. therefrom As. kitinnê, linen, cloth, = Ar. Arabic; v. also Aram. כִּיתָּנָא, Syriac and infr.)
k.dr.ab	H3801	כֻּתֹּ֫נֶת		כֻּתֹּ֫נֶת, כְּתֹ֫נֶת n.f. tunic
k.ds.aa		כתף	root	כתף (√ of following; meaning unknown).
k.ds.ab	H3802	כָּתֵף		כָּתֵף n.f. shoulder, shoulder-blade, side
k.dt.aa	H3803	כָּתַר	root	[כָּתַר] vb. surround (in Pi.) Pi. of surrounding an enemy Hiph. throw out crowns, i.e. appear with crowns
k.dt.ab	H3804	כֶּ֫תֶר		כֶּ֫תֶר n.m. crown
k.dt.ac	H3805	כֹּתֶ֫רֶת		כֹּתֶ֫רֶת, כּוֹתֶ֫רֶת n.f. capital of a pillar (as surrounding, crowning its top)
k.du.aa	H3806	כָּתַשׁ	root	[כָּתַשׁ] vb. pound, pound fine, bray;—Qal Pr 27:22
k.du.ab	H4389	מַכְתֵּשׁ		מַכְתֵּשׁ n.m. mortar (place of pounding, braying)
k.dv.aa	H3807	כָּתַת	root	[כָּתַת] vb. beat, crush by beating Qal beat or crush fine beat, hammer (ploughshares into swords) Pi. Pf.;—as Qal 1. beat or crush fine Pu. and they were beaten in pieces, one nation against another. Hiph. beat in pieces an enemy Hoph. and to ruins is the gate crushed
k.dv.ab	H3795	כָּתִית		כָּתִית adj. beaten;—only in combin. beaten oil, i.e. oil made by beating or pounding the olives in a mortar; esp. fine and costly
k.dv.ac	H4386	מְכִתָּה		[מְכִתָּה] n.f. the crushed or pulverized = coll. crushed fragments;—sg. sf. Is 30:14
l.aa.aa		ל	root	ל twelfth letter; used as numeral 30 in postB.Heb.
l.aa.ab	l	לְ		לְ prep. to, for, in regard to very often, with various classes of verbs, to, toward, for Expressing locality, at, near To denote the object of a vb. Into (εἰς), of a transition into a new state or condition, or into a new character or office With reference to Of time: towards, against to denote the close of a period towards, to With an inf., ל denotes most commonly the end or purpose of an action with reference to
l.aa.ac	H3926	לְמוֹ		לְמוֹ poet. for לְ
l.ab.aa	H3808	לֹא	root	לֹא or לוֹא adv. not
l.ab.ab	H3810	לֹא דְבָר		לֹא דְבָר, לוֹ דְבָר n.pr.loc. in Gilead, near, perh. east of, Mahanaim (q.v.)
l.ab.ac	H3818	לֹא עַמִּי		לֹא עַמִּי n.pr.m. (not my people) symb. name of Hosea’s son
l.ab.ad	H3819	לֹא רֻחָ֫מָה		לֹא רֻחָ֫מָה n.pr.f. (uncompassionated) symb. name of Hosea’s daughter
l.ab.ae		לֻא		לֻא לוּא לוּ v. לוּ
l.ac.aa		לאב	root	לאב (√ of foll., cf. Ar. Arabic (med. Arabic) be thirsty, Arabic, Arabic a stony tract of land (v. Wetzst Reisebricht 99)).
l.ac.ab	H8514	תַּלְאֻבָה		[תַּלְאֻבָה] n.f. drought;—only pl. intens., Ho 13:6.
l.ad.aa	H3811	לָאָה	root	[לָאָה] vb. be weary, impatient Qal be weary Niph. be weary of doing a thing, make oneself weary in doing something, weary (i.e. strenuously exert) oneself Hiph. weary, make weary, exhaust
l.ad.ab	H4972	תְּלָאָה		תְּלָאָה n.f. weariness, hardship
l.ad.ac	H3812	לֵאָה		לֵאָה 34 n.pr.f. Leah, elder daughter of Laban, and wife of Jacob
l.ae.aa	H3813	לָאַט	root	לָאַט vb. cover, only Qal 2 S 19:5
l.ae.ab		לָאט		לָאט v. לָט
l.ae.ac		לְאַט		לְאַט לָאַט v. אַט sub. אטט
l.af.aa		לאך	root	לאך (√ of מַלְאָךְ, מְלָאכָה, cf. Ar. Arabic, Arabic send, Arabic messenger, Eth. Ethiopic send a messenger, v. Ethiopic be sent, wait on, minister; Ethiopic = Heb. מַלְאָךְ; cf. Ph. מלאך messenger; NH מַלְאָךְ, Aram. מַלְאֲכָא, as in Heb.)
l.af.ab	H4397	מַלְאָךְ		מַלְאָךְ 214 n.m. messenger messenger angel, as messenger of God the theophanic angel
l.af.ac	H4399	מְלָאכָה		מְלָאכָה 167 n.f. occupation, work occupation, business property in which one is occupied work as something done or made workmanship service, use public business
l.af.ad	H4400	מַלְאָכוּת		[מַלְאָכוּת] n.f. message, Hg 1:13.
l.af.ae	H4401	מַלְאָכִי		מַלְאָכִי appar. n.pr.m., Mal 1:1 Malachi, but in fact not historical name of author, nor pseudonym for Ezra; prob. a conjecture based on 3:1; so many moderns; see Dr Intr.
l.af.af	H3815	לָאֵל		לָאֵל n.pr.m. (belonging to God) a Gershonite-Levite; Nu 3:24
l.ag.aa		לאם	root	לאם (√ of foll.; cf. Ar. Arabic bind up, or together, III. reconcile, bring together (Thes Ba NB §65 n. 2); < Lag BN 180 who comp. Arabic be low, ignoble, Arabic [pl.] common ones, hence לְאֹם prop. common, vulgar people).
l.ag.ab	H3816	לְאֹם		לְאֹם, לְאוֹם n.m. people, poet. and chiefly late
l.ag.ac	H3817	לְאֻמִּ֑ים		לְאֻמִּ֑ים n.pr.gent. as ‘son’ of Dedan Gn 25:3.
l.ag.ad		לֵב		לֵב v. לבב
l.ah.aa		לבא	root	לבא (√ of foll; v. Ar. Arabic, Arabic, Arabic lioness, cf. לָבִיא; v. perh. also Ph. n.pr. לבא CIS i. 147; Jastrow JBL xi. (1892) 120f. comp. Tel el-Am. n.pr. Labâʾ (Bez BM Labay[a]); poss. is also Lapaya, which Wkl TA. 1896 rds.; deriv. only poet.)
l.ah.ab	H3833	לְבִי		[לְבִי] n.[m.,f.] lion
l.ah.ac	H3833	לְבִיָּא		לְבִיָּא n.f. lioness;—Ez 19:2 fig. of mother of Isr.
l.ah.ad	H3833	לָבִיא		לָבִיא n. [m.] lion, poss. also [f.] lioness
l.ah.ae	H3822	לְבָאוֹת		לְבָאוֹת n.pr.loc. a city in S. Judah
l.ai.aa		לבב	root	לבב (mng. dub.; Dl Pr. 88ff. finds orig. mng. in As. labâbu, in unruhiger Bewegung sein;—√ of לֵבַב, לֵב; cf. NH id., As. libbu, Aram. לִבָּא, Syriac, Eth. Ethiopic Ar. Arabic, Sab. לב, Sab. Denkm. p. 18, No. 1, i. 7);—the literary usage of לֵב and לֵבָב is: earliest poetry, J and E chiefly, Eph doc. of Ju S K chiefly, Am Ho Zc 9-11 Is 15 use לֵב. לֵבָב first appears in Is and certain strata of E and Eph doc. of Ju S K, and is continued in Zp Na (prob.) D H Dt editors and some ψψ. Je Ez Jb prefer לֵב but use occasionally לֵבָב. Is 2, 3 La and exilic ψψ use לֵב. Is 13-14:23 Je 50-51 Hg Zc 1-8 Jo Jon ψ 25, 90, 104, use לבב. Mal Ob Zc 12-14 Memorials of Ezr and Ne Pr Ru Ct and many ψψ of Persian period use לֵב. Chr and Dn use לֵבָב. Ec Est and latest ψψ use לֵב. Exceptions will be noted and suspected passages indicated by ? under לֵבָב and לֵב which are treated apart. See Br. 'Study of the use of לֵב and לֵבָב in the O. T.' in Semitic Studies in Memory of Dr. Kohut, Berlin, 1897.
l.ai.ab	H3824	לֵבָב		לֵבָב 251 n.m. inner man, mind, will, heart seldom of things in the midst of the seas usu. of men the inner man in contrast with the outer the inner man, indef. the soul, comprehending mind, affections and will specific ref. to mind spec. ref. to inclinations, resolutions, determinations of the will spec. ref. to conscience spec. ref. to moral character = the man himself spec. as seat of appetites spec. of seat of the emotions and passions seat of courage
l.ai.ac	H3820	לֵב		לֵב 599 n.m. (f.) inner man, mind, will, heart seldom of things in the midst of the sea elsewhere of men the inner man in contrast with the outer the inner man, indef., soul, comprehending mind, affections and will specific reference to mind spec. ref. to inclinations, resolutions and determinations of the will spec. ref. to conscience [various] for the man himself as seat of appetites as seat of emotions and passions seat of courage
l.ai.ad	H3826	לִבָּה		[לִבָּה] Ez 16:30 should be corrected
l.ai.ae	H3820	לֵב קָמָי		לֵב קָמָי prob. late Atbash Je 51:1.
l.ai.af	H3823	לבב		[לבב] vb. denom. Niph. get a mind Pi. encourage
l.ai.ag	H3834	לְבִבָה		[לְבִבָה] n.pl. cakes (prob. pancake, from shape?) לְבִבוֹת 2 S 13:6, 8, 10.
l.ai.ah	H3823	לבב		[לבב] vb. denom. Pi. make cakes.
l.ai.ai		לְבַד		לְבַד v. בַּד sub. בדד
l.ai.aj		לַבָה		לַבָה לַבַּת v. לֶהָבָה sub. להב
l.aj.aa	H3832	לָבַט	root	[לָבַט] vb. thrust down, out, or away;—only Niph. be thrust down, away, i.e. ruined
l.aj.ab		לְבִי		לְבִי לָבִיא לְבִיָּא v. לבא
l.aj.ac		לֻבִים		לֻבִים v. לוּבִים
l.ak.aa	H3835	לָבֵן	root	[לָבֵן] vb. be white Hiph. make white = purify (ethical) shew whiteness, grow white, of fig tree, stripped by locusts Hithp. be purified
l.ak.ab	H3836	לָבָן		לָבָן adj. white
l.ak.ac	H3842	לְבָנָה		לְבָנָה n.f. moon, poet.
l.ak.ad	H3837	לָבָן		לָבָן 54 n.pr.m. son of Bethuel, brother of Rebekah, and father-in-law of Jacob
l.ak.ae	H3837	לָבָן		לָבָן n.pr.loc. connected with desert-journey of Israelites Dt 1:1
l.ak.af	H3838	לְבָנָא		לְבָנָא head of a family of returning exiles
l.ak.ag	H3841	לִבְנָה		לִבְנָה n.pr.loc. city in SW. Judah, exact site unknown, captured by Joshua station of Isr. in wilderness
l.ak.ah	H3828	לְבֹנָה		לְבֹנָה, לְבוֹנָה n.f. frankincense
l.ak.ai	H3829	לְבוֹנָה		לְבוֹנָה n.pr.loc., by which, among other places, loc. of Shiloh is fixed
l.ak.aj	H3845	לִבְנִי		לִבְנִי n.pr.m. a Levite, son of Gershom
l.ak.ak	H3846	לִבְנִי		לִבְנִי adj.gent. of foregoing [l.ak.aj], always c. art. הַלּ׳ as subst. coll., Nu 3:21 26:58.
l.ak.al	H3844	לְבָנוֹן		לְבָנוֹן 71 n.pr.mont. Lebanon
l.ak.am	H3839	לִבְנֶה		לִבְנֶה n.[m.] poplar
l.ak.an	H3843	לְבֵנָה		לְבֵנָה n.f. brick, tile brick, as building-material = tile, on which plan of city could be engraved = pavement
l.ak.ao	H3835	לָבַן		[לָבַן] vb. denom. make brick
l.ak.ap	H4404	מַלְבֵּן		מַלְבֵּן n.[m.] 1. brick-mould; 2. quadrangle
l.ak.aq	H4192	לַבֵּן		לַבֵּן in ψ 9:1 of dubious meaning
l.ak.ar		לִבְנָ֑ת		לִבְנָ֑ת v. שִׁיחוֹר לִבְנָ֑ת
l.al.aa	H3847	לָבֵשׁ	root	לָבֵשׁ, לָבַשׁ vb. put on (a garment), wear, clothe, be clothed Qal lit. put on (one’s own) garment; = wear (more or less habitually) very oft. fig., put on, be clothed with lit. put on once clothed with and the spirit of י׳ clothed itself with Gideon Pu. arrayed Hiph. clothe, array with
l.al.ab	H3830	לְבוּשׁ		לְבוּשׁ, לְבֻשׁ n.m. garment, clothing, raiment
l.al.ac	H4403	מַלְבּוּשׁ		מַלְבּוּשׁ, [מַלְבֻּשׁ] n.m. raiment, attire
l.al.ad	H8516	תִּלְבֹּשֶׁת		תִּלְבֹּשֶׁת n.f. raiment;—Is 59:17
l.al.ae	H3849	לֹג		לֹג n.m. a liquid measure
l.al.af	H3850	לֹד		לֹד n.pr.loc. = Λυδδα, Lydda, c. 11 miles SE. fr. Jaffa, toward Jerusalem
l.al.ag	H1688	לִדְבִר		לִדְבִר n.pr.loc. only in Jos 13:26; E. of Jordan, in tribe of Gad
l.al.ah		לֵדָה		לֵדָה v. ילד
l.al.ai		לֹה		לֹה v. לֹא
l.am.aa		להב	root	להב √ of foll. (cf. Ar. Arabic be thirsty [prob. burn with thirst Lane 2674 ], II. make a fire blaze fiercely, cf. IV; V. blaze fiercely (of fire), cf. VIII; Aram. [להב, Syriac] burn, in Shaph. Ishtaph. and deriv.; also לַהֲבָא, לַהֲבוּתָא flame; Eth. Ethiopic; As. laʿabu, flame, Dl HWB 364).
l.am.ab	H3851	לַ֫הַב		לַ֫הַב n.m. flame, blade flame of flashing point of spear; blade of sword
l.am.ac	H3827	לֶהָבָה		לֶהָבָה n.f. id. [לַ֫הַב] flame, poet. point, head of spear
l.am.ad		לַבַּת אֵשׁ		לַבַּת אֵשׁ v. לֶהָבָה
l.am.ae	H7957	שַׁלְהֶ֫בֶת		שַׁלְהֶ֫בֶת n.f. flame
l.am.af	H3853	לְהָבִים		לְהָבִים n.pr.gent.
l.an.aa		להג	root	להג √ of foll. (Ar. Arabic be devoted, attached to a thing, apply oneself assiduously to it).
l.an.ab	H3854	לַ֫הַג		לַ֫הַג n.m. (late) study, i.e. devotion to books; Ec 12:12
l.an.ac	H3855	לָ֑הַד		לָ֑הַד n.pr.m. son of יַ֫חַת of Judah 1 Ch 4:2
l.ao.aa	H3856	לָהַה	root	[לָהַה] vb. languish, faint;—Qal Gn 47:13 (of famine).
l.ao.ab	H3856	לִהְלֵהַּ		[לִהְלֵהַּ] vb. quadril. amaze, startle—Hithpalp. as subst. = madman, Pr 26:18
l.ap.aa	H3857	לָהַט	root	[לָהַט] vb. blaze up, flame Qal a flaming fire Pi. set ablaze
l.ap.ab	H3858	לַ֫הַט		לַ֫הַט n.[m.] flame;—only cstr. Gn 3:24
l.ap.ac		לְהָטִים		לְהָטִים v. לוּט
l.aq.aa	H3859	לָהַם	root	[לָהַם] vb. swallow greedily;—only Hithp.
l.aq.ab	H3860	לָהֵן		לָהֵן conj. on this account, therefore
l.aq.ac	H3862	לַהֲקָה		[לַהֲקָה] n.f. dub.; band, company.—1 S 19:20.
l.aq.ad		לוֹ		לוֹ לוֹא v. לֹא
l.ar.aa	H3863	לוּ	root	לוּ 17 and לוּא conj. if, O that if (stating a case which has not been, or is not likely to be, realized) If only …! i.e. O that! would that!
l.ar.ab	H3884	לוּלֵא		לוּלֵא, elsewhere לוּלֵי 10 if not, unless
l.ar.ac		לְמוֹ		לְמוֹ v. מו
l.ar.ad	H3864	לוּב		[לוּב], לוּבִים, לֻבִֿים n.gent.pl. Lybians, in N. Africa, W. of Egypt
l.ar.ae	H3865	לוּד		לוּד, לוּדִים n.pr.m. et gent. Lud, Lydia appar. a people in NE. Africa
l.ar.af		לוֹ דְבָר		לוֹ דְבָר v. לֹא דְבָר
l.as.aa	H3867	לָוָה	root	[לָוָה] join (intr.), be joined Qal (late) be joined to, attend Niph. join oneself or be joined unto
l.at.aa	H3867	לָוָה	root	[לָוָה] vb. borrow Qal borrow Hiph. cause to borrow, i.e. lend to
l.au.aa		לוה	root	לוה (√ of foll.; cf. Ar. Arabic turn, twist, wind; As. lamû, surround, encircle; Dl HWB 368 Jen ZMG xliii (1889), 201).
l.au.ab	H3880	לִוְיָה		[לִוְיָה] n.f. wreath
l.au.ac	H3914	לֹיָה		[לֹיָה] n.f. wreath?
l.au.ad	H3882	לִוְיָתָן		לִוְיָתָן n.m. serpent, dragon, leviathan, poet. and rare
l.av.aa	H3868	לוּז	root	[לוּז] vb. (poet., mostly WsdLt) turn aside, depart Qal let them not (i.e. sound wisdom) depart from thine eyes Niph. fig., devious, crooked Hiph. let them [my words] not depart from thine eyes (strictly, let them not practice, exhibit, deviation)
l.av.ab	H3891	לָזוּת		[לָזוּת] n.f. deviation, crookedness (fig.);—only cstr. Pr 4:24
l.av.ac	H3869	לוּז		לוּז n.[m.] almond-tree, almond-wood;—Gn 30:37 of rods stripped by Jacob.
l.av.ad	H3870	לוּז		לוּז n.pr.loc. former name of Bethel city in hands of Hittites
l.aw.aa		לוח	root	לוח (√ of foll., mng. unknown; cf. perh. Ar. Arabic shine, gleam, flash (of star, lightning, etc.), or Syr. Syriac wipe out, efface, with ref. to smooth surface; but this = לחה).
l.aw.ab	H3871	לוּחַ		לוּחַ n.m. tablet, board or plank, plate chiefly of stone tablets on which ten words were written wooden boards; planks (metal) plates on s of lavers in Solomon’s temple
l.aw.ac	H3872	לוּחִית		לוּחִית n.pr.loc. in Moab
l.ax.aa	H3874	לוּט	root	[לוּט] vb. wrap closely, tightly, enwrap, envelope Qal it is wrapped up in a garment; fig. of covering as a sign of mourning Hiph. envelope, wrap
l.ax.ab	H3814	לָט		לָט, לָאט n.[m.] secrecy, mystery = secretly with their mysteries = enchantments
l.ax.ac	H3875	לוֹט		לוֹט n.m. envelope, covering;—Is 25:7 v. sub vb. supr.
l.ax.ad	H3876	לוֹט		לוֹט 33 n.pr.m. Lot son of Haran, and nephew of Abram
l.ax.ae	H3877	לוֹטָן		לוֹטָן n.pr.m. 𝔊 Λωταν; a son of שֵׂעִיר
l.ax.af	H3878	לֵוִי		לֵוִי n.pr.m. Levi
l.ax.ag	H3881	לֵוִי		לֵוִי 291 adj.gent. Levite
l.ax.ah	H3883	לוּל		[לוּל] n.[m.] shaft or enclosed space (poss. in wall), with steps or ladder, only pl. 1 K 6:8
l.ax.ai		לוּלֵא		לוּלֵא לוּלֵי v. לוּ
l.ay.aa		לולו	root	לולו (appar. secondary √ from III. לוה turn, twist, wind, whence following).
l.ay.ab	H3924	לוּלַי		[לוּלַי] n.f. loop
l.ay.ac		לוּלֵי		לוּלֵי v. לוּלֵא sub. לוּ
l.az.aa	H3885	לוּן	root	לוּן, לִין vb. lodge, pass the night, fig. abide Qal lodge, pass the night fig. abide, remain Hiph. cause to rest, lodge Hithpalp. dwell, abide, of eagle
l.az.ab	H4411	מָלוֹן		מָלוֹן n.m. lodging-place, inn, khan
l.az.ac	H4412	מְלוּנָה		מְלוּנָה n.f. lodge, hut
l.ba.aa	H3885	לוּן	root	[לוּן] vb. murmur Niph. murmur against Hiph. murmur; cause to murmur
l.ba.ab	H8519	תְּלֻנָּה		[תְּלֻנָּה] n.f. murmuring
l.bb.aa	H3886	לוּעַ	root	[לוּעַ, or לָעַע] vb. swallow, swallow down
l.bb.ab	H3930	לֹעַ		[לֹעַ] n.[m.] prob. throat (external);—Pr 23:2
l.bc.aa	H3216	לוּע	root	[לוּע, or לָעַע] vb. talk wildly
l.bc.ab		לוץ		לוץ v. ליץ
l.bd.aa	H3888	לוּשׁ	root	לוּשׁ vb. knead
l.bd.ab		לושׁ		לושׁ לַ֫יִשׁ v. לישׁ
l.bd.ac		לָז		לָז לָזֶה לֵזוּ v. הַלָּז
l.bd.ad		לְזוּת		לְזוּת v. לוז
l.bd.ae		לַח		לַח v. לחח
l.be.aa		לחה	root	לחה (√ of foll., poss. fr. smoothness, cf. Ar. Arabic peel off; Syr. Syriac strip off, erase.
l.be.ab	H3895	לְחִי		לְחִי n.m. jaw, cheek jaw, jawbone, of animal cheek, of man
l.be.ac	H3896	לְחִי		לְחִי n.pr.loc. scene of an exploit of Samson
l.bf.aa		לחח	root	לחח (√ of foll.; cf. Eth. Ethiopic II. I. moisten, cool; Ethiopic be moistened Di Lex. 30; NH לִחְלַח Pilp. moisten thoroughly, Aram. לַחְלַח id., NH לַח moist, fresh; לֵיחָה moisture, freshness, etc.)
l.bf.ab	H3892	לַח		לַח adj. moist, fresh, new
l.bf.ac	H3893	לֵחַ		[לֵחַ] n.m. moisture, freshness
l.bf.ad		לְחִי		לְחִי לֶ֑חִי v. לחה
l.bg.aa	H3897	לָחַךְ	root	[לָחַךְ] vb. lick Qal of ox licking up grass. Pi. lick up, fire fr. heaven the water in trench; of Isr. consuming produce of land; lick the dust, sign of humiliation
l.bh.aa	H3898	לָחַם	root	[לָחַם] 171 vb. fight, do battle Qal fight, do battle Niph. engage in battle (recipr.), sometimes wage war
l.bh.ab	H3901	לָחֶם		לָחֶם n.[m.] only in Ju 5:8, usu. tr. then was there war of (= at) the gates, but improb.
l.bh.ac	H3894	לְחוּם		[לְחוּם] n.[m.] perh. intestines, bowels
l.bh.ad	H4421	מִלְחָמָה		מִלְחָמָה 319 n.f. battle, war
l.bi.aa	H3898	לָחַם	root	[לָחַם] vb. use as food, eat
l.bi.ab	H3899	לֶ֫חֶם		לֶ֫חֶם 296 n.m. and (rarely) f. bread, food
l.bi.ac	H3902	לַחְמִי		לַחְמִי n.pr.m. brother of Goliath of Gath (q.v.) slain by Elhanan, acc. to 1 Ch 20:5
l.bi.ad	H3903	לַחְמָס		לַחְמָס n.pr.loc. in Judah;—Jos 15:40
l.bj.aa	H3905	לָחַץ	root	לָחַץ vb. squeeze, press, fig. oppress Qal squeeze, press oppress Niph. squeeze oneself
l.bj.ab	H3906	לַ֫חַץ		לַ֫חַץ n.m. oppression, distress
l.bk.aa	H3907	לָחַשׁ	root	[לָחַשׁ] vb. whisper, charm Pi. voice of whisperers (i.e. serpent-charmers) Hithp. whisper together
l.bk.ab	H3908	לַ֫חַשׁ		לַ֫חַשׁ n.[m.] a whispering, charming serpent-charming charms, amulets, worn by women whisper of prayer
l.bk.ac	H3873	לוֹחֵשׁ		לוֹחֵשׁ n.pr.m. (= whisperer) a chief of the people
l.bk.ad		לָט		לָט v. לוּט
l.bk.ae	H3910	לֹט		לֹט n.[m.] myrrh, or ‘ladanum’ (Gk.), an aromatic gum
l.bl.aa		לטא	root	לטא (√ of following; meaning unknown).
l.bl.ab	H3911	לְטָאָה		לְטָאָה n.f. a kind of lizard;—named as unclean Lv 11:30
l.bm.aa	H3913	לָטַשׁ	root	[לָטַשׁ] vb. hammer, sharpen, whet Qal hammer sharpen sword Pu. a sharpened razor
l.bm.ab	H3912	לְטוּשִׁם		לְטוּשִׁם n.pr.gent. Gn 25:3, descendants of Abraham and Keturah; 𝔊 Λατουσιειμ.
l.bm.ac		לֹיָה		לֹיָה לֹיוֹת v. לוה
l.bm.ad	H3915	לַ֫יְלָה		לַ֫יְלָה, לַ֫יִל 242 n.m. night
l.bm.ae	H3917	לִילִית		לִילִית n.f. Lilith (Milton Che night-hag), name of a female night-demon haunting desolate Edom; prob. borrowed fr. Bab., Is 34:14
l.bm.af		לִין		לִין v. לון
l.bn.aa	H3887	לִיץ	root	[לִיץ] vb. scorn Qal scorn Hiph. deride Pt. interpreter Po‛lel scorners Hithp. act as a scorner, shew oneself a mocker
l.bn.ab	H3944	לָצוֹן		לָצוֹן n.[m.] scorning
l.bn.ac	H4426	מְלִיצָה		מְלִיצָה n.[f.] satire, mocking-poem
l.bo.aa		לישׁ	root	לישׁ (√ of foll., Thes לושׁ; perhaps = be strong (Thes) cf. Ar. Arabic, Arabic, strength; Arabic (med. י) III. v. be strong, etc., appar. denom. = be lion-like).
l.bo.ab	H3918	לַ֫יִשׁ		לַ֫יִשׁ n.m. lion
l.bo.ac	H3919	לַ֫יִשׁ		לַ֫יִשׁ n.pr.loc. former name of Dan, in extreme north of Canaan
l.bo.ad	H3889	לַ֫יִשׁ		לַ֫יִשׁ n.pr.m. father of Michal's second husband
l.bo.ae	H3919	לַ֫יְשָׁה		לַ֫יְשָׁה n.pr.loc. N. of Jerus. Is 10:30; site unknown
l.bo.af		לְךָ		לְךָ לְכָה v. הָלַךְ
l.bp.aa	H3920	לָכַד	root	לָכַד 121 vb. capture, seize, take (by lot) Qal capture, seize fig. of entrapping men of taking by lot Niph. be captured in war of men, be caught be taken by lot Hithp. they grasp each other, and cannot be separated
l.bp.ab	H3921	לֶ֫כֶד		[לֶ֫כֶד] n.[m.] a taking, capture Pr 3:26
l.bp.ac	H4434	מַלְכֹּ֫דֶת		[מַלְכֹּ֫דֶת] n.f. a catching instrument, i.e. a snare, trap, only fig. Jb 18:10
l.bp.ad		לְכָה		לְכָה לֵ֑כָה v. הָלַךְ
l.bp.ae	H3922	לֵכָה		לֵכָה n.pr.loc. in Judah 1 Ch 4:21; unknown
l.bp.af	H3923	לָכִישׁ		לָכִישׁ n.pr.loc. Canaanitish (Amorit.) city
l.bp.ag		לָכֵן		לָכֵן v. כֵּן
l.bp.ah		לֻלָאוֹת		לֻלָאוֹת v. לוּלַי sub. לולו
l.bq.aa	H3925	לָמַד	root	לָמַד vb. exercise in, learn Qal learn something Piel teach Pual trained; taught
l.bq.ab	H3928	לִמֻּד		לִמֻּד adj. taught taught, as disciples accustomed to something
l.bq.ac	H4451	מַלְמֵד		[מַלְמֵד] n.[m.] ox-goad;—cstr. מַלְמַד Ju 3:31.
l.bq.ad	H8527	תַּלְמִיד		תַּלְמִיד n.[m.] scholar (late; NH) 1 Ch 25:8.
l.bq.ae		לְמָה		לְמָה לָמֶה לָמָה לָמָּה v. מָה
l.bq.af		לְמוֹ		לְמוֹ v. לְ
l.bq.ag	H3927	לְמוּאֵל		לְמוּאֵל, לְמוֹאֵל n.pr.m. king of Massa
l.bq.ah		לְמוֹא֯ל		לְמוֹא֯ל מוּל מוֹל מוֹאל מֻל לַשְּׂמֹאל v. שׂמאל
l.bq.ai	H3929	לֶ֫מֶךְ		לֶ֫מֶךְ n.pr.m. son of מְתוּשָׁאֵל (Cainite) son of מְתוּשֶׁלַח (Sethite)
l.bq.aj		לְמִן		לְמִן לְמִנִּי v. מִן
l.bq.ak		לְמַעַן		לְמַעַן v. מען sub. ענה
l.bq.al		לֹעַ		לֹעַ v. לוּעַ
l.br.aa	H3931	לָעַב	root	[לָעַב] vb. jest;—only Hiph. 2 Ch 36:16
l.bs.aa	H3932	לָעַג	root	[לָעַג] vb. mock, deride; also (Niph.) stammer, poet. Qal mock, deride, have in derision Niph. a people stammering of tongue (i.e. barbarians) Hiph. mock, deride
l.bs.ab	H3933	לַ֫עַג		לַ֫עַג n.[m.] mocking, derision, (barbarous) stammering
l.bs.ac	H3934	לָעֵג		[לָעֵג] adj. mocking
l.bs.ad	H3935	לַעְדָּה		לַעְדָּה n.pr.m. a man of Judah 1 Ch 4:21
l.bs.ae	H3936	לַעְדָּן		לַעְדָּן n.pr.m. an Ephraimite a Gershonite
l.bs.af		לעה		לעה v. לוע
l.bt.aa	H3937	לָעַז	root	[לָעַז] vb. talk indistinctly, unintelligibly;—only Qal ψ 114:1
l.bu.aa	H3938	לָעַט	root	[לָעַט] vb. swallow (greedily);—only Hiph. Gn 25:30 (J)
l.bu.ab	H3939	לַעֲנָה		לַעֲנָה n.f. wormwood
l.bu.ac		לָעַע		לָעַע v. לוע
l.bv.aa		לפד	root	לפד (√ of following; meaning unknown).
l.bv.ab	H3940	לַפִּיד		לַפִּיד n.m. torch
l.bv.ac	H3941	לַפִּידוֹת		לַפִּידוֹת n.pr.m. husband of Deborah Ju 4:4
l.bv.ad		לִפְנִים		לִפְנִים פָּנִים v. פָּנִים
l.bv.ae		לִפְנָ֑י		לִפְנָ֑י פָּנִים v. פָּנִי֫מָה
l.bw.aa	H3943	לָפַת	root	[לָפַת] vb. twist, turn, grasp with a twisting motion Qal Samson grasped the two middle columns. Niph. the man started up and twisted himself; the paths of their way [i.e. of the streams] turn aside
l.bw.ab		לֵץ		לֵץ לָצוֹן v. ליץ
l.bw.ac	H3946	לַקּוּם		לַקּוּם n.pr.loc. northern border-town of Naphtali, Jos 19:33 (P)
l.bx.aa	H3947	לָקַח	root	לָקַח 965 vb. take Qal take, take in hand take and carry along with oneself take from, or out of take, carry away take away from, so as to deprive of esp. take away life take to or for a person take up, upon = put upon = fetch take = lead, conduct (with or without contact) take = capture, seize take = carry off in phr. take vengeance Niph. be captured, of ark be taken away, removed be taken, brought unto Pu. be taken from, out of = be stolen from be taken captive be taken away, removed Hoph. be taken, brought unto be taken out of be taken away from Hithp. lit. fire taking hold of itself, of lightning
l.bx.ab	H3948	לֶ֫קַח		לֶ֫קַח n.m. learning, teaching (concrete; prob. what is received) instruction, subjective, as personal acquirement teaching, obj., as thing taught; also = teaching-power, persuasiveness
l.bx.ac	H3949	לִקְחִי		לִקְחִי n.pr.m. a Manassite, 1 Ch 7:19
l.bx.ad	H4455	מַלְקוֹחַ		מַלְקוֹחַ n.m. booty, prey
l.bx.ae	H4455	מַלְקוֹחַ		[מַלְקוֹחַ] n.[m.] jaw (as taking, seizing food);—ψ 22:16
l.bx.af	H4457	מֶלְקָחַ֫יִם		מֶלְקָחַ֫יִם, [מַלְקָחַיִם] n.[m.]du. tongs, snuffers
l.bx.ag	H4727	מִקָּח		[מִקָּח] n.[m.] a taking, receiving;—cstr. 2 Ch 19:7
l.bx.ah	H4728	מִקָּחָה		[מִקָּחָה] n.f. ware (prop. thing received); only pl. Ne 10:32
l.by.aa	H3950	לָקַט	root	[לָקַט] vb. pick or gather up, specif. glean Qal pick up, gather specif. glean Pi. gather, gather up fig. collect (money) specif. glean Pu. ye shall be picked up Hithp. and there collected themselves worthless men unto Jephthah
l.by.ab	H3951	לֶ֫קֶט		לֶ֫קֶט n.[m.] gleaning, i.e. what is or may be gleaned
l.by.ac	H3219	יַלְקוּט		יַלְקוּט n.[m.] receptacle, wallet(?) (prop. collector)—only in 1 S 17:40
l.bz.aa	H3952	לָקַק	root	[לָקַק] vb. lap, lick Qal lap Pi. lap, lap up
l.ca.aa		לקשׁ	root	לקשׁ (√ of foll.; NH לקשׁ be late (Hiph. and deriv.); Aram. Syriac, make or do late, לְקִישָׁא, Syriac; vulg. Ar. Arabic be late (Hauran), Wetzst in De Job 24, 6, so II. Wahrm; Arabic late, Dozy Suppl. ii. 543).
l.ca.ab	H3954	לֶ֫קֶשׁ		לֶ֫קֶשׁ n.[m.] prob. after-growth, after-math, i.e spring-crop—only (2 t.) Am 7:1
l.ca.ac	H4456	מַלְקוֹשׁ		מַלְקוֹשׁ n.m. latter-rain, spring-rain (i.e. showers of March-April; important as strengthening and maturing crops)
l.ca.ad	H3953	לָקַשׁ		[לָקַשׁ] vb. only Pi. 3mpl. prob. denom. fr. לֶ֫קֶשׁ = take the aftermath, i.e. take everything;—despoil; Jb 24:6
l.cb.aa		לשׁד	root	לשׁד (√ of foll., cf. Ar. Arabic suck, lick (Eth. Ethiopic butter); so Thes and on ψ 32:4 De Bae, also Di Nu 11, 8).
l.cb.ab	H3955	לָשָׁד		[לָשָׁד] n.m. juice, juicy or dainty bit, dainty
l.cc.aa		לשׁך	root	לשׁך (√ of foll.; meaning unknown).
l.cc.ab	H3957	לִשְׁכָּה		לִשְׁכָּה n.f. room, chamber, hall, cell, lishka
l.cc.ac	H3958	לֶ֫שֶׁם		לֶ֫שֶׁם m.[m.] a precious stone in h. p.’s breast-plate Ex 28:19 39:12 (√ and mng. dub.; 𝔊 λιγύριον, Joseph. iii. 7, 6 λίγυρος, 𝔙 ligurius)
l.cc.ad	H3959	לֶ֫שֶׁם		לֶ֫שֶׁם n.pr.loc. variant of לַיִשׁ
l.cd.aa		לשׁן	root	לשׁן (√ of foll.; Thes conj. orig. mng. lick (cf. Arabic, Arabic, Arabic), so Hup-Now ψ 32. 4).
l.cd.ab	H3956	לָשׁוֹן		לָשׁוֹן n.m. and (more oft.) f. tongue tongue of men = language tongue of animals tongue of fire = (tongue-shaped) wedge of gold = (tongue-shaped) bay of sea
l.cd.ac	H3960	לָשַׁן		[לָשַׁן] vb. denom. use the tongue, only specif. slander Po‛el ψ 101:5 Hiph. Pr 30:10.
l.cd.ad	H3962	לֶ֫שַׁע		[לֶ֫שַׁע] n.pr.loc. near Sodom and Gomorrah, only Gn 10:19; site unknown
l.cd.ae		לַשָּׁרוֹן		לַשָּׁרוֹן שָׁרוֹן v. שָׁרוֹן
l.ce.aa		לתח	root	לתח (√ of foll.; meaning unknown; Thes conj. spread out, cf. Sam. נתח spread out garment, v. also Di Lex. Eth. 45f., but this word very dubious).
l.ce.ab	H4458	מֶלְתָּחָה		מֶלְתָּחָה n.f. appar. wardrobe, wearing apparel;—only in 2 K 10:22
l.cf.aa		לתך	root	לתך (√ of foll.; mng. unkn., cf Lag Or. ii. 32f.).
l.cf.ab	H3963	לֶ֫תֶךְ		לֶ֫תֶךְ n.[m.] a barley-measure; only in Ho 3:2
m.aa.aa		מ	root	מ, ם, Mēm, thirteenth letter ; used as numeral 40 in postB.Heb.
m.aa.ab		מַ׳		מַ׳ v. מָה
m.aa.ac		מִ׳		מִ׳ v. מִן
m.aa.ad		מֹאָב		מֹאָב v. מוֹאָב
m.aa.ae		מַאֲבוּס		מַאֲבוּס v. אבס
m.ab.aa		מאד	root	מאד (√ of following As. maʾâdu, be many, increase; maʾadu, many; maʾadiš, in abundance, Dl HWB, 388f.; cf. Sab. מאד to add, DHM ZMG 1883, 342f. Hom Süd-Ar. Chr. 127; Ar Arabic begin to grow, of plant).
m.ab.ab	H3966	מְאֹד		מְאֹד n.m. muchness, force, abundance, exceedingly force, might in diff. idioms (298 t.) to express the idea of exceedingly, greatly, very (whether of magnitude or degree)
m.ac.aa	H3967	מֵאָה	root	מֵאָה 583 n.f. hundred as simple number as part of larger number a hundredth part
m.ac.ab	H3968	מֵאָה		מֵאָה n.f. used as n.pr. of tower on northern wall of Jerus.
m.ac.ac		מַאֲוַי		מַאֲוַי מַאֲוִיַּי v. אוה
m.ad.aa		מאם	root	מאם (√ of following, mng. unkn.; Ol §205 prop. √ אום = חום black, cf. already Ew §160d).
m.ad.ab	H3971	מאוּם		מאוּם n.m. blemish, defect
m.ad.ac	H3971	מוּם		מוּם n.m. (= foregoing [m.ad.ab]) blemish, defect
m.ad.ad	H3972	מְא֫וּמָה		מְא֫וּמָה 32 pron.indef. anything
m.ad.ae		מָאוֹר		מָאוֹר מְאוּרָה v. אור
m.ad.af		מאזן		מאזן מֹאזְנַיִם v. אזן
m.ad.ag		מְאָיוֹת		מְאָיוֹת v. מֵאָה
m.ad.ah		מַאֲכָל		מַאֲכָל מַאֲכֹ֫לֶת מַאֲכֶ֫לֶת v. אכל
m.ad.ai		מַאֲמָץ		מַאֲמָץ מַאֲמַצִּים v. אמץ
m.ad.aj		מַאֲמָר		מַאֲמָר v. אָמַר
m.ae.aa	H3985	מָאֵן	root	[מָאֵן] vb. Pi. refuse
m.ae.ab	H3986	מָאֵן		מָאֵן adj.verb. refusing
m.ae.ac	H3987	מֵאֵן		[מֵאֵן] adj. id. [m.ae.ab], of disobeying י׳ Je 13:10.
m.af.aa	H3988	מָאַס	root	[מָאַס] vb. reject Qal reject, refuse despise Niph. be rejected
m.af.ab	H3973	מָאוֹס		מָאוֹס n.[m.] use La 3:45
m.ag.aa	H3988	מָאַס	root	[מָאַס] vb. Niph. flow, run
m.ag.ab		מַאֲפֶה		מַאֲפֶה v. אפה
m.ag.ac		מַאֲפֵל		מַאֲפֵל מַאְפֵּלְיָה v. אפל
m.ah.aa		מאץ	root	מאץ
m.ai.aa	H3992	מָאַר	root	[מָאַר] vb. (cf. Ar. Arabic excite hostility, irritate, Arabic break open, of a wound);— Hiph. prick, pain
m.ai.ab		מַאֲרָב		מַאֲרָב v. ארב
m.ai.ac		מְאֵרָה		מְאֵרָה v. ארר
m.ai.ad		מִבְדָּלָה		מִבְדָּלָה מִבְדָּלוֹת v. בדל
m.ai.ae		מָבוֹא		מָבוֹא v. בוא
m.ai.af		מְבוּכָה		מְבוּכָה v. בוך
m.ai.ag	H3999	מַבּוּל		מַבּוּל n.m. flood in time of Noah
m.ai.ah		מבונים		מבונים v. בין
m.ai.ai		מְבוּסָה		מְבוּסָה v. בוס
m.ai.aj		מַבּוּעַ		מַבּוּעַ v. נבע
m.ai.ak		מְבוּקָה		מְבוּקָה v. בוק
m.ai.al		מבושׁ		מבושׁ מְבוּשִׁים v. בושׁ
m.ai.am		מִבְחוֹר		מִבְחוֹר מִבְחָר v. בחר
m.ai.an		מַבָּט		מַבָּט v. נבט
m.ai.ao		מִבְטָא		מִבְטָא v. בטא
m.ai.ap		מִבְטָח		מִבְטָח v. בטח
m.ai.aq		מַבְלִיגִית		מַבְלִיגִית v. בלג
m.ai.ar		מְבֻלָּקָה		מְבֻלָּקָה v. בלק
m.ai.as		מִבְנֶה		מִבְנֶה v. בנה
m.ai.at		מְבֻנַּי		מְבֻנַּי v. סִבְּכַי
m.ai.au		מִבְצָר		מִבְצָר v. בצר
m.ai.av	H4014	מִבְצָר		מִבְצָר n.pr.m. Edomite chief
m.ai.aw		מִבְרָה		מִבְרָה v. ברה
m.ai.ax		מִבְשָׂם		מִבְשָׂם v. בשׂם
m.ai.ay		מְבֻשִׁים		מְבֻשִׁים v. בושׁ
m.ai.az		מְבַשְּׁלוֹת		מְבַשְּׁלוֹת v. בשׁל
m.ai.ba	H7248	מָ֑ג		מָ֑ג n.m. soothsayer, magian
m.ai.bb		מַשְׁבִישׁ		מַשְׁבִישׁ v. גבשׁ
m.ai.bc		מִגְבָּלֹת		מִגְבָּלֹת v. גבל
m.ai.bd		מִגְבָּעוֹת		מִגְבָּעוֹת v. גבע
m.aj.aa		מגד	root	מגד (√ of foll.; cf. Ar. Arabic, Arabic be glorious, excel in glory).
m.aj.ab	H4022	מֶ֫גֶד		מֶ֫גֶד n.m. excellence
m.aj.ac	H4030	מִגְדָּנָה		[מִגְדָּנָה] n.f. choice or excellent thing
m.aj.ad	H4025	מַגְדִּיאֵל		מַגְדִּיאֵל n.pr.m. a chief of Edom
m.aj.ae		מְגִדּוֹ		מְגִדּוֹ מְגִדּוֹן v. גדד
m.aj.af		מִגְדָּל		מִגְדָּל מִגְדּוֹל מִגְדֹּל v. גדל
m.aj.ag		מָגוֹג		מָגוֹג v. גוג
m.aj.ah		מָגוֹר		מָגוֹר מְגוֹרָה מְגוּרָה v. גור v. גור
m.aj.ai		מַגְזֵרָה		מַגְזֵרָה v. גזר
m.aj.aj		מַגָּל		מַגָּל v. נגל
m.aj.ak		מְגִלָּה		מְגִלָּה v. גלל
m.aj.al		מְשגַמָּה		מְשגַמָּה v. גמם
m.aj.am		מָגֵן		מָגֵן מִגֵּן מְגִנָּה v. גנן
m.aj.an		מִגְעֶ֫רֶת		מִגְעֶ֫רֶת v. גער
m.aj.ao		מַגֵּפָה		מַגֵּפָה v. נגף
m.aj.ap	H4047	מַגְפִּיעָשׁ		מַגְפִּיעָשׁ n.pr.m. a chief of the people, Ne 10:21
m.ak.aa	H4048	מָגַר	root	[מָגַר] vb. cast, throw, toss Qal they are thrown to the sword Pi. and his throne to earth thou hast hurled.
m.ak.ab	H4051	מִגְרוֹן		מִגְרוֹן n.pr.loc. district (?) near Gibeah (home of Saul) place north of Michmash (and Gibeah)
m.ak.ac		מְגֵרָה		מְגֵרָה v. גרר
m.ak.ad		מִגְרָעָה		מִגְרָעָה מִגְרָעוֹת v. גרע
m.ak.ae		מֶגְרָפָה		מֶגְרָפָה v. גרף
m.ak.af		מִגְרָשׁ		מִגְרָשׁ v. גרשׁ
m.ak.ag		מַד		מַד v. מדד
m.ak.ah		מִדְבָּר		מִדְבָּר v. דבר
m.al.aa	H4058	מָדַד	root	מָדַד 53 vb. measure Qal measure of length, distance of dry measure fig. of measuring waters; of requital Niph. be measured Pi. extend, continue (= make extent or continuation) measure, measure off Po. measured Hithpo. measured (= extended, stretched) himself upon the boy
m.al.ab	H4055	מַד		[מַד] n.m. measure, also cloth garment (as extended, wide)
m.al.ac	H4060	מִדָּה		מִדָּה n.f. measure, measurement, stature, size, garment
m.al.ad	H4461	מֵמַד		[מֵמַד] n.[m.] measurement;—Jb 38:5, i.e. of the earth
m.al.ae	H4081	מִדִּין		מִדִּין n.pr.loc. city of Judah Jos 15:61, site unknown
m.al.af	H4060	מִדָּה		[מִדָּה] n.f. tribute;—Ne 5:4.
m.am.aa		מדה	root	מדה (secondary form of מדד; √ of foll.)
m.am.ab	H4063	מָ֫דוּ		[מָ֫דוּ], I. [מַדְוֶה] n.m. garment
m.am.ac		מַדְהֵבָה		מַדְהֵבָה מַרְהֵבָה v. רהב
m.am.ad		מַדְוֶה		מַדְוֶה v. דוה
m.am.ae		מַדּוּחִים		מַדּוּחִים v. נדח
m.am.af		מָדוֹן		מָדוֹן v. דין
m.am.ag		מָדוֹן		מָדוֹן v. מִדָּה
m.am.ah		מַדּוּעַ		מַדּוּעַ v. ידע
m.am.ai		מְדוּרָה		מְדוּרָה v. דור
m.am.aj		מִדְחֶה		מִדְחֶה v. דחה
m.am.ak		מַדְחֵפָה		מַדְחֵפָה מַדְחֵפֹת v. דחף
m.am.al	H4074	מָדַי		מָדַי n.pr.gent. et terr. Medes, Media people, as ‘son’ of Japhet of land alone = Media
m.am.am	H4075	מָדִי		מָדִי adj.gent. Mede, Median, Dn 11:1.
m.am.an		מַדַּי		מַדַּי v. דַּי
m.am.ao		מִדֵּי		מִדֵּי v. דַּי
m.am.ap		מִדְיָן		מִדְיָן מְדִינָה v. דין
m.am.aq		מִדְיָנִים		מִדְיָנִים v. מדון
m.am.ar		מְדֹכָה		מְדֹכָה v. דוך
m.am.as		מַדְמֵן		מַדְמֵן מַדְמֵנָה מַדְמַנָּה v. דמן
m.am.at		מְדָן		מְדָן v. דין
m.am.au		מְדָנִים		מְדָנִים מְדָנִי v. מדון v. מִדְיָנִי
m.am.av		מַדַּע		מַדַּע מֹדַע מֹדַ֫עַת v. ידע
m.am.aw		מַדְקָרָה		מַדְקָרָה מַדְקְרוֹת v. דקר
m.am.ax		מַדְרֵגַה		מַדְרֵגַה v. דרג
m.am.ay		מְדֻרָה		מְדֻרָה v. דור
m.am.az		מִדְרָךְ		מִדְרָךְ v. דרך
m.am.ba		מִדְרָשׁ		מִדְרָשׁ v. דרשׁ
m.am.bb		מְדֻשָׁה		מְדֻשָׁה v. דושׁ
m.an.aa	H4100	מָה	root	מָה, rarely מָה־, מַה־, מַה‍ּ, מֶה, מַ‍ּ, מָ—pron.interrog. and indef. what? how? aught interrog. what? Used adverbially Indef. pron. With preps.
m.ao.aa	H4102	מָהַהּ	root	[מָהַהּ] vb. only Hithpalp. linger, tarry
m.ao.ab		מְהוּמָן		מְהוּמָן v. אמן
m.ao.ac		מְהֵיטַבְאֵל		מְהֵיטַבְאֵל v. יטב
m.ap.aa	H4107	מָהַל	root	[מָהַל] vb. circumcise, weaken;—only fig. Qal Is 1:22
m.ap.ab		מַהֲלָךְ		מַהֲלָךְ v. הלך
m.ap.ac		מַהֲלָל		מַהֲלָל מַהֲלַלְאֵל v. הלל
m.ap.ad		מַהֲלֻמוֹת		מַהֲלֻמוֹת v. הלם
m.ap.ae		מַהֲמֹרָה		מַהֲמֹרָה מַהֲמֹרוֹת v. המר
m.ap.af		מַהְפֵּכָה		מַהְפֵּכָה מַהְפֶּ֫כֶת v. הפך
m.aq.aa	H4116	מָהַר	root	[מָהַר] vb. hasten Niph. be hurried = anxious, disturbed; hasty, precipitate; impetuous Pi. hasten, make haste = go or come quickly hasten vb. trans. hasten, = prepare quickly; = bring quickly; = do quickly
m.aq.ab	H4118	מַהֵר		מַהֵר adj. hastening, speedy, swift
m.aq.ac	H4118	מַהֵר		מַהֵר adv. quickly, speedily
m.aq.ad	H4106	מָהִיר		מָהִיר adj. quick, prompt, ready, skilled
m.aq.ae	H4120	מְהֵרָה		מְהֵרָה n.f. haste, speed;—usually as adverb. acc. hastily, quickly
m.aq.af	H4121	מַהֲרַי		מַהֲרַי n.pr.m. one of David’s heroes
m.aq.ag	H4122	מַהֵר שָׁלָל חָשׁ בַּז		מַהֵר שָׁלָל חָשׁ בַּז as n.pr.m. Is 8:1, 3 (lit. Swift is booty, speedy is prey).
m.ar.aa		מהר	root	מהר (√ of foll.; cf. prob. As. mâru; send, whence tamirtu, tamartu, (missive,) gift, Dl HWB 389f.; v. Nö ZMG xl. 1886, 154).
m.ar.ab	H4119	מֹ֫הַר		מֹ֫הַר n.m. purchase-price of wife
m.ar.ac	H4116	מָהַר		מָהַר vb. denom. acquire by paying purchase-price
m.ar.ad		מַֽהֲתַלּוֹת		מַֽהֲתַלּוֹת מַהֲתַלָּה v. תלל
m.as.aa		מו	root	מו a paragogic syllable, attached to בְּ, כְּ, לְ (q.v.), so as to form with them independent words, בְּמֹו, כְּמֹו, לְמוֹ (q.v.) These forms, except sometimes כְּמֹו, are exclusively poetical. In origin מֹו is identical with מָה what, Ar. Arabic, which is used similarly, pleonastically, with certain prefixes, e.g. Arabic, Arabic, Arabic. See Qor 3:153 71:25; Fl Kl. Schr. i. 473f., 479, 558. W AG ii. §70. Rem. f; 8G 126f.; Kö il. 250f.; and cf. Eth. Ethiopic, Syr. Syriac, Sab. בנמו = Arabic, DHM ZDMG 1883, 396f., Hom Chrest. §18.
m.as.ab		מוֹ		מוֹ v. מַי
m.as.ac	H4124	מוֹאָב		מוֹאָב, מֹאָב 180 n.pr.gent. et terr. Moab Moab as son of Lot by his elder daughter Moab: = nation of which Lot’s son is represented as ancestor = territory of Moab
m.as.ad	H4125	מוֹאָבִי		מוֹאָבִי, מוֹאֲבִיָּה adj.gent. Moabitish
m.as.ae		מואל		מואל v. מול
m.as.af		מוֹבָא		מוֹבָא v. מָבוֹא sub. בוא
m.at.aa	H4127	מוּג	root	מוּג vb. melt Qal melt trans. cause to melt Niph. melt away, fig. for be helpless, disorganized Po‛l. soften, dissolve Po‛. Hithpo‛l. mely; hyperb. for flow
m.au.aa		מוד	root	מוד (√ of foll.; appar. secondary form of מדד, cf. Ba NB §190c, and Ar. Arabic stretch, extend, also prolong, make to continue).
m.au.ab	H8548	תָּמִיד		תָּמִיד n.m. continuity earliest and oftenest as adv., continually as subst.
m.av.aa	H4128	מוד	root	מוד vb. assumed by Ke Or al. (= מוֹט) as √ of וַיְמֹ֫דֶד Hb 2:3, but v מדד Po.
m.av.ab		מוֹדַע		מוֹדַע v. ידע
m.aw.aa	H4131	מוֹט	root	[מוֹט] vb. totter, shake, slip Qal totter, slip Niph. be shaken, moved, overthrown Hiph. dislodge, let fall, drop Hithpo‛l. be greatly shaken
m.aw.ab	H4132	מוֹט		מוֹט n.[m.] shaking, pole, bar of yoke a shaking, tottering pole, or bar for carrying (named from springing motion) bar of yoke
m.aw.ac	H4133	מוֹטָה		מוֹטָה n.f. pole, bar of yoke, mostly late
m.ax.aa	H4134	מוּךְ	root	[מוּךְ] vb. be low, depressed, grow poor
m.ay.aa	H4136	מוּל	root	מוּל, מוֹל, מוֹאל subst. and prep. front, in front of
m.az.aa	H4135	מוּל	root	[מוּל] vb. circumcise Qal circumcise Niph. be circumcised Hiph. in the name of י׳, yea I will make them to be circumcised Hithp. be cut off, of arrows, i.e. made blunt.
m.az.ab	H4139	מוּלָה		[מוּלָה] n.f. only pl. circumcision: Ex 4:26 (J)
m.az.ac		מוֹלָדָה		מוֹלָדָה מוֹלֶ֫דת מוֹלִיד v. ילד
m.az.ad		מוּם		מוּם v. מְאוּם
m.az.ae		מומכן		מומכן v. מְמוּכָן
m.az.af		מון		מון v. מין
m.az.ag		מוּסַב		מוּסַב מוּסַבָּה מֻסַבָּה v. סבב
m.az.ah		מוּסָד		מוּסָד מוּסָדָה מוֹסָד v. מוֹסָד
m.az.ai		מוֹסָר		מוֹסָר v. יסר
m.az.aj		מוּסָךְ		מוּסָךְ v. סכך
m.az.ak		מוֹסֵר		מוֹסֵר מוֹסִיָה v. אסר
m.az.al		מוּסָר		מוּסָר v. יסר
m.az.am		מוֹעֵד		מוֹעֵד מוֹעָד מוּעָדָה v. יעד
m.az.an		מוֹעַדְיָה		מוֹעַדְיָה v. מַֽעַדְיָה
m.az.ao		מוּעָף		מוּעָף v. עוף
m.az.ap		מוֹעֵצָה		מוֹעֵצָה v. יעץ
m.az.aq		מוּעָקָה		מוּעָקָה v. עוק
m.az.ar		מוּפָז		מוּפָז v. פזז
m.az.as		מופעת		מופעת v. מיפעת sub. יפע
m.az.at		מוֹפֵת		מוֹפֵת v. אפת
m.ba.aa		מוץ	root	מוץ (√ of following; meaning unknown).
m.ba.ab	H4671	מוֹץ		[מוֹץ], מֹץ n.m. Is 29:5 chaff;—מ׳ abs. Ho 13:3 + 6 t.; cstr. Is 17:13;—chaff, always as driven by wind, and alw. c. כְּ, in sim.; of wicked Jb 21:18 (∥ תֶּבֶן לִפְנֵי רוּחַ), cf. ψ 1:4 35:5 Ho 13:3; of hostile nations Is 17:13 (מ׳ הָרִים), 29:5 (∥ אָבָק דַּךְ); hyperb. of Judah's power, גְּבָעוֹת כַּמֹּץ תָּשִׂים Is 41:15 (∥ תָּדוּשׁ הָרִים וְתָדֹק); of passing time, יוֹם Zp 2:2.
m.ba.ac		מוֹצָא		מוֹצָא מוֹצָאָה v. יצא
m.ba.ad		מוּצָק		מוּצָק מוּצֶ֫קֶת v. יצק
m.ba.ae		מוּצָק		מוּצָק v. צוק
m.bb.aa	H4167	מוּק	root	[מוּק, מִיק] vb. mock, deride;—ψ 73:8
m.bb.ab		מוֹקֵד		מוֹקֵד מוֹקְדָה v. יקד
m.bb.ac		מוֹקִשׁ		מוֹקִשׁ v. יקשׁ
m.bc.aa	H4171	מוּר	root	[מוּר] vb. change Niph. be changed Hiph. change, alter exchange Hoph. Ez 48:14
m.bc.ab	H8545	תְּמוּרָה		תְּמוּרָה n.f. exchange, recompense
m.bc.ac		מוֹר		מוֹר מֹר v. מרר
m.bc.ad		מוֹרָא		מוֹרָא מוֹרָה v. יָרֵא
m.bc.ae	H4173	מוֹרַג		מוֹרַג n.m. threshing-sledge
m.bc.af		מוֹרָד		מוֹרָד v. ירד
m.bc.ag		מוֹרָה		מוֹרָה v. יָרֵא
m.bc.ah	H4177	מוֹרָה		מוֹרָה n.m. razor
m.bc.ai		מוֹרֶה		מוֹרֶה v. ירה
m.bc.aj		מוֹרִיָּה		מוֹרִיָּה v. מֹרִיָּה
m.bc.ak		מוֹרָשׁ		מוֹרָשׁ מוֹרָשָׁה מוֹרֶ֫שֶׁת מוֹרַשְׁתִּי v. ירשׁ
m.bc.al	H4185	מוּשׁ		[מוּשׁ, מִישׁ] vb. depart, remove Qal;—depart, mostly of inanimate things (= be removed) Hiph.; remove, take away
m.bd.aa	H4184	מוּשׁ	root	[מוּשׁ] vb. feel Qal draw near that I may feel thee. Hiph. as for their hands, they do not feel
m.bd.ab		מוֹשָׁב		מוֹשָׁב v. ישׁב
m.bd.ac	H4187	מוּשִׁי		מוּשִׁי, מֻשִׁי n.pr.m. a Levite, son of Merari
m.bd.ad	H4188	מוּשִׁי		מוּשִׁי adj.gent. c. art. as n. coll.
m.bd.ae		מוֹשָׁעָה		מוֹשָׁעָה מוֹשָׁעוֹת v. ישׁע
m.be.aa	H4191	מוּת	root	מוּת vb. die Qal die, of natural or other causes die as a penalty = be put to death Po‛lel. kill, put to death, despatch (intens.) Hiph. abs., elsewhere c. acc., subj. man subj. God, by inflicting penalty of animals killing men bring to a premature death Hoph. be killed, put to death
m.be.ab	H4194	מָ֫וֶת		מָ֫וֶת 161 n.m. death death, opp. life death by violence state of death or place of death
m.be.ac	H4463	מָמוֹת		[מָמוֹת] n.[m.] only pl. death (cf. Ar. Arabic)
m.be.ad	H8546	תְּמוּתָה		תְּמוּתָה n.f. death
m.be.ae		מוֹתָר		מוֹתָר v. יתר
m.be.af		מִזְבֵּחַ		מִזְבֵּחַ v. זבח
m.be.ag		מַזְבֻּל		מַזְבֻּל v. זְבֻל sub. זבל
m.bf.aa		מזג	root	מזג (√ of foll. = mix, cf. Syr. Syriac, and deriv.; 𝔗 מְזַג mix, prepare by mixing.—Ar. Arabic id. is denom. fr. Arabic v. foll., Frä 172).
m.bf.ab	H4197	מֶ֫זֶג		[מֶ֫זֶג] n.m. mixture, i.e. mixed wine;—Ct 7:3
m.bg.aa		מזה	root	מזה (√ of foll.; prob. cf. Ar. Arabic suck out, cf. Dr Dt 32, 24).
m.bg.ab	H4198	מָזֶה		[מָזֶה] adj. sucked out, empty
m.bg.ac	H4199	מִזָּה		מִזָּה n.pr.m. grandson of Esau
m.bg.ad		מָ֫זוּ		מָ֫זוּ מְזָוֵינוּ v. זוה
m.bg.ae		מְזוּזָה		מְזוּזָה v. זוז
m.bg.af		מָזוֹן		מָזוֹן v. זון
m.bg.ag		מָזוֹר		מָזוֹר v. זוּר
m.bg.ah		מָזוֹר		מָזוֹר v. מזר
m.bh.aa	H4206	מֵ֫זַח	root	מֵ֫זַח n.m. girdle;—abs. מ׳:—in sim. of curse enfolding wicked; fig. = restraint (but text dubious)
m.bh.ab	H4206	מְזִיחַ		[מְזִיחַ] n.m. id. [m.bh.aa] (of like orig.):—only cstr. Jb 12:21
m.bh.ac		מַזְכִּיר		מַזְכִּיר v. זכר
m.bh.ad	H4208	מַזָּלוֹת		מַזָּלוֹת n.[f.]pl. constellations, perhaps signs of the zodiac
m.bh.ae		מַזְלֵג		מַזְלֵג מִזְלָגָה v. זלג
m.bh.af		מְזִמָּה		מְזִמָּה v. זמם
m.bh.ag		מִזְמוֹר		מִזְמוֹר v. זמר
m.bh.ah		מְזַמֶּרֶת		מְזַמֶּרֶת מַזְמֵרָה v. זמר
m.bh.ai		מִזְעָר		מִזְעָר v. זער
m.bi.aa		מזר	root	מזר (? √ of foll. so Thes 781 cf. Ba NB §164c; otherwise Gei Urschrift 52: NH מָזַר and Aram. Syriac be bad (of eggs), Ar. Arabic be foul, corrupt).
m.bi.ab	H4464	מַמְזֵר		מַמְזֵר n.m. bastard, specif. child of incest lit. bastard perh. fig. coll., of mixed population
m.bj.aa		מזר	root	מזר (√ of foll., si vera l.; poss. = spread out; Aram. Syriac stretch oneself, cf. Ar. Arabic aequaliter distendit utrem).
m.bj.ab	H4204	מָזוֹר		מָזוֹר n.m. Ob 7, very dub., perh. net (as something extended)
m.bj.ac		מִזְרֶה		מִזְרֶה v. זרה
m.bj.ad	H4216	מַזָּרוֹת		מַזָּרוֹת n.[f.]pl. prob. = מַזָּלוֹת q.v. supr. only Jb 38:32, where treated as ms., and perh. understood of some particular star or constellation.
m.bj.ae		מִזְרָח		מִזְרָח v. זרח
m.bj.af		מְזָרִים		מְזָרִים v. זרה
m.bj.ag		מִזְרָע		מִזְרָע v. זרע
m.bj.ah		מִזְרָק		מִזְרָק v. זרק
m.bj.ai		מֵחַ		מֵחַ מֹחַ v. מחח
m.bk.aa	H4222	מָחָא	root	[מָחָא] vb. strike, only = clap (the hand) Qal only fig., of joy of inanimate things before י׳ Pi. of exultation over foe
m.bk.ab		מַחֲבֵא		מַחֲבֵא מַחֲבֹא v. חבא
m.bk.ac		מַחְבֶ֫רֶת		מַחְבֶ֫רֶת מְחַבְרָה v. חבר
m.bk.ad		מַחֲבַת		מַחֲבַת v. חבת
m.bk.ae		מַחֲגֹ֫רֶת		מַחֲגֹ֫רֶת v. חגר
m.bl.aa	H4229	מָחָה	root	מָחָה vb. wipe, wipe out Qal wipe blot out = obliterate from the memory blot out = exterminate Niph. be wiped out be blotted out be exterminated Hiph. blot out, from the memory
m.bm.aa	H4229	מָחָה	root	מָחָה vb. strike;—Nu 34:11 (P)
m.bm.ab	H4239	מְחִי		מְחִי n.[m.] only in Ez 26:9 the stroke of his battering ram
m.bm.ac		מָחָה		מָחָה v. מֹחַ sub. מחח
m.bm.ad		מְחוּגָה		מְחוּגָה v. חוג
m.bm.ae	H4231	מָחוֹז		[מָחוֹז] n.[m.] city—only cstr. ψ 107:30
m.bm.af	H4232	מְחוּיָאֵל		מְחוּיָאֵל n.pr.m. great-grandson of Cain
m.bm.ag		מַחֲוִים		מַחֲוִים v. חוה
m.bm.ah		מָחוֹל		מָחוֹל v. חול
m.bm.ai	H4235	מָחוֹל		מָחוֹל n.pr.m. father of Heman, etc., 1 K 5:11
m.bm.aj		מְחוֹלָה		מְחוֹלָה v. אָבֵל v. מְחֹלָה
m.bm.ak		מַחֲזֶה		מַחֲזֶה מֶחֱזָה מַחֲזִיאוֹת v. חזה
m.bn.aa		מחח	root	מחח (√ of foll.; cf. Ar. Arabic IV. be fat, also contain marrow).
m.bn.ab	H4220	מֵחַ		[מֵחַ] n.[m.] fatling
m.bn.ac	H4221	מֹחַ		מֹחַ n.m. marrow;—only cstr. Jb 21:24 fig. of prosperity.
m.bn.ad	H4229	מָחָה		מָחָה vb. denom. only Pu. Pt. in Is 25:6 fat pieces full of marrow
m.bn.ae		מְחִי		מְחִי v. מחה
m.bn.af	H4240	מְחִידָא		מְחִידָא n.pr.m. head of a family of returning exiles
m.bn.ag		מִחְיָה		מִחְיָה v. חיה
m.bn.ah		מְחִיָּיאֵל		מְחִיָּיאֵל v. מְחוּיָאֵל
m.bn.ai	H4244	מַחְלָה		מַחְלָה n.pr.f. a daughter of Zelophehad a Gileadite name (poss. m.)
m.bn.aj		מַחֲלֶה		מַחֲלֶה מַחֲלָה v. חלה
m.bn.ak		מְחֹלָה		מְחֹלָה v. חול
m.bn.al		מְחִלָּה		מְחִלָּה v. חלל
m.bn.am	H4248	מַחְלוֹן		מַחְלוֹן n.pr.m. son of Elimelech and Naomi, first husband of Ruth
m.bn.an	H4249	מַחְלִי		מַחְלִי n.pr.m. Levite, son of Merari son of Mushi, grandson of Merari
m.bn.ao	H4250	מַחְלִי		מַחְלִי adj.gent. of above [m.bn.an]; only c. art. as coll.
m.bn.ap		מַחֲלֻיִים		מַחֲלֻיִים v. מַחֲלוּי v. חלה
m.bn.aq		מַחֲלָף		מַחֲלָף מַחֲלָפָה v. חלף
m.bn.ar		מַחֲלָצוֹת		מַחֲלָצוֹת v. מַחֲלָצָה sub. חלץ
m.bn.as		מַחְלְקוֹת		מַחְלְקוֹת v. חלק
m.bn.at		מַחֲלֹ֫קָת		מַחֲלֹ֫קָת v. חלק
m.bn.au		מַחֲלַת		מַחֲלַת v. חלה
m.bn.av	H4258	מַחֲלַת		מַחֲלַת n.pr.f. daughter of Ishmael granddaughter of David
m.bn.aw		מְחֹלַת		מְחֹלַת v. מְחוֹלָה sub. חול
m.bn.ax	H4259	מְחֹלָתִי		מְחֹלָתִי adj.gent. only c. art. the Mĕḥolathite, of ‛Adriel; of Barzillai
m.bn.ay	H4260	מַחֲמָאֹת		מַחֲמָאֹת n.f.pl. only ψ 55:22, = curd-like (i.e. smooth, hypocritical) words, smooth are the butter-words of his mouth
m.bn.az		מַחְמַד		מַחְמַד מַחְמֹד מַחֲמֻדִים v. חמד
m.bn.ba		מַחְמָל		מַחְמָל v. חמל
m.bn.bb		מַחְמֶ֫צֶת		מַחְמֶ֫צֶת v. חמץ
m.bn.bc		מַחֲנֶה		מַחֲנֶה מַחֲנֵה־דָן מַחֲנַיִם v. חנה
m.bn.bd		מַחֲנָק		מַחֲנָק v. חנק
m.bn.be		מַחְסֶה		מַחְסֶה מַחֲסֶה v. חסה
m.bn.bf		מַחְסוֹם		מַחְסוֹם v. חסם
m.bn.bg		מַחְסוֹר		מַחְסוֹר v. חסר
m.bn.bh		מַחְסֵיָה		מַחְסֵיָה v. חסה
m.bo.aa	H4272	מָחַץ	root	מָחַץ vb. smite through, wound severely, shatter
m.bo.ab	H4273	מַ֫חַץ		מַ֫חַץ n.[m.] severe wound;—only cstr. Is 30:26 of י׳’s restoration of his people
m.bo.ac		מַחְצֵב		מַחְצֵב v. חצב
m.bo.ad		מֶחֱצָה		מֶחֱצָה מַחֲצִית v. חצה
m.bp.aa	H4277	מָחַק	root	[מָחַק] vb. utterly destroy, annihilate;—only Ju 5:26
m.bp.ab		מֶחְקָר		מֶחְקָר v. חקר
m.bq.aa		מחר	root	מחר (√ of foll.; be in front of, meet, cf. As. maḫâru, Dl HWB 400 come to meet, receive [cf. קִבֵּל], and Id Prol. 93; Sab. מחֿר receive, etc., n. id., token of favour, ∥ gift, נחלת; DHM ZMG xxxvii. 1883, 408).
m.bq.ab	H4279	מָחָר		מָחָר 52 n.m. used oft. as adv., to-morrow, in time to come to-morrow (the day following the present day) = in future time
m.bq.ac	H4283	מָחֳרָת		מָחֳרָת n.f. the morrow (the day following a past day)
m.bq.ad	H4242	מְחִיר		מְחִיר n.m. price, hire (as that which is placed in front of one, presented, offered)
m.bq.ae	H4243	מְחִיר		מְחִיר n.pr.m. 1 Ch 4:11
m.bq.af		מַחֲרָאָה		מַחֲרָאָה מחראות v. חרא
m.bq.ag		מַחֲרֵ֫שָׁה		מַחֲרֵ֫שָׁה מַחֲרֶ֫שֶׁת v. חרשׁ
m.bq.ah		מַחְשׂף		מַחְשׂף v. חשׂף
m.bq.ai		מַחֲשָׁבָה		מַחֲשָׁבָה מַחֲשֶׁ֫בֶת v. חשׁב
m.bq.aj		מַחְשַׁךְ		מַחְשַׁךְ v. חשׁך
m.bq.ak		מַ֫חַת		מַ֫חַת מַחְתָּה v. חתה
m.bq.al		מְחִתָּה		מְחִתָּה v. חתת
m.bq.am		מַחְתֶּ֫רֶת		מַחְתֶּ֫רֶת v. חתר
m.bq.an		מַט		מַט v. מַ֫טָּה sub. נטה
m.bq.ao		מַטְאֲטֵא		מַטְאֲטֵא v. טֵאטֵא
m.bq.ap		מַטְבֵּחַ		מַטְבֵּחַ v. טבח
m.bq.aq		מַטֶּה		מַטֶּה מַ֫טָּה מִטַּה מֻטָּה v. נטה
m.bq.ar		מַטְוֶה		מַטְוֶה v. טוה
m.br.aa		מטל	root	מטל (√ of foll.; cf. Ar. Arabic strike, beat, extend by beating, shape iron into a helmet, Frey, Arabic iron, or a sword, beaten into a long shape, Lane 3021).
m.br.ab	H4300	מְטִיל		מְטִיל n.m. wrought-metal rod;—cstr. Jb 40:18
m.br.ac		מַטְמוֹן		מַטְמוֹן v. טמן
m.br.ad		מַטָּע		מַטָּע v. נטע
m.br.ae		מַטְעָם		מַטְעָם מַטִעַמִּים v. טעם
m.br.af		מִטְפַּ֫חַת		מִטְפַּ֫חַת v. טפח
m.bs.aa	H4306	מָטַר	root	מָטַר n.m. rain
m.bs.ab	H4305	מָטַר		[מָטַר] vb. denom. [rain] Niph. be rained upon Hiph. send rain, rain
m.bs.ac	H4309	מַטְרִי		מַטְרִי adj.gent. only c. art. as subst. coll.
m.bs.ad		מַטָּרָא		מַטָּרָא מַטָּרָה v. נטר
m.bs.ae		מַטְרֵד		מַטְרֵד v. טרד
m.bt.aa	H4325	מַי	root	[מַי] 580 n.m. only pl. מַ֫יִם waters, water
m.bt.ab	H4314	מֵי זָהָב		מֵי זָהָב n.pr.m. an Edomite
m.bt.ac	H4313	מֵי הַיַּרְקוֹן		מֵי הַיַּרְקוֹן n.pr.loc. in Dan, near Joppa Jos 19:46
m.bu.aa	H4310	מִי	root	מִי 423 pron.interrog. who? of persons מִי is rarely used of things, and usually where persons are understood or implied in the gen. whose in an indirect qu. מִי ב׳ who among … ? strengthened and emph. forms of interrog. various rhetorical uses whose מִי may sometimes be rendered whosoever, though, as the examples will shew, it does not really mean it once, following a verb, any one
m.bu.ab	H4317	מִיכָאֵל		מִיכָאֵל n.pr.m. Michael (Who is like God?)
m.bu.ac	H4322	מִיכָיָ֫הוּ		מִיכָיָ֫הוּ n.pr. (Who is like Yah?) m. a prince under Jehosh. f. 2 Ch 13:2
m.bu.ad	H4319	מִיכָֽיְהוּ		מִיכָֽיְהוּ n.pr.m. (so on an Isr. scarab) an Ephraimite a prophet, the son of Imlah a contemp. of Jer.
m.bu.ae	H4320	מִיכָיָה		מִיכָיָה n.pr.m. the canon. prophet, Micah, Je 26:18 Kt Ne 12:35 Ne 12:41. 2 K 22:12
m.bu.af	H4318	מִיכָה		מִיכָה n.pr.m. Micha, the Ephraimite the prophet Micah 1 Ch 5:5 son of Meribaal (Mephibosheth) 23:20 2 Ch 18:14 34:20
m.bu.ag	H4316	מִיכָא		מִיכָא n.pr.m. son of Mephibosheth, 2 S 9:12 Ne 10:12. Ne 11:17
m.bu.ah	H4332	מִישָׁאֵל		מִישָׁאֵל n.pr.m. (Who is what God is ?) a cousin of Moses one of Daniel’s companions
m.bu.ai	H4311	מֵידְבָא		מֵידְבָא n.pr.loc. city in Moab—assigned to Reuben; meeting-place of Ammonites
m.bu.aj		מֵידָד		מֵידָד v. ידד
m.bu.ak		מידע		מידע v. מודע v. ידע
m.bu.al		מֵיחִים		מֵיחִים v. מֵחַ sub. מחח
m.bu.am		מֵיטָב		מֵיטָב v. יטב
m.bu.an		מִיכָא		מִיכָא מִיכָה מִיכָיָה מִיכָֽיְהוּ v. מִי
m.bu.ao		מִיכָאֵל		מִיכָאֵל v. מִי
m.bu.ap	H4323	מִיכָל		[מִיכָל] n.[m.] brook, stream (?) (dubious word), cstr. 2 S 17:20.
m.bu.aq	H4324	מִיכַל		מִיכַל n.pr.f. younger daughter of Saul, wife of David
m.bu.ar		מַ֫יִם		מַ֫יִם v. מַי
m.bu.as	H4326	מִיָּמִן		מִיָּמִן, מִיָמִין, מִנְיָמִן, מִנְיָמִין n.pr.m. priestly name one of those who took strange wives
m.bv.aa		מין	root	מין, מון (√ of foll; dubious; Fl in Levy NHWB iii. 310, comp Ar. Arabic (med i) split the earth (in ploughing), cf. Dr Dt 14, 13).
m.bv.ab	H4327	מִין		[מִין] n.[m.] kind, species
m.bv.ac	H8544	תְּמוּנָה		תְּמוּנָה n.f. likeness, form
m.bv.ad		מֵינֶ֫קֶת		מֵינֶ֫קֶת v. ינק
m.bv.ae		מיסך		מיסך v. מוּסָךְ v. סכך
m.bv.af		מֵיפַ֫עַת		מֵיפַ֫עַת מֵפָ֑עַת מופעת v. יפע
m.bw.aa		מיץ	root	מיץ (√ of foll. = press, squeeze, cf. NH id., press, suck; Ar. Arabic (med. ו) is wash gently, rub with the hand).
m.bw.ab	H4160	מֵץ		מֵץ n.m. squeezer, i.e. extortioner, oppressor, only הַמֵּץ Is 16:4.
m.bw.ac	H4330	מִיץ		מִיץ n.m. squeezing, pressing, wringing (3 t.) Pr 30:33
m.bw.ad		מִישׁ		מִישׁ v. מושׁ
m.bw.ae	H4331	מֵישָׁא		מֵישָׁא n.pr.m. of Benjamite in Moab 1 Ch 8:9.
m.bw.af		מִישָׁאֵל		מִישָׁאֵל v. מי
m.bw.ag		מִישׁוֹר		מִישׁוֹר מֵישָׁר מֵישָׁרִים v. ישׁר
m.bw.ah	H4335	מֵישַׁךְ		מֵישַׁךְ n.pr.m. the new (Bab.) name given to Mishael, Dn 1:7
m.bw.ai		מֵישַׁע		מֵישַׁע מֵישָׁע v. ישׁע
m.bw.aj		מֵיתָר		מֵיתָר v. יתר
m.bw.ak		מַכְאוֹב		מַכְאוֹב v. כאב
m.bw.al		מַכְבִּיר		מַכְבִּיר v. כבר
m.bw.am		מַכְבֵנָא		מַכְבֵנָא מַכְבַּנַּי v. כבן
m.bw.an		מַכְבֵר		מַכְבֵר מִכְבָּר v. כבר
m.bw.ao		מַכָּה		מַכָּה v. נכה
m.bw.ap		מִכְוָה		מִכְוָה v. כוה
m.bw.aq		מָכוֹן		מָכוֹן מְכוֹנָה v. כון
m.bw.ar		מְכוּרָה		מְכוּרָה v. מְכֹרָה v. כור
m.bw.as	H4352	מָכִי		מָכִי n.pr.m. a Gadite Nu 13:15. 𝔊 Μα(κ)χι.
m.bx.aa	H4355	מָכַךְ	root	[מָכַךְ] vb. be low, humiliated Qal of perverse Isr. Niph. sink (in decay) of house-timbers. Hoph. be brought low, of wicked.
m.bx.ab		מִכְלָה		מִכְלָה v. כלא
m.bx.ac		מִכְלָה		מִכְלָה v. כלה
m.bx.ad		מִכְלוֹל		מִכְלוֹל מִכְלָל מַכְלֻל v. כלל
m.bx.ae		מַכֹּ֫לֶת		מַכֹּ֫לֶת v. אכל
m.bx.af		מִכְמָן		מִכְמָן מִכְמַנֵּי v. כמן
m.bx.ag		מִכְמָס		מִכְמָס מִכְמָשׂ v. כמס
m.bx.ah		מִכְמָר		מִכְמָר מַכְמֹר מִכְמֶ֫רֶת מִכְמֹ֫רֶת v. כמר
m.bx.ai		מִכְמְתָת		מִכְמְתָת v. כמת
m.bx.aj	H4367	מַכְנַדְבַי		מַכְנַדְבַי n.pr.m. one of those who had strange wives Ezr 10:40
m.bx.ak	H4368	מְכֹנָה		מְכֹנָה n.pr.loc. in Judah Ne 11:28.
m.bx.al		מִכְנָס		מִכְנָס מִכְנְסֵי v. כנס
m.bx.am		מֶ֫כֶס		מֶ֫כֶס מִכְסָה v. כסס
m.bx.an		מִכְסֶה		מִכְסֶה מְכַסֶּה v. כסה
m.bx.ao		מַכְפֵּלָה		מַכְפֵּלָה v. כפל
m.by.aa	H4376	מָכַר	root	מָכַר vb. sell Qal sell Niph. be sold Hithp. sell oneself as slave
m.by.ab	H4377	מֶ֫כֶר		מֶ֫כֶר n.m. merchandise, value
m.by.ac	H4353	מָכִיר		מָכִיר n.pr.m. eldest son of Manasseh son of Ammiel
m.by.ad	H4354	מָכִירִי		מָכִירִי adj.gent. only c. art. הַמּ׳ as subst. coll. the Machirites Nu 26:29.
m.by.ae	H4381	מִכְרִי		מִכְרִי n.pr.m. a Benjamite 1 Ch 9:8.
m.by.af	H4465	מִמְכָּר		מִמְכָּר n.m. sale, ware
m.by.ag	H4466	מִמְכֶּ֫רֶת		מִמְכֶּ֫רֶת n.f. sale;—cstr. Lv 25:42 (H).
m.by.ah		מַכָּר		מַכָּר v. נכר
m.by.ai		מִכְרֶה		מִכְרֶה v. כרה
m.by.aj		מְכֵרָה		מְכֵרָה מְכֹרָה v. כור
m.by.ak	H4382	מְכֵרָתִי		מְכֵרָתִי adj.gent. 1 Ch 11:36.
m.by.al		מִכְשׁוֹל		מִכְשׁוֹל מִכְשֹׁל מַכְשֵׁלָה v. כשׁל
m.by.am		מִכְתָּב		מִכְתָּב v. כתב
m.by.an		מְכִתָּה		מְכִתָּה v. כתת
m.by.ao		מִכְתָּם		מִכְתָּם v. כתם
m.by.ap		מַכְתֵּשׁ		מַכְתֵּשׁ v. כתשׁ
m.bz.aa	H4390	מָלֵא	root	מָלֵא 249 vb. be full, fill Qal 99 be full, usu. c. acc. material trans. fill Niph. be filled be accomplished, ended Pi. fill special uses are: fulfil, accomplish, complete, obj. week, year, day Pu. filled Hithp. mass themselves against me
m.bz.ab	H4392	מָלֵא		מָלֵא adj. full
m.bz.ac	H4393	מְלֹא		מְלֹא, [מְלוֹא] n.m. fulness, that which fills fulness of hand (= handful) mass of shepherds; multitude of nations
m.bz.ad	H4395	מְלֵאָה		מְלֵאָה n.f. fulness, full produce
m.bz.ae	H4396	מִלֻּאָה		[מִלֻּאָה] n.f. setting of jewel (cf. vb. Pi. 2, Pu.)
m.bz.af	H4394	מִלּוּא		[מִלּוּא, מִלֻּא] n.m. setting, installation
m.bz.ag	H1037	מִלּוֹא		מִלּוֹא n.pr.loc. (Thes ‘fill’ of earth, earthwork, but v. GFM Ju 9:6);— near Shechem, site unknown citadel in Jerus. dub.; = 2?
m.bz.ah	H4402	מִלֵּאת		מִלֵּאת n.f. dub.: only Ct 5:12 of lover’s eyes; setting, perh. better border, rim
m.bz.ai	H3229	יִמְלָה		יִמְלָה, יִמְלָא n.pr.m. father of prophet Micaiah of Isr.
m.bz.aj		מַלְאָךְ		מַלְאָךְ מְלָאכָה מַלְאָכוּת מַלְאָכִי v. לאך
m.bz.ak		מִלְּבַד		מִלְּבַד v. בַּד
m.bz.al		מַלְבּוּשׁ		מַלְבּוּשׁ v. לבשׁ
m.bz.am		מַלְבֵּן		מַלְבֵּן v. לבן
m.bz.an		מִלָּה		מִלָּה v. מלל
m.bz.ao		מְלוֹ		מְלוֹ v. מְלֹא
m.bz.ap		מָלוֹן		מָלוֹן מְלוּנָה v. לון
m.bz.aq		מִלּ֫וֹתִי		מִלּ֫וֹתִי v. מלל
m.ca.aa	H4414	מָלַח	root	[מָלַח] vb. tear away, dissipate;—Niph. fig. be dispersed in fragments, dissipated, Is 51:6.
m.ca.ab	H4418	מֶ֫לַח		[מֶ֫לַח or מָלָח] n.[m.] rag; only pl.
m.cb.aa		מלח	root	מלח (√ of foll.; meaning dubious).
m.cb.ab	H4417	מֶ֫לַח		מֶ֫לַח n.m. salt
m.cb.ac	H4414	מָלַח		[מָלַח] vb. denom. salt, season Qal Lv 2:13 (obj. offering). Pu. salted, i.e. the incense Hoph. i.e. rubbed or washed with salt (of infant, in personification).
m.cb.ad	H4420	מְלֵחָה		מְלֵחָה n.f. saltness, barrenness
m.cb.ae	H4408	מַלוּחַ		מַלוּחַ n.[m.] mallow; plant growing in salt-marsh; Jb 30:4
m.cb.af	H4419	מַלָּח		[מַלָּח] n.m. mariner
m.cb.ag		מִלְחָמָה		מִלְחָמָה v. לחם
m.cc.aa	H4422	מָלַט	root	[מָלַט] vb. slip away (not in Qal) Niph. slip away escape pass. be delivered Pi. lay (eggs) let escape deliver Hiph. give birth to a male child deliver Hithp. slip forth, escape (sparks of fire from jaws of crocodile) escape
m.cc.ab	H4423	מֶ֫לֶט		מֶ֫לֶט n.[m.] mortar, cement;—Je 43:9.
m.cc.ac	H4424	מְלַטְיָה		מְלַטְיָה n.pr.m. (Yahweh delivered) a Gibeonite, a builder at the wall Ne 3:7
m.cc.ad		מְלִיצָה		מְלִיצָה v. ליץ
m.cd.aa		מלך	root	מלך (√ of foll.; mng. dub.; Thes comp. Ar. Arabic possess, own exclusively, cf. Eth. Ethiopic so Bae Rel. 144 (cf. בַּעַל), and Nö ZMG xi. 1886, 727; Lyon Bib. Sacr., Apr. 1884 Dl Prol. 30 al. comp. As. malâku, counsel, advise Dl HWB 412, BH and NH מָלַךְ, Aram. Syriac, מְלַךְ, whence king as orig. counsellor, he whose opinion is decisive).
m.cd.ab	H4428	מֶ֫לֶךְ		מֶ֫לֶךְ 2513 n.m. king
m.cd.ac	H4436	מַלְכָּה		מַלְכָּה 35 n.f. queen
m.cd.ad	H4446	מְלֶ֫כֶת		מְלֶ֫כֶת n.f. queen
m.cd.ae	H4427	מָלַךְ		מָלַךְ 346 vb. denom. be, or become king, or queen, reign Qal 296 be (become) king, reign Hiph. make king, or queen, cause to reign Hoph. Dn 9:1.
m.cd.af	H4429	מֶ֫לֶךְ		מֶ֫לֶךְ n.pr.m. son of Micah, a Benjamite
m.cd.ag	H4432	מֹ֫לֶךְ		מֹ֫לֶךְ n.pr.div. Molech:—the god to whom Isr. sacrif. children with fire (in valley of Hinnom)
m.cd.ah	H4447	מֹלֶ֫כֶת		מֹלֶ֫כֶת n.pr.f. c. art. 1 Ch 7:18 (of Manasseh).
m.cd.ai	H4435	מִלְכָּה		מִלְכָּה n.pr.f. wife of Nahor daughter of Zelophehad (of Manasseh)
m.cd.aj	H4410	מְלוּכָה		מְלוּכָה n.f. kingship, royalty
m.cd.ak	H4438	מַלְכוּת		מַלְכוּת n.f. royalty, royal power, reign, kingdom royal power, dominion reign kingdom, realm
m.cd.al	H4467	מַמְלָכָה		מַמְלָכָה n.f. kingdom, sovereignty, dominion, reign kingdom, realm, chiefly non-Isr. sovereignty, dominion reign
m.cd.am	H4468	מַמְלָכוּת		[מַמְלָכוּת] n.f. kingdom, dominion, reign
m.cd.an	H4439	מַלְכִּיאֵל		מַלְכִּיאֵל n.pr.m. son of Beriah (of Asher) (my king is Ēl)
m.cd.ao	H4440	מַלְכִּיאֵלִי		מַלְכִּיאֵלִי adj.gent. c. art. as subst. coll. Nu 26:45.
m.cd.ap	H4441	מַלְכִּיָּהוּ		מַלְכִּיָּהוּ, מַלְכִּיָּה n.pr.m. (my king is Yah) father of Pashhur a prince priests one of the sealed a Levite various men
m.cd.aq	H4442	מַלְכִּי־צֶ֫דֶק		מַלְכִּי־צֶ֫דֶק n.pr.m. (my king is Ṣedeḳ)
m.cd.ar	H4443	מַלְכִּירָם		מַלְכִּירָם n.pr.m. son of Jeconiah (= Jehoiakin) (my king (= Yahweh) is high);—1 Ch 3:18.
m.cd.as	H4444	מַלְכִּישׁוּעַ		מַלְכִּישׁוּעַ n.pr.m. son of Saul (my king (= י׳) is opulence)
m.cd.at	H4445	מַלְכָּם		מַלְכָּם n.pr.m. a Benjamite
m.cd.au	H4445	מִלכֹּם		מִלכֹּם n.pr.div. Milcom, god of Ammonites
m.cd.av	H3230	יַמְלֵךְ		יַמְלֵךְ n.pr.m. a Simeonite;—1 Ch 4:34.
m.cd.aw	H4409	מַלּוּךְ		מַלּוּךְ n.pr.m. Levites various men
m.cd.ax	H4409	מלוכי		מלוכי Kt, מלִיכוּ Qr n.pr.m. a priest Ne 12:14.
m.ce.aa	H4427	מָלַךְ	root	[מָלַךְ] vb. counsel, advise;—only Niph. Impf. i.e. I considered caully, Ne 5:7.
m.ce.ab		מַלְכֹּ֫דֶת		מַלְכֹּ֫דֶת v. לכד
m.ce.ac		מַלְכֵּן		מַלְכֵּן v. מַלְבֵּן sub. לבן
m.cf.aa	H4448	מָלַל	root	[מָלַל] vb. Pi. speak, utter, say
m.cf.ab	H4405	מִלָּה		מִלָּה n.f. word, speech, utterance
m.cf.ac	H4413	מַלּוֹתִי		מַלּוֹתִי as n.pr.m. a son of Heman (I have uttered);—1 Ch 25:4
m.cf.ad	H4450	מִֽלֲלִי		מִֽלֲלִי n.pr.m. a priest’s son, Ne 12:36.
m.cg.aa	H4448	מָלַל	root	[מָלַל] vb. rub, scrape;—only Qal Pt. in Pr 6:13
m.cg.ab	H4425	מְלִילָה		[מְלִילָה] n.f. ear of wheat, etc.;—only pl. abs. De 23:26
m.ch.aa	H5243	מָלַל	root	[מָלַל] vb. languish, wither, fade Qal hang down, wither Po‛l. it withereth
m.ci.aa	H4135	מָלַל	root	[מָלַל] vb. circumcise Qal Jos 5:2. Niph. Gn 17:11 Hithpo. be cut off: ψ 58:8.
m.ci.ab		מַלְמָד		מַלְמָד מַלְמֵד v. למד
m.cj.aa	H4452	מָלַץ	root	[מָלַץ] vb. prob. be smooth, slippery;—Niph. ψ 119:103
m.cj.ab	H4453	מֶלְצָר		מֶלְצָר n.m. a Bab. title; dubious; perhaps guardian ?;—only c. art.
m.ck.aa	H4454	מָלַק	root	מָלַק vb. nip, nip off (head of bird; without necessarily severing it fr. body)
m.ck.ab		מַלְקוֹחַ		מַלְקוֹחַ מֶלְקָחַ֫יִם מַלְקָחַ֫יִם v. לקח
m.ck.ac		מַלְקוֹשׁ		מַלְקוֹשׁ v. לקשׁ
m.ck.ad		מֶלְתָּחָה		מֶלְתָּחָה v. לתח
m.ck.ae		מַלְתָּעוֹת		מַלְתָּעוֹת מַלְתָּעָה v. מְתַלְּעוֹת sub. תלע
m.ck.af		מַמְּגֻרוֹת		מַמְּגֻרוֹת v. גור
m.ck.ag		מֵמַד		מֵמַד v. מדד
m.ck.ah	H4462	מְמוּכָן		מְמוּכָן n.pr.m. a prince of Persia and Media
m.ck.ai		מָמוֹת		מָמוֹת מְמוֹתִים v. מות
m.ck.aj		מַמְזֵר		מַמְזֵר v. מזר
m.ck.ak		מִמְכָּר		מִמְכָּר מִמְכֶּ֫רֶת v. מכר
m.ck.al		מַמְלָכָה		מַמְלָכָה מַמְלָכוּת v. מלך
m.ck.am		מִמֶּנִּי		מִמֶּנִּי v. מִן
m.ck.an		מִמְסָךְ		מִמְסָךְ v. מסך
m.ck.ao		מֶ֫מֶר		מֶ֫מֶר מַמְרוֹר מַמְּרוֹרִים v. מרר
m.ck.ap	H4471	מַמְרֵא		מַמְרֵא n.pr.m. et loc. Mamre, only in Gn:
m.ck.aq		מִמְשַׁח		מִמְשַׁח v. משׁח
m.ck.ar		מִמְשָׁל		מִמְשָׁל מֶמְשָׁלָה מֶמְשֶׁ֫לֶת v. משׁל
m.ck.as		מִמְשָׁק		מִמְשָׁק v. משׁק
m.ck.at		מַמְתַֿקִּים		מַמְתַֿקִּים v. מתק
m.ck.au	H4478	מָן		מָן n.m. manna
m.ck.av	H4478	מָן		מָן in Ex 16:15 (with erence to the manna), most prob. ‘What is it?’ the question being intended as a popular etym. of מָן ‘manna’
m.ck.aw	H4482	מֵן		[מֵן] n.[m.] string (of harp)
m.ck.ax		מֵן		מֵן מִנֶּ֑הוּ v. מנן
m.cl.aa	H4480	מִן־	root	מִן־, and מִ, before יְ, prep. expressing the idea of separation, hence out of, from, on account of, off, on the side of, since, above, than, so that not with verbs expressing (or implying) separation or removal from, against מן also, without a verb of similar significance, sometimes expresses the idea of separation, away from, far from of position, off, on the side of, on Out of, Gk. ἐκ, Lat. ex Partitively Of time— as marking the terminus a quo, the anterior limit of a continuous period from, since as marking the period immediately succeeding the limit after towards, to (וְעַד) עַד … מִן from … even to In comparisons, beyond, above מן is prefixed to an infin.: with causal force, from, on account of, through after verbs implying restraint, prevention, cessation, etc. with a temporal force, since, after Once as a conj. before a finite verb. that In compounds:
m.cl.ab		מְנָאוֹת		מְנָאוֹת v. מְנָת sub. מנה
m.cl.ac		מַנְגִּינָה		מַנְגִּינָה v. נגן
m.cm.aa	H4487	מָנָה	root	מָנָה vb. count, number, reckon, assign Qal count, number reckon, assign, appoint Niph. be counted, numbered be reckoned, assigned Pi. appoint, ordain Pu. appointed
m.cm.ab	H4490	מָנָה		מָנָה n.f. part, portion
m.cm.ac	H4488	מָנֶה		מָנֶה n.m. maneh, mina, a weight (perh. orig. a specific part)
m.cm.ad	H4489	מֹנֶה		[מֹנֶה] n.[m.] counted number, time
m.cm.ae	H4507	מְנִי		מְנִי n.pr.div. Mᵉnî, god of fate (award, apportionment);—Is 65:11
m.cm.af	H4521	מְנָת		[מְנָת] n.f. portion
m.cm.ag	H8553	תִּמְנָה		תִּמְנָה, תִּמְנָ֫תָה n.pr.loc. (prob. = portion, territory) place in hill-country of Judah place on border of Judah
m.cm.ah	H8554	תִּמְנִי		תִּמְנִי adj.gent. הַתּ׳ Ju 15:6 the Timnite.
m.cm.ai	H8556	תִּמְנַת חֶרֶס		תִּמְנַת חֶרֶס n.pr.loc. (prob. = (sacred) territory of the Sun); in hill-country of Ephr., westward, Ju 2:9 = foll. [m.cm.aj]
m.cm.aj	H8556	תִּמְנַת סֶ֫רַח		תִּמְנַת סֶ֫רַח n.pr.loc. by metath. from foregoing [m.cm.ai], to avoid idolatr. suggestion
m.cm.ak		מִנְהָג		מִנְהָג v. נהג
m.cm.al		מִנְהָרָה		מִנְהָרָה v. נהר
m.cm.am		מָנוֹר		מָנוֹר v. נוד
m.cm.an		מָנוֹחַ		מָנוֹחַ מְנוּחָה v. נוח
m.cm.ao	H4497	מָנוֹן		מָנוֹן n.m. dub.; only in Pr 29:21 Ew Now thankless one
m.cm.ap		מָנוֹס		מָנוֹס מְנוּסָה v. נוס
m.cm.aq		מָנוֹר		מָנוֹר v. ניר
m.cm.ar		מְנוֹרָה		מְנוֹרָה v. נור
m.cm.as		מִנְּזָרִים		מִנְּזָרִים v. נזר
m.cn.aa		מנח	root	מנח (√ of foll.; cf. Ar. Arabic lend, give a gift, Arabic loan, gift esp. of she camel, sheep, or goat for milking, Ph. מנחת, gift, offering).
m.cn.ab	H4503	מִנְחָה		מִנְחָה 153 n.f. gift, tribute, offering gift, present tribute offering made to God, of any kind, whether grain or animals grain offering grain-offering, always with this meaning in P vbs. of offering are
m.cn.ac		מְנֻחָה		מְנֻחָה v. מְנוּחָה sub. נוח
m.cn.ad		מְנַחֵם		מְנַחֵם v. נחם
m.cn.ae		מָנַ֫חַת		מָנַ֫חַת מְנֻחוֹת מָנַחְתִּי v. נוח
m.cn.af		מְנִי		מְנִי v. מנה
m.cn.ag	H4508	מִנִּי		מִנִּי n.pr.terr. region of Armenia;—Je 51:27
m.cn.ah		מִנִּי		מִנִּי מִנֵּי v. מִן
m.cn.ai		מִנִּי		מִנִּי v. מֵן
m.cn.aj		מְנָיוֹת		מְנָיוֹת v. מְנָת sub. מנה
m.cn.ak		מִנְיָמִין		מִנְיָמִין מִנְיָמִן v. מִיָּמִן
m.cn.al		מִנְלָם		מִנְלָם v. מִנְלָה sub. נלה
m.co.aa		מנן	root	מנן (of foll.; Ar. Arabic is praecidit funem, diminuit numerum, debilitavit; also be bounteous, Qor 3:158 al., Arabic a gift; whence Zerweck Präp. Min 4 assumes a primary mng. to separate—either from or for ("zutheilen"), as the case might be).
m.co.ab	H4480	מֵן		[מֵן] n. [m.] portion
m.co.ac	H4511	מִנִּית		מִנִּית n.pr.loc. in Ammonite territory, site unknown
m.co.ad		מְנֻסָה		מְנֻסָה v. מְנוּסָה sub. נוס
m.cp.aa	H4513	מָנַע	root	מָנַע vb. withhold, hold back Qal withhold Niph. be withholden
m.cp.ab	H3234	יִמְנָע		יִמְנָע n.pr.m. son of Helem (of Asher) 1 Ch 7:35.
m.cp.ac	H8555	תִּמְנָע		תִּמְנָע n.pr.m. and f. Edomite name. n.pr.m. a chief of Edom son of Eliphaz f. sister of Lotan (of Seir); concubine of Eliphaz son of Esau
m.cp.ad		מַנְעוּל		מַנְעוּל מִנְעָל v. נעל
m.cp.ae		מַנְעַמִּים		מַנְעַמִּים v. נעם
m.cp.af		מְנַֽעַנְעִים		מְנַֽעַנְעִים v. נוע
m.cp.ag		מְנַקִּית		מְנַקִּית מְנַקִּיָּה v. נקה
m.cp.ah		מֵנֶ֫קֶת		מֵנֶ֫קֶת v. ינק
m.cp.ai		מְנֹרָה		מְנֹרָה מְנוֹרָה v. נור
m.cp.aj	H4519	מְנַשֶּׁה		מְנַשֶּׁה 136 n.pr.m. et trib. Manasseh Manasseh, eldest son of Joseph of tribe son of Hezekiah two who had taken strange wives
m.cp.ak	H4520	מְנַשִּׁי		מְנַשִּׁי adj.gent.; only c. art. as n. coll., of tribe E. of Jordan
m.cp.al		מְנָת		מְנָת v. מנה
m.cp.am	H4522	מַס		מַס n.m. usu. coll. body of forced labourers, task-workers, labour-band or gang, also (late) forced service, task-work, serfdom
m.cp.an		מַס		מַס v. מסס
m.cp.ao		מֵסַב		מֵסַב מֵסֵב v. סבב
m.cp.ap		מַסְגֵּר		מַסְגֵּר מִסְגֶּ֫רֶת v. סגר
m.cp.aq		מַסַד		מַסַד v. יסד
m.cp.ar		מִסְדְּרוֹן		מִסְדְּרוֹן v. סדר
m.cq.aa	H4529	מָסָה	root	[מָסָה] vb. melt, dissolve, be liquified;—only Hiph.
m.cq.ab		מַסָּה		מַסָּה v. מסס
m.cq.ac		מַסָּה		מַסָּה v. נסה
m.cq.ad		מִסָּה		מִסָּה v. מִסַּח
m.cq.ae		מַסְוֶה		מַסְוֶה v. סוה
m.cq.af		מְסוּכָה		מְסוּכָה מְשׂוּכָה v. סוך v. שׂוך
m.cq.ag	H4535	מַסָּח		מַסָּח dub. word, only in 2 K 11:6; = for plucking away, i.e. repulse, defence, but very uncertain
m.cq.ah		מִסְחָר		מִסְחָר v. סחר
m.cr.aa	H4537	מָסַךְ	root	מָסַךְ vb. mix, produce by mixing
m.cr.ab	H4538	מֶ֫סֶךְ		מֶ֫סֶךְ n.[m.] mixture, i.e. wine mixed with spices; ψ 75:9
m.cr.ac	H4469	מִמְסָךְ		מִמְסָךְ n.m. mixed drink
m.cr.ad		מָסָךְ		מָסָךְ מְסֻכָה v. סכך
m.cr.ae		מַסֵּכָה		מַסֵּכָה v. נסך
m.cr.af		מַסֵּכָה		מַסֵּכָה מַסֶּ֫כֶת v. נסך
m.cr.ag	H4542	מִסְכֵּן		מִסְכֵּן adj. poor, only Ec.
m.cr.ah	H4544	מִסְכֵּנֻת		מִסְכֵּנֻת n.f. poverty, scarcity, Dt 8:9.
m.cr.ai		מִסְכְּנוֹת		מִסְכְּנוֹת v. סכן
m.cr.aj		מְסִלָּה		מְסִלָּה מַסְלוּל v. סלל
m.cr.ak		מַסְמֵר		מַסְמֵר מַסְמְרִים v. סמר v. שׂמר
m.cs.aa	H4549	מָסַס	root	[מָסַס] vb. dissolve, melt, intr. Qal Inf. cstr. like the melting Niph. melt (intr.) most oft. fig. of heart = faint, grow fearful Pt. = wasted, consumptive (?) Hiph Pf. cause to melt (= intimidate)
m.cs.ab	H4523	מָס		[מָס] adj. despairing (lit. melting, i.e. failing, collapsing);—Jb 6:14
m.cs.ac	H4531	מַסָּה		[מַסָּה] n.f. despair (lit. melting, failing);—only Jb 9:23
m.cs.ad	H8557	תֶּ֫מֶס		תֶּ֫מֶס n.m. melting (away);—ψ 58:9
m.cs.ae		מַסַּע		מַסַּע מַסָּע v. נסע
m.cs.af		מַסָּע		מַסָּע v. נסע
m.cs.ag		מִסְעָד		מִסְעָד v. סעד
m.cs.ah		מִסְפֵּד		מִסְפֵּד v. ספד
m.cs.ai		מִסְפּוֹא		מִסְפּוֹא v. ספא
m.cs.aj		מִסְפַּ֫חַת		מִסְפַּ֫חַת מִסְפָּחוֹת v. ספח
m.cs.ak		מִסְפָּר		מִסְפָּר מִסְפֶּ֫רֶת v. ספר
m.ct.aa	H4560	מָסַר	root	[מָסַר] vb. si vera l. deliver up, offer Qal offer (commit) a trespass against י׳ Niph. delivered over to, assigned to (of warriors)
m.ct.ab		מֹסֵרוֹת		מֹסֵרוֹת מָסֹ֫רֶת v. אסר
m.ct.ac		מֹסָר		מֹסָר v. מוּסָר sub. יסר
m.ct.ad	H4530	מִסַּת		מִסַּת n. sufficiency
m.ct.ae		מִסְתּוֹר		מִסְתּוֹר מַסְתֵּר מִסְתָּר v. סתר
m.ct.af		מַעְבָּד		מַעְבָּד v. עבד
m.ct.ag		מַעֲבֶה		מַעֲבֶה v. עבה
m.ct.ah		מַעֲבָר		מַעֲבָר מַעְבָּרָה v. עבר
m.ct.ai		מַעְגָּל		מַעְגָּל מַעְגָּ֫לָה v. עגל
m.cu.aa	H4154	מָעַד	root	[מָעַד] vb. slip, slide, totter, shake (only Heb.);— Qal slip Pu. pass. not needed here Hiph. cause to shake, i.e. make them totter
m.cu.ab	H4572	מַעֲדַּי		מַעֲדַּי (van d. H מַעֲדַי) n.pr.m. one of those who had taken strange wives Ezr 10:34.
m.cu.ac	H4153	מַעֲדְיָה		מַעֲדְיָה n.pr.m. a priest of Zerubbabel’s time acc. to Ne 12:5; appar. = מוֹעַדְיָה v 17
m.cu.ad		מֹעֵד		מֹעֵד v. מוֹעֵד sub. יעד
m.cu.ae		מַעֲדָן		מַעֲדָן מַעֲדַנִּים v. עדן
m.cu.af		מַעֲדַנּוֹת		מַעֲדַנּוֹת מַעֲדַנָּה v. מַעֲדַנּוֹת
m.cu.ag		מַעְדֵּר		מַעְדֵּר v. עדר
m.cv.aa		מעה	root	מעה (√ of foll.; meaning dubious).
m.cv.ab	H4578	מֵעֶה		[מֵעֶה] n.m. only pl. internal organs, inward parts (intestines, bowels), belly
m.cv.ac	H4579	מָעָה		[מָעָה] n.f. grain (of sand);—only fpl. sf. Is 48:19
m.cv.ad		מָעוֹג		מָעוֹג v. עוג
m.cv.ae		מָעוֹז		מָעוֹז מָעֹז v. עוז v. עזז
m.cv.af		מָעוֹן		מָעוֹן מְע(וֹ)נָה מְעוֹנֹתַי v. עון
m.cv.ag	H4586	מְעוּנִים		מְעוּנִים n.pr.gent. Mᵉ‛unim, Mᵉ‛unites;—a people S. (SE ?) of Canaan
m.cv.ah		מָעוּף		מָעוּף v. עיף
m.cv.ai		מָעוֹר		מָעוֹר v. עוֹר
m.cw.aa		מעז	root	מעז (√ of following).
m.cw.ab	H4590	מַעַזְיָהוּ		מַעַזְיָהוּ, מַעַזְיָה n.pr.m. of priests ascribed to David’s time Nehemiah’s time
m.cx.aa	H4591	מָעַט	root	[מָעַט] vb. be or become small, diminished, few Qal be too small for a lamb Pi. become few Hiph. make small or few, diminish
m.cx.ab	H4592	מְעַט		מְעַט 101 subst. a little, fewness, a few
m.cx.ac		מְעֻטָּה		מְעֻטָּה מָעֹט v. מרט
m.cx.ad		מַעֲטֶה		מַעֲטֶה v. עטה
m.cx.ae		מַעֲטָפָה		מַעֲטָפָה v. עטף
m.cx.af		מְעִי		מְעִי
m.cx.ag	H4597	מָעַי		מָעַי n.pr.m. a musician Ne 12:36
m.cx.ah		מֵעִים		מֵעִים v. מעה
m.cx.ai		מַעְיָן		מַעְיָן v. עין
m.cx.aj		מעינים		מעינים מְעוּנָי מְעִינִי v. מְעוּנִים
m.cy.aa	H4600	מָעַךְ	root	[מָעַךְ] vb. press, squeeze Qal not to be offered to י׳, reference to emasculation; and his spear pressed (thrust) into the ground Pu. there were their breasts squeezed
m.cy.ab	H4582	מָעוֹךְ		מָעוֹךְ n.pr.m. father of Achish of Gath;—1 S 27:2
m.cy.ac	H4601	מַעֲכָה		מַעֲכָה n.pr.m., f. et gent. n.pr.m. son of Nahor by his concubine father of חָנָן, a hero of David Simeonite name father of Achish n.pr.f. Geshurite princess, wife of David, mother of Absalom daughter of Absalom, wife of Rehoboam, mother of Abijam mother of Asa, and called also daughter of Absalom concubinr of Caleb wife of Machir wife of (יעיאל), father of Gibeon n.pr.gent. dwelling W. of Bashan
m.cy.ad		מַעֲכָת		מַעֲכָת v. מַעֲכָה
m.cy.ae	H4602	מַעֲכָתִי		מַעֲכָתִי adj.gent. of one of David’s heroes; of associate of Ishmael the Judean; coll. = the Maachathites
m.cz.aa	H4603	מָעַל	root	מָעַל vb. act unfaithfully, treacherously, a priestly word
m.cz.ab	H4604	מַ֫עַל		מַ֫עַל n.m. unfaithful, treacherous act
m.cz.ac	H4598	מְעִיל		מְעִיל n.m. robe
m.cz.ad		מַ֫עַל		מַ֫עַל v. עלה
m.cz.ae		מֵעַל		מֵעַל v. עַל
m.cz.af		מֹ֫עַל		מֹ֫עַל מַעֲלֶה מַעֲלָה v. עלה
m.cz.ag		מַעֲלִיל		מַעֲלִיל מַעֲלָל v. עלל
m.cz.ah		מַעֲמָד		מַעֲמָד מָעֳמָד v. עמד
m.cz.ai		מַעֲמָסָה		מַעֲמָסָה v. עמס
m.cz.aj		מַעֲמַקִּים		מַעֲמַקִּים v. עמק
m.cz.ak		מַ֫עַן		מַ֫עַן v. מַעֲנֶה sub. עָנָה
m.cz.al		מַעֲנֶה		מַעֲנֶה מַעֲנָה מַעֲנִית v. ענה
m.cz.am		מְעֹנָה		מְעֹנָה v. עון
m.da.aa		מעץ	root	מעץ (√ of foll.; perhaps = be wrathful, cf. Ar. Arabic be enraged; cf. also n.pr.m. אֲחִימַעַץ, supr. p. 27).
m.da.ab	H4619	מַ֫עַץ		מַ֫עַץ n.pr.m. in Judah 1 Ch 2:27
m.da.ac		מַעֲצֵבָה		מַעֲצֵבָה v. עצב
m.da.ad		מַעֲצָד		מַעֲצָד v. עצד
m.da.ae		מֹעֵצָה		מֹעֵצָה v. מוֹעֵצָה sub. יעץ
m.da.af		מַעְצוֹר		מַעְצוֹר מַעְצָר v. עצר
m.da.ag		מַעֲקֶה		מַעֲקֶה v. עקה
m.da.ah		מַעֲקַשִּׁים		מַעֲקַשִּׁים v. עקשׁ
m.da.ai		מַ֫עַר		מַ֫עַר מַעֲרֶה v. ערה
m.da.aj		מַעֲרָב		מַעֲרָב v. ערב
m.da.ak		מַעֲרָב		מַעֲרָב מַעֲרָבָה v. ערב
m.da.al		מְעָרָה		מְעָרָה v. ערר
m.da.am		מערות		מערות v. מערכה sub. ערך
m.da.an		מַעֲרִיץ		מַעֲרִיץ v. ערץ
m.da.ao		מַעֲרָךְ		מַעֲרָךְ מַעֲרָכָה מַעֲרֶ֫כֶת v. ערך
m.da.ap		מַעֲרֻמִּים		מַעֲרֻמִּים v. עור
m.da.aq		מַעֲרָצָה		מַעֲרָצָה v. ערץ
m.da.ar		מַעֲרָת		מַעֲרָת v. ערה
m.da.as		מַעֲשֶׂה		מַעֲשֶׂה מַעְשַׂי מַעֲשֵׂיָה מַעֲשֵׂיָ֫הוּ v. עשׂה
m.da.at		מַעֲשֵׂר		מַעֲשֵׂר v. עשׂר
m.da.au		מַעֲשַׁקּוֹת		מַעֲשַׁקּוֹת v. עשׁק
m.da.av	H4644	מֹף		מֹף n.pr.loc. Memphis
m.da.aw		מִפְגָּע		מִפְגָּע v. פגע
m.da.ax		מַפָּח		מַפָּח מַפֻּחַ v. נפח
m.da.ay		מְפִ(י)בשֶׁת		מְפִ(י)בשֶׁת v. מְרִיב׳ sub. ריב
m.da.az	H4649	מֻפִּים		מֻפִּים n.pr.m. family name in Benjamin
m.da.ba		מֵפִיץ		מֵפִיץ v. פוץ v. פצץ v. נפץ
m.da.bb		מַפָּל		מַפָּל מַפָּלָה מַפֶּ֫לֶת v. נפל
m.da.bc		מִפְלָאָה		מִפְלָאָה v. פלא
m.da.bd		מִפְלַגָּה		מִפְלַגָּה v. פלג
m.da.be		מִפְלָט		מִפְלָט v. פלט
m.da.bf		מִפְלֶ֫צֶת		מִפְלֶ֫צֶת v. פלץ
m.da.bg		מִפְלָשׂ		מִפְלָשׂ v. פלשׂ v. פלס
m.da.bh		מִפְעָל		מִפְעָל מִפְעָלָה v. פעל
m.da.bi		מֵפָ֑֫עַת		מֵפָ֑֫עַת v. מֵיפַ֫עַת sub. יפע
m.da.bj		מַפָּץ		מַפָּץ מַפֵּץ v. נפץ
m.da.bk		מִפְקָד		מִפְקָד v. פקד
m.da.bl		מִפְרָץ		מִפְרָץ v. פרץ
m.da.bm		מַפְרֶ֫קֶת		מַפְרֶ֫קֶת v. פרק
m.da.bn		מִפְרָשׂ		מִפְרָשׂ v. פרשׂ
m.da.bo		מִפְשָׂעָה		מִפְשָׂעָה v. פשׂע
m.da.bp		מַפְתֵּחַ		מַפְתֵּחַ מִפְתָּח v. פתח
m.da.bq		מִפְתָּן		מִפְתָּן v. פתן
m.da.br		מֵץ		מֵץ מוּץ v. מיץ
m.da.bs		מֹץ		מֹץ v. מוץ
m.db.aa	H4672	מָצָא	root	מָצָא 452 vb. attain to, find Qal find find out = come upon, light upon noteworthy phrases Niph. pass. of Qal, be found Hiph. cause to find, attain cause to light upon, come upon, come cause to encounter present unto
m.db.ab		מֹצָא		מֹצָא v. מוֹצָא sub. יצא
m.db.ac		מַצָּב		מַצָּב מֻצָּב מַצָּבָה מַצֵּבָה מַצֶּ֫בֶת v. נצב
m.db.ad	H4677	מְצֹבָיָה		מְצֹבָיָה c. art. 1 Ch 11:47, dub.; the previous n.pr. seems to call for adj.gent., but form not suitable, and poss. deriv. unknown
m.db.ae		מְצָד		מְצָד מְצֹדָה מְצֻדָה v. צוד
m.dc.aa	H4680	מָצָה	root	[מָצָה] vb. drain, drain out Qal drain, drain out Niph. and the blood (of the bird) shall be drained out; water of abundance is drained (i.e. drunk) by them
m.dc.ab		מַצָּה		מַצָּה v. מצץ
m.dc.ac		מַצָּה		מַצָּה v. נצה
m.dc.ad	H4681	מֹצָה		מֹצָה n.pr.loc. in Benj., Jos 18:26
m.dc.ae		מִצְהָלָה		מִצְהָלָה v. צהל
m.dc.af		מָצוֹד		מָצוֹד מְצוֹדָה מְצוּדָה v. צוד
m.dc.ag		מִצְוָה		מִצְוָה v. צוה
m.dc.ah		מְצוֹלָה		מְצוֹלָה מְצוּלָה מְצֻלָה v. צול
m.dc.ai		מָצוֹק		מָצוֹק מְצוּקָה v. צוק
m.dc.aj		מָצוּק		מָצוּק v. צוק
m.dc.ak		מָצוֹר		מָצוֹר מְצוּרָה v. צור
m.dc.al		מָצוֹר		מָצוֹר v. מצר v. מִצְרַיִם
m.dc.am		מַצּוּת		מַצּוּת v. נצה
m.dd.aa		מצח	root	מצח (√ of foll.)
m.dd.ab	H4696	מֵ֫צַח		מֵ֫צַח n.m. brow, forehead
m.dd.ac	H4697	מִצְחָה		[מִצְחָה] n.f. greave(s);—only sg. cstr. 1 S 17:6
m.dd.ad		מְצִלָּה		מְצִלָּה מְצִלִתַּיִם v. צלל
m.dd.ae		מְצֻלָה		מְצֻלָה v. צול
m.dd.af		מִצְנֶ֫פֶת		מִצְנֶ֫פֶת v. צנף
m.dd.ag		מַצָּע		מַצָּע v. יצע
m.dd.ah		מִצְעָד		מִצְעָד v. צעד
m.dd.ai		מִצְעָר		מִצְעָר v. צער
m.dd.aj		מִצְפֶּה		מִצְפֶּה מִצְפָּה v. צפה
m.dd.ak		מַצְפּוּנִים		מַצְפּוּנִים v. צפן
m.de.aa	H4711	מָצַץ	root	[מָצַץ] vb. drain out;—only Qal Is 66:11
m.de.ab	H4682	מַצָּה		מַצָּה n.f. unleavened bread, or cake(s)
m.de.ac		מָצֻק		מָצֻק v. מָצוּק sub. צוק
m.de.ad		מְצֻקָה		מְצֻקָה v. מצוּקָה sub. צוק
m.de.ae		מֻצֶ֫קֶת		מֻצֶ֫קֶת v. מוּצ׳ sub. יצק
m.de.af		מֵצַר		מֵצַר v. צרר
m.df.aa		מצר	root	מצר (√ of foll.)
m.df.ab	H4714	מִצְרַ֫יִם		מִצְרַ֫יִם 681 n.pr.terr. et gent. Egypt, Egyptians of land, Egypt combinations of people: in table of nations, personif. as second son of Ham = Egypt (as a people), Egyptians
m.df.ac	H4693	מָצוֹר		מָצוֹר n.pr.terr. = מִצְרַיִם; only poet.
m.df.ad	H4713	מִצְרִי		מִצְרִי adj. gent. Egyptian
m.df.ae		מְצֻרָה		מְצֻרָה v. מְצוּרָה sub. צור
m.df.af		מַצְרֵף		מַצְרֵף v. צרף
m.df.ag		מַצֻּת		מַצֻּת v. מַצּוּת sub. נצה
m.df.ah		מַק		מַק מָק v. מקק
m.df.ai		מַקֶּ֫בֶת		מַקֶּ֫בֶת v. נקב
m.df.aj	H4719	מַקֵּדָה		מַקֵּדָה n.pr.loc. in Judah, near Beth Horon, and Libnah, where was a cave, captured by Joshua, with a king
m.df.ak		מִקְדָּשׁ		מִקְדָּשׁ v. קדשׁ
m.df.al		מַקְהֵלִים		מַקְהֵלִים מַקְהֵלֹת v. קהל
m.df.am		מִקְוֶא		מִקְוֶא מִקְוֶה מִקְוָה v. קוה
m.df.an		מָקוֹם		מָקוֹם v. קום
m.df.ao		מָקוֹר		מָקוֹר v. קור
m.df.ap		מִקָּח		מִקָּח מִקָּחָה v. לקח
m.df.aq		מִקְטָר		מִקְטָר מִקְטֶ֫רֶת v. קטר
m.df.ar	H4731	מַקֵּל		מַקֵּל n.m. rod, staff branch of tree as rod, stick, used by Jacob in breeding his flocks staff, used in journeying wand of diviner
m.df.as	H4732	מִקְלוֹת		מִקְלוֹת n.pr.m. a Benjamite an officer of David
m.df.at		מִקְלָט		מִקְלָט v. קלט
m.df.au		מִקְלַ֫עַת		מִקְלַ֫עַת v. קלע
m.df.av		מָקֹם		מָקֹם v. מָקוֹם sub. קום
m.df.aw		מִקְנֶה		מִקְנֶה מִקְנָה מִקְנֵיָ֫הוּ v. קנה
m.df.ax		מִקְסָם		מִקְסָם v. קסם
m.df.ay		מַקִּפִים		מַקִּפִים v. נקף
m.df.az	H4739	מָקַץ		מָקַץ n.pr.loc. in Israel, site unknown, 1 K 4:9
m.df.ba		מִקְצוֹעַ		מִקְצוֹעַ מִקְצֹעַ מַקְצוּעָה מְקֻצְעֹת v. קצע
m.df.bb		מִקְצָת		מִקְצָת v. קְצָת
m.dg.aa	H4743	מָקַק	root	[מָקַק] vb. decay, rot, fester, fig. pine away Niph. fester, of wounds rot, rot away moulder away of pining away by reason of, as punishment for, iniquity Hiph. a causing his flesh to rot
m.dg.ab	H4716	מַק		מַק n.m. decay, rottenness;—Is 3:24; fig. 5:24
m.dg.ac		מִקְרָא		מִקְרָא v. קרא
m.dg.ad		מִקְרֶה		מִקְרֶה מְקָרֶה v. קרה
m.dg.ae		מְקֵרָה		מְקֵרָה v. קרר
m.dg.af		מִקְשָׁה		מִקְשָׁה מִקְשֶׁה v. קשׁה
m.dg.ag		מִקְשָׁה		מִקְשָׁה v. קִשֻּׁאָה
m.dg.ah		מַר		מַר מֹר מָרָא v. מרר
m.dg.ai		מַר		מַר v. מרר
m.dh.aa	H4754	מָרָא	root	[מָרָא] vb. only Hiph.: mng. dub., perh. beat the air, or flap the wings;—Jb 39:18
m.di.aa		מרא	root	מרא (√ of foll., be fat; cf. As. marû III. causat., adj. marû, well-fed, fat; Ar. Arabic be digestible, agree with (of food)).
m.di.ab	H4806	מְרִיא		מְרִיא n.[m.] fatling, fatlings
m.di.ac	H4760	מֻרְאָה		[מֻרְאָה] n.f. crop or alimentary canal, of bird;—Lv 1:16.
m.di.ad		מֹרָא		מֹרָא v. מוֹרָא sub. ירא
m.di.ae		מֶרֹאדַךְ		מֶרֹאדַךְ v. מְרֹדַךְ
m.di.af		מַרְאֶה		מַרְאֶה מַרְאָה v. ראה
m.di.ag		מֹרְאָה		מֹרְאָה v. מרה
m.di.ah		מְראוֹן		מְראוֹן v. שִׁמְרוֹן
m.di.ai		מָרֵאשָׁה		מָרֵאשָׁה v. מָרֵשָׁה
m.di.aj		מְרַאֲשׁוֹת		מְרַאֲשׁוֹת v. ראשׁ
m.di.ak	H4764	מֵרָב		מֵרָב n.pr.f. elder daughter of Saul, promised to David, but given to Adriel
m.di.al		מַרְבַדִּים		מַרְבַדִּים v. רבד
m.di.am		מִרְבָּה		מִרְבָּה מַרְבֶּה מַרְבִּית v. רבה
m.di.an		מַרְבֵּץ		מַרְבֵּץ v. רבץ
m.di.ao		מַרְבֵּק		מַרְבֵּק v. רבק
m.di.ap		מַרְגּוֹעַ		מַרְגּוֹעַ v. רגע
m.di.aq		מַרְגְּלוֹת		מַרְגְּלוֹת v. רגל
m.di.ar		מַרְגֵּמָה		מַרְגֵּמָה v. רגם
m.di.as		מַרְגֵּעָה		מַרְגֵּעָה v. רגע
m.dj.aa	H4775	מָרַד	root	[מָרַד] vb. rebel
m.dj.ab	H4777	מֶ֫רֶד		מֶ֫רֶד n.[m.] rebellion, revolt, against י׳, Jos 22:22 (P)
m.dj.ac	H4778	מֶ֫רֶד		מֶ֫רֶד n.pr.m. name in Judah
m.dj.ad	H4780	מַרְדּוּת		מַרְדּוּת n.f. rebellion, rebelliousness, only in 1 S 20:30
m.dj.ae	H4781	מְרֹדָךְ		מְרֹדָךְ n.pr.div. chief god of Babylon in Nebuchadrezzar’s time (As. Mar(u)duk(u));—Je 50:2
m.dj.af	H1255	מְרֹדַךְ בַּלְאֲדָן		מְרֹדַךְ בַּלְאֲדָן n.pr.m. king of Babylon (As. Marduk-abal-idinna, Marduk has given a son)
m.dj.ag	H4782	מָרְדֳּכַי		מָרְדֳּכַי (van d. H מָרְדְּכַי) n.pr.m. Mordecai companion of Zerub. cousin and adoptive father of Esther
m.dj.ah		מֻרְדָּף		מֻרְדָּף v. רדף v. רדה
m.dk.aa	H4784	מָרָה	root	מָרָה vb. be contentious, refractory, rebellious Qal be disobedient, rebellious Hiph. shew disobedience, rebelliousness
m.dk.ab	H4805	מְרִי		מְרִי n.m. rebellion
m.dk.ac	H3236	יִמְרָה		יִמְרָה n.pr.m. 1 Ch 7:36 a chief of Asher.
m.dk.ad		מָרָה		מָרָה מָרָּה מֹרָה v. מרר
m.dk.ae		מֹרֶה		מֹרֶה v. ירה v. מוֹרֶה
m.dk.af		מָרוּד		מָרוּד v. רוד
m.dk.ag		מֵרוֹז		מֵרוֹז v. ארז
m.dk.ah	H4790	מָרוֹחַ		[מָרוֹחַ] n.[m.] dub., only cstr. Lv 21:20; √ either מָרַח rub = a rubbing away of the testicle; or רָוַח be roomy, enlarged = enlargement
m.dk.ai		מָרוֹם		מָרוֹם v. רום
m.dk.aj	H4792	מֵרוֹם		מֵרוֹם n.pr.loc. only in Jos 11:5, 7 waters of Merom, in N. Canaan
m.dk.ak		מְרוֹן		מְרוֹן v. שִׁמְרוֹן
m.dk.al		מֵרוֹץ		מֵרוֹץ מְרוּצָה v. רוץ
m.dk.am		מְרוּצָה		מְרוּצָה v. רצץ
m.dk.an		מְרוּקִים		מְרוּקִים v. מרק
m.dk.ao	H4796	מָרוֹת		מָרוֹת n.pr.loc. in (Shephelah of) Judah Mi 1:12
m.dk.ap		מַרְזֵחַ		מַרְזֵחַ v. רזח
m.dl.aa	H4799	מָרַח	root	[מָרַח] vb. rub;—Qal Is 38:21
m.dl.ab		מֶרְחָב		מֶרְחָב מֶרְחַבְיָה v. רחב
m.dl.ac		מֶרְחָק		מֶרְחָק v. רחק
m.dl.ad		מַרְחֶ֫שֶׁת		מַרְחֶ֫שֶׁת v. רחשׁ
m.dm.aa	H4178	מָרַט	root	[מָרַט] vb. make smooth, bare, bald; scour, polish Qal make bare scour, polish Niph. his head is made bald Pu. scoured, polished
m.dm.ab		מְרִי		מְרִי v. מרה
m.dm.ac		מְרִי־בַ֫עַל		מְרִי־בַ֫עַל מְרִיב־בַּ֫עַל v. ריב
m.dm.ad		מְרִיבָה		מְרִיבָה v. ריב
m.dm.ae	H4811	מְרָיָה		מְרָיָה n.pr.m. a priest in days of h.p. Joiakim Ne 12:12
m.dm.af	H4179	מֹרִיָּה		מֹרִיָּה, מוֹרִיָּה n.pr.loc. place for sacrificing Isaac; site of temple
m.dm.ag	H4812	מְרָיוֹת		מְרָיוֹת n.pr.m. descendant of Aaron grandfather of Ahitub and great-grandfather of Zadok as son of Ahitub and father of Zadok name of a priestly house
m.dm.ah	H4813	מִרְיָם		מִרְיָם n.pr.f. et m. f. sister of Moses Aaron m. (prob.) a Judahite
m.dm.ai		מְרִירוּת		מְרִירוּת מְרִירִי v. מרר
m.dm.aj		מֹ֫רָךְ		מֹ֫רָךְ v. רכך
m.dm.ak		מֶרְכָּב		מֶרְכָּב מֶרְכָּבָה v. רכב
m.dm.al		מַרְכֹּ֫לֶת		מַרְכֹּ֫לֶת v. רכל
m.dm.am		מִרְמָה		מִרְמָה v. רמה
m.dm.an	H4821	מִרְמָה		מִרְמָה n.pr.m. a Benjamite 1 Ch 8:10
m.dm.ao	H4822	מְרֵמוֹת		מְרֵמוֹת n.pr.m. priest, time of Zerub. priest, time of Ezra and Neh. one of those who had taken strange wives
m.dm.ap		מִרְמַס		מִרְמַס v. רמס
m.dm.aq	H4824	מֵרֹנֹתִי		מֵרֹנֹתִי adj.gent. (deriv. unknown) c. art. as subst. = the Merothonite
m.dm.ar	H4825	מֶ֫רֶס		מֶ֫רֶס n.pr.m. a Persian noble Est 1:14.
m.dm.as	H4826	מַרְסְנָא		מַרְסְנָא n.pr.m. a Persian noble Est 1:14.
m.dm.at		מֵרֵעָ		מֵרֵעָ v. רעה
m.dm.au		מִרְעֶה		מִרְעֶה מַרְעִית v. רעה
m.dm.av	H4831	מַרְעֲלָה		מַרְעֲלָה n.pr.loc. on border of Zebulun Jos 19:11.
m.dm.aw		מַרְפֵּא		מַרְפֵּא מַרְפֵּה v. רפא
m.dm.ax		מִרְפָּשׂ		מִרְפָּשׂ v. רפשׂ
m.dn.aa	H4834	מָרַץ	root	[מָרַץ] vb. be sick, only in der. species Niph. a sore, grievous destruction Hiph. what sickens thee
m.dn.ab		מְרֻצָה		מְרֻצָה v. מְרוּצָה sub. רוץ
m.dn.ac		מַרְצֵעַ		מַרְצֵעַ v. רצע
m.dn.ad		מַרְצֶ֫פֶת		מַרְצֶ֫פֶת v. רצף
m.do.aa	H4838	מָרַק	root	[מָרַק] vb. scour, polish Qal polish the lances! Pt.pass. polished Hiph. blows that cut in, cleanse away evil Pu. be well scoured
m.do.ab	H4795	מָרוּק		[מָרוּק] n.[m.] a scraping, rubbing;—only pl. sf. Est 2:12
m.do.ac	H8562	תַּמְרוּק		תַּמְרוּק n.[m.] id. [m.do.ab]
m.dp.aa		מרק	root	מרק (√ of foll.; cf. Ar. Arabic fill a pot with rich broth (Frey Wahrm)).
m.dp.ab	H4839	מָרָק		מָרָק n.m. juice stewed out of meat, or broth
m.dp.ac		מֶרְקָח		מֶרְקָח מֶרְקָחָה מִרְקַ֫חַת v. רקח
m.dq.aa	H4843	מָרַר	root	מָרַר vb. be bitter Qal be bitter Pi. make bitter, shew bitterness Hiph. make bitter, shew bitterness Hithpalp. and the king of the south shall embitter himself (be enraged)
m.dq.ab	H4751	מַר		מַר adj. and subst. bitter, bitterness
m.dq.ac	H4753	מֹר		מֹר, מוֹר n.m. Ct 6:5 myrrh (fr. bitter taste)
m.dq.ad		מָרָא		מָרָא v. מַר
m.dq.ae	H4785	מָרָה		מָרָה n.pr.f. of bitter spring in Sinaitic penins.
m.dq.af	H4787	מָרָּה		[מָרָּה] n.f. bitterness;—cstr. Pr 14:10
m.dq.ag	H4786	מֹרָה		[מֹרָה] n.f. id. [m.dq.af], cstr. Gn 26:35 (P) bitterness of spirit (= grief of mind).
m.dq.ah	H4844	מָרֹר		[מָרֹר] n.m. bitter thing, bitter herb
m.dq.ai	H4846	מְרֹרָה		[מְרֹרָה] n.f. bitter thing, gall, poison
m.dq.aj	H4845	מְרֵרָה		[מְרֵרָה] n.f. gall; only sf. Jb 16:13
m.dq.ak	H4815	מְרִירִי		מְרִירִי adj. bitter
m.dq.al	H4814	מְרִירוּת		מְרִירוּת n.f. bitterness;—Ez 21:11
m.dq.am	H4470	מֶ֫מֶר		מֶ֫מֶר n.[m.] bitterness;—Pr 17:25
m.dq.an	H4472	מַמְרוֹר		מַמְרוֹר [n.m.] bitter thing;—only pl. Jb 9:18
m.dq.ao	H8563	תַּמְרוּר		[תַּמְרוּר] n.m. bitterness
m.dq.ap	H4847	מְרָרִי		מְרָרִי n.pr.m. a son of Levi, and head of a chief Levit. family
m.dq.aq	H4848	מְרָרִי		מְרָרִי adj.gent. of above [m.dq.ap], only c. art. as subst. coll. הַמּ׳ Nu 26:57.
m.dr.aa		מרר	root	מרר (√ of foll.; perhaps (so Thes) cf. Ar. Arabic pass by, go, sts. flow, Arabic cause to flow, Arabic water-course).
m.dr.ab	H4752	מַר		מַר n.[m.] drop, only Is 40:15
m.dr.ac	H4762	מָרֵשָׁה		מָרֵשָׁה and מָרֵאשָׁה n.pr.loc. (etym. dub.) in (the Shephelah of) Judah
m.dr.ad		מִרְשַׁ֫עַת		מִרְשַׁ֫עַת v. רשׁע
m.dr.ae		מֹרַשְׁתִּי		מֹרַשְׁתִּי v. ירשׁ
m.dr.af	H4850	מְרָתַיִם		מְרָתַיִם used as n.pr.f. = Babylon, Je 50:21; perh. = Double rebellion (du.)
m.dr.ag	H4854	מַשָּׂא		מַשָּׂא n.pr.gent. et terr. ‘son’ of Ishmael realm of king Lemuel
m.dr.ah		מַשָּׂא		מַשָּׂא מַשֹּׂא מַשָּׂאָה מַשְׂאֵת v. נשׂא
m.dr.ai		מַשֻּׂאוֹת		מַשֻּׂאוֹת v. מַשּׁוּאוֹת sub. נשׁא
m.dr.aj		מִשְׂגָּב		מִשְׂגָּב v. שׂגב
m.dr.ak		מְשׂוּכָּה		מְשׂוּכָּה v. שׂכך
m.dr.al		מַשּׂוֹר		מַשּׂוֹר v. נשׂר
m.dr.am	H4884	מְשׂוּרָה		מְשׂוּרָה n.f. measure, of water; capacity in gen.
m.dr.an		מָשׂוֹשׂ		מָשׂוֹשׂ v. שׂוֹשׂ
m.dr.ao		מִשְׂחָק		מִשְׂחָק v. שׂחק
m.dr.ap		מַשְׂטֵמָה		מַשְׂטֵמָה v. שׂטם
m.dr.aq		מְשֻׂכָֿה		מְשֻׂכָֿה v. שׂוך
m.dr.ar		מַשְׂכִּיל		מַשְׂכִּיל v. שׂכל
m.dr.as		מַשְׂכִּית		מַשְׂכִּית v. שׂכה
m.dr.at		מַשְׂכֹּ֫רֶת		מַשְׂכֹּ֫רֶת v. שׂכר
m.dr.au		מַשְׂמֵר		מַשְׂמֵר v. שׂמר
m.dr.av		מִשְׂפָּח		מִשְׂפָּח v. שׂפח
m.dr.aw		מִשְׂרָה		מִשְׂרָה v. שׂרה
m.dr.ax		מִשְׂרָפוֹת		מִשְׂרָפוֹת מִשְׂרְפוֹת מַיִם v. שׂרף
m.dr.ay		מַשְׂרֵקָה		מַשְׂרֵקָה v. שׂרק
m.dr.az	H4958	מַשְׂרֵת		מַשְׂרֵת n.m. appar. = pan, dish, only 2 S 13:9
m.dr.ba	H4851	מַשׁ		מַשׁ n.pr.loc. vel gent. as son of Aram
m.dr.bb		מַשָּׁא		מַשָּׁא מַשָּׁאָה v. נשׁא
m.dr.bc	H4852	מֵשָׁא		מֵשָׁא n.pr.loc. limiting territory of Jokṭanites, Gn 10:30
m.dr.bd		מַשְׁאָב		מַשְׁאָב v. שׁאב
m.dr.be		מְשֹׁאָה		מְשֹׁאָה v. מְשׁוֹאָה
m.dr.bf		מַשָּׁאוֹן		מַשָּׁאוֹן מַשֻּׁאוֹת v. נשׁא
m.dr.bg	H4861	מִשְׁאָל		מִשְׁאָל n.pr.loc. in Asher
m.dr.bh		מִשְׁאָלָה		מִשְׁאָלָה v. שׁאל
m.dr.bi	H4863	מִשְׁאֶ֫רֶת		[מִשְׁאֶ֫רֶת] n.f. a household vessel, AV (Ex), RV kneading-trough; vessel in which was dough before it was leavened
m.dr.bj		מְשֻׁבָה		מְשֻׁבָה v. מְשׁוּבָה
m.dr.bk		מִשְׁבְּצוֹת		מִשְׁבְּצוֹת v. שׁבץ
m.dr.bl		מַשְׁבֵּר		מַשְׁבֵּר מִשְׁבָּר v. שׁבר
m.dr.bm		מִשְׁבָּת		מִשְׁבָּת v. שׁבת
m.dr.bn		מִשְׁגֶּה		מִשְׁגֶּה v. שׁגה
m.ds.aa	H4871	מָשָׁה	root	[מָשָׁה] vb. draw Qal out of the water I drew him Hiph. fig.
m.ds.ab	H4872	מֹשֶׁה		מֹשֶׁה 767 n.pr.m. Moses, the great Hebrew leader, prophet and lawgiver
m.ds.ac		מַשֶּׁה		מַשֶּׁה v. נשׁה
m.ds.ad		מְשׁוֹאָה		מְשׁוֹאָה מְשֹׁאָה v. שׁוא
m.ds.ae		מַשּׁוּאוֹת		מַשּׁוּאוֹת v. נשׁא
m.ds.af		מְשׁוֹבָב		מְשׁוֹבָב v. שׁוב
m.ds.ag		מְשׁוּבָה		מְשׁוּבָה v. שׁוב
m.ds.ah		מְשׁוּגָה		מְשׁוּגָה v. שׁוג
m.ds.ai		מָשׁוֹט		מָשׁוֹט מִשּׁוֹט v. שׁוט
m.ds.aj		מְשׁוּסָּה		מְשׁוּסָּה v. שׁסס
m.dt.aa	H4886	מָשַׁח	root	מָשַׁח vb. smear, anoint Qal smear, house with colour (paint) anoint, as consecration, solemn setting apart to an office, always by use of oil poured on the head anoint, consecrate to religious service Niph. be anointed
m.dt.ab	H4888	מִשְׁחָה		מִשְׁחָה n.f. ointment consecrated portion
m.dt.ac	H4888	מָשְׁחָה		מָשְׁחָה n.f. consecrated portion;—Nu 18:8 (P).
m.dt.ad	H4899	מָשִׁיחַ		מָשִׁיחַ n.m. anointed king of Israel anointed by divine command high priest of Israel Cyrus as commissioned by י׳ Messianic prince patriarchs, regarded as anointed kings
m.dt.ae	H4473	מִמְשַׁח		מִמְשַׁח n.[m.] dub.; only in Ez 28:14 cherub of expansion
m.dt.af		מַשְׁחִית		מַשְׁחִית מַשְׁחֵת מִשְׁחַת מָשְׁחָת v. שׁחת
m.dt.ag		מִשְׁחָר		מִשְׁחָר v. שׁכר
m.dt.ah		מִשְׁטוֹחַ		מִשְׁטוֹחַ מִשְׁטָח v. שׁטח
m.dt.ai		מִשְׁטָר		מִשְׁטָר v. שׁטר
m.dt.aj	H4897	מֶ֫שִׁי		מֶ֫שִׁי n.[m.] a costly material for garments, acc. to Rabb. silk;—abs. Ez 16:13
m.dt.ak		מֻשִׁי		מֻשִׁי v. מוּשִׁי
m.dt.al	H4898	מְשֵׁיזַבְאֵל		מְשֵׁיזַבְאֵל n.pr.m. Jewish name in Persian period
m.du.aa	H4900	מָשַׁךְ	root	מָשַׁךְ vb. draw, drag Qal draw and lift out of draw the bow proceed, march draw out a sound, give a sound draw out, prolong, continue trail seed (draw along in sowing) (late) cheer (draw, attract, gratigy) Niph. they shall not be prolonged (days of Babylon); it shall not be postponed Pu. long drawn out: of persons, = tall; hope postponed, deferred
m.du.ab	H4901	מֶ֫שֶׁךְ		[מֶ֫שֶׁךְ] n.[m.] a drawing, drawing up, a trail
m.du.ac	H4902	מֶ֫שֶׁךְ		מֶ֫שֶׁךְ n.pr.gent. the Moschi;—‘son’ of Japeth
m.du.ad	H4189	מֹשֶׁכֶת		[מֹשֶׁכֶת] n.f. cord;—only pl. cstr. Jb 38:31
m.du.ae		מִשְׁכָּב		מִשְׁכָּב v. שׁכב
m.du.af		מִשְׁכָּן		מִשְׁכָּן v. שׁכן
m.du.ag		מָשָׁל		מָשָׁל v. מִשְׁאָל
m.dv.aa	H4911	מָשַׁל	root	[מָשַׁל] vb. represent, be like Niph. be like, similar Hiph. compare Hithp. and I have become like dust
m.dv.ab	H4912	מָשָׁל		מָשָׁל n.m. proverb, parable (of sentences constructed in parallelism, usu. of Hebrew Wisdom, but occas. of other types)
m.dv.ac	H4911	מָשַׁל		מָשַׁל vb. denom. use a proverb, speak in parables or sentences of poetry, esp. Ezek. Qal use a proverb Pi. is he not a maker of parables?
m.dv.ad	H4915	מֹ֫שֶׁל		[מֹ֫שֶׁל] n.[m.] likeness, one like; only sf. Jb 41:25
m.dv.ae	H4914	מְשֹׁל		מְשֹׁל n.[m.] by-word, only cstr. Jb 17:6
m.dw.aa	H4910	מָשַׁל	root	מָשַׁל vb. rule, have dominion, reign Qal human subj., rule, have dominion over of heavenly bodies of God Hiph. cause to rule; exercise dominion
m.dw.ab	H4915	מֹ֫שֶׁל		[מֹ֫שֶׁל] n.[m.] dominion;—sf. Zc 9:10 (of Mess. king); Dn 11:4 (of Alexander).
m.dw.ac	H4474	מִמְשָׁל		מִמְשָׁל n.[m.] dominion, ruler (late)
m.dw.ad	H4475	מֶמְשָׁלָה		מֶמְשָׁלָה n.f. rule, dominion, realm
m.dw.ae		מִשְׁלָח		מִשְׁלָח מִשְׁלֹחַ מִשְׁלַ֫חַת v. שׁלח
m.dw.af		מְשֻׁלָּם		מְשֻׁלָּם מְשִׁלֵּ(י)מוֹת מְשֶׁלֶמְיָה(וּ) v. שׁלם
m.dw.ag		מְשִׁלֵּמִית		מְשִׁלֵּמִית מְשֻׁלֶּ֫מֶת v. שׁלם
m.dw.ah		מִשֶּׁלָּ֫נוּ		מִשֶּׁלָּ֫נוּ v. שֶׁ׳
m.dw.ai		מִשְׁלֹשׁ		מִשְׁלֹשׁ שָׁלוֹשׁ שָׁלֹשׁ v. שׁלשׁ
m.dw.aj		מְשַׁמָּה		מְשַׁמָּה v. שׁמם
m.dw.ak		מִשְׁמָן		מִשְׁמָן מִשְׁמַנָּה מַשׁ׳ מַשְׁמַנִּים v. שׁמן
m.dw.al		מִשְׁמָע		מִשְׁמָע מִשְׁמַ֫עַת v. שׁמע
m.dw.am		מִשְׁמָר		מִשְׁמָר מִשְׁמֶ֫רֶת v. שׁמר
m.dw.an		מִשְׁנֶה		מִשְׁנֶה v. שׁנה
m.dw.ao		מְשִׁסָּה		מְשִׁסָּה v. שׁסס
m.dx.aa		משׁע	root	משׁע (cf. As. misû, cleanse, wash, cf. Dl HWB; whence might come foll.—though שׁ = s is surprising—cf. Dl Baer, Ezech. xiv).
m.dx.ab	H4935	מִשְׁעִי		מִשְׁעִי n.f. cleansing, only Ez 16:4
m.dx.ac		מִשְׁעוֹל		מִשְׁעוֹל v. שׁעל
m.dx.ad	H4936	מִשְׁעָם		מִשְׁעָם n.pr.m. name in Benjamin 1 Ch 8:12.
m.dx.ae		מִשְׁעָן		מִשְׁעָן מַשְׁעֵן מַשְׁעֵנָה מִשְׁעֶ֫נֶת v. שׁען
m.dx.af		מִשְׁפָּחָה		מִשְׁפָּחָה v. שׁפח
m.dx.ag		מִשְׁפָּט		מִשְׁפָּט v. שׁפט
m.dx.ah		מִשְׁפְּתַיִם		מִשְׁפְּתַיִם v. שׁפת
m.dy.aa		משׁק	root	משׁק (assumed as √ of two following, but wholly dubious).
m.dy.ab	H4943	מֶ֫שֶׁק		מֶ֫שֶׁק n.[m.] acquisition, possession, only Gn 15:2
m.dy.ac	H4476	מִמְשָׁק		[מִמְשָׁק] n.[m.] possession (? so RV), perh. better place of possession, place possessed by; only cstr. Zp 2:9
m.dy.ad		מַשָּׁק		מַשָּׁק v. שׁקק
m.dy.ae		מַשְׁקֶה		מַשְׁקֶה v. שׁקה
m.dy.af		מִשְׁקוֹל		מִשְׁקוֹל מִשְׁקָל מִשְׁקֶ֫לֶת מִשְׁקֹ֫לֶת v. שׁקל
m.dy.ag		מַשְׁקוֹף		מַשְׁקוֹף v. שׁקף
m.dy.ah		מִשְׁקָע		מִשְׁקָע v. שׁקע
m.dy.ai		מִשְׁרָה		מִשְׁרָה v. שׁרה
m.dy.aj		מֵשָׁרִים		מֵשָׁרִים v. מֵישָׁרִים sub. ישׁר
m.dy.ak	H4954	מִשְׁרָעִי		מִשְׁרָעִי adj.gent. (deriv. unknown), only c. art. as n.coll. 1 Ch 2:53 the Mishra‛ites, a family of Kirjath Jearim
m.dz.aa	H4959	מָשַׁשׁ	root	[מָשַׁשׁ] vb. feel, grope Qal perhaps my father will feel me; and he felt of him Pi. feel over or through, grope Hiph. that one may feel (the) darkness
m.dz.ab		מִשְׁתֶּה		מִשְׁתֶּה v. שׁתה
m.dz.ac		מֵת		מֵת v. מות
m.ea.aa	H4962	מַת	root	[מַת] n.m. male, man males, men usu. less emphasis on sex elsewhere only poet.
m.ea.ab	H4967	מְתוּשָׁאֵל		מְתוּשָׁאֵל n.pr.m. descendant of Cain
m.ea.ac	H4968	מְתוּשֶׁ֫לַח		מְתוּשֶׁ֫לַח n.pr.m. descendant of Seth (? man of the dart)
m.ea.ad		מַתְבֵּן		מַתְבֵּן v. תבן
m.eb.aa		מתג	root	מתג (√ of foll.; meaning unknown).
m.eb.ab	H4964	מֶ֫תֶג		מֶ֫תֶג n.m. bridle lit. bridle, for animals fig. = control, authority
m.eb.ac		מְתוּשָׁאֵל		מְתוּשָׁאֵל מְתוּשֶׁ֫לַח v. מַת
m.ec.aa	H4969	מָתַח	root	[מָתַח] vb. spread out;—only Qal Is 40:22
m.ec.ab	H0572	אַמְתַּ֫חַת		אַמְתַּ֫חַת n.f. sack, only Gn 42-44
m.ed.aa	H4970	מָתַי	root	מָתַי 43 interrog.adv. when?
m.ed.ab		מְתִים		מְתִים v. מַת
m.ed.ac		מַתְכֹּ֫נֶת		מַתְכֹּ֫נֶת v. תכן
m.ed.ad		מַתְּלָאָה		מַתְּלָאָה v. תְּלָאָה
m.ed.ae		מְתַלְּעוֹת		מְתַלְּעוֹת v. תלע
m.ed.af		מְתֹם		מְתֹם v. תמם v. מַת
m.ee.aa		מתן	root	מתן (√ of foll.; Ar. Arabic be stout, firm, enduring (Frey Wahrm), II. make stout, firm (Lane)).
m.ee.ab	H4975	מַתְנַ֫יִם		מַתְנַ֫יִם n.m.du. loins
m.ee.ac	H4981	מִתְנִי		מִתְנִי adj.gent. (deriv. unknown);—only 1 Ch 11:43.
m.ee.ad		מַתָּן		מַתָּן מַתָּנָה מַתְּנַי מַתַּנְיָה(וּ) v. נתן
m.ef.aa	H4985	מָתֹק	root	[מָתֹק] vb. become or be sweet, pleasant Qal lit. become sweet = be pleasant suck Hiph. if evil gives a sweet taste in his mouth; we who used to make sweet (our) intimacy.
m.ef.ab	H4986	מֶ֫תֶק		מֶ֫תֶק n.m. sweetness
m.ef.ac	H4987	מֹ֫תֶק		[מֹ֫תֶק] n.[m.] sweetness;—only sf. Ju 9:11
m.ef.ad	H4966	מָתוֹק		מָתוֹק adj. sweet, and n.[m.] sweetness
m.ef.ae	H4989	מִתְקָה		מִתְקָה n.pr.loc. a station of Isr. in desert
m.ef.af	H4477	מַמְתַֿקִּים		מַמְתַֿקִּים n.[m.]pl. sweetness = sweet things
m.ef.ag	H4990	מִתְרְדָת		מִתְרְדָת n.pr.m. name of two Persians; Cyrus’ time Artaxerxes’ time
m.ef.ah		מַתַּת		מַתַּת מַתַּתָּה מַתַּתְיָה(וּ) v. נתן
n.aa.aa		נ	root	נ, ן
n.ab.aa	H4994	נָא	root	נָא part. of entreaty or exhortation, I (we) pray, now (enclitic)
n.ab.ab		נָא		נָא v. ניא
n.ab.ac	H4996	נֹא		נֹא n.pr.loc. No = Thebes
n.ab.ad	H4997	נֹאד		נֹאד n.m. skin-bottle, skin
n.ac.aa	H4998	נָאָה	root	[נָאָה] vb. only Pi‛lel be comely, befitting
n.ac.ab	H5000	נָאוֶה		נָאוֶה adj. comely, seemly
n.ac.ac		נְאוֹת		נְאוֹת v. נָוָה sub. נוה
n.ad.aa		נאם	root	נאם
n.ad.ab	H5002	נְאֻם		נְאֻם 376 n.m. utterance
n.ad.ac	H5001	נָאַם		[נָאַם] vb. denom. utter a prophecy, speak as prophet;—Qal Je 23:31
n.ae.aa	H5003	נָאַף	root	[נָאַף] vb. commit adultery
n.ae.ab	H5004	נִאֻף		[נִאֻף] n.[m.] adultery
n.ae.ac	H5005	נַאֲפוּף		[נַאֲפוּף] n.[m.] adultery;—only pl. sf. Ho 2:4
n.af.aa	H5006	נָאַץ	root	נָאַץ vb. contemn, spurn Qal contemn Pi. contemn, spurn Hiph. Hithpo‛el every day is my name contemned
n.af.ab	H5007	נְאָצָה		נְאָצָה n.f. contempt, contumely
n.af.ac	H5007	נֶאָצָה		[נֶאָצָה] n.f. contempt (toward י׳), blasphemy
n.ag.aa	H5008	נָאַק	root	נָאַק vb. groan
n.ag.ab	H5009	נְאָקָה		[נְאָקָה] n.f. groan, groaning
n.ah.aa	H5010	נָאַר	root	[נָאַר] vb. only Pi. exact mng. uncertain; prob. (from context) abhor, spurn
n.ah.ab	H5011	נֹב		נֹב n.pr.loc. ancient priestly city just N. of Jerus., station in (ideal) Assyr. march
n.ai.aa		נבא	root	נבא
n.ai.ab	H5030	נָבִיא		נָבִיא 306 n.m. spokesman, speaker, prophet genuine prophet of י׳ false prophets heathen prophets
n.ai.ac	H5012	נָבָא		[נָבָא] vb. denom. prophesy (in oldest forms, of religious ecstasy with or without song and music; later, essentially religious instruction, with occasional predictions) Niph. prophesy under influence of divine spirit of false prophets cf. heathen prophets Hithp. prophesy under influence of divine spirit of heathen prophets of Baal in ecstatic state of false prophets
n.ai.ad	H5016	נְבוּאָה		נְבוּאָה n.f. prophecy (late)
n.ai.ae	H5031	נְבִיאָה		נְבִיאָה n.f. prophetess of the ancient type endowed with gift of song, Miriam of the later type consulted for a word of י׳, Huldah false prophetess, Noadiah wife of Isaiah
n.aj.aa	H5014	נָבַב	root	[נָבַב] vb. hollow out
n.aj.ab		נֹ֫בֶה		נֹ֫בֶה v. נֹב
n.aj.ac	H5015	נְבוֹ		נְבוֹ n.pr.loc. city in Moab city in Judah mt. in Moab, where Moses died
n.aj.ad	H5015	נְבוֹ		נְבוֹ n.pr.div. Nebo;—Babylonian god Is 46:1.
n.aj.ae	H5018	נְבוּזַרְאֲדָן		נְבוּזַרְאֲדָן n.pr.m. (= Nabû-zêr-iddin, Nebo hath given seed);—general of Nebuchadrezzar
n.aj.af	H5019	נְבוּכַדְרֶאצַּר		נְבוּכַדְרֶאצַּר and (incorrectly) נְבוּכַדְנֶאצַּר n.pr.m. Nebuchadrezzar, Nebuchadnezzar (Bab. Nabû-kudurri-uṣur = (prob.) Nebo, protect the boundary!)
n.aj.ag	H5021	נְבוּשַׁזְבַֿן		נְבוּשַׁזְבַֿן n.pr.m. (= Nabû-šêzib-anni, Nebo delivers me);—officer of Nebuchadrezzar, Je 39:13.
n.aj.ah	H5022	נָבוֹת		נָבוֹת 22 n.pr.m. a Jezreelite
n.ak.aa	H5024	נָבַח	root	[נָבַח] vb. bark (of dogs);—Qal only Is 56:10
n.ak.ab	H5025	נֹ֫בַח		נֹ֫בַח n.pr.m. et loc. m. a Manassite loc. in Gilead
n.ak.ac	H5026	נִבְחַז		נִבְחַז n.pr.div. god of men of Avva, 2 K 17:31; name otherwise unknown
n.al.aa	H5027	נָבַט	root	[נָבַט] vb. Pi., Hiph. look Pi. look Hiph. look
n.al.ab	H4007	מַבָּט		[מַבָּט] n.m. expectation = object of hope or confidence
n.al.ac	H5028	נְבָט		נְבָט n.pr.m. father of Jerob. I
n.al.ad	H5032	נְבָיוֹת		נְבָיוֹת n.pr.gent. as (eldest) son of Ishmael (brother of Kedar)
n.al.ae	H5033	נֵ֫בֶךְ		[נֵ֫בֶךְ] n.[m.] spring
n.am.aa		נבל	root	נבל
n.am.ab	H5035	נֵ֫בֶל		נֵ֫בֶל n.m. skin-bottle, skin jar, pitcher
n.am.ac	H5035	נֵ֫בֶל		נֵ֫בֶל, נֶ֫בֶל n.m. a musical instrument, either a portable harp, or a lute, guitar
n.an.aa	H5034	נָבַל	root	נָבַל vb. be senseless, foolish Qal if thou hast been foolish in lifting up thyself Pi. regard or treat as a נָבָל (q.v.), i.e. with contumely
n.an.ab	H5036	נָבָל		נָבָל adj. foolish, senseless, esp. of the man who has no perception of ethical and religious claims, and with collat. idea of ignoble, disgraceful; elsewh. as subst. (impious and presumptuous) fool
n.an.ac	H5037	נָבָל		נָבָל n.pr.m. a churlish man of Carmel, whose widow David married
n.an.ad	H5039	נְבָלָה		נְבָלָה n.f. senselessness (as shewn in disregard of moral and religious claims), esp. of disgraceful sins; also disgrace
n.an.ae	H5040	נַבְלוּת		נַבְלוּת n.f. immodesty, shamelessness, lewdness of Isr. under fig. of adulteress Ho 2:12.
n.ao.aa	H5034	נָבֵל	root	נָבֵל vb. sink or drop down, languish, wither and fall, fade Qal sink or drop down usu. fall like a leaf, or flower wither and fall, fade
n.ao.ab	H5038	נְבֵלָה		נְבֵלָה n.f. carcass, corpse
n.ao.ac	H5041	נְבַלָּ֑ט		נְבַלָּ֑ט n.pr.loc. place where Benjamites dwelt Ne 11:34.
n.ap.aa	H5042	נָבַע	root	[נָבַע] vb. flow, spring, bubble up, poet. and late Qal a flowing wady Hiph. pour out, emit, cause to bubble, belch forth
n.ap.ab	H4002	מַבּוּעַ		מַבּוּעַ n.[m.] spring of water
n.ap.ac		נִבְשָׁן		נִבְשָׁן v. בשׁן
n.aq.aa		נגב	root	נגב
n.aq.ab	H5045	נֶ֫גֶב		נֶ֫גֶב n.[m.] south-country, Negeb, south
n.ar.aa	H5046	נָגַד	root	[נָגַד] 363 vb. be conspicuous Hiph. declare, tell Hoph. be told, announced, reported
n.ar.ab	H5048	נֶ֫גֶד		נֶ֫גֶד 151 subst. what is conspicuous or in front, always as adv. or prep. in front of, in sight of, opposite to
n.ar.ac	H5057	נָגִיד		נָגִיד n.m. leader (lit. prob. one in front), ruler, prince
n.as.aa	H5050	נָגַהּ	root	נָגַהּ vb. shine Qal Hiph. enlighten cause to shine (of moon)
n.as.ab	H5051	נֹ֫גַהּ		נֹ֫גַהּ n.f. brightness
n.as.ac	H5052	נֹ֫גַהּ		נֹ֫גַהּ n.pr.m. a son of David
n.as.ad	H5054	נְגֹהָה		[נְגֹהָה] n.f. brightness; fig. of prosperity;—pl. Is 59:9
n.at.aa	H5055	נָגַח	root	נָגַח vb. push, thrust, gore Qal gore Pi. push or thrust at Hithp. engage in thrusting with, wage war with
n.at.ab	H5056	נַגָּח		נַגָּח adj. addicted to goring
n.au.aa		נגל	root	נגל
n.au.ab	H4038	מַגָּל		מַגָּל n.[m.] sickle
n.av.aa	H5059	נָגַן	root	[נָגַן] vb. touch (strings), play a stringed instrument Qal players Pi. play
n.av.ab	H5058	נְגִינָה		[נְגִינָה] n.f. music
n.av.ac	H4485	מַנְגִּינָה		[מַנְגִּינָה] n.f. (mocking, derisive) song;—La 3:63
n.aw.aa	H5060	נָגַע	root	נָגַע 150 vb. touch, reach, strike Qal touch of י׳ touching earth, mountains, etc. nearly = strike, pass. stricken touch = harm reach, extend to Niph. be stricken, defeated (in battle), i.e. feign to be so Pi. strike (with leprosy, 2 acc.) Pu. be stricken by diseases Hiph. cause to touch; reach, approach, arrive
n.aw.ab	H5061	נֶ֫גַע		נֶ֫גַע 78 n.m. stroke, plague, mark, plague-spot
n.ax.aa	H5062	נָגַף	root	נָגַף vb. strike, smite Qal strike, smite Niph. be smitten Hithp. = stumble
n.ax.ab	H5063	נֶ֫גֶף		נֶ֫גֶף n.m. blow, striking (as judgment, only P)
n.ax.ac	H4046	מַגֵּפָה		מַגֵּפָה n.f. blow, slaughter, plague, pestilence
n.ay.aa	H5064	נָגַר	root	[נָגַר] vb. pour, flow, run Niph. be poured, split pour oneself, flow, trickle, of eye (in tears) fig. vanish be stretched out (?) Hiph. pour down, hurl down Hoph. of mountains melting at theophany.
n.az.aa	H5065	נָגַשׂ	root	[נָגַשׂ] vb. press, drive, oppress, exact Qal press, drive to work exact Pt. (= subst.) driver, taskmaster Niph. hard pressed by enemy; treated harshly of suffering servant of י׳; recipr. tyrannize over each other
n.ba.aa	H5066	נָגַשׁ	root	[נָגַשׁ] 125 vb. draw near, approach Qal draw near or come near Niph. draw near Hiph. cause to approach, bring near, bring Hoph. thy feet have not been brought near (put into) fetters; it (impers.) is offered to my name Hithp. draw near!
n.ba.ab		נֵד		נֵד v. נדד
n.ba.ac		נֹד		נֹד v. נוד
n.bb.aa	H5077	נָדָא	root	[נָדָא] vb. drive away, thrust aside;—only Hiph. Impf. 2 K 17:21 Kt
n.bc.aa	H5068	נָדַב	root	נָדַב vb. incite, impel Qal whose heart incited Hithp. volunteer offer free-will-offerings
n.bc.ab	H5070	נָדָב		נָדָב n.pr.m. (generous, noble) eldest son of Aaron son of Jeroboam a Jerahmeelite a Gibeonite
n.bc.ac	H5071	נְדָבָה		נְדָבָה n.f. voluntariness, freewill offering
n.bc.ad	H5081	נָדִיב		נָדִיב adj. and n.m. inclined, generous, noble incited, inclined, willing noble, princely, in rank noble in mind and character
n.bc.ae	H5082	נְדִיבָה		[נְדִיבָה] n.f. nobility, nobleness
n.bc.af	H5114	נוֹדָ֑ב		נוֹדָ֑ב n.pr.gent. Arab tribe
n.bc.ag	H5072	נְדַבְיָה		נְדַבְיָה n.pr.m. (whom Yah impels);—son of Jeconiah 1Ch 3:18.
n.bd.aa	H5074	נָדַד	root	[נָדַד] vb. retreat, flee, depart, stray, wander, flutter Qal retreat, flee flee, depart wander, stray trans. flutter wings Po‛ēl the sun hath arisen and it (the locust swarm) fleeth away Hiph. chase away Hoph. be chased away Hithpo‛l. flee away
n.bd.ab	H5076	נְדוּד		[נְדוּד] n.[m.] tossing of sleeplessness, only pl. Jb 7:4
n.bd.ac	H5079	נִדָּה		נִדָּה n.f. impurity (as abhorrent, shunned) of ceremonial impurity fig. (with allusion to cerem. usage), impure thing
n.bd.ad	H5206	נִידָה		נִידָה n.f. id. [n.bd.ac];—of Jerusalem La 1:8
n.be.aa		נדד	root	נדד
n.be.ab	H5067	נֵד		נֵד n.m. heap of waters
n.bf.aa	H5077	נָדָה	root	[נָדָה] vb. Pi. put away, exclude
n.bg.aa		נדה	root	נדה
n.bg.ab	H5078	נֶ֑דֶה		נֶ֑דֶה n.m. gift;—Ez 16:33
n.bh.aa	H5080	נָדַח	root	[נָדַח] vb. impel, thrust, banish Qal trans. impel (i.e. wield) an axe thrust away, banish Niph. be impelled be thrust out, banished driven away (fr. herd, i.e.) straying thrust away, aside Pu. thrust into darkness Hiph. thrust, move, impel thrust out, banish thrust away, aside compel, force, subj. adulteress (by flattery) Hoph. chased, hunted
n.bh.ab	H4065	מַדּוּחַ		[מַדּוּחַ] n.[m.] a thing to draw aside, enticement;—pl. La 2:14
n.bh.ac	H5083	נָדָן		[נָדָן, נֶ֫דֶן, נֹ֫דֶן] n.[m.] gift;—Ez 16:33
n.bh.ad	H5084	נָדָן		[נָדָן] n.[m.] sheath;—1 Ch 21:27.
n.bi.aa	H5086	נָדַף	root	[נָדַף] vb. drive, drive asunder
n.bj.aa	H5087	נָדַר	root	נָדַר vb. vow
n.bj.ab	H5088	נֶ֫דֶר		נֶ֫דֶר, נֵ֫דֶר n.m. vow
n.bj.ac		נֹהַּ		נֹהַּ v. נוהּ
n.bk.aa	H5090	נָהַג	root	נָהַג vb. drive, conduct Qal drive fig. my heart behaving itself in wisdom Pi. drive away, lead off lead on, guide cause to drive
n.bk.ab	H4491	מִנְהָג		מִנְהָג n.m. driving, charioteering;—abs. מ׳ 2 K 9:20; cstr. מִנְהַג v 20.
n.bl.aa	H5090	נָהַג	root	[נָהַג] vb. Pi. moan, lament;—Pi. Na 2:8
n.bm.aa	H5091	נָהָה	root	נָהָה vb. wail, lament Qal lament Niph. went mourning after
n.bm.ab	H5092	נְהִי		נְהִי n.[m.] wailing, lamentation, mourning song
n.bm.ac	H5093	נִהְיָה		נִהְיָה n.f. id. [n.bm.ab];—only Mi 2:4
n.bm.ad	H5204	נִי		[נִי] n.[m.] si vera l., wailing (AV RV);—Ez 27:32, but improb.
n.bm.ae		הִי		הִי v. הִי
n.bn.aa	H5095	נָהַל	root	[נָהַל] vb. Pi. lead, guide to a watering-place or station, and cuase to rest there; bring to a station or place of rest; lead, guide; refresh Pi. lead to a watering-place (or station), and cause to rest there lead or bring to a station, a goal lead, guide give rest to refresh with food Hithp. journey by stations, stages
n.bn.ab		נַהֲלָל		נַהֲלָל v. נַהֲלֹל
n.bn.ac	H5097	נַהֲלֹל		נַהֲלֹל n.m. pasture, or perh. watering-place, only pl. Is 7:19.
n.bn.ad	H5096	נַהֲלֹל		נַהֲלֹל n.pr.loc. Ju 1:30 in Zebulun; = נַהֲלָל Jos 19:15 21:35
n.bo.aa	H5098	נָהַם	root	[נָהַם] vb. growl, groan
n.bo.ab	H5099	נַ֫הַם		נַ֫הַם n.[m.] growling of lion;—fig. of king’s wrath
n.bo.ac	H5100	נְהָמָה		[נְהָמָה] n.f. growling, groaning
n.bp.aa	H5101	נָהַק	root	[נָהַק] vb. bray, cry
n.bq.aa	H5102	נָהַר	root	[נָהַר] vb. flow, stream
n.bq.ab	H5104	נָהָר		נָהָר 120 n.m. stream, river
n.br.aa	H5102	נָהַר	root	נָהַר vb. shine, beam
n.br.ab	H5105	נְהָרָה		נְהָרָה n.f. light, daylight;—Jb 3:4
n.br.ac	H4492	מִנְהָרָה		[מִנְהָרָה] n.f. dub., only pl. Ju 6:2
n.bs.aa	H5106	נוא	root	[נוא] vb. hinder, restrain, frustrate Qal but read Hiph. Hiph. restrain, forbid (performance of vow); frustrate (device of people); refuse refrain, make averse the heart
n.bs.ab	H8569	תְּנוּאָה		[תְּנוּאָה] n.f. opposition
n.bt.aa	H5107	נוּב	root	[נוּב] vb. bear fruit (poet.) Qal only fig., abs. of righteous under fig. of tree; if wealth beareth fruit; beareth the fruit of wisdom. Po‛l. fig. for makes to flourish.
n.bt.ab	H5108	נוֹב		נוֹב Kt (Qr נִיב, q.v.) n.[m.] fruit;—cstr. Is 57:19 fruit of lips (fig. for thanksgiving).
n.bt.ac	H5108	נִיב		[נִיב] n.[m.] fruit
n.bt.ad	H5109	נוֹבָ֑י		נוֹבָ֑י n.pr.m. a chief of people Ne 10:20 Qr נִיבָ֑י
n.bt.ae	H8570	תְּנוּבָה		תְּנוּבָה n.f. fruit, produce
n.bu.aa	H5110	נוּד	root	נוּד vb. move to and fro, wander, shudder, shew grief Qal move to and fro, wander aimlessly, as fugitive flutter waver, wave, shake shew grief (i.e. by shaking or nodding head) Hiph. cause to wander aimlessly, as fugitives make a wagging, wag with the head Hoph. and the worthless, like briers made to flutter (tossed away) are they Hithpo‛lel move oneself to and fro, sway, totter shake oneself, in excitement bemoan oneself
n.bu.ab	H5112	נוֹד		[נוֹד, נֹד] n.[m.] wandering of aimless fugitive;—only sf. ψ 56:9
n.bu.ac	H5113	נוֹד		נוֹד appar. n.pr.terr. Gn 4:16 of region into which Cain wandered
n.bu.ad	H5205	נִיד		נִיד n.m. quivering motion of lips;—only cstr. Jb 16:5
n.bu.ae		נִידָה		נִידָה v. נִדָּה sub. נדד
n.bu.af	H4493	מָנוֹד		[מָנוֹד] n.[m.] a shaking, wagging
n.bv.aa		נוהּ	root	נוהּ
n.bv.ab	H5089	נֹהַּ		נֹהַּ n.[m.] eminency, distinction;—Ez 7:11
n.bw.aa	H5115	נָוָה	root	[נָוָה] vb. only Hiph. (si vera l.) lit. beautify
n.bx.aa		נוה	root	נוה
n.bx.ab	H5116	נָוֶה		נָוֶה n.m. abode of shepherd, or flocks, poet. habitation abode, of sheep abode of shepherds = meadow habitation, usu. of country, or of domains in the country (chiefly poet.)
n.bx.ac	H5115	נָוָה		[נָוָה] vb. denom. dwell, abide;—only Qal Hb 2:5
n.bx.ad	H5116	נָוֶה		[נָוֶה] adj. dwelling, abiding
n.bx.ae	H4999	נָוָה		[נָוָה] n.f. pasture, meadow
n.bx.af	H5121	נוית		נוית Kt (i.e. נָוִית), נָיוֹת Qr; prob. n.pr.loc. in Ramah
n.by.aa	H3240	נוּחַ	root	נוּחַ vb. rest Qal rest, settle down and remain repose, be quiet, have rest Hiph. cause to rest = give rest to cause to rest (i.e. light) upon lay or set down, deposit, let lie let remain, leave (in present condition) leave = depart from abandon let alone (refrain from interfering with) permit Hoph. no rest is granted to us as subst. = space left, open space
n.by.ab		נוֹחַ		נוֹחַ v. נוח
n.by.ac		נוּחַ		נוּחַ v. מְנוּחָה
n.by.ad	H5119	נוֹחָה		נוֹחָה n.pr.m. 4th son of Benjamin acc. to 1 Ch 8:2.
n.by.ae	H5183	נַ֫חַת		נַ֫חַת n.[f.] quietness, rest
n.by.af	H5146	נֹחַ		נֹחַ 46 n.pr.m. Noah
n.by.ag	H5207	נִיחֹחַ		נִיחֹחַ and נִיחוֹחַ 43 n.[m.] a quieting, soothing, tranquilizing
n.by.ah	H2010	הֲנָחָה		הֲנָחָה n.f. a giving of rest, i.e. perh. holiday-making;—Est 2:18
n.by.ai	H3239	יָנוֹחַ		יָנוֹחַ n.pr.loc. in extreme N. of Isr. 2 K 15:29
n.by.aj	H3239	יָנ֫וֹחָה		יָנ֫וֹחָה n.pr.loc. on border of Ephraim
n.by.ak	H4494	מָנוֹחַ		מָנוֹחַ n.m. resting-place, state, or condition of rest
n.by.al	H4495	מָנוֹחַ		מָנוֹחַ 18 n.pr.m. father of Samson
n.by.am	H4496	מְנוּחָה		מְנוּחָה, מְנֻחָה n.f. resting-place, rest
n.by.an		מְנֻחוֹת		מְנֻחוֹת v. מָנַחְתִּי
n.by.ao	H4506	מָנַ֫חַת		[מָנַ֫חַת] n.pr.loc. (= resting-place, settlement), 1 Ch 8:6, site unknown
n.by.ap	H2679	מָנַחְתִּי		מָנַחְתִּי adj.gent. perh. fr. foregoing [n.by.ao], only c. art. as n. coll. חֲצִי הַמּ׳ 1 Ch 2:54 of a Judean tribe
n.by.aq	H4506	מָנַ֫חַת		מָנַ֫חַת n.pr.m. in Edom
n.bz.aa	H5120	נוּט	root	[נוּט] vb. dangle, shake;—Qal ψ 99:1
n.bz.ab		נוית		נוית v. נוה
n.ca.aa	H5123	נוּם	root	נוּם vb. be drowsy, slumber
n.ca.ab	H5124	נוּמָה		נוּמָה n.f. somnolence, fig. for indolence, Pr 23:21.
n.ca.ac	H8572	תְּנוּמָה		תְּנוּמָה n.f. slumber
n.ca.ad	H3241	יָנוּם		יָנוּם n.pr.loc. city in Judah, Jos 15:53 Qr; Kt ינים
n.cb.aa	H5125	נוּן	root	[נוּן, נִין] vb. propagate, increase;—Qal (or Hiph. ?) Impf. ינין Kt; > Niph. ינּוֹן Qr ψ 72:17 let his name have increase (or, if Niph., be propagated, spread); but dub.
n.cb.ab	H5126	נוּן		נוּן and (1 Ch 7:27) נוֹן n.pr.m. father of Joshua
n.cb.ac	H5209	נִין		נִין n.[m.] offspring, posterity
n.cb.ad		מָנוֹן		מָנוֹן v.
n.cc.aa	H5127	נוּס	root	נוּס 160 vb. flee, escape Qal flee escape take flight, depart, disappear fly (to the attack) on horseback. Po‛lel the breath of י׳ driveth at it, driveth it on Hithpo‛l. in order to take flight before the bow Hiph. put to flight drive hastily to a safe place cause to disappear, hide
n.cc.ab	H4498	מָנוֹס		מָנוֹס n.m. 1. flight. 2. place of escape, refuge
n.cc.ac	H4499	מְנוּסָה		מְנוּסָה n.f. flight
n.cd.aa	H5128	נוּעַ	root	נוּעַ vb. quiver, wave, waver, tremble, totter Qal wave totter, go tottering Niph. be tossed about Hiph. toss about shake, cause to totter (shake), disturb cause to wander
n.cd.ab	H5269	נֵעָה		נֵעָה n.pr.loc. in Zebulun; Jos 19:13.
n.cd.ac	H5270	נֹעָה		נֹעָה n.pr.f. a daughter of Zelophahad (of Manasseh)
n.cd.ad	H4517	מְנַעֲנֵעַ		[מְנַעֲנֵעַ] n.[m.] appar. a kind of rattle, only 2 S 6:5, in list of musical instruments
n.cd.ae		נוֹעַדְיָה		נוֹעַדְיָה v. יעד
n.ce.aa	H5130	נוּף	root	[נוּף] vb. move to and fro, wave, besprinkle Qal I have besprinkled my couch with myrrh Po‛lel he brandisheth his hand toward the mt. Hiph. wield, move to and fro in using it Shake or wave the hand swing to and fro, as a signal Oft. term. techn. in P (H), of rite in which originally the priest lifted his share of offering and waved it, i.e. moved it toward altar and back, in token of its presentation to God and its return by him to priest Shed abroad Hoph. be waved
n.ce.ab	H5299	נָפָה		[נָפָה] n.f. sieve or other winnowing implement;—only cstr. Is 30:28
n.ce.ac	H8573	תְּנוּפָה		תְּנוּפָה 30 n.f. a swinging, waving, wave-offering, offering
n.cf.aa		נוף	root	נוף
n.cf.ab	H5131	נוֹף		נוֹף n.[m.] elevation, height;—ψ 48:3
n.cf.ac	H5299	נָפָה		[נָפָה] n.f. height;—only cstr. in combin.
n.cf.ad	H5316	נֶ֫פֶת		[נֶ֫פֶת] n.f. id. [n.cf.ac];—only Jos 17:11
n.cf.ae		נוֹצָה		נוֹצָה v. נצה
n.cg.aa	H5134	נוּק	root	[נוּק] vb. whence might come, Hiph. suckle, nurse;—Ex 2:9
n.ch.aa		נור	root	נור
n.ch.ab	H5216	נֵר		נֵר 43 n.m. lamp
n.ch.ac	H5369	נֵר		נֵר n.pr.m. father of Abner father of Kish
n.ch.ad	H5216	נִיר		נִיר n.[m.] lamp
n.ch.ae	H5374	נֵרִיָהוּ		נֵרִיָהוּ, נֵרִיָּה n.pr.m. father of Baruch = father of Seraiah
n.ch.af	H4501	מְנוֹרָה		מְנוֹרָה, מְנֹרָה 42 n.f. lampstand in private house ten lampstands in temple seven-branched lampstand in tabern.
n.ci.aa	H5136	נוּשׁ	root	[נוּשׁ] vb. be sick;—Qal ψ 69:21
n.cj.aa	H5137	נָזָה	root	[נָזָה] vb. spurt, spatter; Hiph. sprinkle Qal spurt, spatter Hiph. cause to spurt, sprinkle upon
n.cj.ab	H3150	יִזִּיָּה		יִזִּיָּה n.pr.m. (may י׳ sprinkle);—one of those who took strange wives Ezr 10:25.
n.ck.aa	H5137	נָזָה	root	[נָזָה] vb. (dub.) spring, leap;—hence, acc. to many, Hiph. Is 52:15
n.ck.ab		נָזִיד		נָזִיד v. זיד
n.cl.aa	H5140	נָזַל	root	[נָזַל] vb. flow, trickle, drop, distil (poet.) Qal flow distil Hiph. cause to flow
n.cm.aa		נזם	root	נזם
n.cm.ab	H5141	נֶ֫זֶם		נֶ֫זֶם n.m. ring, always of gold when material mentioned
n.cm.ac	H5143	נֶ֫זֶק		[נֶ֫זֶק] n.[m.] injury, damage;—only cstr. Est 7:4
n.cn.aa	H5144	נָזַר	root	[נָזַר] vb. dedicate, consecrate, separate, in relig. and ceremonial sense Niph. devote, dedicate oneself unto Hiph. and ye shale keep the sons of Isr. sacredly separate from their uncleanness
n.cn.ab	H5145	נֵ֫זֶר		נֵ֫זֶר n.m. ψ 132:18 consecration, crown, Naziriteship crown (sign of consecration) woman’s hair (orig. prob. of long hair as sign of consecration, as in Nazirite vow) consecration
n.cn.ac	H5139	נָזִיר		נָזִיר n.m. one consecrated, devoted of prince, ruler, as consecrated specif. of one dedicated to י׳ by vow involving abstinence fr. intoxicants, fr. touching corpse, and fr. cutting hair, devotee, Nazirite = untrimmed vine
n.cn.ad	H5144	נָזַר		[נָזַר] vb. denom. Hiph. be a Nazarite, live as a Nazarite;—only Nu 6 in law of Naz.
n.cn.ae	H4502	מִנְזָר		[מִנְזָר] n.[m.]pl. perh. consecrated (i.e. anointed) ones, princes;—only sf. Na 3:17
n.cn.af		נֹחַ		נֹחַ v. נוח
n.cn.ag		נַחְבִי		נַחְבִי v. חבה
n.co.aa	H5148	נָחָה	root	[נָחָה] vb. lead, guide Qal lead, bring Hiph. lead, guide
n.cp.aa		נחל	root	נחל
n.cp.ab	H5159	נַחֲלָה		נַחֲלָה 224 n.f. possession, property, inheritance property portion, share inheritance
n.cp.ac	H5157	נָחַל		נָחַל vb. denom. get or take as a possession Qal take possession, inherit fig. have or get as a possession, property divide the land for a possession Pi. divide for a possession Hithp. possess oneself of land Hiph. give as a possession cause to inherit, give as an inheritance Hoph. made to possess
n.cp.ad	H5155	נְחִילָה		[נְחִילָה] n.f. meaning unknown; only pl. ψ 5:1 (title)
n.cq.aa		נָחַל	root	נָחַל
n.cq.ab	H5158	נַ֫חַל		נַ֫חַל n.m. torrent, torrent-valley, wady
n.cq.ac	H5158	נַ֫חַל		[נַ֫חַל] n.[m.] perh. palm-tree;—only pl. abs., Nu 24:6
n.cq.ad	H5160	נַחֲלִיאֵל		נַחֲלִיאֵל n.pr.loc. (= valley—or palm—of Ēl);—station of Isr. E. of Dead Sea
n.cq.ae	H5161	נֶחֱלָמִי		נֶחֱלָמִי adj.gent. (noun not found)
n.cq.af		נַחֲלָת		נַחֲלָת v. נַחֲלָה
n.cr.aa	H5162	נחם	root	[נחם] vb. Niph. be sorry, console oneself, etc. Niph. be sorry, moved to pity, have compassion, for others be sorry, rue, suffer grief, repent, of one’s own doings comfort oneself, be comforted comfort oneself, ease oneself, by taking vengeance Piel—comfort, console Pual; be comforted, consoled Hithpa.— be sorry, have compassion rue, repent of comfort oneself, be comforted ease oneself, by taking vengeance
n.cr.ab	H5163	נַ֫חַם		נַ֫חַם n.pr.m. (comfort), a chieftain of Judah 1 Ch 4:19
n.cr.ac	H5164	נֹ֫חַם		נֹ֫חַם n.m. sorrow, repentance, Ho 13:14.
n.cr.ad	H5151	נַחוּם		נַחוּם n.pr.m. (comfort) the prophet Nahum, Na 1:1
n.cr.ae	H5149	נְחוּם		נְחוּם n.pr.m. (comfort) a returned exile
n.cr.af	H5150	נִחוּם		[נִחוּם] n.m. comfort compassion
n.cr.ag	H5166	נְחֶמְיָה		נְחֶמְיָה n.pr.m. (Yah comforts) the son of Hachaliah, governor of Judah under Artaxerxes Longimanus ruler of half the district of Bethzur one of twelve heads of people who returned with Zerubbabel
n.cr.ah	H5167	נַחֲמָנִי		נַחֲמָנִי n.pr.m. (compassionate) a returned exile Ne 7:7
n.cr.ai	H5165	נֶחָמָה		[נֶחָמָה] n.f. comfort
n.cr.aj	H4505	מְנַחֵם		מְנַחֵם n.pr.m. (comforter), king of Northern Israel
n.cr.ak	H8575	תַּנְחוּם		[תַּנְחוּם] n.m. consolation
n.cr.al	H8576	תַּנְחֻ֫מֶת		תַּנְחֻ֫מֶת n.pr.m. parent of Seraiah, a Hebr. captain, after fall of Jerus.
n.cr.am		נַחְנוּ		נַחְנוּ v. אֲנַחְנוּ
n.cs.aa	H5169	נָחַץ	root	[נָחַץ] vb. urge (?);—Qal 1 S 21:9
n.ct.aa		נחר	root	נחר
n.ct.ab	H5170	נַ֫חַר		[נַ֫חַר] n.[m.] a snorting; sf. Jb 39:20 (of horse).
n.ct.ac	H5170	נַחֲרָה		[נַחֲרָה] n.f. id. [n.ct.ab];—cstr. Je 8:16.
n.ct.ad	H5152	נָחוֹר		נָחוֹר n.pr.m. father of Teraḥ son of Teraḥ and brother of Abr.
n.ct.ae	H5156	נָחִיר		[נָחִיר] n.[m.] nostril;—only du. sf. Jb 41:12
n.ct.af	H5171	נַחֲרַי		נַחֲרַי n.pr.m. one of David’s heroes
n.cu.aa		נחשׁ	root	נחשׁ (appar. onomatop. √ of foll. = hiss).
n.cu.ab	H5175	נָחָשׁ		נָחָשׁ n.m. serpent serpent bronze image of serpent mythol. fleeing serpent
n.cu.ac	H5176	נָחָשׁ		נָחָשׁ n.pr.m. king of Ammon father of Abigail and Zeruiah giving name to a city
n.cu.ad	H5177	נַחְשׁוֹן		נַחְשׁוֹן n.pr.m. son of Aminadab, of Judah, brother-in-law of Aaron
n.cv.aa	H5172	נָחַשׁ	root	[נָחַשׁ] vb. only Pi. practice divination, divine, observe signs
n.cv.ab	H5173	נַ֫חַשׁ		נַ֫חַשׁ n.[m.] divination, enchantment
n.cw.aa		נחשׁ	root	נחשׁ
n.cw.ab	H5178	נְחֹ֫שֶׁת		נְחֹ֫שֶׁת 137 n.m. copper, bronze copper fetters of copper or bronze as less in value than gold but more than wood fig. of pitiless sky
n.cw.ac	H5153	נָחוּשׁ		נָחוּשׁ adj. of bronze;—Jb 6:12
n.cw.ad	H5154	נְחוּשָׁה		נְחוּשָׁה and נְחֻשָׁה n.f. copper, bronze
n.cw.ae	H5179	נְחֻשְׁתָּא		נְחֻשְׁתָּא n.f. mother of Jehoiakin 2 K 24:8
n.cw.af	H5180	נְחֻשְׁתָּן		נְחֻשְׁתָּן n.pr. given to bronze serpent 2 K 18:4 prob. = bronze-god
n.cx.aa		נחשׁ	root	נחשׁ
n.cx.ab	H5178	נְחֹ֫שֶׁת		[נְחֹ֫שֶׁת] n.[f.] Ez 16:36 where context favours mng. lust, harlotry, or specif. sens. obscoen.
n.cy.aa	H5181	נָחֵת	root	[נָחֵת] vb. (Aram. and poet.) go down, descend Qal go down, descend fig. descend in chastisement Niph. = penetrate Pi. cause to descend = press down Hiph. thither bring down thy heroes
n.cy.ab	H5183	נַ֫חַת		נַ֫חַת n.[m.] descent;—only cstr., of י׳’s arm of judgment Is 30:30
n.cy.ac	H5185	נָחֵת		[נָחֵת] adj. descending;—mpl., 2 K 6:9 (to battle)
n.cy.ad	H5184	נַ֫חַת		נַ֫חַת n.pr.m. son of Reuel, grandson of Esau grandson of Elkanah an overseer, Hezekiah's time
n.cz.aa	H5186	נָטָה	root	נָטָה 215 vb. stretch out, spread out, extend, incline, bend Qal stretch out, extend, hand, rod stretch line and plummet = offer Spread out, i.e. pitch, tent Bend, turn, incline Niph. be stretched out Hiph. rarely stretch out, hand rarely spread out cloth on rock usu. turn, incline
n.cz.ab	H3194	יֻטָּה		יֻטָּה, יוּטָּה n.pr.loc. town in Judah
n.cz.ac	H4295	מַ֫טָּה		מַ֫טָּה, מָ֑֫טָּה adv. downwards
n.cz.ad	H4294	מַטֶּה		מַטֶּה 251 n.m. staff, rod, shaft branch tribe
n.cz.ae	H4296	מִטָּה		מִטָּה n.f. couch, bed (place of reclining)
n.cz.af	H4298	מֻטָּה		[מֻטָּה] n.f. spreading, outspreading;—only pl.cstr. Is 8:8
n.cz.ag	H4297	מֻטֶּה		מֻטֶּה n.[m.] that which is perverted, perverted justice;—only Ez 9:9
n.da.aa	H5190	נָטַל	root	נָטַל vb. lift, bear Qal lift Pi. and he bare them
n.da.ab	H5192	נֵ֫טֶל		נֵ֫טֶל n.[m.] burden, weight;—cstr., of sand, Pr 27:3
n.da.ac	H5187	נָטִיל		[נָטִיל] adj. laden, only pl. cstr. Zp 1:11
n.db.aa	H5193	נָטַע	root	נָטַע vb. plant Qal plant plant, fig. = establish Niph. be planted, fig., = be established.
n.db.ab	H5194	נֶ֫טַע		[נֶ֫טַע] n.[m.] plantation, planting, plant
n.db.ac	H5196	נְטָעִים		נְטָעִים n.pr.loc. 1 Ch 4:23
n.db.ad	H5195	נָטִיעַ		[נָטִיעַ] n.[m.] plant;—only pl. נְמִעִים ψ 144:12 (fig. of vigorous sons).
n.db.ae	H4302	מַטָּע		מַטָּע n.m. place, or act of planting, plantation
n.dc.aa	H5197	נָטַף	root	[נָטַף] vb. drop, drip Qal drop, drip Hiph. drip of speech, esp. prophecy
n.dc.ab	H5198	נָטָף		[נָטָף] n.m. drop;—Jb 36:27
n.dc.ac	H5198	נָטָף		נָטָף n.[m.] an odorif. gum (gathered in drops), used in sacred incense Ex 30:34 (P).
n.dc.ad	H5188	נְטִיפָה		[נְטִיפָה ?] n.[f.] drop, i.e. pendant, an ornament
n.dc.ae	H5199	נְטֹפָה		נְטֹפָה n.pr.loc. in Judah (dropping, dripping)
n.dc.af	H5200	נְטֹפָתִי		נְטֹפָתִי, נְטוֹפָתִי adj.gent. the Neṭophathite; Neṭophathites
n.dd.aa	H5201	נָטַר	root	[נָטַר] vb. keep Qal keep, maintain keep, guard
n.dd.ab	H4307	מַטָּרָה		מַטָּרָה and מַטָּרָא n.f. 1. guard, ward, prison. 2. target, mark
n.de.aa	H5203	נָטַשׁ	root	נָטַשׁ vb. leave, forsake, permit Qal leave, let alone usu. forsake, abandon permit Niph. be forsaken be loosened or loose (prop. be let alone, left to hang down) of ship’s tackle be let go, spread abroad Pu. palaces are abandoned, deserted
n.de.ab	H5189	נְטִישָׁה		[נְטִישָׁה] n.f. twig, tendril of vine (as spreading)
n.de.ac		נִי		נִי v. נהה
n.df.aa		נִיא	root	נִיא
n.df.ab	H4995	נָא		נָא adj. raw, of flesh Ex 12:9 (P; opp. בשׁל).
n.df.ac		נִיב		נִיב נִיבָ֑י נֵיבָ֑י v. נוב
n.df.ad		נִיד		נִיד v. נוד
n.df.ae		נִידָה		נִידָה v. נדד
n.df.af		נָיוֹת		נָיוֹת v. נוית sub. נוה
n.df.ag		נִיחֹחַ		נִיחֹחַ נִיחוֹחַ v. נוח
n.df.ah		נִין		נִין v. נון
n.df.ai	H5210	נִינְוֵה		נִינְוֵה n.pr.loc. Nineveh, capital of Assyria
n.df.aj		ניס		ניס v. נוס
n.df.ak	H5212	נִיסָן		נִיסָן n.pr. of 1st month;—only post-exil.
n.df.al		נִיצוֹץ		נִיצוֹץ v. נצץ
n.df.am		נֵיר		נֵיר v. נֵר
n.dg.aa	H5214	נִיר	root	[נִיר] vb. break up, freshly till
n.dg.ab	H5215	נִיר		נִיר n.[m.] the tillable, untilled or fallow ground
n.dh.aa		ניר	root	ניר
n.dh.ab	H4500	מָנוֹר		[מָנוֹר] n.m. beam (prob. round) carrying the heddles (in loom)
n.di.aa	H5217	נָכָא	root	[נָכָא] vb. smite, scourge;—only Niph. Jb 30:8
n.di.ab	H5218	נָכָא		[נָכָא] adj. stricken;—mpl. Is 16:7, of Moab prostrated by conquest.
n.di.ac	H5218	נָכֵא		נָכֵא adj. id. [n.di.ab], alw. f. a stricken spirit
n.di.ad	H5219	נְכֹאת		נְכֹאת n.f. a spice
n.dj.aa		נכד	root	נכד
n.dj.ab	H5220	נֶ֫כֶד		נֶ֫כֶד n.[m.] progeny, posterity
n.dk.aa	H5221	נָכָה	root	[נָכָה] 501 vb. smite (not in Qal) Niph. and he shall be smitten [struck by weapon in battle] and die Pu. both be smitten down by the hail Hiph. lit., smite (with a single, non-fatal, blow), strike smite repeatedly, beat a man and they clapped hands (in applause) give a thrust (with fork) into pot; strike roots rarely smite (in battle) so as (merely) to wound smite, of sun Smite fatally Smite = attack, attack and destroy a company Of God smite with a plague, disease, etc. smite = chastise, or send judgment upon of God’s destroying palaces Hoph. be smitten
n.dk.ab	H5223	נָכֵה		[נָכֵה] adj. smitten, stricken
n.dk.ac	H5222	נֵכֶה		[נֵכֶה] adj. id. [n.dk.ab];—pl. ψ 35:15 smitten ones
n.dk.ad	H3559	נָכוֹן		נָכוֹן n. [m.] = blow Jb 12:5
n.dk.ae	H4347	מַכָּה		מַכָּה n.f. blow, wound, slaughter
n.dk.af	H5224	נְכוֹ		נְכוֹ, נְכֹה n.pr.m. Necho (II), king of Egypt;—contemp. of Josiah and Nebuchad. [B.C. 611-605]: פַרְעֹה נְכֹה
n.dk.ag		נָכוֹן		נָכוֹן v. כון v. כִּידֹן
n.dl.aa		נכח	root	נכח
n.dl.ab	H5226	נֹ֫כַח		נֹ֫כַח subst. front, always in prep. or adv. phrases as adv. acc. in front of, opposite to combined with preps.
n.dl.ac	H5228	נָכֹחַ		[נָכֹחַ] adj. and subst. straight, right, straightness
n.dm.aa	H5230	נָכַל	root	[נָכַל] vb. be crafty, deceitful, knavish Qal Pt. knave Pi. their wiles with which they beguiled you Hithp. they knavishly planned against him; to deal knavishly with
n.dm.ab	H5231	נֵ֫כֶל		[נֵ֫כֶל] n.[m.] wiliness, craft, knavery;—only Nu 25:18
n.dm.ac	H3596	כִּילַי		כִּילַי, כֵּלַי n.m. knave
n.dm.ad	H5233	נֶ֫כֶס		[נֶ֫כֶס] n.m. only pl. riches, treasures
n.dn.aa	H5234	נָכַר	root	[נָכַר] vb. (not Qal) regard, recognize Niph. they are not recognized Pi. he regardeth not the opulent above the poor Hiph. regard, observe, esp. with a view to recognition Recognize (as formerly known) Be willing to recognize, acknowledge Be acquianted with Distinguish, understand Hithp. Impf by his deeds a youth maketh himself known, whether his doing be pure, etc.
n.dn.ab	H1971	הַכָּרָה		[הַכָּרָה] n.f. look (or expression?);—cstr. Is 3:9
n.dn.ac	H4378	מַכָּר		[מַכָּר] n.m. acquaintance, friend
n.do.aa		נכר	root	נכר
n.do.ab	H5235	נֶ֫כֶר		נֶ֫כֶר, [נֹ֫כֶר] n.[m.] misfortune, calamity
n.do.ac	H5236	נֵכָר		נֵכָר n.[m.] that which is foreign, foreignness
n.do.ad	H5237	נָכְרִי		נָכְרִי adj. foreign, alien
n.do.ae	H5234	נכר		[נכר] vb. denom. act or treat as foreign, or strange; disguise, misconstrue Niph. with his lips a hater disguiseth himself Pi. and they have treated this place as foreign Hithp. he acted as a stranger toward them
n.do.af	H5238	נְכֹת		[נְכֹת] n.[f.] treasure (so context demands)
n.dp.aa	H5239	נלה	root	נלה doubtful √:—for supposed Hiph. Is 33:1
n.dp.ab	H4512	מִנְלֶה		[מִנְלֶה] n.[m.] ? gain, acquisition ?—Only sf. Jb 15:29
n.dp.ac		נְמִבְזָה		נְמִבְזָה v. בזה
n.dp.ad	H5241	נְמוּאֵל		נְמוּאֵל n.pr.m. son of Simeon a Reubenite (brother of Dathan and Abiram)
n.dp.ae	H5242	נְמוּאֵלִי		נְמוּאֵלִי adj.gent. only c. art. as n.coll. Nu 26:12
n.dq.aa		נמל	root	נמל
n.dq.ab	H5244	נְמָלָה		נְמָלָה n.f.unit. ant
n.dr.aa		נמר	root	נמר
n.dr.ab	H5246	נָמֵר		נָמֵר n.m. leopard
n.dr.ac	H5247	נִמְרָה		נִמְרָה n.pr.loc. place E. of Jordan Nu 32:3
n.dr.ad	H5249	נִמְרִים		נִמְרִים n.pr.loc. in Moab
n.dr.ae	H5248	נִמְרֹד		נִמְרֹד, נִמְרוֹד n.pr.m. Nimrod
n.dr.af	H5250	נִמְשִׁי		נִמְשִׁי n.pr.m. grandfather of Jehu
n.dr.ag		נֵס		נֵס v. נסס
n.dr.ah		נֶסִבָּה		נֶסִבָּה v. סבב
n.dr.ai		נְסָה		נְסָה v. נשׂא
n.ds.aa	H5254	נָסָה	root	[נָסָה] vb. Pi. test, try test, try attempt, assay, try to do a thing test, try, prove, tempt [but not in the modern sense of the word]
n.ds.ab	H4531	מַסָּה		מַסָּה n.f. test, trial, proving
n.ds.ac	H4532	מַסָּה		מַסָּה n.pr.loc. where Israel tried י׳ in the wilderness
n.dt.aa	H5255	נָסַח	root	[נָסַח] vb. pull or tear away Qal the house of proud men will י׳ tear down Niph. and ye shall be torn away from off the land.
n.dt.ab		מַסָּח		מַסָּח v.
n.du.aa	H5258	נָסַךְ	root	נָסַךְ vb. pour out Qal pour out pour out libations cast metal images Piel pour out as libation Hiph. pour out libations Hoph. be poured out
n.du.ab	H5262	נֶ֫סֶךְ		נֶ֫סֶךְ n.m. drink-offering drink-offering molten images
n.du.ac	H5257	נָסִיךְ		[נָסִיךְ] n.m. 1. libation; 2. molten image wine of their drink-offering molten image
n.du.ad	H4541	מַסֵּכָה		מַסֵּכָה n.f. 1. molten metal, or image; 2. libation libation, with covenant sacrif. in making covenant molten metal, or image
n.dv.aa	H5259	נָסַךְ	root	[נָסַךְ] vb. weave
n.dv.ab	H4541	מַסֵּכָה		מַסֵּכָה n.f. woven stuff, web, esp. as covering
n.dv.ac	H4545	מַסֶּ֫כֶת		[מַסֶּ֫כֶת] n.f. web of unfinished stuff, on loom
n.dw.aa	H5258	נָסַךְ	root	[נָסַךְ] vb. set, install Qal ψ 2:6 I have installed my king upon Zion. Niph. Pr 8:23 I was installed (of Wisdom).
n.dw.ab	H5257	נָסִיךְ		[נָסִיךְ] n.m. prince
n.dw.ac		נִסְמָן		נִסְמָן v. סמן
n.dx.aa	H5263	נָסַס	root	[נָסַס] vb. be sick;—only Qal Is 10:18
n.dy.aa	H5264	נסס	root	נסס (√ of foll. = be high or conspicuous? Hithpo‛l. Inf. לְהִתְנוֹסֵס ψ 60:6, acc. to some denom. from נֵס that it may be displayed, AV, cf. De; < v. נוס; Pt. מִתְנוֹסְסוֹת Zc 9:16 raised? prominent? (עַל־אַדְמָתוֹ; of precious stones, in fig.) very dub.; We Now del.; Gr מִתְנוֹצְצוֹת).
n.dy.ab	H3071	נֵס		נֵס n.[m.] standard, ensign, signal, sign
n.dz.aa	H5265	נָסַע	root	נָסַע 147 vb. pull out or up, set out, journey Qal 137 pull out or up hence (from pulling up tent-pegs), set out depart journey, march (by stages) of wind Niph. be pulled up, removed Hiph. cause to set out, lead out remove
n.dz.ab	H4550	מַסַּע		מַסַּע n.[m.] pulling up, breaking camp, setting out, journey pulling up, breaking camp setting out station, stage, journey (by stages)
n.dz.ac	H4551	מַסָּע		מַסָּע n.[m.] quarry or quarrying;—only abs. as adv. 1 K 6:7
n.ea.aa		נסע	root	נסע
n.ea.ab	H4551	מַסָּע		מַסָּע missile, dart;—only abs. Jb 41:18
n.eb.aa		נסק	root	נסק
n.eb.ab	H5268	נִסְרֹךְ		נִסְרֹךְ n.pr.div. Assyr. god, worshipped by Sennach.
n.eb.ac		נֵעָה		נֵעָה נֹעָה v. נוע
n.eb.ad	H5272	נְעִיאֵל		נְעִיאֵל n.pr.loc. on border of Asher Jos 19:27
n.ec.aa	H5274	נָעַל	root	נָעַל vb. bar, bolt, lock
n.ec.ab	H5275	נַ֫עַל		נַ֫עַל n.f. sandal, shoe
n.ec.ac	H5274	נָעַל		[נָעַל] vb. denom. furnish with sandals Qal and I shod thee with תחשׁ (q.v.). Hiph. and gave them sandals.
n.ec.ad	H4514	מַנְעוּל		מַנְעוּל n.[m.] bolt;—abs. Ct 5:5 (of house-door)
n.ec.ae	H4515	מִנְעָל		[מִנְעָל] n.m. id. [n.ec.ad], only sf. Dt 33:25 (song).
n.ed.aa	H5276	נָעֵם	root	[נָעֵם] vb. be pleasant, delightful, lovely;—Qal Pf. 3 fs. נָעֵ֑מָה Gn 49:15 (poem in J; of land); 2 ms. (of delightful friend) נָעַ֥מְתָּ לִי מְאֹד 2 S 1:26, also (of physical beauty) מִמִּי נָעָ֑מְתָּ Ez 32:19; 2 fs. (id.) וּמַה־נָּעַמְתְּ Ct 7:7 how lovely art thou!; 3 pl., of pleasant words, נָעֵ֑מוּ ψ 141:6; Impf. 3ms יִנְעָ֑ם: Pr 2:10 (of knowledge); 9:17; 24:25 is impers. c. ל, to them ... shall be delight.
n.ed.ab	H5278	נֹ֫עַם		נֹ֫עַם n.m. ψ 90:17 delightfulness, pleasantness (Ecclus נועם תירוש 32:6);—נ׳ abs. Zc 11:7 + 4 t.; cstr. ψ 27:4 90:17;— delightfulness of י׳: contemplated in temple ψ 27:4, shewn in his favour, וִיהִי נ׳ אדני ... עָלֵינוּ 90:17. name of one of two symbol. staves Zc 11:7, 10. pleasantness, as defining genit.: דַרְכֵי־נ׳ Pr 3:17; אִמְרֵי־נ׳ 15:26 16:24.
n.ed.ac	H5277	נָ֑עַם		נָ֑עַם n.pr.m. son of Caleb, 1 Ch 4:15
n.ed.ad	H5273	נָעִים		נָעִים adj. pleasant, delightful (poet.)
n.ed.ae	H5279	נַעֲמָה		נַעֲמָה n.pr.f. sister of Tubal Cain Ammonitess, mother of Rehoboam
n.ed.af	H5279	נַעֲמָה		נַעֲמָה n.pr.loc. city assigned to Judah in Philist. plain Jos 15:41
n.ed.ag		נַעֲמִי		נַעֲמִי v.
n.ed.ah	H5281	נָעֳמִי		נָעֳמִי n.pr.f. mother-in-law of Ruth
n.ed.ai	H5282	נַעֲמָן		[נַעֲמָן] n.[m.] usu. pleasantness, but perh. epithet of Adonis;—only pl. Is 17:10
n.ed.aj	H5283	נַעֲמָן		נַעֲמָן 16 n.pr.m. son of Benj. Aramaean general
n.ed.ak	H5280	נַעֲמִי		נַעֲמִי adj.gent. from II. נַעֲמָן 1, Nu 26:40, rd. doubtless נעמני (so Sam.).
n.ed.al	H5284	נַעֲמָתִי		נַעֲמָתִי adj.gent. (from unused n.pr.)
n.ed.am	H4516	מַנְעַמִּים		[מַנְעַמִּים] n.[m.]pl. delicacies, dainties;—only sf. ψ 141:4.
n.ee.aa		נעם	root	נעם
n.ee.ab	H5273	נָעִים		נָעִים adj. perh. singing, sweetly sounding, musical
n.ef.aa		נעץ	root	נעץ
n.ef.ab	H5285	נַעֲצוּץ		נַעֲצוּץ n.[m.] thorn-bush
n.eg.aa	H5286	נָעַר	root	[נָעַר] vb. growl;—only Qal Je 51:38
n.eh.aa	H5287	נָעַר	root	[נָעַר] vb. shake, shake out or off Qal shake out Niph. I am shaken out like a locust Pi. so may God shake utterly out every man from his house Hithp. shake thyself (free)
n.eh.ab	H5289	נַ֫עַר		נַ֫עַר n.[m.] usu. interpr. as a shaking, scattering, abst. for concr. = scattered ones, only Zc 11:16, but text corrupt, v. We Now.
n.eh.ac	H5296	נְעֹ֫רֶת		נְעֹ֫רֶת n.f. tow (as shaken off from the flax when beaten)
n.ei.aa		נער	root	נער
n.ei.ab	H5288	נַ֫עַר		נַ֫עַר 239 n.m. 1. boy, lad, youth. 2. retainer (not in P) boy, lad, youth (c. 133 t.) servant, retainer (c. 105 t.)
n.ei.ac	H5290	נֹ֫עַר		נֹ֫עַר n.m. youth, early life (rare poet.)
n.ei.ad	H5291	נַעֲרָה		נַעֲרָה n.f. girl, damsel girl, damsel of female attendants, maids
n.ei.ae	H5271	נְעוּרִים		נְעוּרִים n.[m.]pl. youth, early life
n.ei.af	H5271	נְעוּרוֹת		[נְעוּרוֹת] n.[f.]pl. id. [n.ei.ae];—only Je 32:30 (fig. of nation).
n.ei.ag	H5292	נַעֲרָה		[נַעֲרָה] n.pr.loc. on border of Ephr.:—only Jos 16:7
n.ei.ah	H5292	נַעֲרָה		נַעֲרָה n.pr.f. in Judah
n.ei.ai	H5293	נַעֲרַי		נַעֲרַי n.pr.m. one of David’s heroes, 1 Ch 11:37
n.ei.aj	H5294	נְעַרְיָה		נְעַרְיָה n.pr.m. a descendant of David a Simeonite
n.ei.ak	H5295	נַעֲרָן		נַעֲרָן n.pr.loc. on E of Ephr., 1 Ch 7:28
n.ei.al		נֹף		נֹף v. מֹף
n.ei.am	H5298	נֶ֫פֶג		נֶ֫פֶג n.pr.m. a Levite a son of David
n.ei.an		נָפָה		נָפָה v. נוף
n.ei.ao		נְפוּסִים		נְפוּסִים נפושׁסִים v. נפיסים
n.ej.aa	H5301	נָפַח	root	[נָפַח] vb. breathe, blow Qal breathe, blow Pu. a fire not blown Hiph. (or if) the life of its (the land’s) owners I have caused them to breathe out
n.ej.ab	H5302	נֹ֫פַח		נֹ֫פַח appar. n.pr.loc. Nu 21:30
n.ej.ac	H4646	מַפָּח		[מַפָּח] n.[m.] breathing out;—only cstr. Jb 11:20
n.ej.ad	H4647	מַפֻּחַ		מַפֻּחַ n.m. bellows;—Je 6:29 (fig. of vain prophetic labour).
n.ej.ae	H8598	תַּפּוּחַ		תַּפּוּחַ n.[m.] apple-tree, apple
n.ej.af	H8599	תַּפֻּחַ		תַּפֻּחַ n.pr.m. son of Hebron, acc. to 1 Ch 2:43
n.ej.ag	H5887	תַּפּוּחַ		תַּפּוּחַ n.pr.loc. in lowland of Judah on border between Ephraim and Manasseh
n.ej.ah	H5304	נפיסים		נפיסים n.pr. Kt, in Ezr 2:50, Qr נְפוּסִים, of family of returned exiles; = נפושׁסים Ne 7:52 Kt, Qr נְפִישְׁסִים
n.ej.ai		נְפִישְׁסִים		נְפִישְׁסִים נְפוּשְׁסִים v.
n.ej.aj	H5306	נֹ֫פֶךְ		נֹ֫פֶךְ n.[m.] a precious stone which Tyre gained by trade Ez 27:16 (where נ׳ doubted by Berthol, queried by Toy Hpt), cf 28:13 (symbol. of wealth and honour of king of Tyre); in high priest’s breast-piece Ex 28:18 39:11. Perh. = ruby or carbuncle 𝔊 Joseph. ἄνθραξ, 𝔙 carbunculus, cf. Di Ex, Kau Ex, Sgfr Ezek, Co Berthol; 𝔗 AV emerald.
n.ek.aa	H5307	נָפַל	root	נָפַל 433 vb. fall, lie Qal 366 fall, by accident Esp. of violent death fig. = go to ruin, perish, etc. fig. = experience calamity fall, of a city Fall prostrate fall = prostrate oneself before fall upon one's neck, in embrace Fall upon = attack desert or fall away to, go over to Fig., of deep sleep Other idiomatic uses = lie; = lie prostrate Hiph. cause to fall Of causing death; = overthrow, bring to destruction Esp. of casting lot Fig., let drop, cause to fail cause deep sleep to fall Other idioms Hithp. throw, or prostrate oneself
n.ek.ab	H5309	נֵ֫פֶל		נֵ֫פֶל n.m. untimely birth, abortion
n.ek.ac	H4651	מַפָּל		[מַפָּל] n.m. refuse, hanging parts
n.ek.ad	H4654	מַפָּלָה		מַפָּלָה n.f. a ruin;—abs. מ׳ of city Is 17:1.
n.ek.ae	H4654	מַפֵּלָה		מַפֵּלָה n.f. id. [n.ek.ad];—abs. מ׳ of city Is 23:13 25:2.
n.ek.af	H4658	מַפֶּ֫לֶת		מַפֶּ֫לֶת n.f. carcass, ruin, overthrow;— carcass, of lion elsewh. sf. a ruin overthrow
n.ek.ag	H5303	נְפִלִים		נְפִלִים n.m.pl. giants
n.el.aa	H5310	נָפַץ	root	[נָפַץ] vb. shatter Qal and a shattering (= and shattered) the jars Pi. dash to pieces Pu. like chalk-stones pulverized.
n.el.ab	H5311	נֶ֫פֶץ		נֶ֫פֶץ n.[m.] driving storm (lit. bursting of clouds), Is 30:30 (theoph.).
n.el.ac	H4660	מַפָּץ		[מַפָּץ] n.[m.] shattering;—Ez 9:2
n.el.ad	H4661	מַפֵּץ		מַפֵּץ n.m. war-club (lit. a shatterer);—Je 51:20
n.em.aa	H5310	נָפַץ	root	נָפַץ vb. disperse, be scattered
n.en.aa		נפשׁ	root	נפשׁ
n.en.ab	H5315	נֶ֫פֶשׁ		נֶ֫פֶשׁ 756 n.f. soul, living being, life, self, person, desire, appetite, emotion, and passion = that which breathes, the breathing substance or being The נפשׁ becomes a living being The נפשׁ is specif. The נפשׁ as the essential of man stands for the man himself נפשׁ = seat of the appetites, in all periods (46 t.) נ׳ = seat of emotions and passions נפשׁ is used occasionally for mental acts נפשׁ for acts of the will is dub. נפשׁ = character is still more dub. נ׳ in D
n.en.ac	H5314	נָפַשׁ		[נָפַשׁ] vb. denom. take breath, refresh oneself Niph. take breath, refresh oneself.
n.en.ad	H5305	נָפִישׁ		נָפִישׁ n.pr.m. son of Ishmael
n.en.ae		נֶ֫פֶת		נֶ֫פֶת v. נוף
n.en.af	H5317	נֹ֫פֶת		נֹ֫פֶת n.m. flowing honey, honey from the comb
n.en.ag		נֶפְתּוֹחַ		נֶפְתּוֹחַ v. פתח
n.en.ah		נַפְתּוּלִים		נַפְתּוּלִים נַפְתָּלִי v. פתל
n.en.ai	H5320	נַפְתֻּחִים		נַפְתֻּחִים n.pr.loc. the northern land, i.e. Lower Egypt
n.en.aj		נֵץ		נֵץ v. נצץ
n.en.ak		נֵץ		נֵץ v. נצץ
n.eo.aa	H5323	נָצָא	root	[נָצָא] vb. = נָצָה = fly;—only Qal Je 48:9
n.ep.aa	H5324	נָצַב	root	[נָצַב] vb. Niph. take one's stand, stand Niph. station oneself, take one's stand, for definite purpose stand = be stationed (by appointment, or in fulfillment of duty) take an upright position, stand be stationed = appointed over Pt. as subst. deputy = prefect (as appointed, deputed) stand firm Hiph. station, set set up, erect pillar cause to stand erect, waters fix, establish boundary Hoph. fixed, determined
n.ep.ab	H5325	נִצָּב		נִצָּב n.m. haft, hilt of sword Ju 3:22 pect, deputy, v. נצב Niph. 3.
n.ep.ac	H5333	נְצִיב		נְצִיב n.m. pillar, prefect, also appar. garrison, post
n.ep.ad	H5334	נְצִיב		נְצִיב n.pr.loc. in Judah on border of Philist. Jos 15:43
n.ep.ae	H4673	מַצָּב		מַצָּב n.m. standing-place, station, garrison
n.ep.af	H4674	מֻצָּב		מֻצָּב n.[m.] palisade or intrenchment;—only Is 29:3
n.ep.ag		מַצָּבָה		מַצָּבָה v. מַצָב
n.ep.ah	H4675	מִצָּבָה		מִצָּבָה n.f. guard, watch ?—only Zc 9:8
n.ep.ai	H4676	מַצֵּבָה		מַצֵּבָה, מַצֶּ֫בֶת n.f. pillar, maṣṣēbā, stump
n.eq.aa	H5132	נָצָה	root	[נָצָה] vb. fly (?);—only Qal Pf. 3 pl. La 4:15 (of homeless exiles); text very dub.
n.eq.ab	H5133	נוֹצָה		נוֹצָה n.f. plumage
n.er.aa	H5327	נָצָה	root	[נָצָה] vb. Niph. Hiph. struggle Niph. recipr. struggle with each other Hiph. engage in struggle against
n.er.ab	H4683	מַצָּה		מַצָּה n.f. strife, contention
n.er.ac	H4695	מַצּוּת		[מַצּוּת] n.f. id. [מַצָּה];—only sf. Is 41:12
n.es.aa	H5327	נָצָה	root	[נָצָה] vb. fall in ruins Qal thy cities shall fall in ruins Niph. ruined heaps, i.e. ruin-heaps
n.es.ab		נִצָּה		נִצָּה v. נצץ
n.es.ac		נֹצָתָהּ		נֹצָתָהּ v. נוֹצָה
n.et.aa	H5329	נָצַח	root	[נָצַח] vb. be pre-eminent, enduring Niph. enduring Piel = act as overseer, superintendent, director
n.et.ab	H5331	נֵ֫צַח		נֵ֫צַח n.m. eminence, enduring, everlasting, perpetuity
n.eu.aa		נצח	root	נצח
n.eu.ab	H5332	נֵ֫צַח		[נֵ֫צַח] n.m. juice of grapes, fig. of blood, gore
n.eu.ac	H5335	נְצִיחַ		נְצִיחַ n.pr.m. head of a family of Nethinim
n.ev.aa	H5337	נָצַל	root	[נָצַל] 212 vb. not in Qal; Pi. strip, plunder; Niph. deliver oneself, be delivered Hiph. snatch away, deliver Niph. reflex. tear oneself away, deliver oneself passive, be torn out or away Pi. strip off, spoil deliver Hiph. take away, snatch away rescue, recover deliver from deliver from sin and guilt Hoph. as a brand plucked out of the burning Hithp. and they stripped themselves of their ornaments.
n.ev.ab	H2020	הַצָּלָה		הַצָּלָה n.f. deliverance Est 4:14
n.ev.ac		נִצָּן		נִצָּן v. נצץ
n.ew.aa	H5340	נָצַץ	root	[נָצַץ] vb. shine, sparkle;—Qal Ez 1:7 (of cherubim)
n.ew.ab	H5213	נִיצוֹץ		נִיצוֹץ n.[m.] spark;—Is 1:31 (fig.).
n.ew.ac	H5322	נֵץ		[נֵץ] n.m. only sf. נִצָּהּ Gn 40:10, v. foll. [n.ew.ad]
n.ew.ad	H5328	נִצָּה		נִצָּה n.f. blossom (perhaps fr. above √, blossom, flower, as shining amid leaves)
n.ew.ae	H5339	נִצָּן		[נִצָּן] n.[m.] id. [n.ew.ad], only pl. נִצָּנִים Ct 2:12.
n.ew.af	H5132	נָצַץ		[נָצַץ] vb. denom bloom, blossom Hiph. the pomegranates have put forth blossoms; the almond-tree wears blossoms.
n.ex.aa		נצץ	root	נצץ
n.ex.ab	H5322	נֵץ		נֵץ n.m. a bird of prey, generic name, incl. hawk and falcon
n.ey.aa	H5341	נָצַר	root	[נָצַר] vb. watch, guard, keep;—Qal Watch, guard, keep Guard from dangers, preserve Guard with fidelity, keep, observe Guard, keep secret Keep close, blockaded
n.ey.ab		נְצוּרִים		נְצוּרִים v. נצר
n.ey.ac	H5336	נציר		[נציר] adj. preserved;—only pl. cstr. Is 49:6
n.ey.ad		נִצְּרָה		נִצְּרָה נָצַר v. נצר
n.ez.aa		נצר	root	נצר
n.ez.ab	H5342	נֵ֫צֶר		נֵ֫צֶר n.m. sprout, shoot, in fig. uses
n.fa.aa	H5344	נָקַב	root	[נָקַב] vb. pierce Qal pierce, bore prick off, designate, wages Niph. who were pricked off, designated, by name
n.fa.ab	H5345	נֶ֫קֶב		[נֶ֫קֶב] n.[m.] term. techn. of jeweler’s work, prob. some hole or cavity,—only pl.sf. Ez 28:13
n.fa.ac	H5346	נֶ֫קֶב		נֶ֫קֶב n.pr.loc. only in Jos 19:33; on border of Naphtali; appar. a pass
n.fa.ad	H5347	נְקֵבָה		נְקֵבָה n.f. female
n.fa.ae	H4717	מַקֶּ֫בֶת		מַקֶּ֫בֶת n.f. hammer (by means of which one drives in nails and pegs)
n.fa.af	H4718	מַקֶּבֶת		מַקֶּבֶת n.f. hole, excavation;—only cstr. Is 51:1
n.fb.aa	H5344	נָקַב	root	[נָקַב] vb. curse
n.fc.aa		נקד	root	נקד
n.fc.ab	H5348	נָקֹד		נָקֹד adj. speckled;—only sheep and goats
n.fc.ac	H5350	נִקּוּד		[נִקּוּד] n.[m.] perh. what is crumbled or easily crumbles, crumb
n.fc.ad	H5351	נְקֻדָּה		[נְקֻדָּה] n.f. point, or drop;—only pl. cstr. Ct 1:11
n.fd.aa		נקד	root	נקד
n.fd.ab	H5349	נֹקֵד		נֹקֵד n.m. sheep-raiser, -dealer, or -tender
n.fd.ac	H5353	נְקוֹדָא		נְקוֹדָא n.pr.m. head of a family of Nethinim
n.fe.aa	H5352	נָקָה	root	[נָקָה] vb. be empty(?), clean Qal Inf. Abs. Niph. be cleaned out be clean, free from guilt, innocent be free, exempt from punishment free, exempt from obligation Pi. hold innocent, acquit leave unpunished
n.fe.ab	H5355	נָקִי		נָקִי adj. clean, free from, exempt
n.fe.ac	H5355	נָקִיא		נָקִיא adj. innocent
n.fe.ad	H5356	נִקָּיוֹן		נִקָּיוֹן n.[m.] innocency freedom from guilt, innocency freedom from punishment in physical sense, cleanness of teeth
n.fe.ae	H4518	מְנַקִּיָּה		[מְנַקִּיָּה] n.f. sacrificial bowl
n.fe.af		נקט		נקט v. קוט
n.ff.aa	H5358	נָקַם	root	[נָקַם] vb. avenge, take vengeance Qal avenge, take vengeance entertain revengeful feelings Niph. avenge oneself suffer vengeance Piel avenge Hoph. be avenged, vengeance be taken Hithp. avenge oneself
n.ff.ab	H5359	נָקָם		נָקָם n.m. vengeance
n.ff.ac	H5360	נְקָמָה		נְקָמָה n.f. vengeance
n.fg.aa	H5361	נָקַע	root	[נָקַע] vb. be [severed, fig.] alienated, estranged;—Qal Ez 23:18
n.fh.aa	H5362	נָקַף	root	[נָקַף] vb. strike off Niph. and the thickets of the forest shall be struck away Pi. after my skin, which they have struck off
n.fh.ab	H5363	נֹ֫קֶף		נֹ֫קֶף n.[m.] striking off;—only cstr. Is 17:6 24:13
n.fi.aa	H5362	נָקַף	root	[נָקַף] vb. go around (intrans.) Qal let feasts go around Hiph. go around, surround, encompass make the round, i.e. complete the circuit make round, round off (lit.)
n.fi.ab	H5364	נִקְפָּה		נִקְפָּה n.f. encircling rope (of captive), Is 3:24.
n.fj.aa		נקק	root	נקק
n.fj.ab	H5357	נָקִיק		[נָקִיק] n.m. cleft of rock
n.fk.aa	H5365	נָקַר	root	[נָקַר] vb. bore, pick, dig Qal both of boring, or picking out eye Pi. both of boring out eyes Pu. the quarry (fr. wh.) ye were digged.
n.fk.ab	H5366	נְקָרָה		[נְקָרָה] n.f. hole, crevice
n.fl.aa	H5367	נָקַשׁ	root	[נָקַשׁ] vb. knock, strike, only in specif. sense of hit, strike or bring down (a bird), and only fig. Qal he striketh down the wicked Niph. lest thou be thrust (impelled) after them Pi. let the creditor strike at, take aim at Hithp. why art thou striking at my life?
n.fl.ab		נֵר		נֵר נִר נִיר v. נור
n.fl.ac	H5370	נֵרְגָּ֑ל		נֵרְגָּ֑ל n.pr.div. worshipped by men of Cuth 2 K 17:30
n.fl.ad	H5371	נֵרְגַּל שַׂרְאֶ֫צֶר		נֵרְגַּל שַׂרְאֶ֫צֶר n.pr.m. chief soothsayer in train of Nebuchad.
n.fl.ae		נִרְגָּן		נִרְגָּן v. רגן
n.fl.af	H5373	נֵרְדְּ		נֵרְדְּ n.m. nard, an odorif. plant fr. India (via Persia)
n.fl.ag		נֵרִיָּה		נֵרִיָּה v. נֵר sub. נור
n.fm.aa	H4984	נָשָׂא	root	נָשָׂא 656 vb. lift, carry, take Qal lift, lift up Bear, carry Take, take away Niph. be lifted up refl. lift oneself up = rise up, of י׳, to display power in judgment be borne, carried be taken away, carried off Pi. lift up = exalt fig. = desire, long carry, bear continuously take, take away Hithp. lift oneself up Hiph. cause one to bear iniquity appar. cause to bring, have brought
n.fm.ab		נִשֵּׂאת		נִשֵּׂאת v. נשׂא
n.fm.ac	H5385	נְשׂוּאָה		[נְשׂוּאָה] n.f. what is borne about;—pl. sf. Is 46:1
n.fm.ad	H5387	נָשִׂיא		נָשִׂיא 128 n.m. one lifted up, i.e. a chief prince
n.fm.ae	H5387	נָשִׂיא		[נָשִׂיא] n.[m.] rising mist, vapour
n.fm.af	H4853	מַשָּׂא		מַשָּׂא n.m. load, burden, lifting, bearing, tribute
n.fm.ag	H4853	מַשָּׂא		מַשָּׂא n.m. utterance, oracle
n.fm.ah	H4856	מַשֹּׂא		מַשֹּׂא n.m. lifting up;—only cstr. 2 Ch 19:7
n.fm.ai	H4858	מַשָּׂאָה		מַשָּׂאָה n.f. the uplifted (cloud);—Is 30:27
n.fm.aj	H4864	מַשְׂאֵת		מַשְׂאֵת n.f. uprising, utterance, burden, portion
n.fm.ak	H7863	שִׂיא		[שִׂיא] n.m. loftiness, fig. of pride:—Jb 20:6
n.fm.al	H7865	שִׂיאֹן		שִׂיאֹן n.pr.mont., i.e. Hermon, Dt 4:48
n.fm.am	H7613	שְׂאֵת		שְׂאֵת n.f. 1. exaltation, dignity. 2. swelling. 3. uprising
n.fn.aa	H5381	נָשַׂג	root	[נָשַׂג] vb. only Hiph. reach, overtake Hiph. overtake reach, attain cause to reach, bring, put fig. one’s hand has reached, i.e. one is able, or has enough
n.fn.ab		נשׂק		נשׂק v. שׂלק
n.fo.aa		נשׂר	root	נשׂר
n.fo.ab	H4883	מַשּׂוֹר		מַשּׂוֹר n.m. saw;—abs. Is 10:15.
n.fp.aa	H5378	נָשָׁא	root	[נָשָׁא] vb. lend on interest, or usury, be a creditor Qal every man that had a creditor Hiph. an enemy shall not act the creditor against him, make exactions of him
n.fp.ab	H4855	מַשָּׁא		מַשָּׁא n.m. lending on interest, or usury
n.fp.ac	H4859	מַשָּׁאָה		[מַשָּׁאָה] n.f. loan (on pledge)
n.fq.aa	H5377	נָשָׁא	root	נָשָׁא vb. only Niph. Hiph. beguile, deceive Niph. the princes have been beguiled Hiph. beguile
n.fq.ab	H4860	מַשָּׁאוֹן		מַשָּׁאוֹן n.[m.] guile, dissimulation; Pr 26:26
n.fq.ac	H4876	מַשּׁוּאוֹת		מַשּׁוּאוֹת n.f.pl. deceptions
n.fr.aa		נָשָׁא	root	נָשָׁא forget, v. נָשָׁה.
n.fs.aa	H5380	נָשַׁב	root	[נָשַׁב] vb. blow Qal the breath of י׳ has blown upon it. Hiph. he causes his wind to blow
n.ft.aa	H5383	נָשָׁה	root	נָשָׁה vb. lend, become a creditor Qal lend Hiph. who lendeth to his neighbor
n.ft.ab	H5386	נְשִׁי		[נְשִׁי] n.[m.] debt;—only 2 K 4:7
n.ft.ac	H4874	מַשֶּׁה		[מַשֶּׁה] n.m. loan;—only cstr. Dt 15:2
n.fu.aa	H5382	נָשָׁה	root	[נָשָׁה] vb. forget Qal I will forget you finally Niph. thou shalt not be forgotten of me Pi. God hath made me forget Hiph. God caused her (the ostrich) to forget wisdom
n.fu.ab	H5388	נְשִׁיָּה		נְשִׁיָּה n.f. forgetfulness, oblivion, ψ 88:13
n.fu.ac	H3449	יִשִּׁיָּהוּ		יִשִּׁיָּהוּ, יִשִּׁיָּה n.pr.m. one of David’s heroes a man of Issachar Levites one of those strange wives
n.fu.ad	H5384	נָשֶׁה		נָשֶׁה n.[m.] a vein (or nerve) in the thigh
n.fu.ae		נָשִׁים		נָשִׁים v. אִשָּׁה
n.fv.aa	H5391	נָשַׁךְ	root	נָשַׁךְ vb. bite Qal bite Pi. and they shall bite you fatally
n.fv.ab	H5392	נֶ֫שֶׁךְ		נֶ֫שֶׁךְ n.[m.] interest, usury (lit. something bitten off)
n.fv.ac	H5391	נָשַׁךְ		[נָשַׁךְ] vb. denom pay, give interest Qal interest of anything off which one giveth interest Hiph. make one give interest
n.fv.ad	H5393	נִשְׁכָּה		נִשְׁכָּה n.f. chamber
n.fw.aa	H5394	נָשַׁל	root	נָשַׁל vb. 1. intrans. slip or drop off; also trans.: 2. draw off. 3. clear away Qal slip or drop off draw off sandal fr. foot clear away nations Pi. he cleared the Jews entirely out of Elath.
n.fx.aa	H5395	נשׁם	root	[נשׁם] vb. pant;—pant, of the deep and strong breathing of a woman in travail; Qal Is 42:14.
n.fx.ab	H5397	נְשָׁמָה		נְשָׁמָה n.f. breath
n.fx.ac	H8580	תִּנְשֶׁ֫מֶת		תִּנְשֶׁ֫מֶת n.f. an animal unclean bird, the ibis, water-hen unclean, lizard, or chameleon
n.fy.aa	H5398	נָשַׁף	root	נָשַׁף vb. blow
n.fy.ab	H5399	נֶ֫שֶׁף		נֶ֫שֶׁף n.m. twilight (prop. twilight-breeze) evening twilight morning twilight
n.fy.ac	H3244	יַנְשׁוּף		יַנְשׁוּף and יַנְשׁוֹף n.[m.] a bird (with harsh, strident note?)
n.fz.aa	H5401	נָשַׁק	root	נָשַׁק vb. kiss Qal kiss Pi. kiss Hiph. of wings of cherubim, gently touching each other
n.fz.ab	H5390	נְשִׁיקָה		[נְשִׁיקָה] n.f. kiss
n.ga.aa	H5401	נָשַׁק	root	[נָשַׁק] vb. exact meaning uncertain; prob. either handle or be equiped with
n.ga.ab	H5402	נֶ֫שֶׁק		נֶ֫שֶׁק, נֵ֫שֶׁק n.[m.] equipment, weapons (coll.), armoury
n.gb.aa	H5404	נֶשֶׁר	root	נֶשֶׁר n.m. griffon-vulture, eagle
n.gc.aa	H5405	נָשַׁת	root	נָשַׁת vb. be dry, parched Qal their might is dry, i.e. fails. Niph. and water shall be dried up from the sea
n.gc.ab	H5406	נִשְׁתְּוָן		נִשְׁתְּוָן n.[m.] letter
n.gd.aa		נתב	root	נתב
n.gd.ab	H5410	נָתִיב		נָתִיב n.m. path, pathway
n.gd.ac	H5410	נְתִיבָה		נְתִיבָה n.f. id. [n.gd.ab];—path
n.ge.aa	H5408	נָתַח	root	[נָתַח] vb. only Pi. cut up, cut in pieces, divide by joints
n.ge.ab	H5409	נֵ֫תַח		נֵ֫תַח n.m. Ez 24:4 piece of a divided carcass
n.gf.aa	H5413	נָתַךְ	root	[נָתַךְ] vb. pour forth (intrans.), be poured out Qal pour forth Niph. be poured Hiph. thy servants have poured out the money Hoph. so shall ye be melted (fig. of judgment
n.gf.ab	H2046	הִתּוּךְ		הִתּוּךְ n.[m.] a melting;—cstr. Ez 22:22
n.gg.aa	H5414	נָתַן	root	נָתַן 2007 vb. give, put, set Qal 1917 give Put, set Make, constitute Niph. 82be given Be put, set Hoph. be given, bestowed = be given to one for wife be put upon
n.gg.ab	H5416	נָתָן		נָתָן 42 n.pr.m. a son of David the prophet of David’s time father of one of David’s heroes father of officers of Solomon name in Judah companion of Ezra from Babylon one of those who took strange wives head of a family
n.gg.ac	H5419	נְתַן־מֶ֫לֶךְ		נְתַן־מֶ֫לֶךְ n.pr.m. an official of Judah, Josiah’s time 2 K 23:11
n.gg.ad	H5411	נְתִינִים		נְתִינִים n.m.pl. Nethinim (prop. those given to the service of the sanctuary)
n.gg.ae	H5417	נְתַנְאֵל		נְתַנְאֵל n.pr.m. a chief of Issachar 4th son of Jesse name of priests priest’s son (who had strange wife) Levite name a prince of Jehoshaphat
n.gg.af	H5418	נְתַנְיָ֫הוּ		נְתַנְיָ֫הוּ, נְתַנְיָה n.pr.m. father of Jehudi father of Ishmael Gedaliah’s murderer Levite name
n.gg.ag	H4976	מַתָּן		מַתָּן n.m. coll. gift(s)
n.gg.ah	H4977	מַתָּן		מַתָּן n.pr.m. priest of Baal at Jerusalem father of Shephatiah, in Judah
n.gg.ai	H4979	מַתָּנָה		מַתָּנָה n.f. gift
n.gg.aj	H4980	מַתָּנָה		מַתָּנָה n.pr.loc. a station of Isr. E. of Jordan
n.gg.ak		מַתְּנַי		מַתְּנַי v. מַתַּנְיָה
n.gg.al	H4991	מַתַּת		[מַתַּת] n.f. id. [n.gg.ai];—gift = reward
n.gg.am	H4983	מַתַּנְיָ֫הוּ		מַתַּנְיָ֫הוּ, מַתַּנְיָה n.pr.m. last king of Judah, name changed to Zedekiah Levite name Levite name name of several who took strange wives
n.gg.an	H4982	מַתְּנַי		מַתְּנַי n.pr.m. (abbrev. fr. foregoing [n.gg.am] a priest name of two who took strange wives
n.gg.ao	H4993	מַתִּתְיָ֫הוּ		מַתִּתְיָ֫הוּ, מַתִּתְיָה n.pr.m. a Levitical musician Levitical name attendant of Ezra one of those who took strange wives
n.gg.ap	H4992	מַתַּתָּה		מַתַּתָּה n.pr.m. one of those who took foreign wives Ez 10:33
n.gh.aa	H5420	נָתַס	root	[נָתַס] vb. tear or break down;—Qal Jb 30:13
n.gi.aa	H5421	נָתַע	root	[נָתַע] vb. break, break down, or out;—Niph. Jb 4:10
n.gj.aa	H5422	נָתַץ	root	נָתַץ vb. pull down, break down Qal lit. pull down a structure fig. Niph. be pulled, broken, down Pi. tear down (chiefly late) Pu. be torn down Hoph. be broken down, broken
n.gk.aa	H5423	נָתַק	root	[נָתַק] vb. pull, draw, tear away, apart, off Qal draw away draw or pull off pull, tear away Niph. be drawn away be torn apart, or in two, snapped be separated Pi. tear apart, snap tear out, up Hiph. draw away drag them away Hoph. they were drawn away from the city
n.gk.ab	H5424	נֶ֫תֶק		נֶ֫תֶק n.m. scab, an eruption of skin, on head or in beard, causing suspicion of leprosy (lit. a tearing off)
n.gl.aa	H5425	נָתַר	root	[נָתַר] vb. spring or start up Qal yea, it (the heart) starts up from its place Pi. to leap with them (i.e. its legs) upon the earth Hiph. he (י׳) looked, and made nations start up.
n.gm.aa	H5425	נָתַר	root	[נָתַר] vb. be free, loose;—Hiph. unfasten, loosen set free, unbind
n.gm.ab	H5427	נֶ֫תֶר		נֶ֫תֶר n.[m.] natron, or carbonate of soda, a mineral alkali
n.gn.aa	H5428	נָתַשׁ	root	נָתַשׁ vb. pull or pluck up, root out Qal pull or pluck up Niph. it shall not be rooted up Hoph. and she was rooted up
o.aa.aa		ס	root	ס
o.aa.ab	H5429	סְאָה		סְאָה n.f. sᵉ’āh, a measure of flour, grain, etc.
o.aa.ac	H5430	סְאוֹן		[סְאוֹן?] n.[m.] sandal, boot of soldier
o.aa.ad	H5431	סָאַן		[סָאַן] vb. prob. denom. tread, tramp;—only Qal Is 9:4 (v. foregoing [o.aa.ac]).
o.ab.aa	H5432	סֵאסֵא	root	[סֵאסֵא] vb. Pilpēl, whence Is 27:8 = by driving her (it) away
o.ac.aa	H5433	סָבָא	root	[סָבָא] vb. imbibe, drink largely
o.ac.ab	H5433	סָבָא		[סָבָא] only pl. Ez 23:42 Qr = drunkards, wine-bibbers(?)
o.ac.ac	H5435	סֹ֫בֶא		[סֹ֫בֶא] n.m. drink, liquor
o.ac.ad	H5434	סְבָא		סְבָא n.pr.m. 1st son of Cush, poet. and late
o.ac.ae	H5436	סְבָאִים		סְבָאִים n.pl.gent. Sᵉbā’im
o.ad.aa	H4142	סָבַב	root	סָבַב vb. turn about, go around, surround Qal turn, intrans. march, or walk, around go partly round, circle, skirt make a round, or circuit, go about to surround, encompass Niph. turn oneself against, close round upon turn round (from a direct course) esp. of boundary: turn round from, toward pass. be turned over to, into the power of Pi. to change, transform, the aspect of the matter Po‛. encompass (with protection) come about, assemble round march or go about enclose, envelop Hiph. turn (trans.), cause to turn bring over (i.e. to allegiance) turn into, of changing name = bring round, of changing name cause to go around surround with (acc.) wall perh. also encompass (as foe) Hoph. be turned, of cart wheel surrounded, i.e. set, of jewels
o.ad.ab	H5438	סִבָּה		סִבָּה n.f. turn of affairs;—only abs. 1 K 12:15
o.ad.ac	H4036	סָבִיב		סָבִיב 336 subst., used mostly as adv. and prep., circuit, round about
o.ad.ad	H4524	מֵסַב		מֵסַב n.[m.] that which surrounds, or is round
o.ad.ae	H4141	מוּסָב		[מוּסָב] n.m. encompassing, surrounding (?);—only cstr. Ez 41:7
o.ad.af	H5252	נְסִבָּה		נְסִבָּה n.f. turn of affairs;—abs. 2 Ch 10:15
o.ae.aa	H5440	סָבַךְ	root	[סָבַךְ] vb. interweave Qal interwoven (entangled) thorns Pu. are interwoven
o.ae.ab	H5442	סְבַךְ		סְבַךְ n.[m.] thicket
o.ae.ac	H5441	סְבֹךְ		[סְבֹךְ] n.[m.] id. [o.ae.ab] in the thicket of trees
o.ae.ad	H5444	סִבְּכַי		סִבְּכַי n.pr.m. a captain of David
o.af.aa	H5445	סָבַל	root	[סָבַל] vb. bear a heavy load Qal bear a load Pu. laden Hithp. drag oneself along
o.af.ab	H5447	סֵ֫בֶל		סֵ֫בֶל n.[m.] load, burden
o.af.ac	H5448	סֹ֫בֶל		[סֹ֫בֶל] n.m. burden (always fig. of burden of tyranny)
o.af.ad	H5449	סַבָל		סַבָל n.[m.] burden-bearer, (late)
o.af.ae	H5450	סִבְלָה		[סִבְלָה] n.f. burden
o.af.af	H5451	סִבֹ֫לֶת		סִבֹ֫לֶת n.f. prob. ear of wheat, etc., only Ju 12:6
o.af.ag	H5453	סִבְרַ֫יִם		סִבְרַ֫יִם n.pr.loc. city between the border of Damascus and that of Hamath Ez 47:16
o.af.ah	H5454	סַבְתָּה		סַבְתָּה, סַבְתָּא n.pr.gent. 3rd ‘son’ of Cush
o.af.ai	H5455	סַבְתְּכָא		סַבְתְּכָא n.pr.gent. 5th ‘son’ of Cush
o.ag.aa	H5456	סָגַד	root	[סָגַד] vb. prostrate oneself in worship
o.ag.ab		סִגִים		סִגִים סִגִּים v. סִיג sub. סוג
o.ah.aa		סגל	root	סגל
o.ah.ab	H5459	סְגֻלָּה		סְגֻלָּה n.f. possession, property
o.ah.ac	H5461	סָגָן		[סָגָן, סֶ֫גֶן] n.m. prefect, ruler
o.ai.aa	H5462	סָגַר	root	סָגַר vb. shut, close Qal shut door close in upon close up breach Pt. pass., closed up = closely joined with tight seal elsewhwere only Pt. pass. (gold shut up, and so prized, rare, fine?) Niph. subj. pers. be shut up be shut, closed, of city gates Pi. deliver up to (leave no other opening for one, shut one up to) Pu. of cities of prisoners of doors Hiph. deliver up to shut up
o.ai.ab	H5458	סְגוֹר		סְגוֹר n.[m.] enclosure, encasement
o.ai.ac	H5474	סוּגַר		סוּגַר n.[m.] cage, prison;—Ez 19:9
o.ai.ad	H4525	מַסְגֵּר		מַסְגֵּר n.[m.] 1. locksmith, smith. 2. dungeon
o.ai.ae	H4526	מִסְגֶּ֫רֶת		מִסְגֶּ֫רֶת n.f. 1. border, rim. 2. fastness
o.aj.aa		סגר	root	סגר
o.aj.ab	H5464	סַגְרִיר		סַגְרִיר n.[m.] steady, persistent rain;—abs. Pr 27:15
o.aj.ac	H5465	סַד		סַד n.[m.] stocks, for confining feet of culprits
o.aj.ad	H5467	סְדֹם		סְדֹם 39 n.pr.loc. Sodom, important Canaanitish name (usu.) with Gomorrah
o.aj.ae	H5466	סָדִין		סָדִין n.[m.] linen wrapper (perh. foreign word)
o.ak.aa		סדר	root	סדר
o.ak.ab	H5468	סֵ֫דֶר		סֵ֫דֶר n.[m.] arrangement, order;—only pl. Jb 10:22
o.ak.ac	H7713	שְׂדֵרָה		[שְׂדֵרָה] n.f. 1. row, rank of soldiers in line. 2. architectural term.
o.ak.ad	H4528	מִסְדְּרוֹן		[מִסְדְּרוֹן] n.[m.] porch, colonnade ? (place of a row (of pillars)?);—only Ju 3:23
o.al.aa		סהר	root	סהר
o.al.ab	H5469	סַ֫הַר		סַ֫הַר n.[m.] roundness;—Ct 7:2
o.al.ac	H5470	סֹ֫הַר		סֹ֫הַר n.[m.] roundness (?)
o.al.ad	H5471	סוֹא		סוֹא n.pr.m. 2 K 17:4, with whom Hoshea had intrigue
o.am.aa	H5253	סוּג	root	[סוּג, seldom שׂוּג] vb. move away, backslide Qal backslide, prove recreant to י׳ Niph. refl. turn oneself away, turn back be turned or driven back, be repulsed Hiph. usu. of displacing, moving back a boundary mark remove, carry away Hoph. and justice is driven back
o.am.ab		סוג		סוג סִיג סוּג v.
o.am.ac	H5509	סִיג		סִיג, שִׂיג n.[m.] 1. a moving back or away. 2. dross
o.an.aa	H5473	סוּג	root	[סוּג, שׂוּג] vb. fence about Qal Ct 7:3 thy body a heap of wheat fenced about with lilies Pilp. intens. Is 17:11 thou dost fence it caully about
o.ao.aa		סוד	root	סוד
o.ao.ab	H5475	סוֹד		סוֹד n.[m.] council, counsel
o.ao.ac	H5476	סוֹדִי		סוֹדִי n.pr.m. a Zebulunite Nu 13:10
o.ap.aa		סוה	root	סוה
o.ap.ab	H5497	סוּת		[סוּת] n.[m.] vesture;—sf. Gn 49:11
o.ap.ac	H4533	מַסְוֶה		מַסְוֶה n.[m.] veil;—מ׳ עַל־פָּנָיו Ex 34:33 cf. v 34, 35 (P).
o.aq.aa		סוח	root	סוח
o.aq.ab	H5478	סוּחָה		סוּחָה n.f. offal;—abs. in sim. Is 5:25.
o.aq.ac	H5477	סוּחַ		סוּחַ n.pr.m. an Asherite 1 Ch 7:36
o.aq.ad	H5479	סוֹטַי		סוֹטַי, סֹטַי n.pr.m. among returned captives
o.ar.aa	H3251	סוּךְ	root	[סוּךְ, סִיךְ] vb. pour in anointing, anoint (NH Aram. סוּךְ anoint);— Qal anoint, in the toilet, oft. after washing; usu. refl. anoint oneself act. anoint another pass., be poured
o.ar.ab	H0610	אָסוּךְ		אָסוּךְ n.[m.] flask (for pouring, anointing);—appar. cstr. 2 K 4:2
o.as.aa	H5526	סוּךְ	root	[סוּךְ, סִיךְ] vb. hedge, or fence about, shut in
o.as.ab	H4534	מְסוּכָה		מְסוּכָה n.f. hedge;—only in fig. Mi 7:4
o.as.ac	H5482	סְוֵן		[סְוֵן,< סְוָן], סְוֵנֵה n.pr.loc. Syene, city of S. border of Egypt, toward Ethiopia
o.as.ad		סִוֵנִים		סִוֵנִים סִינִים v. סִינִים
o.as.ae	H5483	סוּס		סוּס n.[m.] swallow or swift
o.as.af	H5483	סוּס		סוּס 138 n.m. horse
o.as.ag	H5484	סוּסָה		[סוּסָה] n.f. mare;—c. sf. Ct 1:9
o.as.ah	H5485	סוּסִי		סוּסִי n.pr.m.;—a Manassite Nu 13:11
o.at.aa	H5486	סוּף	root	[סוּף] vb. come to an end, cease Qal come to an end Hiph. make an end of
o.at.ab	H5490	סוֹף		סוֹף n.m. end
o.at.ac	H5492	סוּפָה		סוּפָה n.f. storm-wind (that makes an end ?)
o.at.ad	H5488	סוּף		סוּף n.m. reeds, rushes rushes, in Nile Red Sea
o.at.ae	H5489	סוּף		סוּף n.pr.loc. named in defining loc. of Deut. law-giving Dt 1:1
o.at.af	H5492	סוּפָה		סוּפָה n.pr.loc. E. of Jordan;—only in ancient poet. fragment Nu 21:14; SE. oasis of Dead Sea
o.au.aa	H5493	סוּר	root	סוּר and [שׂוּר] 300 vb. turn aside Qal turn aside, out of one's course depart of lifeless things = be removed = come to an end Pô‛lēl he turned aside my ways (my steps) Hiph. cause to (turn aside,) depart, common word for remove, take away rarer uses Pô‛lēl be taken away, removed
o.au.ab		סוּר		סוּר v.
o.au.ac	H5495	סוּר		סוּר n.pr. of a temple-gate;—2 K 11:6
o.au.ad	H5627	סָרָה		סָרָה n.f. turning aside, defection, apostasy, withdrawal
o.au.ae		סִתָה		סִתָה v. בּוֹר הַסּ׳ p. 92 supr.
o.au.af	H3249	יסור		יסור only in יסורי Je 17:13 Kt, but v. Qr סור Qal Pt.
o.av.aa	H5496	סוּת	root	[סוּת] vb. Hiph. incite, allure, instigate
o.av.ab		סוּת		סוּת v. סוה
o.aw.aa	H5498	סָחַב	root	[סָחַב] vb. drag
o.aw.ab	H5499	סְחָבָה		סְחָבָה n.f. rag, clout;—only pl. Je 38:11, 12
o.ax.aa	H5500	סָחָה	root	[סָחָה] vb. scrape;—only Pi. scrape clean, scour, Ez 26:4
o.ax.ab	H5501	סְחִי		סְחִי n.[m.] offscouring;—La 3:45.
o.ax.ac	H7823	סָחִישׁ		סָחִישׁ n.[m.] grain that shoots up of itself in 2nd year (= שָׁחִיס)
o.ay.aa	H5502	סָחַף	root	[סָחַף] vb. prostrate Qal a prostrating rain Niph. why are thy mighty ones (or, why is thy bull) prostrated?
o.az.aa	H5503	סָחַר	root	[סָחַר] vb. go around, about, travel about in Qal go about, to and fro Pt. = subst. a trafficker, trader (who goes about with wares, etc.) Pilp. my heart palpitates
o.az.ab	H5504	סָ֫חַר		[סָ֫חַר] n.m. traffic, gain
o.az.ac	H5506	סְחֹרָה		[סְחֹרָה] n.f. merchandise;—cstr. Ez 27:15
o.az.ad	H5507	סֹחֵרָה		סֹחֵרָה n.f. buckler;—ψ 91:4
o.az.ae	H4536	מִסְחָר		[מִסְחָר] n.m. appar. merchandise
o.az.af	H5508	סֹחֶ֫רֶת		[סֹחֶ֫רֶת] n.f. a stone used (with marble) in paving;—Est 1:6.
o.az.ag		סֵט		סֵט סֵטִים v. שֵׂט sub. שׂוט
o.az.ah		סִיג		סִיג v. סוג
o.az.ai	H5510	סִיוָן		סִיוָן n.pr. of 3rd month, Sîwān = May-June;—Est 8:9.
o.az.aj	H5511	סִיחוֹן		סִיחוֹן, סִחוֹן 35 n.pr.m. Sihon
o.az.ak	H5512	סִין		סִין n.pr.loc. Sin, i.e. Pelusium, E. frontier city of Egypt (Egypt. ’Imt = clay, of which סין is transl.)
o.az.al	H5512	סִין		סִין n.pr.loc. wilderness between Elim and Sinai
o.az.am	H5514	סִינַי		סִינַי n.pr.mont. Sinai;—name of mt. of law-giving in J and esp. P
o.az.an	H5513	סִינִי		סִינִי adj.gent. a Canaanite people, in north
o.az.ao	H5515	סִינִים		סִינִים adj. gent. pl. = subst. Is 49:12
o.az.ap		סִיס		סִיס סוּס v. סוּס
o.az.aq	H5516	סִיסְרָא		סִיסְרָא 21 n.pr.m. general of Jabin, king of Hazor returned exiles
o.az.ar	H5517	סִיעָא		סִיעָא, סִיעֲהָא n.pr.m. returned exiles
o.az.as	H5518	סִיר		סִיר n.m. et f. pot
o.az.at	H5518	סִיר		[סִיר] n.[m.] thorn, hook
o.az.au		סָךְ		סָךְ סֹךְ סֻכָּה סֻכּוֹת v. סכך
o.az.av	H5522	סִכּוּת		סִכּוּת n.pr.div. Am 5:26 = As. Sakkut (epithet of Adar-Ninip = Saturn)
o.az.aw	H5524	סֻכּוֹת בְּנוֹת		סֻכּוֹת בְּנוֹת n.pr.div. 2 K 17:30, As.-Bab. deity, worshipped by Babylonians in Samaria
o.az.ax	H5525	סֻכִּיִּים		סֻכִּיִּים n.pr.m.pl. a people in army of Shishak acc. to 2 Ch 12:3
o.ba.aa	H5526	סָכַךְ	root	[סָכַךְ] vb. overshadow, screen, cover Qal screen, cover reflex. cover oneself Hiph. screen, cover Pilp. denom.
o.ba.ab	H4539	מָסָךְ		מָסָךְ n.[m.] covering, screen
o.ba.ac	H4540	מְסֻכָֿה		[מְסֻכָֿה] n.f. that with which one is covered, covering;—sf. Ez 28:13
o.ba.ad	H4329	מוּסָךְ		[מוּסָךְ] n.m. architect. term of some covered structure, otherwise unknown;—only cstr. 2 K 16:18 Qr (Kt מיסך i.e. מֵיסַךְ)
o.bb.aa	H5526	סָכַךְ	root	[סָכַךְ] vb. weave together;—Qal ψ 139:13
o.bb.ab	H5519	סַךְ		[סַךְ] n.[m.] throng (prop. an interwoven mass);—ψ 42:5
o.bb.ac	H5520	סֹךְ		[סֹךְ] n.[m.] thicket, covert, lair
o.bb.ad	H5521	סֻכָּה		סֻכָּה n.f. thicket, booth
o.bb.ae	H5523	סֻכּוֹת		סֻכּוֹת 18 n.pr.loc. (expl. from Jacob making booths) first station of Isr. at Exodus
o.bb.af	H5526	סֹכֵךְ		סֹכֵךְ n. [m.] protector;—term. techn. of structure shielding stormers of city Na 2:6
o.bb.ag	H5527	סְכָכָה		סְכָכָה n.pr.loc. in wilderness of Judah Jos 15:61
o.bc.aa	H5528	סָכַל	root	[סָכַל] vb. be foolish or a fool, usu. in moral or spiritual sense Piel make foolish, turn into foolishness Niph. act or do foolishly Hiph. do foolishly, play the fool
o.bc.ab	H5530	סָכָל		סָכָל n.m. fool
o.bc.ac	H5529	סֶ֫כֶל		סֶ֫כֶל n.m. folly;—Ec 10:6.
o.bc.ad	H5531	סִכְלוּת		סִכְלוּת, שִׂכְלוּת n.f. folly
o.bd.aa	H5532	סָכַן	root	[סָכַן] vb. be of use or service, benefit Qal be of use or service benefit, profit Hiph. be used, wont, strictly exhibit use, or habit
o.bd.ab	H4543	מִסְכְּנוֹת		מִסְכְּנוֹת n.f.pl. supply, storage
o.be.aa	H5533	סָכַן	root	סָכַן vb. incur danger (late);—Niph. Ec 10:9
o.bf.aa	H5533	סָכַן	root	[סָכַן] vb. (so most) be poor, but v. infr.;—Pu. Is 40:20
o.bf.ab		סִכְסֵךְ		סִכְסֵךְ v. שׂכך
o.bg.aa	H5534	סָכַר	root	[סָכַר] vb. shut up, stop up Niph. the mouth of liars shall be stopped Pi. and I will shut up (deliver) Egypt into the hand of
o.bh.aa	H7936	סָכַר	root	[סָכַר] vb. hire;—only Qal Ezr 4:5
o.bi.aa	H5535	סָכַת	root	[סָכַת] vb. be silent;—Hiph. declar. shew silence: Dt 27:9
o.bi.ab		סַל		סַל v. סלל
o.bi.ac	H5538	סִלָּא		סִלָּא word in (unintelligible) design. loc. 2 K 12:21
o.bj.aa	H5537	סָלָא	root	[סָלָא] vb. weigh;—only Pu. La 4:2
o.bk.aa	H5539	סָלַד	root	[סָלַד] vb. very dubious, perh. spring;—Pi. Jb 6:10
o.bk.ab	H5540	סֶ֫לֶד		סֶ֫לֶד n.pr.m. in Judah
o.bl.aa	H5541	סָלָה	root	[סָלָה] vb. make light of, toss aside Qal thou dost make light of all those that err from thy statutes. Pi. intens. Adonay hath flouted at my mighty ones.
o.bm.aa	H5541	סָלָה	root	[סָלָה] vb. weigh, balance;—Pu.
o.bm.ab		סֶ֫לָה		סֶ֫לָה v. סלל
o.bm.ac	H5543	סַלּוּ		סַלּוּ n.pr.m. a priest, Zerub.'s time, acc. to Ne 12:7
o.bm.ad	H5543	סׇלוּא		סׇלוּא n.pr.m. a Simeonite Nu 25:14
o.bm.ae	H5543	סַלּוּא		סַלּוּא n.pr.m. a post-exil. Benjamite 1 Ch 9:7
o.bm.af	H5544	סַלּוֹן		[סַלּוֹן], סִלּוֹן n.m. brier (√ unknown)
o.bm.ag	H5543	סַלַּי		סַלַּי n.pr.m. = סַלּוּ q.v. a Benjamite
o.bn.aa	H5545	סָלַח	root	[סָלַח] vb. forgive, pardon Qal forgive, pardon Niph. term.techn. in code of P, it shall be forgiven him
o.bn.ab	H5546	סַלָּח		סַלָּח adj. ready to forgive, forgiving;—ψ 86:5
o.bn.ac	H5547	סְלִיחָה		סְלִיחָה n.f. forgiveness
o.bn.ad	H5548	סַלְכָה		סַלְכָה n.pr.loc. city on E. border of Bashan
o.bo.aa	H5549	סָלַל	root	[סָלַל] vb. lift up, cast up Qal cast up a highway cast up a way lift up Pilp. exalt her (i.e. Wisdom) Hithp. exalt oneself
o.bo.ab	H5542	סֶ֫לָה		סֶ֫לָה vb. lift up, or exalt;—this interpr. agrees with usage: 71 t. in 39 ψψ, 3 t. Hb 3
o.bo.ac	H5550	סֹלְלָה		סֹלְלָה n.f. mound
o.bo.ad	H5551	סֻלָּם		סֻלָּם n.m. ladder;—Gn 28:12 (E).
o.bo.ae	H4546	מְסִלָּה		מְסִלָּה n.f. highway
o.bo.af	H4547	מַסְלוּל		מַסְלוּל n.m. highway;—Is 35:8
o.bp.aa		סלל	root	סלל
o.bp.ab	H5536	סַל		סַל n.m. basket
o.bp.ac	H5552	סַלְסִלָּה		[סַלְסִלָּה] n.[f.] basket Je 6:9.
o.bq.aa		סלע	root	סלע
o.bq.ab	H5553	סֶ֫לַע		סֶ֫לַע 61 n.m. crag, cliff
o.bq.ac	H5554	סֶ֫לַע		סֶ֫לַע n.pr.loc. in Edom
o.bq.ad	H5556	סָלְעָם		סָלְעָם n.m. an edible, winged, locust;—Lv 11:22
o.br.aa	H5557	סָלַף	root	סָלַף vb. twist, pervert, overturn Pi. pervert subvert, turn upside down, ruin
o.br.ab	H5558	סֶ֫לֶף		סֶ֫לֶף n.m. crookedness, crooked dealing
o.bs.aa	H5266	סָלֵק	root	[סָלֵק] vb. ascend;—only Qal ψ 139:8
o.bs.ab	H5560	סֹ֫לֶת		סֹ֫לֶת 53 n.f. fine flour
o.bs.ac		סַם		סַם v. סמם
o.bs.ad	H5562	סַמְגַּר נְבוֹ		סַמְגַּר נְבוֹ n.pr.m. an officer of Nebuchad. acc. to MT Je 39:3
o.bs.ae	H5563	סְמַדֵר		[סְמַדֵר ?], also סְמָדַ֖֔ר, סְמָדִ֑ר n.m. blossom of grape
o.bt.aa	H5564	סָמַךְ	root	סָמַךְ 48 vb. lean, lay, rest, support Qal 41 lean or lay hand upon intrans. thy wrath hath rested upon me support, uphold, sustain Niph. reflex. support, or brace oneself Pi. sustain (refresh, revive) me with raisin-cakes.
o.bt.ab	H5565	סְמַכְיָהוּ		סְמַכְיָהוּ n.pr.m. (= י׳ hath sustained);—Korahite name 1 Ch 26:7
o.bt.ac	H3253	יִסְמַכְיָהוּ		יִסְמַכְיָהוּ n.pr.m. (י׳ sustaineth);—Levite name 2 Ch 31:13
o.bt.ad	H5566	סֶ֫מֶל		סֶ֫מֶל n.m. perh. orig. n.pr.div., then gen. image, statue
o.bu.aa		סמם	root	סמם
o.bu.ab	H5561	סַם		[סַם] 16 n.m. spice, used in incense
o.bv.aa	H5567	סמן	root	סמן vb. whence Niph. Is 28:25 barley in an appointed place, or a determined portion
o.bw.aa	H5568	סָמַר	root	סָמַר vb. bristle up Qal ψ 119:120 from fear of thee did my flesh bristle up, ‘creep.’ Pi. Jb 4:15.
o.bw.ab	H5569	סָמָר		סָמָר adj. bristling, rough;—Je 51:27
o.bw.ac	H4548	מַסְמֵר		[מַסְמֵר] n.m. nail
o.bw.ad	H5570	סְנָאָה		סְנָאָה appar. n.pr.m. = sons of hated (rejected) woman, i.e. the poorer classes of Jerusalem.
o.bw.ae	H5571	סַנְבַּלַּט		סַנְבַּלַּט n.pr.m. leader of Samaritan opponents of Nehemiah
o.bw.af	H5572	סְנֶה		סְנֶה n.m. a thorny bush, perh. blackberry bush
o.bw.ag	H5573	סֶ֑נֶּה		סֶ֑נֶּה n.pr.rup. (= thorny);—a cliff opp. the cliff called בּוֹצֵץ, 1 S 14:4
o.bw.ah	H5574	סְנוּאָה		סְנוּאָה n.pr.m.
o.bw.ai	H5575	סַנְוֵרִים		סַנְוֵרִים n.[m.]pl. sudden blindness
o.bw.aj	H5576	סַנְחֵרִיב		סַנְחֵרִיב n.pr.m. Sennacherib (= Sin-aḩê-irba, Sin multiplied brothers);—son of Sargon and father of Esarhaddon, king of Assyria
o.bw.ak		סַנָּה		סַנָּה v. קִרְיַת־סַנָּה
o.bw.al	H5578	סַנְסַנָּה		סַנְסַנָּה n.pr.loc. in S. Judah
o.bw.am	H5577	סַנְסִנִּים		[סַנְסִנִּים] n.[m.]pl. fruit-stalk of date;—sf. Ct 7:9.
o.bw.an	H5579	סְנַפִּיר		סְנַפִּיר n.[m.] fin
o.bw.ao	H5580	סָ֑ס		סָ֑ס n.m. moth;—Is 51:8.
o.bw.ap	H5581	סִסְמַי		סִסְמַי n.pr.m. name in Judah
o.bx.aa	H5582	סָעַד	root	סָעַד vb. support, sustain, stay
o.bx.ab	H4552	מִסְעָד		מִסְעָד n.[m.] support;—abs. מ׳ 1 K 10:12; precise meaning unintelligible.
o.by.aa	H5584	סָעָה	root	[סָעָה] vb. (dub.) rush, of storm-wind;—Qal ψ 55:9
o.bz.aa		סעף	root	סעף
o.bz.ab	H5585	סָעִיף		[סָעִיף] n.[m.] 1. cleft. 2. branch
o.bz.ac	H5589	סְעַפָּה		[סְעַפָּה] n.f. bough, branch
o.bz.ad	H5586	סֵעֵף		סֵעֵף vb. Pi. denom. lop off boughs;—Is 10:33
o.bz.ae	H5634	סַרְעַפָּה		סַרְעַפָּה n.f. bough;—Ez 31:5
o.bz.af	H5588	סֵעֵף		[סֵעֵף] adj. divided, half-hearted;—pl. abs. as subst., in religious sense, ψ 119:113
o.bz.ag	H5587	סְעִפָּה		[סְעִפָּה] n.f. division, divided opinion;—pl. abs. 1 K 18:21
o.ca.aa	H5590	סָעַר	root	[סָעַר] vb. storm, rage Qal they [my foes] storm along to scatter me Niph. and the heart of the king … was enraged Pi. and storm them away (hurl them by a storm-wind) upon the nations. Po. shall be like chaff (which) is storm-driven from a threshing-floor.
o.ca.ab	H5591	סַ֫עַר		סַ֫עַר n.m. tempest
o.ca.ac	H5591	סְעָרָה		סְעָרָה n.f. tempest, storm-wind
o.ca.ad		סַף		סַף v. ספף
o.cb.aa		ספא	root	ספא
o.cb.ab	H4554	מִסְפּוֹא		מִסְפּוֹא n.m. fodder
o.cc.aa	H5594	סָפַד	root	[סָפַד] vb. wail, lament Qal wail, lament Niph. they shall not be bewailed
o.cc.ab	H4553	מִסְפֵּד		מִסְפֵּד n.m. wailing
o.cd.aa	H5595	סָפָה	root	[סָפָה] vb. sweep or snatch away, catch up Qal intrans. be snatched away trans. sweep away Niph. be swept away, destroyed be caught up, captured Hiph. I will catch up against them calamities
o.ce.aa	H5596	סָפַח	root	[סָפַח] vb. join, attach to Qal attach me, pray, to one of the priest’s offices. Niph. and they shall attach themselves to the house of Jacob Pi. joining (to it?) thy fury Pu. are joined together, hold themselves together Hithp. they have driven me out from joining myself with the inheritance of י׳.
o.cf.aa		ספח	root	ספח
o.cf.ab	H5599	סָפִיחַ		[סָפִיחַ] n.[m.] outpouring(?)
o.cf.ac	H5599	סָפִיחַ		סָפִיחַ n.[m.] growth from spilled kernels
o.cf.ad	H4939	מִשְׂפָּח		מִשְׂפָּח n.[m.] prob. outpouring (of blood), bloodshed;—abs. Is 5:7
o.cg.aa		ספח	root	ספח
o.cg.ab	H5597	סַפַּ֫חַת		סַפַּ֫חַת n.f. eruption, scab, either malignant or harmless
o.cg.ac	H4556	מִסְפַּ֫חַת		מִסְפַּ֫חַת n.f. id. [o.cg.ab];—abs.
o.cg.ad	H5596	שִׂפַּח		שִׂפַּח vb. Pi. denom. cause a scab upon, smite with scab;—Is 3:17
o.cg.ae	H4555	מִסְפָּחָה		[מִסְפָּחָה] n.f. long veil (prop. sheathing?) covering whole person; pl. abs. Ez 13:18
o.cg.af		סִפַּי		סִפַּי v. ספף
o.cg.ag	H5601	סַפִּיר		סַפִּיר n.[m.] sapphire, perh. also lapis lazuli
o.cg.ah	H5602	סֵ֫פֶל		סֵ֫פֶל n.[m.] bowl
o.ch.aa	H5603	סָפַן	root	[סָפַן, once, erron., שׂ׳] vb. cover, cover in, panel
o.ch.ab	H5604	סִפֻּן		סִפֻּן n.[m.] ceiling;—abs. הַסּ׳ 1 K 6:15.
o.ch.ac	H5600	סְפִינָה		סְפִינָה n.f. vessel, ship (covered in, overlaid, with sheathing, deck, etc.);—only Jon 1:5.
o.ci.aa		ספף	root	ספף
o.ci.ab	H5592	סַף		סַף n.m. basin, goblet
o.ci.ac	H5592	סַף		סַף 24 n.m. threshhold, sill
o.ci.ad	H5605	ספף		ספף vb. denom. Hithpô‛. stand at or guard, threshold;—ψ 84:11
o.ci.ae	H5593	סַף		סַף, סִפַּי n.pr.m. a Philistine
o.cj.aa	H5606	סָפַק	root	סָפַק, [שָׂפַק], vb. slap, clap Qal slap slap, chastise splash Hiph. and into the hands of foreigners they clap, lit. cause to clap
o.cj.ab	H5607	שֶׂ֫פֶק		[שֶׂ֫פֶק] n.[m.] doubtful word; hand-clapping, i.e. mockery
o.ck.aa	H5612	סֵ֫פֶר	root	סֵ֫פֶר 185 n.m. missive, document, writing, book missive legal document book or scroll, in which something is written to preserve it for future use
o.ck.ab	H5612	סִפְרָה		[סִפְרָה] n.f. book;—sf. ψ 56:9
o.ck.ac	H5608	סָפַר		סָפַר 107 vb. count, Pi. recount, relate Qal 27 count things, to learn their number number = take account of, carefully observe and consider, reckon Niph. be counted, numbered Pi. 67 recount, rehearse, declare Pu. be recounted, related, rehearsed
o.ck.ad	H5608	סֹפֵר		סֹפֵר, סוֹפֵר n.m. enumerator, muster-officer, secretary, scribe
o.ck.ae	H5610	סְפָר		סְפָר n.[m.] enumeration, census (late);—abs. 2 Ch 2:16.
o.ck.af	H5611	סְפָר		[סְפָר] n.pr.loc. in S. Arabia;—only Gn 10:30
o.ck.ag	H5615	סְפֹרָה		[סְפֹרָה] n.f. number;—pl. abs. ψ 71:15
o.ck.ah	H4557	מִסְפָּר		מִסְפָּר 133 n.m. number, tale
o.ck.ai	H4558	מִסְפָּר		מִסְפָּר n.pr.m. a returned exile Ezr 2:2, = מִסְפֶּ֫רֶת Ne 7:7
o.ck.aj		מִספָּ֫רָת		מִספָּ֫רָת v.
o.ck.ak	H5618	סֹפֶ֫רֶת		סֹפֶ֫רֶת n.pr.m. a family of returned exiles
o.ck.al	H5614	סְפָרֵד		[סְפָרֵד ?], סְפָרַ֑ד n.pr.loc. Ob 20
o.ck.am	H5617	סְפַרְוַ֫יִם		סְפַרְוַ֫יִם n.pr.loc. city conquered by king of Assyr.;—usu. identif. with Sippara (on a canal), between Bagdad and Babyl., a city in two parts
o.ck.an	H5616	סְפַרְוִי		[סְפַרְוִי] adj.gent. of Sepharvaim, only 2 K 17:31a.
o.cl.aa	H5619	סָקַל	root	[סָקַל] vb. stone, be put to death by stoning, also (Pi.) free from stones Qal pelt with stones, stone to death Niph. be stoned to death Pi. stone, pelt with stones free vineyard (acc.) from stones Pu. be stoned to death
o.cl.ab		סַר		סַר v. סרר
o.cl.ac	H5621	סָרָב		[סָרָב] n.m. rebel ?;—pl. abs. Ez 2:6; AV RV briers and thorns
o.cl.ad	H5623	סַרְגֿוֹן		סַרְגֿוֹן n.pr.m. Sargon;—king of Assyria B.C. 722-705, conqueror of Samaria, father of Sennacherib, only Is 20:1
o.cm.aa		סרד	root	סרד
o.cm.ab	H5624	סֶ֫רֶד		סֶ֫רֶד n.pr.m. son of Zebulun
o.cm.ac	H5625	סַרְדִּי		סַרְדִּי adj.gent. of foregoing [o.cm.ab], only c. art. הַסּ׳ as n.coll., Nu 26:26.
o.cm.ad		סָרָה		סָרָה v. סוּר
o.cm.ae		סִרָה		סִרָה v. בּוֹר הַסִּרָה
o.cn.aa	H5628	סָרַח	root	[סָרַח] vb. go free, be unrestrained, overrun, exceed Qal go free, be unrestrained of overhanging stuffs (prop. overrunning, exceeding, extended beyond limits) Niph. usu. is their wisdom let loose (i.e. dismissed, gone)?; but is corrupt
o.cn.ab	H5629	סֶ֫רַח		סֶ֫רַח n.m. excess;—Ex 26:12 (P)
o.cn.ac	H5630	סִרְיֹן		[סִרְיֹן] n.[m.] armour
o.cn.ad	H5631	סָרִיס		סָרִיס 45 n.m. eunuch
o.cn.ae	H5633	סֶ֫רֶן		[סֶ֫רֶן] 21 n.m. tyrant, lord
o.cn.af	H5633	סֶ֫רֶן		[סֶ֫רֶן] n.[m.] axle;—1 K 7:30
o.cn.ag		סַרְעַפָּה		סַרְעַפָּה v. סעף
o.cn.ah	H5636	סִרְפָּד		סִרְפָּד n.[m.] a desert-plant, contrasted with myrtle: Is 55:13
o.co.aa	H5637	סָרַר	root	סָרַר vb. be stubborn, rebellious
o.co.ab	H5620	סַר		סַר adj. stubborn, resentful, sullen, implacable
o.co.ac	H5638	סתו		סתו Kt, סְתָיו Qr n.m. winter;—Ct 2:11.
o.cp.aa	H5640	סָתַם	root	סָתַם vb. stop up, shut up, keep close Qal stop up springs of water shut up, keep close Niph. the breaches [in the walls] had begun to be stopped up. Pi. of stopping wells quite up
o.cq.aa	H5641	סָתַר	root	סָתַר vb. hide, conceal Niph. hide oneself be hid, concealed Pi. Imv. carefully hide (i.e. shelter) the outcasts Pu. Pt. love carefully concealed Hithp. hide oneself carefully Hiph. conceal, hide
o.cq.ab	H5643	סֵ֫תֶר		סֵ֫תֶר n.[m.] covering, hiding-place, secrecy
o.cq.ac	H5643	סִתְרָה		סִתְרָה n.f. shelter, protection, De 32:38
o.cq.ad	H5639	סְתוּר		סְתוּר n.pr.m. a spy, from Asher;—Nu 13:13
o.cq.ae	H5644	סִתְרִי		סִתְרִי n.pr.m. a Levite;—Ex 6:22
o.cq.af	H4563	מִסְתּוֹר		מִסְתּוֹר n.[m.] place of shelter; abs. Is 4:6
o.cq.ag	H4565	מִסְתָּר		מִסְתָּר n.[m.] secret place, hiding-place
o.cq.ah	H4564	מַסְתֵּר		מַסְתֵּר n.[m.] hiding, act of hiding;—cstr. Is 53:3
p.aa.aa		ע	root	ע
p.ab.aa		עבב	root	עבב
p.ab.ab	H5646	עָב		עָב, [עֹב] n.m. archit. term, meaning unknown; projecting roof is conjectured
p.ab.ac		עָב		עָב v. עוּב
p.ac.aa	H5647	עָבַד	root	עָבַד 290 vb. work, serve Qal labour, work, do work work for another, serve him by labour serve as subjects serve God serve י׳ with Levitical service Niph. be tilled, of land dub. cultivated field Pu. worked Hiph. compel to labour as slaves make to serve as subjects cause to serve God Hoph. be led or enticed to serve
p.ac.ab	H5650	עֶ֫בֶד		עֶ֫בֶד 799 n.m. slave, servant slave, servant of household Subjects, of chief Servants, worshippers of God Servant of י׳, in a special sense Israel as a people is servant of י׳ In polite address of equals or superiors the Hebrews used עַבְדְּךָ thy servant = 1 pers. sing., I Phrases
p.ac.ac	H5651	עֶ֫בֶד		עֶ֫בֶד n.pr.m. (servant of God) father of Gaal a companion of Ezra
p.ac.ad	H5652	עֲבָד		[עֲבָד] n.m. work (late); Ec 9:1
p.ac.ae	H5744	עוֹבֵד		עוֹבֵד, עֹבֵד n.pr.m. (worshipper) son of Boaz and Ruth names in Judah a mighty man of David a doorkeeper
p.ac.af	H5654	עֹבֵד אֱדֹם		עֹבֵד אֱדֹם, and ע׳ אֱדוֹם n.pr.m. (servant of (god) Edom) the Gittite who harboured the ark one of the chief Levitical singers and doorkeepers the family of the same
p.ac.ag	H5663	עֶ֫בֶד מֶ֫לֶךְ		עֶ֫בֶד מֶ֫לֶךְ n.pr.m. (= servant of the king);—Eth. official of Zedekiah
p.ac.ah	H5664	עֲבֵד נְגוֹ		עֲבֵד נְגוֹ n.pr.m. (servant of (God) Nebo);—Babylonian name of Azariah, one of the three companions of Daniel Dn 1:7
p.ac.ai	H5653	עַבְדָּא		עַבְדָּא n.pr.m. (servant of י׳) father of Adoniram a Levite
p.ac.aj	H5655	עַבְדְּאֵל		עַבְדְּאֵל n.pr.m. (servant of Ēl) name in Judah Je 36:26
p.ac.ak	H5656	עֲבֹדָה		עֲבֹדָה, and (Chr) עֲבוֹדָה 146 n.f. labour, servicelabour, work labour of servant or slave labour, service of captives or subjects service of God
p.ac.al	H5657	עֲבֻדָּה		עֲבֻדָּה n.f. service
p.ac.am	H5658	עַבְדּוֹן		עַבְדּוֹן n.pr. n.pr.m. a judge a Benjamite son of Jehiel a Gibeonite son of Micah n.pr.loc. Levitical city in Asher
p.ac.an	H5659	עַבְדוּת		[עַבְדוּת] n.f. servitude, bondage;—sf. Ezr 9:8, 9; Ne 9:17
p.ac.ao	H5660	עַבְדִּי		עַבְדִּי n.pr.m. (servant of Yah) a Levite one with a foreign wife
p.ac.ap	H5661	עַבְדִּיאֵל		עַבְדִּיאֵל n.pr.m. (servant of Ēl);—a Gadite 1 Ch 5:15
p.ac.aq	H5662	עֹבַדְיָ֫הוּ		עֹבַדְיָ֫הוּ, עֹבַדְיָה n.pr.m. (servant of Yah) : chief of Ahab’s household father of one of the chiefs of Zebulun a Levite overseer in time of Josiah : the prophet a descendant of David chief of tribe of Issachar a Benjamite a Levite a Gadite chief a prince in time of Jehoshaphat priestly companion of Ezra a doorkeeper
p.ac.ar	H4566	מַעְבָּד		[מַעְבָּד] n.[m.] work (late form);—pl. sf. Jb 34:25.
p.ad.aa	H5666	עָבָה	root	עָבָה vb. be thick, fat, gross
p.ad.ab	H5672	עֲבִי		עֲבִי n.[m.] thickness
p.ad.ac	H4568	מַעֲבֶה		מַעֲבֶה n.[m.] thickness, compactness
p.ad.ad		עָבוֹת		עָבוֹת v. עבת
p.ae.aa		עבט	root	עבט
p.ae.ab	H5667	עֲבוֹט		עֲבוֹט n.[m.] pledge, article pledged as security for debt
p.ae.ac	H5671	עַבְטִיט		עַבְטִיט n.[m.]intens. weight of pledges, heavy debts;—abs. Hb 2:6.
p.ae.ad	H5670	עָבַט		[עָבַט] vb. denom. take or give a pledge Qal to take possession of a thing pledged Hiph. and thou shalt cause many nations to give pledges Pi. hardly makes sense (lend on pledge = interchange ?)
p.af.aa		עבל	root	עבל
p.af.ab	H5745	עוֹבָל		עוֹבָל, I. עֵיבָל n.pr.gent. Arabian people, descended from Joktan acc. to Gn 10:28; = עֵיבָל‎ 1 Ch 1:22
p.af.ac		עֵיבָל		עֵיבָל v. עוֹבָל
p.af.ad	H5858	עֵיבָל		עֵיבָל n.pr.m. vel gent. name in Edom
p.af.ae	H5858	עֵיבָל		עֵיבָל n.pr.mont. Ebal, the mt. of cursing, N. of Shechem (Nabulus), and opp. Mt. Gerizim (mt. of blessing, S. of Shechem)
p.ag.aa		עבץ	root	עבץ
p.ag.ab	H3258	יַעְבֵּץ		יַעְבֵּץ n.pr. m. Jabez, a man of the Calebites loc. in Judah, appar. near Bethlehem
p.ah.aa	H5674	עָבַר	root	עָבַר 648 vb. pass over, through, by, pass on Qal pass over Pass beyond Pass through, traverse pass along by pass by sweep by, of scourge be past, over, of time pass along (from hand to hand) Pass on, go on Pass away Niph. Impf. a stream which cannot be forded Pi. his bull impregnateth cause one to cross river cause something to pass over make over to devote children to (לְ) heathen god pass along (from hand to hand) cause to pass through let pass through cause to pass by let pass by cause arrow to pass beyond cause to pass under rod, for counting cause to pass away, take away Hiph. cause to pass over, bring over he made to pass across with chains of gold
p.ah.ab	H5676	עֵ֫בֶר		עֵ֫בֶר 91 n.m. region across or beyond, side region across or beyond anything (Opposite) side, side
p.ah.ac	H5677	עֵ֫בֶר		עֵ֫בֶר n.pr.m. Eber (perh. eponym of Hebrews) ‘son’ of Shelaḥ, and ‘grandson’ of Arpachshad a Gadite chief Benjamite names a priest
p.ah.ad	H5680	עִבְרִי		עִבְרִי adj. et n.gent. Hebrew
p.ah.ae	H5681	עִבְרִי		עִבְרִי n.pr.m. Levite name, 1 Ch 24:27
p.ah.af	H5679	עֲבָרָה		עֲבָרָה n.f. ford
p.ah.ag	H5678	עֶבְרָה		עֶבְרָה n.f. overflow, arrogance, fury
p.ah.ah	H5674	עָבַר		[עָבַר] vb. denom. Hithp. be arrogant, infuriate oneself
p.ah.ai	H5682	עֲבָרִים		עֲבָרִים n.pr.loc. ‛Abarim (prop. regions beyond river or sea)
p.ah.aj	H5683	עֶבְרֹן		עֶבְרֹן n.pr.loc. Jos 19:28
p.ah.ak	H5684	עַבְרֹנָה		עַבְרֹנָה n.pr.loc. a station of Israelites in wilderness, on march from Ezion-geber, on gulf of Aḳaba
p.ah.al	H5669	עָבוּר		[עָבוּר] n.[m.] produce, yield
p.ah.am	H5668	עָבוּר		[עָבוּר] n. only in בַּעֲבוּר 47, בַּעֲבֻר, prep. and conj. for the sake of, on account of, in order that
p.ah.an	H4569	מַעֲבָר		[מַעֲבָר] n.[m.] ford, pass, passing
p.ah.ao	H4569	מַעֲבָרָה		מַעֲבָרָה n.f. ford, pass, passing
p.ai.aa	H5685	עָבַשׁ	root	[עָבַשׁ] vb. shrivel;—Qal Jo 1:17
p.aj.aa	H5686	עָבַת	root	[עָבַת] vb. Pi. wind, weave
p.aj.ab	H5687	עָבוֹת		עָבוֹת adj. having interwoven foliage, leafy
p.aj.ac	H5688	עֲבֹת		עֲבֹת n.m. et f. (twisted) cord, rope; cordage; interwoven foliage (?)
p.aj.ad		עֹג		עֹג v. עוֹג
p.ak.aa	H5689	עָגַב	root	[עָגַב] vb. have inordinate affection, lust
p.ak.ab	H5690	עָגָב		[עָגָב] n.[m.] (sensuous) love
p.ak.ac	H5691	עֲגָבָה		[עֲגָבָה] n.f. lustfulness;—sf. Ez 23:11
p.ak.ad	H5748	עוּגָב		עוּגָב n.m. a musical instr.
p.ak.ae		עֻגָה		עֻגָה v. עוג
p.al.aa		עגל	root	עגל
p.al.ab	H5695	עֵ֫גֶל		עֵ֫גֶל n.m. calf (as rolling or circling about ?)
p.al.ac	H5697	עֶגְלָה		עֶגְלָה n.f. heifer
p.al.ad	H5698	עֶגְלָה		עֶגְלָה n.pr.f. wife of David;—2 S 3:5
p.al.ae	H5697	עֶגְלַת		עֶגְלַת n.pr.loc. (the) third Eglath, near Zoar and S. border of Moab
p.al.af	H5696	עָגֹל		עָגֹל, עָגוֹל adj. round
p.al.ag	H5699	עֲגָלָה		עֲגָלָה n.f. cart (from rolling of wheels)
p.al.ah	H5694	עָגִיל		עָגִיל n.[m.] hoop, ring
p.al.ai	H5700	עֶגְלוֹן		עֶגְלוֹן 13 n.pr. m. a king of Moab loc. site
p.al.aj		עֶגְלַיִם		עֶגְלַיִם עֵין עֶגְלַיִם v. עֵין ע׳
p.al.ak	H4570	מַעְגָּל		מַעְגָּל n.m. 1. entrenchment. 2. track
p.am.aa	H5701	עָגַם	root	[עָגַם] vb. be grieved;—Qal Jb 30:25
p.an.aa	H5702	עָגַן	root	[עָגַן] vb. Niph. shut oneself in or off;—Ru 1:13
p.ao.aa		עגר	root	עגר
p.ao.ab	H5693	עָגוּר		עָגוּר n.[m.] appar. understood by Mass. as name of a bird; very uncertain; crane
p.ao.ac		עַד		עַד v. עדה
p.ao.ad		עֵד		עֵד v. עוד
p.ao.ae		עֹד		עֹד v. עוֹד
p.ao.af		עִדֹּא		עִדֹּא v. עדד
p.ap.aa		עדד	root	עדד
p.ap.ab	H5708	עִדָּה		[עִדָּה] n.f. menstruation (prop. time, period);—pl. abs. Is 64:5
p.ap.ac	H5714	עִדּוֹ		עִדּוֹ, עִדֹּא, עִדּוֹא n.pr.m. Iddo father of an officer of Sol. grandfather of prophet Zechariah a Levite a priestly name a seer
p.ap.ad		עֹדֵד		עֹדֵד v. עוד
p.aq.aa	H5710	עָדָה	root	עָדָה vb. pass on, advance Qal the fierce lion hath not advanced Hiph. removing a garment
p.aq.ab	H5703	עַד		עַד and וָעֶ֑ד (so alw.) n.m. perpetuity (= advancing time) of past time: ancient mountains of future time, לָעַד for ever
p.aq.ac	H5706	עַד		עַד n.[m.] booty, prey
p.aq.ad	H5704	עַד		עַד, in poetry עֲדֵי prep. as far as, even to, up to, until, while prep. of space Of time Of degree conj. until While Of degree, to the point that, so that even (rare) עַד לְ, a strengthened form for עַד. Thus of space Of time Of degree
p.aq.ae	H5728	עֲדֶ֫נָֿה		עֲדֶ֫נָֿה Ec 4:2, abbrev. עֲדֶן Ec 4:3, adv. hitherto, still.
p.ar.aa	H5710	עָדָה	root	עָדָה vb. ornament, deck oneself
p.ar.ab	H5711	עָדָה		עָדָה n.pr.f. wife, of Lamech of Esau
p.ar.ac	H5716	עֲדִי		עֲדִי n.[m.]coll. ornaments (with which one is decked)
p.ar.ad	H5717	עֲדִיאֵל		עֲדִיאֵל n.pr.m. (an ornament is Ēl) a Simeonite a priest father of an officer, David’s time
p.ar.ae	H5718	עֲדָיָ֫ה(וּ)		עֲדָיָ֫ה(וּ) n.pr.m. (י׳ has decked himself) father of a Judaean captain grandfather of Josiah a Levite a Benjamite a priest two with foreign wives a Judahite
p.ar.af	H5723	עֲדִיתַ֫יִם		עֲדִיתַ֫יִם n.pr.loc. town of Judah Jos 15:36
p.ar.ag		עֵדָה		עֵדָה v. יעד
p.ar.ah		עֵדָה		עֵדָה v. עוד
p.ar.ai		עִדָּה		עִדָּה עִדּוֹ(א) v. עדד
p.ar.aj		עֵדוּת		עֵדוּת עֵדֻת v. עוד
p.ar.ak		עֲדִי		עֲדִי עֲדִיאֵל עֲדָיָה(וּ) v. עדה
p.ar.al		עדיא		עדיא v. עדּוֹא
p.ar.am		עִדִּים		עִדִּים v. עִדָּה
p.ar.an		עֲדִיתַיִם		עֲדִיתַיִם v. עדה
p.as.aa		עדל	root	עדל
p.as.ab	H5724	עַדְלָ֑י		עַדְלָ֑י n.pr.m. 1 Ch 27:29
p.at.aa		עדל	root	עדל
p.at.ab	H5725	עֲדֻלָּם		עֲדֻלָּם n.pr.loc. old Canaanite city
p.at.ac	H5726	עֲדֻלָּמִי		עֲדֻלָּמִי adj.gent. Adullamite
p.au.aa		עדן	root	עדן
p.au.ab	H5730	עֵ֫דֶן		[עֵ֫דֶן] n.[m.] luxury, dainty, delight
p.au.ac	H5727	עָדַן		[עָדַן] vb. denom. Hithp. luxuriate (NH Pi. delight (act.), so Syr. Syriac);—Ne 9:25
p.au.ad	H5731	עֵ֫דֶן		עֵ֫דֶן n.pr.m. Levite name 2 Ch 29:12 (𝔊 Ιω(α)δαν), 31:15 (𝔊 Οδαμ, 𝔊L Ιαδαν).
p.au.ae	H5733	עַדְנָא		עַדְנָא n.pr.m. man with foreign wife Ezr 10:30 Ne 12:5
p.au.af	H5730	עֶדְנָה		עֶדְנָה n.f. delight;—Gn 18:12 (sexual).
p.au.ag	H5734	עַדְנָה		עַדְנָה n.pr.m. a prince of Judah a Manassite
p.au.ah	H5719	עָדִין		[עָדִין] adj. voluptuous
p.au.ai	H5720	עָדִין		עָדִין n.pr.m. returned exiles a chief
p.au.aj	H5721	עֲדִינָא		עֲדִינָא n.pr.m. Reubenite captain, David’s time, acc. to 1 Ch 11:42
p.au.ak	H4574	מַעֲדָן		[מַעֲדָן] n.[m.] dainty (food), delight
p.av.aa		עדן	root	עדן
p.av.ab	H5731	עֵ֫דֶן		עֵ֫דֶן n.pr.terr. (prob. associated by Heb. with I. עֵ֫דֶן);—district in which lay garden of י׳, home of Adam and Eve
p.av.ac	H5729	עֶ֫דֶן		עֶ֫דֶן n.pr. (? urb. et) terr. conquered by Assyria
p.av.ad		עֲדֶן		עֲדֶן עֲדֶ֫נָה v. עַד sub. עדה
p.av.ae		עַדְנָח		עַדְנָח v. עַדְנָה sub. עדן
p.av.af		עַדְעָדָה		עַדְעָדָה v. עֲרוֹעֵר sub. ערר
p.aw.aa	H5736	עָדַף	root	[עָדַף] vb. remain over, be in excess Qal the surplus (of curtains) that remains over Hiph. have a surplus
p.ax.aa	H5737	עָדַר	root	[עָדַר] vb. prob. (si vera l.) help
p.ax.ab	H5741	עַדְרִיאֵל		עַדְרִיאֵל n.pr.m. son-in-law of Saul
p.ay.aa	H5737	עָדַר	root	[עָדַר] vb. hoe;—Niph. Is 5:6 it (the vineyard) shall not be hoed; 7:25 which used to be hoed with the hoe
p.ay.ab	H4576	מַעְדֵּר		מַעְדֵּר n.[m.] hoe Is 7:25, v. foregoing [עָדַר].
p.az.aa	H5737	עָדַר	root	[עָדַר] vb. Niph. be lacking, fail Niph. not anything was lacking to them Pi. they left nothing lacking.
p.az.ab	H5739	עֵ֫דֶר		עֵ֫דֶר n.m. flock, herd
p.az.ac	H5740	עֵ֫דֶר		עֵ֫דֶר n.pr.m. a Levite
p.az.ad	H5740	עֵ֫דֶר		עֵ֫דֶר n.pr.loc. in extreme S. of Judah Jos 15:21, site unknown
p.az.ae	H5738	עֶ֫דֶר		[עֶ֫דֶר] n.pr.m. a Benjamite, 1 Ch 8:15
p.az.af	H5742	עֲדָשָׁה		[עֲדָשָׁה] n.f. lentile
p.az.ag		עַוָּא		עַוָּא v. עַוָּה
p.ba.aa		עוב	root	עוב
p.ba.ab	H5645	עָב		עָב 53 n.m. dark cloud, cloud-mass, thicket
p.ba.ac	H5743	עוּב		[עוּב] vb. denom. Hiph. becloud, La 2:1
p.bb.aa		עוג	root	עוג
p.bb.ab	H5692	עֻגָה		עֻגָה n.f. disc or cake of bread
p.bb.ac	H5746	עוּג		[עוּג] vb. denom. bake;—Qal Ez 4:12.
p.bb.ad	H4580	מָעוֹג		מָעוֹג n.[m.] cake
p.bb.ae	H5747	עוֹג		עוֹג and עֹג n.pr.m. Og, giant king of Bashan
p.bb.af		עוּגָב		עוּגָב עֻגָב v. עגב
p.bc.aa	H5749	עוּד	root	[עוּד] vb. prob. return, go about, repeat, do again Pi. surround Pōl‛ēl, restore, relieve Hithpōl. be restored
p.bc.ab	H5750	עוֹד		עוֹד and (14 t.) עֹד subst. a going round, continuance, but used mostly as adv. acc. still, yet, again, besides
p.bc.ac	H5752	עֹדֵד		עֹדֵד, עוֹדֵד n.pr.m. (restorer) so read a prophet
p.bc.ad	H5707	עֵד		עֵד 69 n.m. witness (prob. fr. reiterating, hence emphatically affirming) witness, testimony, evidence, of things witness, a person
p.bc.ae	H5713	עֵדָה		עֵדָה n.f. testimony, witness
p.bc.af	H5749	עוּד		עוּד vb. denom. bear witness Qal Impf. < Hiph. Hiph. testify, bear witness cause to testify, take as witness protest, affirm solemnly, wanr Hoph. and protest be entered
p.bc.ag	H5713	עֵדָה		[עֵדָה] n.f. only pl. MT testimonies
p.bc.ah	H5715	עֵדוּת		עֵדוּת 19 and עֵדֻת 27 n.f. testimony
p.bc.ai	H8584	תְּעוּדָה		תְּעוּדָה n.f. testimony, attestation
p.bd.aa	H5753	עָוָה	root	[עָוָה] vb. bend, twist Niph. be bent, bowed down, twisted Pi. my paths hath he twisted; its surface will he distort Hiph. the right have I perverted
p.bd.ab	H5754	עַוָּה		עַוָּה n.f. distortion, ruin;—Ez 21:32
p.bd.ac	H5773	עִוְעִים		עִוְעִים n.pl.abstr. distorting, warping;—Is 19:14
p.bd.ad	H1164	עִי		עִי n.[m.] ruin, heap of ruins
p.bd.ae	H4596	מְעִי		מְעִי only in Is 17:1; n[m.] = עִי ruin-heap, but form very strange
p.be.aa		עוה	root	עוה (√ of foll., cf. Ar. Arabic err from the way, Eth. Ethiopic err; distinct from I. עוה, cf. Lag M. I. 236 f. Dr 1 8 20, 30 Gerber 90).
p.be.ab	H5771	עָוֹן		עָוֹן n.m. iniquity, guilt, or punishment of iniquity
p.be.ac	H5753	עָוָה		[עָוָה] vb. denom. commit iniquity, do wrong Qal (late) she hath done wrong Hiph. commit iniquity
p.be.ad	H5755	עַוָּה		עַוָּה, עִוָּה n.pr.loc. city conquered by Assyrians
p.be.ae	H5757	עַוִּי		[עַוִּי] adj.gent. only pl. as subst., 2 K 17:31
p.be.af		עוֹז		עוֹז v. עֹז sub. עזז
p.bf.aa	H5756	עוּז	root	[עוּז], עוֹז vb. take or seek refuge Qal Is 30:2. Hiph. bring into safety
p.bf.ab	H4581	מָעוֹז		מָעוֹז n.m. place or means of safety, protection
p.bf.ac		עֲוִיל		עֲוִיל v. עול
p.bf.ad	H5761	עַוִּים		עַוִּים n.pr. gent. people on SW. coast of Mediterr. loc. city in Benj.
p.bf.ae	H5762	עֲוִית		עֲוִית n.pr.loc. in Edom
p.bg.aa	H5763	עוּל	root	[עוּל] vb. give suck
p.bg.ab	H5764	עוּל		עוּל n.m. sucking child, suckling
p.bh.aa		עול	root	עול
p.bh.ab	H5759	עֲוִיל		[עֲוִיל] n.m. young boy
p.bi.aa		עול	root	עול
p.bi.ab	H5766	עָ֫וֶל		עָ֫וֶל n.m. injustice, unrighteousness
p.bi.ac	H5765	עָוַל		עָוַל vb. denom. act wrongfully
p.bi.ad	H5766	עַוְלָה		עַוְלָה n.f. injustice, unrighteousness, wrong
p.bi.ae	H5760	עֲוִיל		עֲוִיל n.m. unjust one, Jb 16:11 (v. foll. [p.bi.af]).
p.bi.af	H5767	עַוָּל		עַוָּל n.m. unjust, unrighteous one
p.bi.ag		עוֹלָה		עוֹלָה v. עול
p.bi.ah		עוֹלָה		עוֹלָה v. עלה
p.bi.ai		עוֹלֵל		עוֹלֵל עוֹלָל v. עלל
p.bi.aj		עוֹלָם		עוֹלָם v. עלם
p.bj.aa	H6030	עוּן	root	[עוּן] vb. dwell
p.bj.ab	H4583	מָעוֹן		מָעוֹן n.[m.] dwelling, habitation
p.bj.ac	H4584	מָעוֹן		מָעוֹן n.pr. loc. in Judah m. in Judah gent. named with Sidonians and Amalek as ancient foes of Isr.
p.bj.ad	H4585	מְעֹנָה		מְעֹנָה n.f. id. [p.bj.ac]den, lair of wild beasts fig. the ancient God is a dwelling-place (for his people)
p.bj.ae	H4587	מְעוֹנֹתַי		מְעוֹנֹתַי n.pr.m. name in Judah 1 Ch 4:14
p.bj.af	H5868	עוֹנָה		[עוֹנָה] Qr, [עֵינָה] Kt n.f. only sf. Ho 10:10; but rd. עוֹנֹתָם, v. עָוֹן 1 a. p. 730
p.bj.ag		עֹוֵן		עֹוֵן עָוֹן עָווֹן v. עין
p.bj.ah		עִוְעִים		עִוְעִים v. עוה
p.bk.aa	H5774	עוּף	root	עוּף vb. fly Qal fly, of birds hover (protectingly) fly away Hiph. dost thou cause thine eyes to fly Pō‛l. fly about, to and fro cause to fly to and fro, brandish Hithpō‛l. like a bird their glory shall fly away
p.bk.ab	H5775	עוֹף		עוֹף 70 n.m. coll. flying creatures, fowls, insects fowl, birds winged insects
p.bk.ac	H6079	עַפְעַף		[עַפְעַף] n.m. eyelid
p.bl.aa		עוף	root	עוף
p.bl.ab	H5890	עֵיפָה		עֵיפָה n.f. darkness
p.bl.ac	H5891	עֵיפָה		עֵיפָה n.pr. gent. ‘son’ of Midian m. name in Judah f. concubine of Caleb
p.bl.ad	H4155	מוּעָף		מוּעָף n.[m.] gloom;—Is 8:23.
p.bl.ae	H4588	מָעוּף		[מָעוּף] n.[m.] id. [מוּעָף];—cstr. Is 8:22
p.bl.af	H5774	תְּעֻפָה		תְּעֻפָה n.f. id. [מוּעָף];—Jb 11:17
p.bl.ag	H5778	עוֹפַי		עוֹפַי Kt, עֵיפַי Qr n.pr.m. a Neṭophathite, Je 40:8
p.bm.aa	H5779	עוּץ	root	[עוּץ] vb. counsel, plan
p.bm.ab	H5780	עוּץ		עוּץ n.pr. m. (eldest) ‘son’ of Aram, = ‘son’ of Shem eldest ‘son’ of Naḥor Edomite name loc. on Uz as vague name for E. country
p.bm.ac	H3263	יְעוּץ		יְעוּץ n.pr.m. Benjamite name 1 Ch 8:10
p.bn.aa	H5781	עוּק	root	[עוּק] vb. dub.;—only Hiph. totter, cause tottering
p.bn.ab	H6125	עָקָה		[עָקָה] n.f. pressure;—only cstr. ψ 55:4
p.bn.ac	H4157	מוּעָקָה		מוּעָקָה n.f. compression, distress;—ψ 66:11
p.bo.aa	H5786	עָוַר	root	[עָוַר] vb. Pi. make blind, blind
p.bo.ab	H5787	עִוֵּר		עִוֵּר adj. blind
p.bo.ac	H5788	עִוָּרוֹן		עִוָּרוֹן n.[m.] blindness
p.bo.ad	H5788	עַוֶּ֫רֶת		עַוֶּ֫רֶת n.f. id. [p.bo.ac];—of sacrif. animals, abstr. for concr., Lv 22:22 (H).
p.bp.aa	H5782	עוּר	root	[עוּר] vb. rouse oneself, awake Qal rouse oneself to activity Niph. be roused; be incited to activity Pō‛l. rouse, incite to activity Pilp. rouse (i.e. raise ?) a cry of destruction Hithpō‛l. and I was (joyfully) excited, triumphant Hiph. rouse declarative or exhibitive sense, act in an aroused manner, awake
p.bp.ab	H5892	עִיר		עִיר n.[m.] excitement;—of terror; of rage
p.bp.ac	H6147	עֵר		עֵר n.pr.m. eldest son of Judah son of Judah’s son Shelah
p.bp.ad	H6179	עֵרִי		עֵרִי n.pr.m. a son of Gad
p.bp.ae	H6180	עֵרִי		עֵרִי adj.gent. c. art. as subst. coll. Nu 26:16
p.bp.af	H6197	עֵרָן		עֵרָן n.pr.m. an Ephraimite Nu 26:36
p.bp.ag	H6198	עֵרָנִי		עֵרָנִי adj.gent. c. art. as subst. coll. Nu 26:36
p.bp.ah	H3265	יָעוֹר		יָעוֹר Kt, יָעִיר Qr, n.pr.m. father of Elḫanan the giant-slayer
p.bq.aa	H5783	עוּר	root	[עוּר] vb. be exposed, bare;—Niph. Hb 3:9
p.bq.ab	H4589	מָעוֹר		[מָעוֹר] n.[m.] nakedness, pudendum;—only pl. sf. Hb 2:15.
p.bq.ac	H5903	עֵירֹם		עֵירֹם, עֵרֹם adj. and n. [m.] 1. naked; 2. nakedness
p.bq.ad	H6174	עָרוֹם		עָרוֹם, עָרֹם adj. naked
p.bq.ae	H4636	מַעֲרֹם		[מַעֲרֹם] n.m. naked thing;—pl. abstr. sf. 2 Ch 28:15
p.br.aa		עור	root	עור
p.br.ab	H5785	עוֹר		עוֹר 99 n.m. skin of men (55 t.) hide of animals (44 t.)
p.br.ac		עורים		עורים עַיִר v. עַיִר
p.bs.aa	H5789	עוּשׁ	root	[עוּשׁ] vb. lend aid, come to help;—Qal Jo 4:11 but dub.
p.bs.ab	H3266	יְעוּשׁ		יְעוּשׁ n.pr.m. (prob. he comes to help) son of Esau Benjamites a Levite son of Rehoboam
p.bt.aa	H5791	עָוַת	root	[עָוַת] vb. be bent, crooked Pi. make crooked = falsify scales; pervert justice bend, make crooked Pu. what is bent Hithp. and the strong men bend themselves.
p.bt.ab	H5792	עַוָּתָה		[עַוָּתָה] n.f. subversion, i.e. deprivation of justice;—sf. La 3:59
p.bu.aa	H5790	עוּת	root	עוּת vb. very dub.; only in Is 50:4 usu. to help
p.bu.ab	H5793	עוּתַי		עוּתַי n.pr.m. name in Judah Ezr 8:14
p.bu.ac		עַז		עַז עֹז עֻזָּא v. עזז
p.bu.ad		עֵז		עֵז v. ענז
p.bu.ae	H5799	עֲזָאזֵל		עֲזָאזֵל n.[m.] entire removal;—in ritual of Day of Atonement, = entire removal of sin and guilt from sacred places into desert on back of goat, symb. of entire forgiveness.
p.bv.aa	H5800	עָזַב	root	עָזַב 213 vb. leave, forsake, loose Qal leave, c. acc. leave, abandon, forsake let loose, set free, let go Niph. be left to be forsaken, of house of God Pu. (or Qal pass.) be deserted, of city
p.bv.ab	H5805	עֲזוּבָה		עֲזוּבָה n.f. forsakenness, desolation
p.bv.ac	H5806	עֲזוּבָה		עֲזוּבָה n.pr.f. mother of Jehoshaphat wife of Caleb
p.bv.ad	H5801	עִזָּבוֹן		[עִזָּבוֹן] n.[m.] only pl. wares (as left in the purchaser’s hand)
p.bw.aa	H5800	עָזַב	root	[עָזַב] vb. restore, repair (?);—Qal Ne 3:8
p.bw.ab		עַזְבּוּק		עַזְבּוּק עַזְגָּד עֻזָּה v. עזז
p.bw.ac	H5804	עַזָּה		עַזָּה n.pr.loc. Gaza;—Philistine city, southernmost of the famous five cities
p.bw.ad	H5841	עַזָּתִי		עַזָּתִי adj.gent. of foreg. [p.bw.ac], c. art. as subst. coll.
p.bx.aa	H5810	עָזַז	root	[עָזַז] vb. be strong Qal be strong, prevail Hiph. a wicked man maketh firm (sheweth boldness) with his face
p.bx.ab	H5794	עַז		עַז adj. strong, mighty, fierce
p.bx.ac	H5797	עֹז		עֹז, and (rarely) עוֹז n.m. strength, might material and physical personal, social, and political might of י׳ = boldness, impudence = stronghold
p.bx.ad	H5807	עֱזוּז		עֱזוּז n.[m.] strength, might, fierceness
p.bx.ae	H5808	עִזּוּז		עִזּוּז adj. mighty, powerful
p.bx.af	H5811	עָזָז		עָזָז n.pr.m. Reubenite name 1 Ch 5:8
p.bx.ag	H5798	עֻזָּא		עֻזָּא n.pr.m. driver of the ark in גַּן־עֻזָּא burial-place of Manasseh and Amon Benjamite name head of family of returned exiles
p.bx.ah	H5798	עֻזָּה		עֻזָּה n.pr.m. Levite name v. עֻזָּא
p.bx.ai	H5819	עֲזִיזָא		עֲזִיזָא n.pr.m. one with foreign wife Ezr 10:27
p.bx.aj	H5812	עֲזַזְיָ֫הוּ		עֲזַזְיָ֫הוּ n.pr.m. (י׳ is mighty) Levite names a Benjamite
p.bx.ak	H5816	עֻזִּיאֵל		עֻזִּיאֵל n.pr.m. (my strength is Ēl) Levites SimeoniteBenjamiterepairer of wall
p.bx.al	H5817	עָזִּיאֵלִי		עָזִּיאֵלִי adj.gent. of foregoing [p.bx.ak], c. art. as subst. coll.
p.bx.am	H5818	עֻזִּיָּהוּ		עֻזִּיָּהוּ, עֻזִּיָּה n.pr.m. (my strength is י׳) king of Judah father of an officer of David Levite name id.: priest with foreign wife id.: name in Judah
p.bx.an	H5814	עֻזִּיָּא		עֻזִּיָּא n.pr.m. (= foregoing [p.bx.am]);—hero of David 1 Ch 11:44
p.bx.ao	H5813	עֻזִּי		עֻזִּי n.pr.m. Levites name in Issachar Benjamite name
p.bx.ap	H3268	(וְ)יַעֲזִיאֵל		(וְ)יַעֲזִיאֵל n.pr.m. Levite name 1 Ch 15:18 = (וַ)עֲזִיאֵל v 20, both prob. err. for עֻזִּיאֵל
p.bx.aq	H3269	יַעֲזִיָּ֫הוּ		יַעֲזִיָּ֫הוּ n.pr.m. Levite name
p.bx.ar	H5802	עַזְבּוּק		עַזְבּוּק n.pr.m. father of one Nehemiah, a wall-builder Ne 3:16
p.bx.as	H5803	עַזְגָּד		עַזְגָּד n.pr.m. head of family returning with Zerub. returning with Ezra one of those sealed
p.bx.at	H5820	עַזְמָ֫וֶת		עַזְמָ֫וֶת n.pr.m. one of David’s heroes father of two of David’s men officer of David Benjamite name
p.bx.au		עַזְמָ֫וֶת		עַזְמָ֫וֶת v. בֵּית־ע׳
p.bx.av	H5821	עַזָּן		עַזָּן n.pr.m. in Issachar Nu 34:26.
p.bx.aw	H5822	עָזְנִיָּה		עָזְנִיָּה n.f. (unclean) bird of prey, appar. akin to vulture; = osprey
p.by.aa	H5823	עָזַק	root	[עָזַק] vb. dig about;—Pi. Is 5:2
p.by.ab	H5825	עֲזֵקָה		עֲזֵקָה n.pr.loc. in the Shephelah of Judah
p.bz.aa	H5826	עָזַר	root	[עָזַר] 82 vb. help, succour Qal help Niph. I am helped Hiph. v. Qal.
p.bz.ab	H5828	עֵ֫זֶר		עֵ֫זֶר n.m. help, succour help, succour concr. = one who helps
p.bz.ac	H5829	עֵ֫זֶר		עֵ֫זֶר n.pr.m. a wall-builder name in Judah hero of David
p.bz.ad	H5827	עֶ֫זֶר		עֶ֫זֶר n.pr.m. Ephraimite a priest
p.bz.ae	H5830	עֶזְרָא		עֶזְרָא n.pr.m. Ezra priest with Zerub. Ne 12:33
p.bz.af	H5833	עֶזְרָה		עֶזְרָה, עֶזְרָת, עֶזְרָ֫תָה n.f. help, succour, assistance
p.bz.ag	H5834	עֶזְרָה		עֶזְרָה n.pr.m. in Judah 1 Ch 4:17.
p.bz.ah	H5809	עַזּוּר		עַזּוּר and (once) עַזֻּר n.pr.m. father of Hananiah עַזֻּר Ez 11:1. a chief of people
p.bz.ai	H5832	עֲזַרְאֵל		עֲזַרְאֵל n.pr.m. (Ēl hath helped) warrior of David Levite musician a Danite one with foreign wife priestly name
p.bz.aj	H5837	עַזְרִיאֵל		עַזְרִיאֵל n.pr.m. (my help is Ēl) Je 36:26. a Manassite name in Naphtali
p.bz.ak	H5838	עֲזַרְיָ֫הוּ		עֲזַרְיָ֫הוּ, עֲזַרְיָה n.pr.m. (י׳ hath helped); Azariah king of Judah officer of Sol. id. prophet sons of Jehosh. priests Levites a temple captain wall-builder one with Zerub. 12:33. Ephraimite name in Judah
p.bz.al	H5836	עֶזְרִי		עֶזְרִי n.pr.m. 1 Ch 7:26
p.bz.am	H5840	עַזְרִיקָם		עַזְרִיקָם n.pr.m. descendant of David prince in Judah Benjamite Levite
p.bz.an	H3270	יַעְזֵר		יַעְזֵר and יַעְזֵיר n.pr.loc. E. of Jordan
p.ca.aa		עזר	root	עזר
p.ca.ab	H5835	עֲזָרָה		עֲזָרָה n.f. appar. enclosure ledge surrounding Ezekiel’s altar outer court of temple
p.ca.ac		עַזָּתִי		עַזָּתִי v. עַזָּה
p.ca.ad	H5842	עֵט		עֵט n.m. stylus
p.cb.aa	H5844	עָטָה	root	עָטָה vb. wrap oneself, enwrap, envelop oneself Qal wrap, envelop oneself with sthg. Hiph. thou hast wrapped shame upon him
p.cb.ab	H4594	מַעֲטֶה		[מַעֲטֶה] n.[m.] wrap, mantle;—only cstr. fig. Is 61:3
p.cc.aa	H5844	עָטָה	root	[עָטָה] vb. grasp;—Qal Is 22:17
p.cc.ab	H5847	עֲטַלֵּף		עֲטַלֵּף n.[m.] bat
p.cd.aa		עטן	root	עטן (√ of foll.; NH עָמַן put olives into vat or press, or in vessel; Ar. Arabic put skin into tan).
p.cd.ab	H5845	עֲטִין		[עֲטִין] n.[m.] prob. pail, bucket;—Jb 21:24
p.ce.aa	H5848	עָטַף	root	[עָטַף] vb. turn aside;—Qal Jb 23:9
p.cf.aa	H5848	עָטַף	root	[עָטַף] vb. envelop oneself (Aramaism)
p.cf.ab	H4595	מַעֲטָפָה		[מַעֲטָפָה] n.f. overtunic;—pl. abs. Is 3:22.
p.cg.aa	H5848	עָטַף	root	[עָטַף] vb. be feeble, faint Qal lit. be feeble Niph. when infants faint Hiph. when the flock shewed feebleness Hithp. faint, faint away
p.ch.aa	H5849	עָטַר	root	[עָטַר] vb. surround
p.ch.ab	H5850	עֲטָרָה		עֲטָרָה n.f. crown, wreath of idol-image of silver and gold fig. of honour
p.ch.ac	H5851	עֲטָרָה		עֲטָרָה n.pr.f. 1 Ch 2:26
p.ch.ad	H5849	עָטַר		[עָטַר] vb. denom. crown Pi. with which his mother crowned him Hiph. usu. Tyre the crown-bestower
p.ch.ae	H5852	עֲטָרוֹת		עֲטָרוֹת and עֲטָרֹת n.pr.loc. E. of Jordan W. of Jordan
p.ci.aa		עטשׁ	root	עטשׁ
p.ci.ab	H5846	עֲטִישָׁה		[עֲטִישָׁה] n.f. sneezing;—pl. sf. Jb 41:10
p.ci.ac	H5857	עַי		עַי, עַיָּ֑ת, עַיָּה 40 n.pr.loc. old Canaanit. city E. Jordan city
p.ci.ad		עִי		עִי v. עוה
p.ci.ae		עַיָּא		עַיָּא v. עַי
p.ci.af		עיב		עיב v. עוב
p.ci.ag		עֵיבָל		עֵיבָל v. עוֹבָל sub. עבל
p.ci.ah		עַיָּה		עַיָּה v. עַי
p.ci.ai	H5859	עִיוֹן		עִיוֹן n.pr.loc. in Naphtali
p.ci.aj		עיות		עיות v. עֲוִית
p.cj.aa	H5860	עִיט	root	[עִיט] vb. scream, shriek;—only Qal 1 S 25:14
p.cj.ab	H5861	עַ֫יִט		עַ֫יִט n.m. bird(s) of prey (from scream)
p.cj.ac	H5860	עִיט		[עִיט] vb. denom. dart greedily (like a bird of prey)
p.cj.ad	H5862	עֵיטָם		עֵיטָם n.pr.loc. (perh. animal-name) perh. near town city fortified by Rehob., between Bethlehem and Tekoa in Simeon
p.cj.ae	H5863	עִיִּים		עִיִּים n.pr.loc. station of Isr. on E. border of Moab = עִיֵּי הָעֲבָרִים city in Judah
p.cj.af		עֵילוֹם		עֵילוֹם v. עוֹלָם sub. עלם
p.cj.ag	H5866	עֵילַי		עֵילַי n.pr.m. one of David’s heroes 1 Ch 11:29
p.cj.ah	H5867	עֵילָם		עֵילָם n.pr.gent. et terr. Elam
p.cj.ai	H5867	עֵילָם		עֵילָם n.pr.m. heads of families of returned exiles a chief of people name in Benjamin Levite name a priest
p.cj.aj	H5868	עֲיָם		[עֲיָם] n.[m.] dub. poss. glow;—cstr. Is 11:15
p.ck.aa	H5869	עַ֫יִן	root	עַ֫יִן 859 n.f. eye lit. as physical organ eyes as showing mental qualities desire of the eyes, abominations of the eyes Fig. of mental and physical faculties, acts and states Transferred mngs.: visible surface of earth appearance gleam, sparkle Other phrases are: an eye for an eye; eye to eye; in the presence of, in full view of; of business transaction; on the forehead
p.ck.ab	H5770	עִין		[עִין] vb. denom. eye (enviously), look (askance) at;—Qal 1 S 18:9 Qr
p.ck.ac	H5869	עַ֫יִן		עַ֫יִן n.f. spring (of water). Particular springs are: ע׳ חֲרֹר Ju 7:1 ע׳ הַקּוֹרֵא (partridge-spring) Ju 15:19 ע׳ רֹגֵל near Jerus. ע׳ הַתַּנִּין (dragon-spring)
p.ck.ad	H5871	עַ֫יִן		עַ֫יִן n.pr.loc. on NE. border of Can. in Negeb of Judah, Levit. city, appar. = c. 18 miles SW. from Hebron
p.ck.ae	H5872	עֵין גֶּ֫דִי		עֵין גֶּ֫דִי n.pr.loc. Ενγαδδει, etc.
p.ck.af	H5873	עֵין גַּנִּים		עֵין גַּנִּים n.pr.loc. in the Shephelah in Issachar
p.ck.ag	H5874	עֵין־דֹּר		עֵין־דֹּר n.pr.loc. in Manasseh
p.ck.ah	H5876	עֵין חַדָּה		עֵין חַדָּה n.pr.loc. in Issachar Jos 19:21
p.ck.ai	H5877	עֵין חָצוֹר		עֵין חָצוֹר n.pr.loc. in Naphtali Jos 19:37
p.ck.aj	H5880	עֵין מִשְׁפָּט		עֵין מִשְׁפָּט n.pr.loc. Gn 14:7
p.ck.ak	H5882	עֵין עֶגְלַ֫יִם		עֵין עֶגְלַ֫יִם n.pr.loc. on Dead Sea Ez 47:10, Εναγαλειμ.
p.ck.al	H5884	עֵין רִמּוֹן		עֵין רִמּוֹן n.pr.loc. in post-exil. Judah
p.ck.am	H5885	עֵין שֶׁ֫מֶשׁ		עֵין שֶׁ֫מֶשׁ n.pr.loc. on border betw. Judah and Benj.
p.ck.an		עֵין תַּפּוּחַ		עֵין תַּפּוּחַ v. תַּפּוּחַ sub. נפח
p.ck.ao		עֵינַ֫יִם		עֵינַ֫יִם עֵינָם v.
p.ck.ap	H5879	עֵינָם		עֵינָם n.pr.loc. in the Shephelah of Judah, הָע׳ Jos 15:34 = עֵינַיִם
p.ck.aq	H5881	עֵינָן		עֵינָן n.pr.m. name in Naphtali
p.ck.ar		עֵינוֹן		עֵינוֹן v. חֲצַר עֵינוֹן
p.ck.as	H6044	עָנִים		עָנִים n.pr.loc. in hill-country of Judah Jos 15:50
p.ck.at	H4599	מַעְיָן		מַעְיָן n.m. spring
p.cl.aa		עִיף	root	עִיף = עוף q.v. for עֵיפָה, עֵיפַי etc.
p.cm.aa	H5888	עִיף	root	[עִיף] vb. be faint
p.cm.ab	H5889	עָיֵף		עָיֵף adj. faint, weary
p.cm.ac		עִיר		עִיר v. עור
p.cm.ad	H5892	עִיר		עִיר 1092 n.f. city, town city, town, abode of men of fortress in a city appar. fortified place, of any size
p.cm.ae		עִיר הַהֶרֶס		עִיר הַהֶרֶס v. הֶרֶס
p.cm.af	H5898	עִיר־הַמֶּ֫לַח		עִיר־הַמֶּ֫לַח n.pr.loc. (city of salt) in desert of Judah Jos 15:62
p.cm.ag		עִיר נָחָשׁ		עִיר נָחָשׁ v. נָחָשׁ
p.cm.ah	H5905	עִיר שָׁ֑מֶשׁ		עִיר שָׁ֑מֶשׁ n.pr.loc. (city of the sun(-god)), assigned to Dan Jos 19:41 (P)
p.cm.ai	H5899	עִיר הַתְּמָרִים		עִיר הַתְּמָרִים (city of palms) = יְרִיחוֹ q.v.
p.cm.aj	H5893	עִיר		עִיר n.pr.m. in 1 Ch 7:12, txt. dub.
p.cn.aa		עיר	root	עיר
p.cn.ab	H5895	עַ֫יִר		עַ֫יִר n.m. male ass (young and vigorous)
p.cn.ac	H5896	עִירָא		עִירָא n.pr.m. of David heroes of David
p.cn.ad	H5897	עִירָד		עִירָד n.pr.m. a Cainite
p.cn.ae	H5900	עִירוּ		עִירוּ n.pr.m. in Judah 1 Ch 4:15
p.cn.af	H5901	עִירִי		עִירִי n.pr.m. Benjamite 1 Ch 7:7
p.cn.ag	H5902	עִירָם		עִירָם n.pr.m. in Edom
p.cn.ah		עֵירֹם		עֵירֹם v. עור
p.cn.ai	H5906	עַ֫יִשׁ		עַ֫יִשׁ n.f. a constellation, perh. Great Bear
p.cn.aj		עַיָּת		עַיָּת v. עַי
p.cn.ak	H5907	עַכְבּוֹר		עַכְבּוֹר, עַכְבֹּר n.pr.m. (mouse) Edomite courtier of Josiah
p.cn.al	H5909	עַכְבָר		עַכְבָר n.m. mouse
p.cn.am	H5908	עַכָּבִישׁ		עַכָּבִישׁ n.m. spider
p.cn.an	H5910	עַכּוֹ		עַכּוֹ n.pr.loc. Acco, in Asher
p.co.aa		עכן	root	עכן
p.co.ab	H5912	עָכָן		עָכָן n.pr.m. man of Judah
p.co.ac	H3275	יַעְכָּן		יַעְכָּן n.pr.m. Gadite 1 Ch 5:13
p.cp.aa		עכס	root	עכס
p.cp.ab	H5914	עֶ֫כֶס		[עֶ֫כֶס] n.[m.] anklet, bangle
p.cp.ac	H5913	עָכַס		[עָכַס] vb. denom. Pi. shake bangles, rattle, tinkle Is 3:16
p.cp.ad	H5915	עַכְסָה		עַכְסָה n.pr.f. daughter of Caleb
p.cq.aa	H5916	עָכַר	root	עָכַר vb. stir up, disturb, trouble Qal disturb, trouble Niph. my pain was stirred up
p.cq.ab	H5911	עָכוֹר		עָכוֹר n.[m.] disturbance, trouble
p.cq.ac		עָכָר		עָכָר v. עָכָן
p.cq.ad	H5918	עָכְרָן		עָכְרָן n.pr.m. name in Asher
p.cq.ae	H5919	עַכְשׁוּב		עַכְשׁוּב n.m. usu. asp, viper, but perh. = spider ψ 140:4
p.cq.af		עַל		עַל v. עלה
p.cq.ag		עֹל		עֹל v. עלל
p.cq.ah	H5925	עֻלָּא		עֻלָּא n.pr.m. in Asher 1 Ch 7:39
p.cq.ai		עַלְבוֹן		עַלְבוֹן v. אֲבִי־עַלְבּוֹן
p.cr.aa		עלג	root	עלג
p.cr.ab	H5926	עִלֵּג		[עִלֵּג] adj. speaking inarticulately;—Is 32:4
p.cs.aa	H5927	עָלָה	root	עָלָה 890 vb. go up, ascend, climb Qal of persons, go up, ascend, in local relations go up, in personal relations of animals, go or come up of vegetation, spring up, grow, shoot forth of natural phenom., go up, rise of inanimate things, instead of passive construction of thoughts come up before God, arrogance go up, extend, of boundary excel Niph. be brought up be taken up pass., be taken up, away reflex., take oneself away from, get up from reflex.: take oneself away be exalted, of God Hiph. bring up persons in personal relations bring up animals cause to ascend mentally offer a present; bring up tithe to exalt cause to ascend (in flame), offer sacrifice Hoph. be carried away be taken up into, inserted in be offered Hithp. lift oneself
p.cs.ab	H5929	עָלֶה		עָלֶה n.m. leaf, leafage
p.cs.ac	H5940	עֱלִי		עֱלִי n.[m.] pestle (as rising before the blow);—Pr 27:22.
p.cs.ad	H5941	עֵלִי		עֵלִי n.pr.m. Eli, priest at Shiloh
p.cs.ae	H5930	עֹלָה		עֹלָה 286 n.f. whole burnt-offering
p.cs.af	H5930	עֹלָה		[עֹלָה] n.f. ascent, stairway, Ez 40:26 Kt
p.cs.ag	H5942	עִלִּי		[עִלִּי] adj. upper
p.cs.ah	H5944	עֲלִיָּה		עֲלִיָּה n.f. roof-chamber
p.cs.ai	H5945	עֶלְיוֹן		עֶלְיוֹן 22 adj. high upper Bethhoron, the upper (opp. lower) of house
p.cs.aj	H5945	עֶלְיוֹן		עֶלְיוֹן n.m. Highest, Most High name of God of rulers, either monarchs or angel-princes
p.cs.ak	H4607	מֹ֫עַל		מֹ֫עַל n.[m.] lifting;—Ne 8:6.
p.cs.al	H0131	מַעֲלֶה		מַעֲלֶה 19 n.m. ascent ascent of hill or mt.; מ׳ עַקְרַבִּים = Scorpion-pass, on S. border of Pal. of stairs; to a wall
p.cs.am	H4605	מַ֫עַל		מַ֫עַל 140 subst., higher part, only in adv. and prep. phrases, above, upward
p.cs.an	H4609	מַעֲלָה		[מַעֲלָה] n.f. what comes up;—pl. cstr. Ez 11:5
p.cs.ao	H4609	מַעֲלָה		מַעֲלָה 46 n.f. step, stair step, stair steps (forming sun-dial) stories of heaven ascent song of ascents
p.cs.ap	H8585	תְּעָלָה		תְּעָלָה n.f. water-course water-course, conducted for irrigation; hence poet., channel for rain conduit trench
p.cs.aq	H8585	תְּעָלָה		תְּעָלָה n.f. healing (of new flesh and skin forming over wound)
p.cs.ar	H5921	עַל		עַל, עָ֑ל subst. height As prep. upon, and hence on the ground of, according to, on account of, on behalf of, concerning, beside, in addition to, together with, beyond, above, over, by, on to, towards, to, against Upon, of the substratum upon which an object in any way rests, or on which an action is performed — of clothing, etc., which any one wears With verbs of covering or protecting, even though the cover or veil be not over or above the thing covered, but around or before it Of what rests heavily upon a person, or is a burden to him Of a duty, payment, care, etc., imposed upon a person, or devolving on him על is used idiom. to give pathos to the expression of an emotion, by emphasizing the person who is its subject, and who, as it were, feels it acting upon him חָיָה עַל to live upon (as upon a foundation or support) Of the ground or basis, on which a thing is done It expresses excess It denotes elevation or pre-eminence It expresses addition It expresses the idea of being extended, or suspended over anything, without however being in contact with it, above, over From the sense of inclining or impending over, על comes to denote contiguity or proximity, Engl. by (or sts. on) In connection with verbs of motion (actual or fig.) By writers of the silver age, על is sts. used with the force of a dative With other particles: As conj. עַל אֲשֶׁר because that עַל כִּי similar in meaning, but less frequent עַל alone: because notwithstanding that, although Compounds: with כְּ (rare and late) as concerning, as upon the like of their deeds is the like of (that which) he will repay מֵעַל from upon, from over, from by
p.cs.as		עַלְוָה		עַלְוָה v. עַוְלָה
p.cs.at	H5933	עַלְוָה		עַלְוָה n.pr.m. in Edom
p.cs.au	H5935	עַלְוָן		עַלְוָן n.pr.m. in Edom
p.ct.aa	H5937	עָלַז	root	[עָלַז] vb. exult
p.ct.ab	H5938	עָלֵז		עָלֵז adj. exultant, jubilant; as n. Is 5:14.
p.ct.ac	H5947	עַלִּיז		[עַלִּיז] adj. exultant, jubilant
p.ct.ad	H5939	עֲלָטָה		עֲלָטָה n.f. thick darkness
p.ct.ae		עֵלִי		עֵלִי עֱלִי עִלִּי עֲלִיָּה עֶלְיוֹן v. עלה
p.ct.af		עֲלֵי		עֲלֵי v. עַל
p.ct.ag		עַלְיָה		עַלְיָה עַלְיָן v. עלוה v. עלון
p.cu.aa	H5953	עָלַל	root	[עָלַל] vb. Po‛ēl, act severely Pō‛al my pain which is severely dealt out to me Hithpa. busy, divert oneself with Hithpō‛. to practise practices in wickedness (perhaps denom.)
p.cu.ab	H5955	עֹלֵלוֹת		עֹלֵלוֹת n.f.pl.intens. gleaning (going over a second time)
p.cu.ac	H5953	עָלַל		[עָלַל] vb. denom. Pō‛. glean
p.cu.ad	H5949	עֲלִילָה		עֲלִילָה n.f. wantonness, deed
p.cu.ae	H5950	עֲלִילִיָּה		עֲלִילִיָּה n.f. deed;—Je 32:19
p.cu.af	H4611	מַעֲלָל		[מַעֲלָל] 41 n.m. deed, practice
p.cu.ag		מעליל		מעליל מעליליהם מַעֲלָל v.
p.cu.ah	H8586	תַּעֲלוּלִים		תַּעֲלוּלִים n.m.pl.abstr. wantonness, caprice
p.cv.aa		עלל	root	עלל
p.cv.ab	H5768	עוֹלֵל		עוֹלֵל, עוֹלָל n.m. child
p.cv.ac	H5953	עָלַל		[עָלַל] vb. denom. act or play the child;—only Pō‛. Is 3:12
p.cw.aa	H5953	עָלַל	root	[עָלַל] vb. insert, thrust in;—only Pō‛. Jb 16:15 fig. of humiliation.
p.cw.ab	H5923	עֹל		עֹל 39 n.m. yoke
p.cw.ac	H5948	עֲלִיל		עֲלִיל appar. n.[m.], only ψ 12:7, usu. furnace, crucible, but wholly dub.
p.cx.aa	H5956	עָלַם	root	[עָלַם] vb. conceal Qal as subst. our secret, i.e. hidden sin Niph. be concealed Hiph. conceal, hide Hithp. and thou hide thyself completely from them (utterly neglect to aid)
p.cx.ab	H8587	תַּעֲלֻמָּהֿ		תַּעֲלֻמָּהֿ n.f. hidden thing, secret
p.cx.ac	H5960	עַלְמוֹן		עַלְמוֹן n.pr.loc. priestly city in Benj.
p.cx.ad	H5963	עַלְמוֹן דִּבְלָתָ֑יְמָה		עַלְמוֹן דִּבְלָתָ֑יְמָה n.pr.loc. in Moab; = בֵּית ד׳ q.v.
p.cx.ae		עַלָמוֹת		עַלָמוֹת עַל־מוּת v. עַלְמָה sub. עלם
p.cx.af	H5964	עָלֶ֫מֶת		עָלֶ֫מֶת m.pr.m. a Benjamite n.pr.loc. 1 Ch 6:45
p.cx.ag	H3281	יַעְלָם		יַעְלָם n.pr.m. Edomite
p.cy.aa		עלם	root	עלם
p.cy.ab	H5958	עֶ֫לֶם		עֶ֫לֶם n.m. young man
p.cy.ac	H5959	עַלְמָה		עַלְמָה n.f. young woman (ripe sexually; maid or newly married)
p.cy.ad	H5934	עָלוּמִים		[עָלוּמִים] n.pl.abstr. youth, youthful vigour
p.cz.aa		עלם	root	עלם
p.cz.ab	H5769	עוֹלָם		עוֹלָם 439 n.m. long duration, antiquity, futurity
p.cz.ac		עֵילוֹם		עֵילוֹם v. עוֹלָם
p.cz.ad		עֲלָמוֹת		עֲלָמוֹת v. עַלְמָה sub. עלם
p.cz.ae		עַל־מוּת		עַל־מוּת עַל־מוּת לַבֵן v. עַלְמָה sub. עלם
p.da.aa	H5965	עָלַס	root	[עָלַס] vb. rejoice Qal he shall not rejoice Niph. (of ostrich’s wing) = flap joyously Hithp. let us delight ourselves in love.
p.db.aa	H5966	עָלַע	root	[עָלַע] vb. assumed as √ of Pi. Jb 39:30 they drink (?) blood
p.dc.aa	H5968	עָלַף	root	[עָלַף] vb. cover Pu. covered, encrusted Hithp. enwrap oneself; = swoon away
p.dc.ab		עֻלְפֶּה		עֻלְפֶּה v.
p.dd.aa	H5970	עָלַץ	root	עָלַץ vb. rejoice, exult
p.dd.ab	H5951	עֲלִיצוּת		[עֲלִיצוּת] n.f. exultation;—sf. Hb 3:14
p.de.aa		עלק	root	עלק
p.de.ab	H5936	עֲלוּקָה		עֲלוּקָה n.f. leech;—Pr 30:15.
p.de.ac		עֹלָ֫תָה		עֹלָ֫תָה עֶוֶל עָוֶל עַוְלָה עוֹלָה עֹלָה v. עַוְלָה sub. עָוִל
p.de.ad		עַם		עַם עִם v. עמם
p.df.aa	H5975	עָמַד	root	עָמַד 620 take one's stand, stand Qal 435 take one's stand, and (esp. pt.) stand, be in a standing attitude stand forth take a stand against, in opposition to present oneself before attend upon, be(come) servant of stand afar stand (silent) stand (appealingly) stand, subj. רֶגֶל stand, of water stand still, stop, cease moving = be inactive = be attentive stop, cease doing a thing tarry, delay remain continue, abide endure be steadfast persist make a stand, hold one's ground stand upright arise, appear, come on the scene stand forth, appear = come into being rise up as foe rare usages Hiph. 83station, set cause to stand firm cause to stand up, set up, erect present one before king appoint other meanings Hoph. be presented
p.df.ab	H5977	עֹ֫מֶד		[עֹ֫מֶד] n.[m.] standing-place
p.df.ac	H5979	עֶמְדָּה		[עֶמְדָּה] n.f. standing-ground;—sf. Mi 1:11
p.df.ad	H5982	עַמּוּד		עַמּוּד, עַמֻּד 110 n.m. pillar, column
p.df.ae	H4612	מַעֲמָד		[מַעֲמָד] n.[m.] office, function, service station, office, post office, function service, prob. specif. waiting at table (strictly mode of standing)
p.df.af	H4613	מָעֳמָ֑ד		מָעֳמָ֑ד n.[m.] standing-ground, foothold ψ 69:3 (in fig.).
p.df.ag		עִמָּדִי		עִמָּדִי v. עִם sub. עמם
p.dg.aa		עמה	root	עמה
p.dg.ab	H5997	עָמִית		[עָמִית] n.m. associate, fellow, relation (perh. orig. f. abstr. association)
p.dg.ac		עַמִּיאֵל		עַמִּיאֵל v. עמם
p.dh.aa	H5998	עָמַל	root	עָמַל vb. labour, toil
p.dh.ab	H5999	עָמָל		עָמָל n.m. f. trouble, labor, toil trouble (∥ sorrow): one’s own suffering trouble, mischief, as done to others toil, labour (late in Heb.)
p.dh.ac	H6000	עָמָל		עָמָל n.pr.m. name in Asher 1 Ch 7:35
p.dh.ad	H6001	עָמֵל		עָמֵל n.m. laborer, sufferer
p.dh.ae	H6001	עָמֵל		עָמֵל adj.verb. toiling, only Ec, as pred.
p.dh.af	H6002	עֲמָלֵק		עֲמָלֵק 39 n.pr.gent. Amalek
p.dh.ag	H6003	עֲמָלֵקִי		עֲמָלֵקִי adj.gent. coll. = (the) Amalekites
p.di.aa		עָמַם	root	עָמַם
p.di.ab	H5971	עַם		עַם, עָם 1810 n.m. people a people, nation = smaller units = common people people in gen., persons phrases
p.dj.aa	H5973	עִם	root	עִם prep. with of fellowship and companionship of aid Of actions done jointly with another If the common action be of the nature of a contest or combat, with in the sense of against Of dealing with a person, or of the relation in which one stands with, or towards, another Of a common lot together with the wicked Of equality or resemblance generally aid Of time, as long as Of a locality, close to, beside Of persons, עִם is spec. in the house or family or service of In possession of In the custody or care of Beside = except With = friendly with Idiom. of a thought or purpose present with one Metaph. together with = in spite of, notwithstanding
p.dj.ab	H5973	מֵעִם		מֵעִם 72 from with or beside
p.dj.ac	H6005	עִמָּנוּאֵל		עִמָּנוּאֵל n.pr.m. Immanuēl (with us is God)
p.dj.ad	H5971	עַם		[עַם] n.[m.] kinsman (on father's side)
p.dj.ae	H5980	עֻמָּה		[עֻמָּה] n.f. juxtaposition, but only in st. c. with force of prep. close by, side by side with, parallel to, agreeing with, corresponding to
p.dj.af	H5981	עֻמָּה		עֻמָּה n.pr.loc. Jos 19:30
p.dj.ag	H5983	עַמּוֹן		עַמּוֹן 106 n.pr.gent. Ammon
p.dj.ah	H5984	עַמּוֹנִי		עַמּוֹנִי, עַמֹּנִי adj.gent. Ammonite
p.dj.ai	H5988	עַמִּיאֵל		עַמִּיאֵל n.pr.m. (my kinsman is God) E. Jordan name a Danite David’s father-in-law son of Obed Edom
p.dj.aj	H5989	עַמִּיהוּד		עַמִּיהוּד n.pr.m. (my kinsman is majesty) a Geshurite an Ephraimite a Simeonite a Naphtalite a Judahite
p.dj.ak	H5990	עַמִּיזָבָד		עַמִּיזָבָד n.pr.m. (my kinsman hath bestowed);—son of Benaiah 1 Ch 27:6
p.dj.al		עמיחור		עמיחור עַמִּיחוּר v. עַמִּיחוּד
p.dj.am	H5992	עַמִּינָדָב		עַמִּינָדָב n.pr.m. (my kinsman is noble) Aaron’s father-in-law Levites
p.dj.an	H5996	עַמִּישַׁדָּ֑י		עַמִּישַׁדָּ֑י n.pr.m. (my kinsman is Shadday);—a Danite
p.dk.aa	H6004	עָמַם	root	[עָמַם] vb. darken, dim (NH id.; Arabic cover, veil, conceal; 𝔗 עֲמַם grow dark);— Qal Pf. 3 pl. sf. עֲמָמֻהוּ Ez 31:8 dub., but prob. (as Thes) cedars did not eclipse him; עֲמָמוּךָ 28:3 no secret do they hold dark (= is held dark) for thee (Ges § 117 x). Hoph. Impf. 3 ms. יוּעַם זָהָב La 4:1 (fig.) how is the gold dimmed! cf. Bu.
p.dk.ab		עֲמָמִים		עֲמָמִים עַמְמֵי v. עַם
p.dk.ac		עִמָּנוּאֵל		עִמָּנוּאֵל v. עִם
p.dl.aa	H6006	עָמַס	root	[עָמַס, ?עָמַשׂ] vb. 1. load. 2 carry a load
p.dl.ab	H5986	עָמוֹס		עָמוֹס n.pr.m. Amos the prophet
p.dl.ac	H6007	עֲמַסְיָה		עֲמַסְיָה n.pr.m. name in Judah 2 Ch 17:16
p.dl.ad	H4614	מַעֲמָסָה		מַעֲמָסָה n.f. load, burden;—Zc 12:3
p.dl.ae	H6008	עַמְעָד		עַמְעָד n.pr.loc. in Asher, Jos 19:26
p.dm.aa	H6009	עָמֹק	root	[עָמֹק] vb. be deep Qal ψ 92:6 Hiph. make deep
p.dm.ab	H6010	עֵ֫מֶק		עֵ֫מֶק 70 n.m. vale (prop. deepening, depth)
p.dm.ac	H6011	עֹ֫מֶק		עֹ֫מֶק n.[m.] depth
p.dm.ad	H6012	עָמֵק		[עָמֵק] adj. deep, unfathomable;—i.e. unintelligible of speech
p.dm.ae	H6013	עָמֹק		עָמֹק 17 adj. deep lit. = unsearchable
p.dm.af	H5987	עָמוֹק		עָמוֹק n.pr.m. a priest
p.dm.ag	H4615	מַעֲמַקִּים		מַעֲמַקִּים n.m.pl. depths
p.dn.aa		עמר	root	עמר
p.dn.ab	H6016	עֹ֫מֶר		עֹ֫מֶר n.m. sheaf
p.dn.ac	H6016	עֹ֫מֶר		עֹ֫מֶר n.m. omer;—a measure, only Ex 16
p.dn.ad	H5995	עָמִיר		עָמִיר n.[m.] swath, row of fallen grain
p.dn.ae	H6014	עִמֵּר		[עִמֵּר] vb. Pi. denom. bind sheaves;—ψ 129:7
p.do.aa	H6014	עָמַר	root	[עָמַר] vb. Hithp. deal tyrannically
p.do.ab	H6017	עֲמֹרָה		עֲמֹרָה 19 n.pr.loc. Gomorrah
p.dp.aa		עמר	root	עמר
p.dp.ab	H6018	עָמְרִי		עָמְרִי 18 n.pr.m. Omri, king of Israel name in Benj. in Judah in Issachar
p.dp.ac	H6019	עַמְרָם		עַמְרָם 14 n.pr.m. father of Moses Ezr 10:34.
p.dp.ad	H6020	עַמְרָמִי		עַמְרָמִי adj.gent. of 1, c. art. as n.coll. Nu 3:27 1 Ch 26:23.
p.dp.ae		עמשׂ		עמשׂ v. עמס
p.dp.af	H6021	עֲמָשָׂא		עֲמָשָׂא 16 n.pr.m. Absalom’s general Ephraimite
p.dp.ag	H6022	עֲמָשַׂי		עֲמָשַׂי n.pr.m. warrior of David Levites
p.dp.ah	H6023	עֲמַשְׁסַי		עֲמַשְׁסַי n.pr.m. a priest
p.dq.aa		ענב	root	ענב
p.dq.ab	H6025	עֵנָב		עֵנָב n.m. grape(s)
p.dq.ac	H6024	עֲנָב		עֲנָב n.pr.loc. in hill-country of Judah
p.dq.ad	H6036	עָנוּב		עָנוּב n.pr.m. 1 Ch 4:8
p.dr.aa	H6026	עָנֹג	root	[עָנֹג] vb. be soft, delicate, dainty Pu. daintily bred Hithp. be of dainty habit take exquisite delight in bad sense, make merry over, make sport of
p.dr.ab	H6027	עֹ֫נֶג		עֹ֫נֶג n.[m.] dantiness, exquisite delight
p.dr.ac	H6028	עָנֹג		עָנֹג adj. dainty
p.dr.ad	H8588	תַּעֲנוּג		תַּעֲנוּג n.[m.] daintiness, luxury, exquisite delight
p.ds.aa	H6029	עָנַד	root	[עָנַד] vb. bind around, upon
p.ds.ab	H4575	מַעֲדַנּוֹת		מַעֲדַנּוֹת n.f.pl. bonds, bands
p.dt.aa	H6030	עָנָה	root	עָנָה 316 vb. answer, respond Qal answer, respond to sthg. said, actual or implied respond to an occasion, speak in view of circumstances money meets all demands specif. respond as a witness, testify less oft. make response as one accused (respondent) Niph. make answer be answered Hiph. wholly dub.; causes all things to respond in the joy of his heart
p.dt.ab	H5772	עֹנָה		[עֹנָה] n.f. cohabitation
p.dt.ac	H6256	עֵת		עֵת 297 n.f. time time of an event = usual time proper, suitable time appointed time as uncertain = experience, fortunes occurrence, occasion
p.dt.ad	H6278	]עֵת] קָצִין		]עֵת] קָצִין n.pr.loc. on border of Zebulun, only c. loc. Jos 19:13; site unknown.
p.dt.ae	H6258	עַתָּ֫ה		עַתָּ֫ה 435, עָ֑֫תָּה, adv. of time, now
p.dt.af	H6262	עַתַּי		עַתַּי n.pr.m. of Judah of Gad 2 Ch 11:20
p.dt.ag	H6261	עִתִּי		עִתִּי adj. timely, ready;—Lv 16:21
p.dt.ah	H3282	יַעַן		יַעַן 95 prop. subst. purpose, intention, but always used as prep. or conj. on account of, because
p.dt.ai	H4617	מַעֲנֶה		מַעֲנֶה n.m. answer, response
p.dt.aj	H4616	מַ֫עַן		[מַ֫עַן] subst. purpose, intent, only with לְ, in לְמַ֫עַן 271 prep. and conj. for the sake of, on account of, to the intent or in order that
p.du.aa	H6031	עָנָה	root	[עָנָה] vb. be occupied, busied with
p.du.ab	H6045	עִנְיָן		עִנְיָן n.m. occupation, task, only Ec
p.du.ac	H4618	מַעֲנָה		מַעֲנָה n.f. place for task (?), specif. field for ploughing
p.du.ad		מַעֲנִית		מַעֲנִית מַעֲנָה v.
p.dv.aa	H6031	עָנָה	root	[עָנָה] vb. be bowed down, afflicted Qal be put down or become low, of song of triumph be depressed, downcast be afflicted Niph. humble oneself be afflicted Pi. humble, mishandle, afflict humble, a woman by cohabit. afflict as a discipline humble, weaken Pu. be afflicted, in discipline by God be humbled by fasting Hiph. afflict, in discipline Hithp. humble oneself be afflicted humble oneself in fasting
p.dv.ab	H6035	עָנָו		עָנָו n.m. poor, afflicted, humble, meek
p.dv.ac	H6038	עֲנָוָה		עֲנָוָה n.f. humility; עַנְוָה־ (contr. because of Maqqeph)
p.dv.ad	H6039	עֱנוּת		עֱנוּת n.f. affliction;—ψ 22:25
p.dv.ae	H6041	עָנִי		עָנִי adj. poor, afflicted, humble
p.dv.af	H6040	עֳנִי		עֳנִי n.m. affliction, poverty
p.dv.ag	H8589	תַּעֲנִית		[תַּעֲנִית] n.f. humiliation, by fasting, sf. Ezr 9:5.
p.dw.aa	H6030	עָנָה	root	עָנָה vb. sing Qal sing, utter tunefully Pi. sing sweetly of it
p.dw.ab	H6034	עֲנָה		עֲנָה 12 n.pr.m. Horites
p.dw.ac		ענו		ענו v. עֻנִּי
p.dw.ad		עֲנוֹק		עֲנוֹק v. עְנָק
p.dx.aa		ענז	root	ענז
p.dx.ab	H5795	עֵז		עֵז 74 n.f. she-goat
p.dx.ac	H6042	עֻנִּי		עֻנִּי n.pr.m. Levites
p.dx.ad	H6043	עֲנָיָה		עֲנָיָה n.pr.m.
p.dx.ae		עָנָיו		עָנָיו v. עָנָו sub. ענה
p.dx.af		עָנִים		עָנִים v.
p.dx.ag		עִנְיָנ		עִנְיָנ v. ענה
p.dx.ah		עָנֵם		עָנֵם v. עֵין גַּנִּים
p.dx.ai	H6047	עֲנָמִים		עֲנָמִים n.pr.gent. in (or near) Egypt
p.dx.aj	H6048	עֲנַמֶּ֫לֶךְ		עֲנַמֶּ֫לֶךְ n.pr.div. = As. Anu-malik
p.dy.aa		ענן	root	ענן
p.dy.ab	H6051	עָנָן		עָנָן 87 n.m. cloud-mass, cloud cloud-mass cloud of incense
p.dy.ac	H6049	עָנַן		[עָנַן] vb. denom. Pi. Inf. cstr. sf. c. acc. cogn. Gn 9:14 (P) when I bring clouds, etc.
p.dy.ad	H6053	עֲנָנָה		עֲנָנָה n.f. cloud Jb 3:5.
p.dz.aa	H6049	עָנַן	root	[עָנַן] vb. Pō‛. practise soothsaying
p.dz.ab	H6052	עָנָן		עָנָן n.pr.m. Ne 10:27
p.dz.ac	H6054	עֲנָנִי		עֲנָנִי n.pr.m. 1 Ch 3:24
p.dz.ad	H6055	עֲנַנְיָה		עֲנַנְיָה n.pr. m. Ne 3:23 loc. Ne 11:32
p.ea.aa		ענף	root	ענף
p.ea.ab	H6057	עָנָף		עָנָף n.[m.] branch(es), bough(s)
p.ea.ac	H6058	עָנֵף		[עָנֵף] adj. full of branches;—fs. Ez 19:10
p.eb.aa		ענק	root	ענק
p.eb.ab	H6060	עֲנָק		עֲנָק n.[m.] neck, only in epith.gent. long-necked (tall) men, early giant people about Hebron and in Philistia
p.eb.ac	H6060	עֲנָק		עֲנָק n.m. necklace, neck-pendant
p.eb.ad	H6059	עָנַק		[עָנַק] vb. denom. serve as necklace Qal pride is necklace for them Hiph. thou shalt make a rich necklace for him
p.eb.ae	H6063	עָנֵר		עָנֵר n.pr. appar. m. ally of Abram loc. in Manasseh
p.ec.aa		ענשׁ	root	ענשׁ
p.ec.ab	H6066	עֹ֫נֶשׁ		עֹ֫נֶשׁ n.[m.] indemnity, fine
p.ec.ac	H6064	עָנַשׁ		[עָנַשׁ] vb. denom. fine, mulct Qal = punish Niph. he shall be strictly fined
p.ec.ad	H6067	עֲנָת		עֲנָת n.pr.m. father of Shamgar
p.ec.ae	H6068	עֲנָתוֹת		עֲנָתוֹת and עֲנָתֹת n.pr. loc. c. 3 miles NNE. from Jerusalem m.
p.ec.af	H6069	עַנְּתֹתִי		עַנְּתֹתִי adj.gent. of foreg. [p.ec.ae]
p.ec.ag	H6070	עַנְתֹתִיָּה		עַנְתֹתִיָּה n.pr.m. Benjamite 1 Ch 8:24
p.ed.aa	H6072	עָסַס	root	[עָסַס] vb. press, crush, by treading, tread down;—Qal Mal 3:21
p.ed.ab	H6071	עָסִיס		עָסִיס n.m. sweet wine (prop. pressed out juice)
p.ed.ac	H6073	עפאים		עפאים Kt, עֳפָיִם Qr n.[m.]pl. foliage;—ψ 104:12.
p.ee.aa	H6075	עָפַל	root	עָפַל vb. swell;—Pu. Hb 2:4 acc. to MT
p.ee.ab	H6077	עֹ֫פֶל		עֹ֫פֶל n.[m.] mound, hill, only as acropolis
p.ee.ac	H6076	עֹ֫פֶל		[עֹ֫פֶל] n.m. tumour;—only pl. Kt
p.ef.aa	H6075	עָפַל	root	[עָפַל] vb. perhaps be heedless Hiph. shew heedlessness Nu 11:44 (J E)
p.ef.ab	H6078	עָפְנִי		עָפְנִי n.pr.loc. in Benj., Jos 18:24
p.ef.ac		עפעף		עפעף v. עוף
p.eg.aa		עפר	root	עפר
p.eg.ab	H6083	עָפָר		עָפָר n.m. dry earth, dust
p.eg.ac	H6080	עָפַר		[עָפַר] vb. denom. Pi. 2 S 16:13 and kept dusting (him) with dust (throwing [lumps of] dry earth at him).
p.eh.aa		עפר	root	עפר
p.eh.ab	H6082	עֹ֫פֶר		עֹ֫פֶר n.m. young hart, stag
p.eh.ac	H6081	עֵ֫פֶר		עֵ֫פֶר n.pr.m. ‘son’ of Midian in Judah in Manasseh
p.eh.ad		עַפְרָה		עַפְרָה v. בֵּית לְע׳
p.eh.ae	H6084	עָפְרָה		עָפְרָה n.pr. loc. in Benj. in Manasseh m. in Judah
p.eh.af	H6085	עֶפְרוֹן		עֶפְרוֹן n.pr. m. Hittite, Abr.’s time loc. Kt mont. on N. border of Judah
p.eh.ag		עֶפְרַ֫יִן		עֶפְרַ֫יִן עֶפְרוֹן v. עֶפְרוֹן
p.eh.ah	H5777	עֹפֶרֶת		עֹפֶרֶת n.m. lead (√ dub.; prob. foreign word)
p.eh.ai		עֵפָ֫תָה		עֵפָ֫תָה v. עֵיפָה sub. עוף
p.eh.aj		עֵץ		עֵץ v. עצה
p.ei.aa	H6087	עָצַב	root	[עָצַב] vb. hurt, pain, grieve Qal his father had not pained him Niph. be pained for Pi. they vexed his holy spirit Hiph. they used to cause him [י׳] pain. Hithp. and he was vexed to his heart
p.ei.ab	H6089	עֶ֫צֶב		עֶ֫צֶב n.[m.] pain, hurt, toil
p.ei.ac	H6090	עֹ֫צֶב		עֹ֫צֶב n.[m.] pain
p.ei.ad	H6092	עָצֵב		[עָצֵב, > עַצָּב] n.[m.] toiler (prop. sufferer)
p.ei.ae	H6094	עַצֶּ֫בֶת		[עַצֶּ֫בֶת] n.f. hurt, injury, pain
p.ei.af	H6093	עִצָּבוֹן		עִצָּבוֹן n.[m.] pain, toil
p.ei.ag	H4620	מַעֲצֵבָה		מַעֲצֵבָה n.f. place of pain (> simply pain);—Is 50:11
p.ej.aa	H6087	עָצַב	root	[עָצַב] vb. Pi. shape, fashion Pi. thy hands shaped me, etc. Hiph. to fashion her, i.e. make images of her
p.ej.ab	H6089	עֶ֫צֶב		עֶ֫צֶב n.m. vessel (as fashioned);—Je 22:28
p.ej.ac	H6090	עֹ֫צֶב		[עֹ֫צֶב] n.m. idol;—sf. Is 48:5.
p.ej.ad	H6091	עָצָב		[עָצָב] n.[m.] idol
p.ek.aa		עצד	root	עצד
p.ek.ab	H4621	מַעֲצָד		מַעֲצָד n.[m.] axe
p.el.aa	H6095	עָצָה	root	[עָצָה] vb. shut
p.em.aa		עצה	root	עצה
p.em.ab	H6086	עֵץ		עֵץ 329 n.m. tree, trees, wood (c. 150 t.) a standing tree coll. trees (c. 175 t.; c. 120 t. pl., to denote pieces [or articles] of wood)
p.em.ac	H6097	עֵצָה		עֵצָה n.f.coll. trees Je 6:6
p.en.aa		עצה	root	עצה
p.en.ab	H6096	עָצֶה		עָצֶה n.[m.] either spine or os sacrum, bone close to fat-tail, הֶע׳ Lv 3:9.
p.eo.aa		עצה	root	עצה
p.eo.ab	H6100	עֶצְיוֹן גֶּ֫בֶר		עֶצְיוֹן גֶּ֫בֶר n.pr.loc. near Elath at head of Gulf of Aḳaba
p.ep.aa	H6101	עָצֵל	root	[עָצֵל] vb. Niph. be sluggish;—Ju 18:9
p.ep.ab	H6102	עָצֵל		עָצֵל 14 adj. sluggish, lazy
p.ep.ac	H6103	עַצְלָה		עַצְלָה n.f. sluggishness
p.ep.ad	H6104	עַצְלוּת		עַצְלוּת n.f. id. [p.ep.ac];—לֶהֶם ע׳ Pr 31:27.
p.eq.aa	H6105	עָצֹם	root	[עָצֹם], עָצַם vb. be vast, mighty, numerous Qal be mighty be numerous Hiph. make strong
p.eq.ab	H6108	עֹ֫צֶם		עֹ֫צֶם n.[m.] might, bones
p.eq.ac	H6109	עָצְמָה		עָצְמָה n.f. might;—Is 40:29
p.eq.ad	H6106	עֶ֫צֶם		עֶ֫צֶם 125 n.f. bone, substance, self
p.eq.ae	H6107	עֶ֫צֶם		עֶ֫צֶם n.pr.loc. in Negeb of Judah, Simeon
p.eq.af	H6099	עָצוּם		עָצוּם 31 adj. mighty, numerous
p.eq.ag	H8592	תַּעֲצֻמָה		[תַּעֲצֻמָה] n.f. might;—pl. intens. ψ 68:36
p.eq.ah	H6111	עַצְמוֹן		עַצְמוֹן n.pr.loc. on extreme S. border of Canaan
p.er.aa	H6105	עָצַם	root	[עָצַם] vb. shut the eyes Qal shutteth his eyes from seeing Pi. he hath tightly shut your eyes
p.es.aa		עצם	root	עצם
p.es.ab	H6110	עַצֻמָה		[עַצֻמָה] n.f. defence;—pl. sf. Is 41:21
p.es.ac		(ה)עצנו		(ה)עצנו עֵצֶן v. עָדִין sub. עדן
p.et.aa	H6113	עָצַר	root	עָצַר 46 vb. restrain, retain Qal restrain (late) retain Niph. be restrained, stayed .
p.et.ab	H6114	עֶ֫צֶר		עֶ֫צֶר n.[m.] restraint (?), only Ju 18:7
p.et.ac	H6115	עֹ֫צֶר		עֹ֫צֶר n.[m.] restraint, coercion
p.et.ad	H6116	עֲצָרָה		עֲצָרָה, עֲצֶ֫רֶת n.f. assembly
p.et.ae	H4622	מַעְצוֹר		מַעְצוֹר n.[m.] restraint, hindrance;—1 S 14:6
p.et.af	H4623	מַעְצָר		מַעְצָר n.[m.] restraint, control;—מ׳ Pr 25:28 a man whose spirit is without control.
p.eu.aa		עקב	root	עקב
p.eu.ab	H6119	עָקֵב		עָקֵב n.m. heel, footprint, hinder-part
p.eu.ac	H6117	עָקַב		עָקַב vb. follow at the heel, fig. assail insidiously, circumvent, overreach (denom.) Qal he attacked his brother at the heel Pi. dub.; poss. attack at the heel, hence fig. hold back
p.eu.ad	H6120	עָקֵב		עָקֵב adj.verb. overreacher, ψ 49:6
p.eu.ae	H6121	עָקֹב		עָקֹב adj. insidious, deceitful foot-tracked
p.eu.af	H6121	עָקֹב		עָקֹב adj. steep, hilly;—Is 40:4
p.eu.ag	H6122	עָקְבָה		עָקְבָה n.f. insidiousness, 2 K 10:19
p.eu.ah	H6118	עֵ֫קֶב		עֵ֫קֶב n.[m.] consequence, usu. as adv. acc. as a consequence of, because (that), also reward, end
p.eu.ai	H6126	עַקּוּב		עַקּוּב n.pr.m. descendant of David heads of post-exilic families Levites
p.eu.aj	H3290	יַעֲקֹב		יַעֲקֹב 344, יַעֲקוֹב 6 n.pr.m. et gent. Jacob, son of Isaac and Rebekah, father of tribes of Isr. as n.pr.m. as n.pr.gent.
p.eu.ak	H3291	יַעֲקֹ֫בָה		יַעֲקֹ֫בָה n.pr.m. Simeonite 1 Ch 4:36
p.ev.aa	H6123	עָקַד	root	[עָקַד] vb. bind;—Qal Gn 22:9.
p.ev.ab		עֵ֫קֶד		עֵ֫קֶד v. בֵּית ע׳ הָרֹעִים
p.ew.aa		עקד	root	עקד
p.ew.ab	H6124	עָקֹד		עָקֹד adj. striped, streaked
p.ew.ac		עָקָה		עָקָה v. עוק
p.ex.aa		עקה	root	עקה
p.ex.ab	H4624	מַעֲקֶה		מַעֲקֶה n.[m.] parapet;—Dt 22:8.
p.ey.aa	H6127	עָקַל	root	[עָקַל] vb. bend, twist;—Pu. Hb 1:4 crooked justice.
p.ey.ab	H6128	עֲקַלְקָל		[עֲקַלְקָל] adj.intens. crooked
p.ey.ac	H6129	עֲקַלָּתוֹן		עֲקַלָּתוֹן adj. crooked;—Is 27:1.
p.ey.ad	H3292	עֲקָן		עֲקָן n.pr.m. in Edom; = יַעֲקָן
p.ez.aa		עקר	root	עקר
p.ez.ab	H6133	עֵ֫קֶר		עֵ֫קֶר n.m. offshoot, member (? from root);—cstr. Lv 25:47
p.ez.ac	H6131	עָקַר		[עָקַר] vb. denom. pluck or root up Qal Ec 3:2 Niph. Zp 2:4
p.ez.ad	H6131	עִקֵּר		עִקֵּר vb. Pi. denom. hamstring horses
p.ez.ae	H6135	עָקָר		עָקָר adj. barren
p.ez.af	H6134	עֵקֶר		עֵקֶר n.pr.m. in Judah 1 Ch 2:27
p.ez.ag	H6137	עַקְרָב		עַקְרָב n.m. scorpion
p.ez.ah	H6138	עֶקְרוֹן		עֶקְרוֹן 22 n.pr.loc. Eḳrôn;—Philistine city, one of the famous five
p.ez.ai	H6139	עֶקְרוֹנִי		עֶקְרוֹנִי adj.gent. of foregoing [p.ez.ah], c. art. = subst. the Eḳrônite
p.fa.aa	H6140	עָקַשׁ	root	[עָקַשׁ] vb. twist Niph. one crooked in ways Pi. their paths they have twisted. all that is straight they make crooked Hiph. he hath declared me crooked, devious (in life)
p.fa.ab	H6141	עִקֵּשׁ		עִקֵּשׁ adj. twisted, perverted
p.fa.ac	H6142	עִקֵּשׁ		עִקֵּשׁ n.pr.m. a Tekoan
p.fa.ad	H6143	עִקְּשׁוּת		עִקְּשׁוּת n.f. crookedness
p.fa.ae	H4625	מַעֲקָשׁ		[מַעֲקָשׁ] n.[m.] twisted, crooked place;—pl. Is 42:16
p.fa.af	H6144	עָר		עָר n.pr.loc. in Moab, S. of Arnon
p.fa.ag	H6145	עָר		עָר n.m. only 2 t.; thine adversary
p.fa.ah		עֵר		עֵר v. עוּר
p.fb.aa		ערב	root	ערב
p.fb.ab	H6154	עֵ֫רֶב		עֵ֫רֶב n.m. mixture, mixed company;—heterogeneous body attached to a people
p.fb.ac	H6154	עֵ֫רֶב		עֵ֫רֶב n.[m.] woof (as mixed, interwoven, with warp)
p.fb.ad	H6157	עָרֹב		עָרֹב 9 n.m. prob. swarm (mixture, from incessant, involved motion)
p.fc.aa	H6148	עָרַב	root	עָרַב vb. take on pledge, give in pledge, exchange Qal c. acc. pers. take on pledge, i.e. go surety for give in pledge exchange (in trade) Hithp. recipr. exchange pledges (make a bargain) with my lord have fellowship with share in
p.fc.ab	H6161	עֲרֻבָּה		עֲרֻבָּה n.f. thing exchanged, pledge, token
p.fc.ac	H6162	עֵרָבוֹן		עֵרָבוֹן n.[m.] pledge
p.fc.ad	H4627	מַעֲרָב		[מַעֲרָב] n.m. usu. coll. articles of exchange, merchandise (only of Tyre, Ez 27)
p.fc.ae	H8594	תַּעֲרֻבָה		[תַּעֲרֻבָה] n.f. pledge
p.fd.aa	H6149	עָרַב	root	[עָרַב] vb. be sweet, pleasant
p.fd.ab	H6156	עָרֵב		עָרֵב adj. sweet, pleasant
p.fe.aa		ערב	root	ערב
p.fe.ab	H6152	עֲרַב		עֲרַב n.[m.] desert-plateau, steppe
p.fe.ac	H6163	עֲרָבִי		עֲרָבִי n. gent. of foregoing [p.fe.ab] steppe-dweller
p.fe.ad	H6152	עֲרָב		עֲרָב n.pr.gent.coll. steppe-dwellers of N. Arabia
p.fe.ae	H6163	עַרְבִי		עַרְבִי adj.gent. Arabian (in strictly ethnographic sense)
p.fe.af	H6160	עֲרָבָה		עֲרָבָה 61 n.f. desert-plain, steppe
p.fe.ag		עַרְבָתִי		עַרְבָתִי v. בֵּית הָעֲרָבָה
p.ff.aa		ערב	root	ערב
p.ff.ab	H6153	עֶ֫רֶב		עֶ֫רֶב 131 n.[m.] (sun)set, evening evening, orig. sunset du. in phrase between two evenings, i.e. prob. between sunset and dark (late poet.) = night
p.ff.ac	H6150	עָרַב		[עָרַב] vb. denom. become evening; grow dark (?) Qal all joy has grown dark Hiph. doing it at morning and at evening.
p.ff.ad	H4628	מַעֲרָב		מַעֲרָב n.[m.] west (late) (place of sunset)
p.fg.aa		ערב	root	ערב
p.fg.ab	H6158	עֹרֵב		עֹרֵב n.m. raven
p.fg.ac	H6159	עֹרֵב		עֹרֵב raven
p.fg.ad	H6155	עֲרָבָה		[עֲרָבָה] n.[f.] poplar
p.fh.aa	H6165	עָרַג	root	[עָרַג] vb. long for
p.fh.ab	H6170	עֲרוּגָה		[עֲרוּגָה] n.f. garden terrace or bed
p.fh.ac	H6166	עֲרָד		עֲרָד n.pr.loc. Can. city in the Negeb
p.fh.ad	H6166	עֲרָד		עֲרָד n.pr.m. Benjamite 1 Ch 8:15
p.fi.aa	H6168	עָרָה	root	[עָרָה] vb. be naked, bare Pi. lay bare lay bare by removing contents, empty, water-jar pour out Hiph. make naked, of sexual offences pour out Niph. until there be poured upon us a spirit from on high Hithp. thou shalt make thyself naked usu. pouring himself, i.e. spreading himself out like a tree
p.fi.ab	H6169	עָרָה		[עָרָה] n.f. bare place;—pl. Is 19:7
p.fi.ac	H6172	עֶרְוָה		עֶרְוָה 54 n.f. nakedness, pudenda
p.fi.ad	H6181	עֶרְיָה		עֶרְיָה 6 n.f. nakedness
p.fi.ae	H4626	מַעֲרֶה		[מַעֲרֶה], מַ֫עַר n.[m.] bare, naked place
p.fi.af	H4638	מַעֲרָת		מַעֲרָת n.pr.loc. in Judah Jos 15:59
p.fi.ag	H8593	תַּ֫עַר		תַּ֫עַר n.m. razor, sheath
p.fi.ah	H6171	עָרוֹד		עָרוֹד n.[m.] wild ass;—Jb 39:5.
p.fj.aa	H6186	עָרַךְ	root	עָרַךְ vb. arrange or set in order Qal arrange in order, seven altars set or lay in order, as wood in common life, arrange a table arrange a battle, i.e. draw up in battle order arrange weapons of army in order for battle arrange words state in order, set forth a legal case compare (as result of arranging in order) intrans. be comparable
p.fj.ab	H6187	עֵ֫רֶךְ		עֵ֫רֶךְ 83 n.m. order, row, estimate
p.fj.ac	H6186	עָרַךְ		עָרַךְ vb. denom. Hiph. value (for taxation), tax
p.fj.ad	H4633	מַעֲרָךְ		[מַעֲרָךְ] n.[m.] arrangement;—pl. cstr. Pr 16:1
p.fj.ae	H4630	מַעֲרָכָה		מַעֲרָכָה n.f. row, rank, battle-line;— מ׳ battle-line pl. ranks = army lamps of the rows, i.e arranged in a row.
p.fj.af	H4635	מַעֲרֶ֫כֶת		מַעֲרֶ֫כֶת n.f. row, line;—only of the rows of ‘shew’-bread
p.fk.aa		ערל	root	ערל
p.fk.ab	H6190	עָרְלָה		עָרְלָה 16 n.f. foreskin
p.fk.ac	H6188	עָרַל		[עָרַל] vb. denom. count as foreskin, i.e. as uncircumcised Qal ye shall regard its fruit as uncircumcised, and not eat it (for three years) Niph. be counted as uncircumcised, i.e. be object of mockery
p.fk.ad	H6189	עָרֵל		עָרֵל 35 adj. having foreskin, i.e. uncircumcised
p.fk.ae		עֵרֹם		עֵרֹם עָרֹם עָרוֹם v. עור
p.fl.aa	H6192	עָרַם	root	[עָרַם] vb. Niph. be heaped up;—Ex 15:8.
p.fl.ab	H6194	עֲרֵמָה		עֲרֵמָה n.f. heap
p.fm.aa		ערם	root	ערם
p.fm.ab	H6196	עַרְמוֹן		עַרְמוֹן n.[m.] plane-tree (as stripped of bark)
p.fm.ac		מָעֲרֻמֵּיהֶם		מָעֲרֻמֵּיהֶם מַעֲרֹם v. עור
p.fn.aa	H6191	עָרֹם	root	[עָרֹם] vb. be shrewd, crafty Qal he is exceedingly crafty Hiph. be crafty; be or become shrewd
p.fn.ab	H6193	עֹ֫רֶם		[עֹ֫רֶם] n.[m.] craftiness;—sf. Jb 5:13
p.fn.ac	H6195	עָרְמָה		עָרְמָה n.f. craftiness, prudence
p.fn.ad	H6175	עָרוּם		עָרוּם adj. crafty, shrewd, sensible
p.fn.ae		עֵרָן		עֵרָן עֵרָנִי v. עור
p.fo.aa		ערס	root	ערס
p.fo.ab	H6182	עֲרִיסָה		[עֲרִיסָה] n.f. meaning dub., usu. coarse meal; 𝔊 AV RV dough
p.fo.ac		עַרְעָר		עַרְעָר עַרְעֹר עֲרֹעֵר עֲרוֹעֵר v. ערר
p.fp.aa		ערף	root	ערף
p.fp.ab	H6203	עֹ֫רֶף		עֹ֫רֶף n.m. back of neck, neck
p.fp.ac	H6202	עָרַף		[עָרַף] vb. denom. break the neck of an animal
p.fp.ad	H6204	עָרְפָּה		עָרְפָּה n.pr.f. sister-in-law of Ruth
p.fq.aa	H6201	עָרַף	root	[עָרַף] vb. drip, drop
p.fq.ab	H6183	עָרִיף		[עָרִיף] n.[m.] cloud;—pl. sf. Is 5:30
p.fq.ac	H6205	עֲרָפֶל		עֲרָפֶל n.m. cloud, heavy cloud
p.fr.aa	H6206	עָרַץ	root	[עָרַץ] vb. cause to tremble, tremble (in terror, or awe) Qal cause to tremble (i.e. strike with awe) intrans. tremble, feel dread Niph. terrible in the company of the holy ones Hiph. regard, or treat, with awe, as awful inspire with awe
p.fr.ab	H6178	עָרוּץ		[עָרוּץ] adj. dreadful (prop. Pt. pass.) cstr. Jb 30:6
p.fr.ac	H6184	עָרִיץ		עָרִיץ adj. awe-inspiring, terror-stricken
p.fr.ad	H4637	מַעֲרָצָה		מַעֲרָצָה n.f. awful shock, crash;—Is 10:33, of י׳’s lopping off (tree-)crown (fig.).
p.fs.aa	H6207	עָרַק	root	[עָרַק] vb. gnaw;—Qal Jb 30:3
p.fs.ab	H6208	עַרְקִי		עַרְקִי adj.gent. Arḳite, inhabitant of city ‛Arḳa
p.ft.aa		ערר	root	ערר
p.ft.ab	H4631	מְעָרָה		מְעָרָה 40 n.f. cave
p.fu.aa	H6209	עָרַר	root	[עָרַר] vb. strip oneself Qal Is 32:11 Pō‛. they have laid bare (the foundations of) her palaces, i.e. destroyed them Pilp. + Hithpalp. be laid utterly bare
p.fu.ab	H6185	עֲרִירִי		עֲרִירִי adj. stripped, specif. childless
p.fu.ac	H6199	עַרְעָר		עַרְעָר adj. stripped, destitute
p.fu.ad	H6176	עֲרוֹעֵר		עֲרוֹעֵר n.[m.] prob. a tree or bush; juniper?
p.fu.ae	H5735	עֲרֹעֵר		עֲרֹעֵר 10, עֲרוֹעֵר 5, עַרְעֹר 1 n.pr.loc. city on N. bank of Arnon, S. limit of E. Jordan Isr. city near Rabbah in Ammon city in S. Judah
p.fu.af	H6200	עֲרֹעֵרִי		עֲרֹעֵרִי adj.gent. of foreg. [p.fu.ae]; הָע׳ 1 Ch 11:44.
p.fv.aa		ערשׂ	root	ערשׂ
p.fv.ab	H6210	עֶ֫רֶשׂ		עֶ֫רֶשׂ n.f. couch, divan
p.fw.aa		ערשׁ	root	ערשׁ
p.fw.ab	H3298	יַעֲרֶשְׁיָה		יַעֲרֶשְׁיָה n.pr.m. Benjamite 1 Ch 8:27
p.fx.aa		עשׂב	root	עשׂב
p.fx.ab	H6212	עֵ֫שֶׂב		עֵ֫שֶׂב n.m. herb, herbage
p.fy.aa	H6213	עָשָׂה	root	עָשָׂה 2622 vb. do, make Qal 2524 do (1560 t.) deal with oft. in phr. do kindness with abs. act, act with effect make (670 t.) produce, yield prepare, esp. of dressing and cooking food make offering attend to, put in order observe, celebrate, religious festival acquire property of various kinds appoint priests bring about of י׳’s effecting a deliverance use spend, pass, days of life Niph. 97be done be made, of concr. things be produced from vine be prepared, of food be offered be observed, passover be used Pu. I was made
p.fy.ab	H6214	עֲשָׂהאֵל		עֲשָׂהאֵל 18 n.pr.m. brother of Joab and Abishai Levites post-exil. name
p.fy.ac	H6221	עֲשִׂיאֵל		עֲשִׂיאֵל n.pr.m. Simeonite 1 Ch 4:35
p.fy.ad	H6222	עֲשָׂיָה		עֲשָׂיָה n.pr.m. servant of Josiah Simeonite Levites
p.fy.ae	H3299	(ו)יעשׂו		(ו)יעשׂו Kt, (וְ)יַעֲשָׂ֑י Qr, n.pr.m. one with foreign wife Ezr 10:37
p.fy.af	H3300	יַעֲשִׂיאֵל		יַעֲשִׂיאֵל n.pr.m. hero of David Benjamite ruler
p.fy.ag	H4639	מַעֲשֶׂה		מַעֲשֶׂה 233 n.m. deed, work
p.fy.ah	H4640	מַעֲשֵׂיָהוּ		מַעֲשֵׂיָהוּ, מַעֲשֵׂיָה, מַעֲשַׂי n.pr.m. (work of י׳) priest, Je.’s time 29:21. Levites officials son of Ahaz Levite Ne 3:23 a a a priest
p.fz.aa	H6213	עָשָׂה	root	[עָשָׂה] vb. Pi. press, squeeze
p.fz.ab	H6215	עֵשָׂו		עֵשָׂו 97 n.pr.m. Esau
p.ga.aa	H6229	עָשַׂק	root	[עָשַׂק] vb. Hithp. contend;—Gn 26:20
p.ga.ab	H6230	עֵ֫שֶׂק		עֵ֫שֶׂק n.pr.font. in SW. Pal. Gn 26:20 (expl. as contention)
p.gb.aa		עשׂר	root	עשׂר
p.gb.ab	H6235	עֶשֶׂר		עֶשֶׂר, עֲשָׂרָה 176 n.m. and f. ten
p.gb.ac	H6240	עָשָׂר		עָשָׂר, עֶשְׂרֵה ten, only after units to make num. 11-19, both cardinal and ordinal
p.gb.ad	H6237	עָשַׂר		עָשַׂר vb. denom. tale the tenth of, tithe
p.gb.ae	H6218	עָשׂוֹר		עָשׂוֹר a ten, decade
p.gb.af	H6242	עֶשְׂרִים		עֶשְׂרִים (a) twenty
p.gb.ag	H6224	עֲשִׂירִי		עֲשִׂירִי, עֲשִׂירִיָּה, עֲשִׂירִית tenth
p.gb.ah	H6241	עִשָּׂרוֹן		עִשָּׂרוֹן 33 n.m. Lv 14:10 tenth part (of ephah; cf. 𝔊 δέκατον τοῦ οἰφί Nu 15:4)
p.gb.ai	H4643	מַעֲשֵׂר		מַעֲשֵׂר tenth part, tithe
p.gb.aj		עַשׁ		עַשׁ עַיִשׁ v. עַיִשׁ
p.gb.ak		עָשׁ		עָשׁ v. עשׁשׁ
p.gb.al	H6220	עַשְׁוָ֑ת		עַשְׁוָ֑ת n.pr.m. in Asher 1 Ch 7:33
p.gc.aa		עשׁן	root	עשׁן
p.gc.ab	H6227	עָשָׁן		עָשָׁן smoke
p.gc.ac	H6225	עָשַׁן		עָשַׁן vb. denom. smoke, be wroth
p.gc.ad	H6226	עָשֵׁן		עָשֵׁן smoking
p.gc.ae	H6228	עָשָׁן		עָשָׁן n.pr.loc. in Shephelah of Judah
p.gd.aa	H6231	עָשַׁק	root	עָשַׁק oppress, wrong, extort
p.gd.ab	H6233	עֹ֫שֶׁק		עֹ֫שֶׁק oppression, extortion
p.gd.ac	H6232	עֵ֫שֶׁק		עֵ֫שֶׁק n.pr.m. Benjamite 1 Ch 8:39
p.gd.ad	H6234	עָשְׁקָה		עָשְׁקָה oppression, distress
p.gd.ae	H6216	עָשׁוֹק		עָשׁוֹק oppressor, extortioner
p.gd.af	H6217	עָשׁוּקִים		עָשׁוּקִים n.pl.abstr. oppression, extortion
p.gd.ag	H4642	מַעֲשַׁקָּה		[מַעֲשַׁקָּה] extortionate act
p.ge.aa	H6238	עָשַׁר	root	[עָשַׁר] vb. be or become rich Qal I have become rich Hiph. make rich gain riches Hithp. one enriching himself.
p.ge.ab	H6239	עֹ֫שֶׁר		עֹ֫שֶׁר riches
p.ge.ac	H6223	עָשִׁיר		עָשִׁיר rich; usu. n. m. the rich
p.gf.aa	H6244	עָשֵׁשׁ	root	[עָשֵׁשׁ] waste away
p.gf.ab	H6211	עָשׁ		עָשׁ moth
p.gg.aa	H6245	עָשַׁת	root	עָשַׁת be smooth or shiny(?)
p.gg.ab	H6247	עֶ֫שֶׁת		עֶ֫שֶׁת n.[m.] plate;—cstr. Ct 5:14
p.gg.ac	H6219	עָשׁוֹת		עָשׁוֹת adj. smooth ?—only Ez 27:19 as merchandise of Tyre
p.gh.aa	H6245	עָשַׁת	root	עָשַׁת Hithp. think
p.gh.ab	H6248	עַשְׁתּוּת		עַשְׁתּוּת n.f. thought;—cstr. Jb 12:5
p.gh.ac	H6250	עֶשְׁתֹּנָה		[עֶשְׁתֹּנָה] n.f. id. [p.gh.ab];—pl. sf. ψ 146:4.
p.gh.ad	H6249	עַשְׁתֵּי		עַשְׁתֵּי one
p.gh.ae	H1045	עַשְׁתֹּ֫רֶת		עַשְׁתֹּ֫רֶת n.pr.deae. ‛Aštōreth, < ‛Aštart, ‛Aštéreth
p.gh.af		עַשְׁתָּרוֹת		עַשְׁתָּרוֹת בֵּית עַשְׁתָּרוֹת v.
p.gh.ag	H6251	עַשְׁתָּרוֹת		[עַשְׁתָּרוֹת] usu. interpr. either as = ewes (Thes) or as = young
p.gh.ah	H6252	עַשְׁתָּרוֹת		עַשְׁתָּרוֹת E. of Jordan
p.gh.ai	H6254	עַשְׁתְּרָתִי		עַשְׁתְּרָתִי adj.gent. of foreg. [p.gh.ah] 1 Ch 11:44.
p.gh.aj		עֵת		עֵת v. ענה
p.gi.aa	H6257	עָתֹד	root	[עָתֹד] vb. be ready Pi. and make it ready i.e. thy work Hithp. which [houses] were prepared (destined) for (i.e. to be) heaps of ruins.
p.gi.ab	H6259	עָתִיד		עָתִיד, [עָתוּד] ready, prepared
p.gi.ac	H6260	עַתּוּד		עַתּוּד he-goat
p.gi.ad		עַתָּה		עַתָּה עַתַּי עִתִּי v. עֵת sub. ענה
p.gi.ae	H6265	עֲתָיָה		עֲתָיָה n.pr.m. Ne 11:4 (very dub.)
p.gi.af	H6269	עֲתָ֑ךְ		עֲתָ֑ךְ n.pr.loc. in Judah 1 S 30:30
p.gj.aa		עתל	root	עתל
p.gj.ab	H6270	עֲתַלְיָ֫ה(וּ)		עֲתַלְיָ֫ה(וּ), עַתְלָ֑י n.pr.f. et m. (? י׳ is exalted) f. Athaliah, daughter of Ahab and Jezebel, mother of Ahaziah king of Judah m. 1 Ch 8:26 Ezr 8:7 one with foreign wife
p.gk.aa	H6272	עָתַם	root	[עָתַם] dub.;—read perhaps is burned up
p.gk.ab	H6273	עָתְנִי		עָתְנִי n.pr.m. Levite 1 Ch 26:7
p.gk.ac	H6274	עָתְנִיאֵל		עָתְנִיאֵל n.pr.m. son of Ḳenaz, a hero in Isr.
p.gl.aa	H6275	עָתַק	root	עָתַק move, proceed, advance Qal move advance Hiph. move forward he who removeth mountains very late transcribe (remove from one book or roll to another)
p.gl.ab	H6277	עָתָק		עָתָק forward, arrogant (of speech)
p.gl.ac	H6276	עָתֵק		עָתֵק adj. valuable; < advanced, eminent, surpassing;—Pr 8:18
p.gl.ad	H6266	עָתִיק		עָתִיק eminent, surpassing, choice
p.gl.ae	H6267	עַתִּיק		[עַתִּיק] removed, old
p.gm.aa	H6279	עָתַר	root	עָתַר pray, supplicate (always to God)
p.gm.ab	H6282	עָתָר		עָתָר suppliant, worshipper
p.gn.aa	H6280	עָתַר	root	[עָתַר] vb. be abundant Niph. crooked, hypocritical Hiph. ye have multiplied against me your words
p.gn.ab	H6283	עֲתֶ֫רֶת		עֲתֶ֫רֶת n.f. abundance;—cstr. Je 33:6
p.gn.ac	H6281	עֶ֫תֶר		עֶ֫תֶר n.pr.loc. in Judah, in Simeon
p.go.aa		עתר	root	עתר
p.go.ab	H6282	עָתָר		עָתָר odour, of incense
q.aa.aa		פ	root	פ, פּ, ף
q.aa.ab		פֹּא		פֹּא v. פֹּה
q.ab.aa	H6284	פָּאָה	root	[פָּאָה] vb. perh. cleave in pieces;—Hiph. Dt 32:26
q.ab.ab	H6285	פֵּאָה		פֵּאָה 81 n.f. corner, side (part cut off)
q.ab.ac		פאם		פאם v. פימה
q.ac.aa	H6286	פָּאַר	root	[פָּאַר] vb. Pi. beautify, glorify Hithp. glorify oneself = boast get glory to oneself, be glorified, by means of
q.ac.ab	H6287	פְּאֵר		פְּאֵר n.m. head-dress, turban (? orig. ornament)
q.ac.ac	H8597	תִּפְאָרָה		תִּפְאָרָה n.f. beauty, glory
q.ad.aa		פאר	root	פאר
q.ad.ab	H6288	פֹּארָה		[פֹּארָה] n.f. bough
q.ad.ac	H6288	פארה		פארה Kt, פּוּרָה Qr n.f.coll. boughs Is 10:33
q.ad.ad	H6286	פִּאֵר		[פִּאֵר] vb. denom. Pi. go over the boughs;—Dt 24:20
q.ad.ae	H6289	פָּארוּר		פָּארוּר n.[m.] mng. dub.; Thes all faces gather a glow
q.ad.af	H6290	פָּארָן		פָּארָן n.pr.loc. Paran
q.ae.aa		פגג	root	פגג
q.ae.ab	H6291	פַּגָּה		[פַּגָּה] n.f. early fig;—pl. sf. Ct 2:13.
q.af.aa		פגל	root	פגל
q.af.ab	H6292	פִּגּוּל		פִּגּוּל n.m. foul thing, refuse, but only as term. techn. of unclean sacrificial flesh
q.ag.aa	H6293	פָּגַע	root	פָּגַע vb. meet, encounter, reach Qal meet, light upon meet, with kindness encounter with hostility, fall upon encounter with request, entreat strike, touch, of boundary Hiph. cause to light upon cause one (acc.) to entreat make entreaty; more gen. interpose encounter with request, entreat make attack
q.ag.ab	H6294	פֶּ֫גַע		פֶּ֫גַע n.m. occurrence, chance
q.ag.ac	H4645	מִפְגָּע		מִפְגָּע n.[m.] thing hit, mark;—Jb 7:20
q.ag.ad	H6295	פַּגְעִיאֵל		פַּגְעִיאֵל n.m. Asherite
q.ah.aa	H6296	פָּגַר	root	[פָּגַר] vb. Pi. be exhausted, faint
q.ah.ab	H6297	פֶּ֫גֶר		פֶּ֫גֶר n.m. corpse, carcass
q.ai.aa	H6298	פָּגַשׁ	root	[פָּגַשׁ] vb. meet, encounter Qal meet Niph. meet together, each other Pi. intens. they keep encountering darkness in the daytime.
q.aj.aa	H6299	פָּדָה	root	פָּדָה vb. ransom Qal ransom Niph. she hath not been at all ransomed (from bondage) Hiph. he shall let her be ransomed.
q.aj.ab	H6302	פָּדוּיִם		פָּדוּיִם n.[m.]pl.abstr. ransom
q.aj.ac	H6303	פָּדוֹן		פָּדוֹן n.pr.m. (ransom) head of family of Nethinim
q.aj.ad	H6304	פְּדוּת		פְּדוּת n.f. ransom; פְדֻת
q.aj.ae	H6306	פִּדְיוֹם		פִּדְיוֹם n.m. ransom
q.aj.af	H6306	פִּדְיוֹן		פִּדְיוֹן n.m. id. [q.aj.ae]
q.aj.ag	H6300	פְּדַהְאֵל		פְּדַהְאֵל n.pr.m. (Ēl hath ransomed);—prince of Naphtali Nu 34:28
q.aj.ah	H6301	פְּדָהצוּר		פְּדָהצוּר n.pr.m. (the Rock hath ransomed) Manassite
q.aj.ai	H6305	פְּדָיָהוּ		פְּדָיָהוּ, פְּדָיָה n.pr.m. (י׳ hath ransomed) father-in-law of Josiah father of Zerub. a Benjamite Levite Manassite
q.aj.aj	H6307	פַּדָּן		פַּדָּן 11 n.pr.loc. (?garden, field)
q.ak.aa	H6308	פָּדַע	root	[פָּדַע] vb. dub. only Jb 33:24 a mng. like deliver him needed
q.ak.ab	H6309	פֶּ֫דֶר		[פֶּ֫דֶר] n.[m.] suet
q.al.aa	H6310	פֶּה	root	פֶּה 485 n.m. mouth mouth, of man, organ of eating and drinking external organ much oftener, as organ of speech, of man as laughing; panting of God of idols of musical instr. = sound of animals; hence of edge of sword mouth = opening, orifice extremity, end = portion with preps.
q.am.aa	H6311	פֹּה	root	פֹּה 58, and פּוֹ, also פֹּא, adv.loc. here, hither
q.am.ab	H6312	פּוּאָה		פּוּאָה, פֻּוָּה n.pr.m. in Issachar
q.am.ac	H6324	פּוּנִי		פּוּנִי adj.gent. c. art. Nu 26:23
q.an.aa	H6313	פּוּג	root	[פּוּג] vb. grow numb Qal of hand, i.e drop helpless Niph. I am benumbed and crushed
q.an.ab	H6314	פּוּגַת		פּוּגַת n.f. benumbing (fig.), cessation;—La 2:18
q.an.ac	H2014	הֲפוּגָה		[הֲפוּגָה] n.f. id. [q.an.ab];—pl. La 3:49
q.ao.aa	H6315	פּוּחַ	root	[פּוּחַ] vb. breathe, blow Qal until the day breathes, i.e. grows cool Hiph. cause garden to exhale puff, snort, against with the fire of my wrath will I blow against thee excite, inflame city puff = pant for it breathe out, utter
q.ao.ab	H6368	פִּיחַ		פִּיחַ n.[m.] soot
q.ao.ac	H6316	פּוּט		פּוּט n.pr.gent. prob. Libyans, or Lib. tribe; usu. named with African peoples
q.ao.ad	H6317	פּוּטִיאֵל		פּוּטִיאֵל n.pr.m. Eleazar’s father-in-law Ex 6:25
q.ao.ae	H6318	פּוֹטִיפַר		פּוֹטִיפַר n.pr.m. Joseph's master
q.ao.af	H6319	פּוֹטִי פֶ֫רַע		פּוֹטִי פֶ֫רַע n.pr.m. priest of On, Joseph's father-in-law
q.ao.ag	H6320	פּוּךְ		פּוּךְ n.[m.] antimony, stibium
q.ao.ah	H6321	פּוֹל		פּוֹל n.[m.]coll. beans
q.ao.ai	H6322	פּוּל		פּוּל n.pr.m. (As. Pulu; Babylonian name of TP)
q.ap.aa	H6323	פּוּן	root	[פּוּן] vb. (?); only ψ 88:16
q.ap.ab		פּוֹנֶה		פּוֹנֶה פָּנָה v. פִּנָּה
q.ap.ac		פּוּנִי		פּוּנִי v. פּוּאָה
q.ap.ad	H6325	פּוּנֹן		פּוּנֹן n.pr.loc. 2nd station of Isr. fr. Hor; betw. Petra and Zoar, famous for mines
q.ap.ae	H6326	פּוּעָה		פּוּעָה n.pr.f. a midwife Ex 1:15
q.aq.aa	H6327	פּוּץ	root	[פּוּץ] vb. be dispersed, scattered Qal be dispersed, disperse; be scattered, of enemies Niph. be scattered, of army be spread abroad, of peoples Hiph. trans. scatter intrans. scatter
q.aq.ab	H4650	מֵפִיץ		מֵפִיץ n.m. scatterer, disperser
q.aq.ac	H8600	תְּפוֹצָה		[תְּפוֹצָה] assumed as sg. of n.f.pl. sf. Je 25:34 your dispersions
q.ar.aa	H6327	פּוּץ	root	פּוּץ vb. flow, overflow
q.as.aa	H6328	פּוּק	root	[פּוּק] vb. reel, totter Qal they reel (drunken, in giving) judgment Hiph. totter cause tottering
q.as.ab	H6330	פּוּקָה		פּוּקָה n.f. tottering, staggering;—fig. for qualm of conscience 1 S 25:31
q.as.ac	H6375	פִּיק		פִּיק, פִּק n.[m.] id. [q.as.ab] lit.;—Na 2:11 tottering of knees
q.at.aa	H6329	פּוּק	root	פּוּק vb. Hiph. bring out, furnish, promote produce, furnish bring out, elicit, obtain his device do not promote.
q.at.ab	H6332	פּוּר		פּוּר n.m. lot
q.au.aa		פור	root	פור
q.au.ab	H6333	פּוּרָה		פּוּרָה n.f. wine-press
q.au.ac	H6517	פָּרוּר		פָּרוּר n.[m.] pot, for boiling
q.av.aa		פור	root	פור
q.av.ab	H6334	פּוֹרָתָא		פּוֹרָתָא n.pr.m. son of Haman Est 9:8
q.aw.aa	H6335	פּוּשׁ	root	[פּוּשׁ] vb. appar. spring about
q.ax.aa	H6335	פּוּשׁ	root	[פּוּשׁ] vb. Niph. be scattered;—3 pl. Na 3:18
q.ax.ab	H6336	פּוּתִי		פּוּתִי adj.gent. c. art. 1 Ch 2:53, a family in Judah
q.ax.ac		פַּז		פַּז v. פזז
q.ay.aa	H6338	פָּזַז	root	[פָּזַז] vb. Hoph. be refined (?)
q.ay.ab	H6337	פַּז		פַּז n.m. refined, pure gold
q.az.aa	H6339	פָּזַז	root	[פָּזַז] vb. be supple, agile Qal of arms Pi. shew agility, leap (in dance)
q.ba.aa	H6340	פָּזַר	root	[פָּזַר] vb. scatter Qal a scattered sheep is Israel (i.e. driven off, isolated). Niph. our bones are scattered Pi. scatter Pu. scattered
q.ba.ab		פַּח		פַּח v. פחח
q.bb.aa	H6342	פָּחַד	root	פָּחַד vb. dread, be in dread, in awe Qal be in dread be in awe Pi. be in great dread Hiph. filled my bones with dread
q.bb.ab	H6343	פַּ֫חַד		פַּ֫חַד 49 n.m. dread dread = object of dread as design. dei
q.bb.ac	H6345	פַּחְדָּה		[פַּחְדָּה] n.f. dread, religious awe, sf. Je 2:19
q.bb.ad	H6344	פַּ֫חַד		[פַּ֫חַד] n.[m.] thigh;—Jb 40:17 Kt
q.bb.ae	H6346	פֶּחָה		פֶּחָה 28 n.m. governor
q.bc.aa	H6348	פָּחַז	root	[פָּחַז] vb. be wanton, reckless
q.bc.ab	H6349	פַּ֫חַז		פַּ֫חַז n.[m.] wantonness, recklessness, unbridled license;—Gn 49:4
q.bc.ac	H6350	פַּחֲזוּת		[פַּחֲזוּת] n.f. recklessness, extravagance;—sf. Je 23:32 of prophets.
q.bd.aa		פחח	root	פחח
q.bd.ab	H6341	פַּח		פַּח n.m. bird-trap
q.bd.ac	H6351	פָּחַח		[פָּחַח] vb. Hiph. denom. ensnare; Is 42:22
q.bd.ad	H6341	פַּח		[פַּח] n.[m.] plate of metal
q.be.aa		פחם	root	פחם
q.be.ab	H6352	פֶּחָם		פֶּחָם n.[m.] coal (coll.)
q.bf.aa		פחת	root	פחת
q.bf.ab	H6354	פַּ֫חַת		פַּ֫חַת n.m. pit
q.bf.ac	H6356	פְּחֶ֫תֶת		פְּחֶ֫תֶת n.f. a boring or eating out;—Lv 13:55, of leprous decay in garment.
q.bf.ad	H6355	פַּ֫חַת מוֹאָב		פַּ֫חַת מוֹאָב n.pr.m. post-exil. name
q.bf.ae	H6357	פִּטְדָה		פִּטְדָה n.f. (m. acc. to Albr ZAW xvi (1896), 108) topaz or chrysolite (acc. to 𝔊 τοπάζιον, 𝔙 topazius, etc.; prob. foreign word, cf. Skr. pîta (prop. yellow));—named with other precious stones Ez 28:13 Ex 28:17 = 39:10; cstr. פִּטְדַת־כּוּשׁ Jb 28:19.—Vid. Plin NH xxxvii 8 (32), Houghton in Sm DB, Topaz, Ri HWB, Edelstein.
q.bf.af	H6360	פַּטִּישׁ		פַּטִּישׁ n.m. forge-hammer
q.bg.aa	H6358	פָּטַר	root	פָּטַר vb. separate, remove, set free Qal intrans. remove oneself, specif. escape trans. set free Hiph. they separated with the lip, i.e. open mouth wide (insultingly).
q.bg.ab	H6363	פֶּ֫טֶר		פֶּ֫טֶר n.[m.] that which separates, first opens
q.bg.ac	H6363	פִּטְרָה		[פִּטְרָה] n.f. id. [q.bg.ab], Nu 8:16.
q.bg.ad		פטיר		פטיר פָּטוּר v. פטר
q.bg.ae		פִּי		פִּי v. פֶּה
q.bg.af	H6364	פִּי־בֶ֫סֶת		פִּי־בֶ֫סֶת n.pr.loc. in Egypt;—Ez 30:17
q.bg.ag	H6367	פִּי הַחִירֹת		פִּי הַחִירֹת n.pr.loc. on E. border of Egypt. Site unknown.
q.bh.aa		פיד	root	פיד, פוד
q.bh.ab	H6365	פִּיד		פִּיד n.[m.] ruin, disaster;—abs. Jb 12:5; cstr. 31:29 Pr 24:22; sf. פִידוֹ Jb 30:24 + 21:20 (for כִּיד).
q.bh.ac		פִּיּוֹת		פִּיּוֹת פֵּיוֹת v. פֶּה
q.bh.ad		פִּיחַ		פִּיחַ v. פוח
q.bh.ae	H6369	פִּיכֹל		פִּיכֹל n.pr.m. captain of Abimelech of Gerar
q.bh.af		פִּילֶגֶשׁ		פִּילֶגֶשׁ v. פִּלֶגֶשׁ
q.bi.aa		פים	root	פים, פאם
q.bi.ab	H6371	פִּימָה		פִּימָה n.f. superabundance (of fat);—Jb 15:27
q.bi.ac	H6372	פִּינְחָס		פִּינְחָס 25 n.pr.m. (Egypt. Pe-nehasi, the negro) grandson of Aaron son of Eli
q.bi.ad	H6373	פִּינֹן		פִּינֹן n.pr.m. Edomite
q.bi.ae		פִּיפִיּות		פִּיפִיּות v. פֶּה
q.bi.af		פִּיק		פִּיק v. פוק
q.bi.ag	H6376	פִּישׁוֹן		פִּישׁוֹן n.pr.fl. one of the rivers of Eden Gn 2:11
q.bi.ah	H6377	פִּיתוֹן		פִּיתוֹן n.pr.m. descendant of Saul 1 Ch 8:35 = פִּיתֹן 9:41
q.bj.aa		פכך	root	פכך
q.bj.ab	H6378	פַּךְ		פַּךְ n.m. vial, flask
q.bj.ac	H6379	פָּכָה		פָּכָה vb. Pi. trickle, perh. denom.;—Ez 47:2
q.bj.ad	H6380	פֹּכֶ֫רֶת הַצְבָיִם		פֹּכֶ֫רֶת הַצְבָיִם n.pr.m. (bindress [Aram.; perh. binder (fem. of office)] of the gazelles);—head of post-exilic family
q.bk.aa		פלא	root	פלא
q.bk.ab	H6382	פֶּ֫לֶא		פֶּ֫לֶא n.m. wonder (NH id.; as unusual, extraordinary)
q.bk.ac	H6381	פָּלָא		[פָּלָא] 71 vb. denom. Niph. etc., be surpassing, extraordinary Niph. be beyond one's power, difficult to do be difficult to understand be extraordinary, wonderful as subst., marvellous things = wonderful acts of י׳ in judgement and redemption Pi. make a special votive offering Hiph. do a hard or difficult thing make wonderful, do wondrously of God working wonders in doing Hithp. thou dost shew thyself marvellous (act inexplicably) against me
q.bk.ad	H6396	פַּלּוּא		פַּלּוּא n.pr.m. son of Reuben
q.bk.ae	H6384	פַּלֻּאִי		פַּלֻּאִי adj.gent. of foregoing [q.bk.ad], c. art. as n.coll., Nu 26:5.
q.bk.af		פָּלִיא		פָּלִיא v.
q.bk.ag	H6383	פִּלְאִי		[פִּלְאִי] adj. wonderful, incomprehensible
q.bk.ah	H6411	פְּלָאיָה		פְּלָאיָה n.pr.m. Ne 8:7 10:11
q.bk.ai	H6411	פְּלָיָה		פְּלָיָה n.pr.m. (late) 1 Ch 3:24
q.bk.aj	H4652	מִפְלָאָה		[מִפְלָאָה] n.f. wondrous work;—pl. cstr. Jb 37:16
q.bl.aa	H6385	פָּלַג	root	[פָּלַג] vb. split, divide Niph. the earth was divided Pi. cleave a channel for rain divide their speech (their counsels).
q.bl.ab	H6388	פֶּ֫לֶג		פֶּ֫לֶג n.m. (cleft) channel, (artif.) canal
q.bl.ac	H6389	פֶּ֫לֶג		פֶּ֫לֶג n.pr.m. son of Eber
q.bl.ad	H6390	פְּלַגָּה		[פְּלַגָּה] n.f. 1. stream. 2. division
q.bl.ae	H6391	פְּלֻגָּה		[פְּלֻגָּה] n.f. division, of priests, for service;—pl. cstr. 2 Ch 35:5.
q.bl.af	H4653	מִפְלַגָּה		[מִפְלַגָּה] n.f. id. [q.bl.ae]; pl. abs. 2 Ch 35:12.
q.bl.ag	H6370	פִּלֶ֫גֶשׁ		פִּלֶ֫גֶשׁ, פִּילֶ֫גֶשׁ 37 n.f. concubine concubine either = paramour, or < concubinage
q.bl.ah	H6393	פְּלָדָה		[פְּלָדָה] n.f. usu. iron, steel;—pl. [abs.!] Na 2:4
q.bl.ai	H6394	פִּלְדָּשׁ		פִּלְדָּשׁ n.pr.m. Nahorite Gn 22:22
q.bm.aa	H6395	פָּלָה	root	[פָּלָה] vb. Niph. be separated, distinct Hiph. of י׳, make separate
q.bm.ab	H6422	פְּלֹנִי		פְּלֹנִי pron. a certain one (prop. one defined, a particular one), always joined with אַלְמֹנִי (prop. one not mentioned)
q.bn.aa	H6398	פָּלַח	root	[פָּלַח] vb. cleave Qal of cleaving, ploughing Pi. cleave open, through cause to cleave open
q.bn.ab	H6400	פֶּ֫לַח		פֶּ֫לַח n.f. cleavage, mill-stone
q.bn.ac	H6401	פִּלְחָא		פִּלְחָא n.pr.m. post-exilic name Ne 10:25
q.bo.aa	H6403	פָּלַט	root	[פָּלַט] vb. escape Qal and (if) escapers of them escape. Pi. bring into security cause to escape, cast forth, of cow calving appar. intrans. be delivered Hiph. bring into security
q.bo.ab	H6404	פֶּ֫לֶט		פֶּ֫לֶט n.pr.m. 1 Ch 2:47 1 Ch 12:3
q.bo.ac		פַּלְטִי		פַּלְטִי v. בֵּית פָּ֑לֶט
q.bo.ad	H6405	פַּלֵּט		פַּלֵּט n.[m.] deliverance
q.bo.ae	H6412	פָּלִיט		פָּלִיט n.m. escaped one, fugitive
q.bo.af	H6412	פָּלֵיט		[פָּלֵיט] n.m. id. [q.bo.ae]
q.bo.ag	H6413	פְּלֵיטָה		פְּלֵיטָה n.f. escape escape, deliverance elsewh. prob. alw. escaped remnant
q.bo.ah	H6406	פַּלְטִי		פַּלְטִי n.pr.m. Benjamite second husband of Michal
q.bo.ai	H6408	פִּלְטָ֑י		פִּלְטָ֑י n.pr.m. priest Ne 12:17
q.bo.aj	H6409	פַּלְטִיאֵל		פַּלְטִיאֵל n.pr.m. Nu 34:26. 2 S 3:15
q.bo.ak	H6410	פְּלַטְיָ֫הוּ		פְּלַטְיָ֫הוּ, פְּלַטְיָה n.pr.m. a prince of people grandson of Zerub. Simeonite
q.bo.al	H3310	יַפְלֵט		יַפְלֵט n.pr.m. Asherite
q.bo.am	H3311	יַפְלֵטִי		יַפְלֵטִי adj.gent. c. art. as n. coll. Jos 16:3, family or clan on SW. border of Ephraim
q.bo.an	H4655	מִפְלָט		מִפְלָט n.[m.] escape or place of escape;—ψ 55:9
q.bo.ao		פְּלִי		פְּלִי פְּלָיָה v. פלא
q.bp.aa		פלך	root	פלך
q.bp.ab	H6418	פֶּ֫לֶךְ		פֶּ֫לֶךְ n.[m.] 1. whirl of spindle. 2. district (prop. circle, circuit)
q.bq.aa	H6419	פָּלַל	root	[פָּלַל] 84 vb. prob. intervene, interpose Pi. mediate, judge Hithp. specif. intercede gen. pray pray of poetical, liturgical prayer
q.bq.ab	H8605	תְּפִלָּה		תְּפִלָּה 77 n.f. prayer
q.bq.ac	H6420	פָּלָל		פָּלָל n.pr.m. a wall-builder Ne 3:25
q.bq.ad	H6414	פָּלִיל		[פָּלִיל] n.m. judge
q.bq.ae	H6415	פְּלִילָה		פְּלִילָה n.f. office of judge or umpire;—Is 16:3
q.bq.af	H6416	פְּלִילִי		פְּלִילִי adj. for a judge, calling for judgment
q.bq.ag	H6417	פְּלִילִיָּה		פְּלִילִיָּה n.f. the giving a decision;—פ׳ Is 28:7 (of priests).
q.bq.ah	H6421	פְּלַלְיָה		פְּלַלְיָה n.pr.m. (י׳ hath interposed);—priest Ne 11:12
q.bq.ai	H0654	אֶפְלָל		אֶפְלָל n.pr.m. in Judah
q.bq.aj		פַּלְמֹנִי		פַּלְמֹנִי v. פְּלֹנִי sub. פלה
q.bq.ak	H6397	פְּלֹנִי		פְּלֹנִי, פְּלוֹנִי adj.gent. erron.
q.br.aa		פלס	root	פלס, פלשׂ
q.br.ab	H6425	פֶּ֫לֶס		פֶּ֫לֶס n.[m.] balance, scale
q.br.ac	H6424	פָּלַס		[פָּלַס] vb. Pi. denom. weigh, make level
q.br.ad	H4657	מִפְלָשׂ		[מִפְלָשׂ] n.[m.] swaying, poising
q.bs.aa	H6426	פָּלַץ	root	[פָּלַץ] vb. Hithp. shudder;—Jb 9:6
q.bs.ab	H6427	פַּלָּצוּת		פַּלָּצוּת n.f. shuddering
q.bs.ac	H4656	מִפְלֶ֫צֶת		מִפְלֶ֫צֶת n.f. horrid thing (thing to shudder at)
q.bs.ad	H8606	תִּפְלֶ֫צֶת		[תִּפְלֶ֫צֶת] n.f. shuddering, horror;—sf. Je 49:16
q.bs.ae		פלשׂ		פלשׂ v. פלס
q.bt.aa	H6428	פָּלַשׁ	root	[פָּלַשׁ] vb. Hithp. act of mourning, poss. roll in (dust, etc.; weakened fr. burrow into)
q.bt.ab	H6429	פְּלֶ֫שֶׁת		פְּלֶ֫שֶׁת n.pr.terr. Philistia, poet. and late
q.bt.ac	H6430	פְּלִשְׁתִּי		פְּלִשְׁתִּי 288 adj.gent. Philistine
q.bt.ad	H6431	פֶּ֫לֶת		פֶּ֫לֶת n.pr.m. Reubenite Judahite
q.bt.ae	H6432	פְּלֵתִי		פְּלֵתִי adj.gent. from unknown n.pr.; only c. art. as n. coll. of David’s guard
q.bt.af	H6435	פֶּן־		פֶּן־ 133 (alw. with Makkeph) conj. (adverting or deprecating), lest with impf. with Pf., the result feared being conceived as having possibly already taken place
q.bt.ag	H6436	פַּנַּג		פַּנַּג n.[m.] unknown word, appar. some kind of food; Ez 27:17
q.bu.aa	H6437	פָּנָה	root	פָּנָה 135 vb. turn Qal 117 turn toward turn from turn and do a thing turn, decline turn toward, approach turn and look, look of inanimate things, face esp. fig. look at, regard look for = expect fig. look at = consider Hiph. turn make a turn, shew (signs of) turning Hoph. be ye turned back!
q.bu.ab	H6440	פָּנֶה		[פָּנֶה], pl. פָּנִים 2123 n.m. face, also faces face, faces presence, person technically, see one's face, i.e. appear before one, in one's presence face of seraphim face of animals face (= surface) of ground as adv.loc. before for other phrases with prepositions
q.bu.ac	H6441	פְּנִ֫ימָה		פְּנִ֫ימָה adv. toward the (in-) side within (lit. faceward, fr. the point of view of one entering by opposite door)
q.bu.ad	H6442	פְּנִימִי		פְּנִימִי 32 adj. inner
q.bu.ae	H3942	לִפְנָ֑י		לִפְנָ֑י as adj. anterior
q.bu.af	H6439	פְּנוּאֵל		פְּנוּאֵל n.pr. (face of God) loc. E. of Jordan, near Jabboḳ m. in Judah in Benjamin
q.bu.ag	H3312	יְפֻנֶּה		יְפֻנֶּה 16 n.pr.m. father of Caleb Asherite
q.bu.ah		פִּֽנְחָס		פִּֽנְחָס v. פִּינְחָס
q.bu.ai		פְּנוּאֵל		פְּנוּאֵל פְּנִיאֵל v. פנה
q.bu.aj		פניים		פניים v. פְּנִינִים
q.bu.ak		פָּנִים		פָּנִים v. פנה
q.bv.aa		פנן	root	פנן
q.bv.ab	H6434	פִּנָּה		פִּנָּה 28 n.f. corner
q.bv.ac	H6443	פְּנִינִים		פְּנִינִים n.[f.]pl. corals (? as branching)
q.bv.ad	H6444	פְּנִנָּה		פְּנִנָּה n.pr.f. wife of Elkanah
q.bw.aa	H6445	פָּנַק	root	[פָּנַק] vb. Pi. indulge, pamper;—Pr 29:21
q.bw.ab		פַּס		פַּס v. פסס
q.bw.ac		פַּס דַּמִּים		פַּס דַּמִּים v. אַפַס ד׳
q.bx.aa	H6448	פָּסַג	root	פָּסַג vb. Pi. dub.; if correct, pass between;—ψ 48:14
q.bx.ab	H0798	פִּסְגָּה		פִּסְגָּה n.pr.mont. Pisgah (prob. cleft, fr. a natural feature of mt.)
q.bx.ac		פִּסָּה		פִּסָּה v. פסס
q.by.aa	H6452	פָּסַח	root	פָּסַח vb. pass or spring over
q.by.ab	H6453	פֶּ֫סַח		פֶּ֫סַח n.m. passover sacrifice of passover, involving communion meal, hence a species of peace-offering the animal victim of the passover festival of the passover
q.by.ac	H8607	תִּפְסַח		תִּפְסַח n.pr.loc. on Euphrates;—1 K 5:4, NE. limit of Sol.’s dominion
q.bz.aa	H6452	פָּסַח	root	[פָּסַח] vb. limp Qal fig. Niph. and he fell and was made limping (lame). Pi. they went limping (along by the altar)
q.bz.ab	H6454	פָּסֵחַ		פָּסֵחַ n.pr.m. (limper) in Judah head of post-ex. family father of wall-builder
q.bz.ac	H6455	פִּסֵּחַ		פִּסֵּחַ adj. lame
q.bz.ad	H6457	פָּסָךְ		פָּסָךְ n.pr.m. Asherite 1 Ch 7:33
q.ca.aa	H6458	פָּסַל	root	פָּסַל vb. hew, hew into shape
q.ca.ab	H6459	פֶּ֫סֶל		פֶּ֫סֶל 31 n.m. idol, image
q.ca.ac	H6456	פָּסִיל		[פָּסִיל] 23 n.m. id. [פֶּ֫סֶל]
q.cb.aa		פסס	root	פסס
q.cb.ab	H6446	פַּס		[פַּס] n.[m.] flat of hand or foot (palm, sole)
q.cb.ac	H6451	פִּסָּה		[פִּסָּה] n.f. dub.; if correct, prob. abundance, plenty (? prop. spread out);—cstr. ψ 72:16
q.cc.aa	H6461	פָּסַס	root	[פָּסַס] vb. disappear, vanish;—ψ 12:2
q.cc.ab	H6462	פִּסְפָּה		פִּסְפָּה n.pr.m. Asherite 1 Ch 7:38
q.cd.aa	H6463	פָּעָה	root	[פָּעָה] vb. groan
q.cd.ab	H0660	אֶפְעֶה		אֶפְעֶה n.[m.] a kind of viper
q.cd.ac	H6464	פָּ֑עוּ		פָּ֑עוּ, פָּ֑עִי n.pr.loc. in Edom
q.ce.aa	H6466	פָּעַל	root	פָּעַל 67 vb. do, make (poet. for עָשָׂה) Qal do make
q.ce.ab	H6467	פֹּ֫עַל		פֹּ֫עַל 37 n.m. doing, deed, work (poet. and late) deed, thing done work, thing made wages of work acquisition of treasures
q.ce.ac	H6468	פְּעֻלָּה		[פְּעֻלָּה] n.f. work, recompense (poet. and late)
q.ce.ad	H6469	פְּעֻלְּתַי		פְּעֻלְּתַי n.pr.m. Levite 1 Ch 26:5
q.ce.ae	H4659	מִפְעָל		[מִפְעָל] n.[m.] work, thing made (by י׳);—pl. sf. מִפְעָלָיו Pr 8:22.
q.ce.af	H4659	מִפְעָלָה		[מִפְעָלָה] n.[f.] deed (of י׳);—pl. cstr. מִפְעֲלוֹת י׳ ψ 46:9, מ׳ אֱלֹהִים 66:5.
q.cf.aa	H6470	פָּעַם	root	[פָּעַם] vb. thrust, impel (prob. orig. strike, hit) Qal the spirit of י׳ began to impel him. Niph. be disturbed Hithp. Dn 2:1.
q.cf.ab	H6471	פַּ֫עַם		פַּ֫עַם 118 n.f. beat, foot, anvil, occurrence
q.cf.ac	H6472	פַּעֲמֹן		פַּעֲמֹן n.[m.] bell, on high-p.’s robe (from its stroke, beat)
q.cf.ad		פַּעֲנֵחַ		פַּעֲנֵחַ v. צָֽפְנַת פ׳
q.cg.aa	H6473	פָּעַר	root	[פָּעַר] vb. open wide (the mouth)
q.cg.ab	H6474	פַּעֲרַי		פַּעֲרַי n.pr.m. open wide (the mouth)
q.cg.ac	H6465	פְּעוֹר		פְּעוֹר n.pr. mont. in Moab dei (appar.)
q.ch.aa	H6475	פָּצָה	root	[פָּצָה] vb. part, open;—Qal open mouth snatch away, set free
q.ci.aa	H6476	פָּצַח	root	פָּצַח vb. cause to break or burst forth, break forth with Qal they have broken forth with joyous shout Pi. break bones in pieces
q.cj.aa	H6478	פָּצַל	root	[פָּצַל] vb. Pi. peel
q.cj.ab	H6479	פִּצְלָה		[פִּצְלָה] n.f.pl. peeled spot or stripe;—pl. Gn 30:37
q.ck.aa	H6480	פָּצַם	root	[פָּצַם] vb. split open;—Qal ψ 60:4
q.cl.aa	H6481	פָּצַע	root	[פָּצַע] vb. bruise, wound by bruising;
q.cl.ab	H6482	פֶּ֫צַע		פֶּ֫צַע n.m. bruise, wound
q.cm.aa	H6327	פָּצַץ	root	[פָּצַץ] vb. break (Ar. break, break asunder; Nab. break asunder; Syr. crush) Pō‛. a hammer which shatters rock. Pilp. he [God] dashed me in pieces (fig.).
q.cm.ab	H6483	פִּצֵּץ		פִּצֵּץ n.pr.m. priestly name 1 Ch 24:15
q.cm.ac		פַּצֵּץ		פַּצֵּץ v. בֵּית פַּצֵּץ
q.cn.aa	H6484	פָּצַר	root	[פָּצַר] vb. push, press Qal push, press, upon physically Hiph. to display pushing
q.cn.ab	H6477	פְּצִירָה		פְּצִירָה appar. n.f. 1 S 13:21; dub.; prob. incurably crpt.; bluntness
q.cn.ac		פִּק		פִּק v. פִּיק
q.co.aa	H6485	פָּקַד	root	פָּקַד 303 vb. attend to, visit, muster, appoint Qal pay attention to, observe (with care, practical interest) attend to, in act, see to seek (with interest, desire) seek in vain, need, miss, lack specif. visit, c. acc., for different purposes c. עַל pers., visit upon pass in review, muster (nearly = number), c. acc. appoint Niph. be (sought, i.e. needed) missed, lacking be visited (graciously) be visited upon, עַל pers. be appointed Pi. (intens.) muster a host Pu. be passed in review; be caused to miss, deprived Hithp. be mustered Hothp. id. Hiph. c. acc. pers. set (over), make overseer c. acc. rei (implic.) commit, entrust deposit Hoph. be visited in punishment be deposited be made overseer
q.co.ab	H6486	פְּקֻדָּה		פְּקֻדָּה 32 n.f. oversight, mustering, visitation, store
q.co.ac	H6485	פְּקוּדִים		[פְּקוּדִים] n.pl.[m.] abstr. musterings, i.e. expenses;—cstr. Ex 38:21
q.co.ad	H6496	פָּקִיד		פָּקִיד n.m. commissioner, deputy, overseer
q.co.ae	H6488	פְּקִדֻת		פְּקִדֻת n.f. oversight;—Je 37:13 sentinel.
q.co.af	H6490	פִּקּוּד		[פִּקּוּד] 24 n.m. precept
q.co.ag	H6487	פִּקָּדוֹן		פִּקָּדוֹן n.m. deposit, store
q.co.ah	H4662	מִפְקָד		מִפְקָד n.[m.] muster, appointment, appointed place
q.co.ai	H6489	פְּקוֹד		פְּקוֹד n.pr.gent. et terr. a people in Bab. army
q.cp.aa	H6491	פָּקַח	root	פָּקַח vb. open eyes and (once) ears Qal open eyes open ears Niph. be opened, of eyes
q.cp.ab	H6493	פִּקֵּחַ		פִּקֵּחַ adj. seeing
q.cp.ac	H6495	פְּקַח־קוֹחַ		פְּקַח־קוֹחַ n.[m.] opening (of eyes; prop. wide, or complete, opening);—Is 61:1
q.cp.ad	H6492	פֶּ֫קַח		פֶּ֫קַח n.pr.m. usurping king of Israel
q.cp.ae	H6494	פְּקַחְיָה		פְּקַחְיָה n.pr.m. king of Israel (י׳ hath opened the eyes)
q.cq.aa		פקע	root	פקע
q.cq.ab	H6497	פֶּקָעִים		פֶּקָעִים n.m. pl. carved wood or metal ornaments, either ball-, knob-shaped or gourd-shaped
q.cq.ac	H6498	פַּקֻּעֹת		פַּקֻּעֹת n.[f.]pl. gourds (wild cucumbers);—cstr. 2 K 4:39.
q.cq.ad		פַּר		פַּר v. פרר
q.cr.aa		פרא	root	פרא
q.cs.aa		פרא	root	פרא
q.cs.ab	H6501	פֶּ֫רֶא		פֶּ֫רֶא n.m. wild ass
q.cs.ac	H6502	פִּרְאָם		פִּרְאָם n.pr.m. Canaanite king of Jarmuth Jos 10:3
q.cs.ad		פֹּרֹאת		פֹּרֹאת v. פֹּארָה
q.cs.ae		פֵּרְבָּר		פֵּרְבָּר v. פַּרְוָר
q.ct.aa	H6504	פָּרַד	root	[פָּרַד] vb. divide Qal Pt. pass. divided Niph. divide, separate (intrans.) be divided, separated Pi. make a separation Pu. Pt. divided Hiph. divide, separate make a division, separation, between Hithp. be divided, separated, from each other
q.ct.ab	H6507	פְּרֻדָה		[פְּרֻדָה] n.f. grain of seed (?);—only pl. Jo 1:17.
q.ct.ac	H6514	פְּרוּדָא		פְּרוּדָא n.pr.m. post-exil. name Ezr 2:55, = פְּרִידָא Ne 7:57
q.cu.aa		פרד	root	פרד
q.cu.ab	H6505	פֶּ֫רֶד		פֶּ֫רֶד n.m. mule
q.cu.ac	H6506	פִּרְדָּה		פִּרְדָּה n.f. she-mule
q.cu.ad	H6508	פַּרְדֵּס		פַּרְדֵּס n.[m.] preserve, park
q.cv.aa	H6500	פָּרָה	root	[פָּרָה] vb. bear fruit, be fruitful Qal of men and animals of vine Hiph. cause to bear fruit make fruitful shew fruitfulness, bear fruit
q.cv.ab	H6529	פְּרִי		פְּרִי 119 n.m. fruit fruit of the ground, of produce in gen. = offspring, fruit of womb fig. of fruit of actions, i.e. their consequences
q.cv.ac		פָּרָה		פָּרָה v. פרר
q.cv.ad		פֶּרֶה		פֶּרֶה v. פֶּרֶא
q.cv.ae		פֵּרָה		פֵּרָה פֵּרוֹת v. חֲפַרְפָּרָה
q.cv.af	H6513	פֻּרָה		פֻּרָה n.pr.m. Ju 7:10, 11
q.cv.ag	H6516	פַּרְוָ֑יִם		פַּרְוָ֑יִם n.pr.loc. 2 Ch 3:6; in Arabia?
q.cv.ah	H6503	פַּרְוָר		[פַּרְוָר] n.[m.] structure (colonnade ?) attached to W. side of Solomon’s temple; appar. same word in sg. פַּרְבָּר
q.cv.ai	H6518	פֶּ֫רֶז		[פֶּ֫רֶז or פָּרָז] n.[m.] Hb 3:14, text and meaning dub.; warriors or leaders would suit context.
q.cw.aa		פרז	root	פרז
q.cw.ab	H6519	פְּרָזָה		[פְּרָזָה] n.f. open region, hamlet
q.cw.ac	H6521	פְּרָזִי		פְּרָזִי n.[m.] hamlet-dweller
q.cw.ad	H6520	פְּרָזוֹן		פְּרָזוֹן n.[m.] dub., poss. coll. rural population, rustics
q.cw.ae	H6522	פְּרִזִּי		פְּרִזִּי 23 adj.gent. Perizzite
q.cx.aa	H6524	פָּרַח	root	פָּרַח vb. bud, sprout, shoot Qal bud, sprout, send out shoots, of vine Hiph. cause to bud or sprout shew buds, sprouts, of tree
q.cx.ab	H6525	פֶּ֫רַח		פֶּ֫רַח n.m. bud, sprout
q.cx.ac	H6526	פִּרְחָח		פִּרְחָח n.m.coll. brood (? as offshoot, offspring);—פ׳ Jb 30:12, i.e. the wretched crowd.
q.cx.ad	H0667	אֶפְרֹחַ		[אֶפְרֹחַ] n.m. young one, pl. young ones, young, of birds
q.cy.aa	H6524	פָּרַח	root	פָּרַח vb. break out, of leprosy and like eruptions
q.cz.aa	H6524	פָּרַח	root	[פָּרַח] vb. fly, Aramaism
q.cz.ab	H6515	פָּרוּחַ		פָּרוּחַ n.pr.m. in Issachar 1 K 4:17
q.da.aa	H6527	פָּרַט	root	[פָּרַט] vb. very dub., Qal Am 6:5 AW Ra AE Ki divide words into parts (in singing), AV chant;
q.da.ab	H6528	פֶּ֫רֶט		פֶּ֫רֶט n.[m.] the broken off, i.e. fallen grapes;—cstr. Lv 19:10.
q.da.ac		פְּרִי		פְּרִי v. פרה
q.db.aa		פרך	root	פרך
q.db.ab	H6531	פֶּ֫רֶךְ		פֶּ֫רֶךְ n.[m.] harshness, severity
q.dc.aa		פרך	root	פרך
q.dc.ab	H6532	פָּרֹ֫כֶת		פָּרֹ֫כֶת 25 n.f. curtain, before Most Holy Place, in tabern. (P) (prop. that which habitually shuts off)
q.dd.aa	H6533	פָּרַם	root	[פָּרַם] vb. tear, rend garment
q.dd.ab	H6534	פַּרְמַשְׁתָּא		פַּרְמַשְׁתָּא n.pr.m. son of Haman Est 9:9
q.dd.ac	H6535	פַּרְנָךְ		פַּרְנָךְ n.pr.m. of Zebulun Nu 34:25, Φαρ(α)ναχ.
q.dd.ad	H6539	פָּרַס		פָּרַס 28 n.pr.terr. Persia
q.dd.ae	H6542	פַּרְסִי		פַּרְסִי adj.gent. Persian;—הַפּ׳ Ne 12:22.
q.de.aa	H6536	פָּרַס	root	[פָּרַס, erron. פָּרַשׂ] vb. break in two, divide Qal they have broken up bones, as in kettle Hiph. divide hoof, i.e. have divided hoof having hoofs
q.de.ab	H6538	פֶּ֫רֶס		פֶּ֫רֶס n.[m.] a bird of prey, perh. bearded vulture, ‘ossifrage’
q.de.ac	H6541	פַּרְסָה		פַּרְסָה 21 n.f. hoof (prob. orig. divided hoof)
q.df.aa		פרע	root	פרע
q.df.ab	H6546	פֶּ֫רַע		פֶּ֫רַע n.[m.] leader (?)
q.df.ac	H6544	פָּרַע		[פָּרַע] vb. denom. act as leader, lead(?);—only Ju 5:2
q.df.ad	H6552	פִּרְעָתוֹן		פִּרְעָתוֹן n.pr.loc. in Ephr.;—Ju 12:15
q.df.ae	H6553	פִּרְעָתוֹנִי		פִּרְעָתוֹנִי adj.gent. of foregoing [q.df.ad], cf. פִּרְעָתֹנִי
q.dg.aa		פרע	root	פרע
q.dg.ab	H6545	פֶּ֫רַע		פֶּ֫רַע n.[m.] long hair of head, locks
q.dh.aa	H6544	פָּרַע	root	פָּרַע vb. let go, let alone Qal let go, let loose, people, i.e. remove restraint from them let alone = avoid; = neglect; = refrain Niph. the people is let loose, lacks restraint. Hiph. cause people to refrain shew lack of restraint
q.dh.ab	H6547	פַּרְעֹה		פַּרְעֹה 275 n.m. Pharaoh, title of Egyptian kings
q.dh.ac	H6550	פַּרְעֹשׁ		פַּרְעֹשׁ n.m. flea
q.dh.ad	H6551	פַּרְעֹשׁ		פַּרְעֹשׁ n.pr.m. head of post-ex. family Ne 10:15.
q.dh.ae	H6554	פַּרְפַּר		פַּרְפַּר n.pr.flum. near Damascus 2 K 5:12
q.di.aa	H6555	פָּרַץ	root	פָּרַץ vb. break through Qal break or burst out break through, down (from without) break into break open, a mining shaft break up, break in pieces break out (violently) upon use violence break over [limits], increase burst open, intrans., of wine vats spread, i.e. become known Niph. no vision spread abroad Hithp. slaves who break away
q.di.ab	H6556	פֶּ֫רֶץ		פֶּ֫רֶץ n.m. bursting forth, breach
q.di.ac	H6557	פֶּ֫רֶץ		פֶּ֫רֶץ n.pr. m. son of Judah and Tamar loc. in פֶּ׳ עֻזָּא near Jerus. הַר פְּרָצִים
q.di.ad	H6558	פַּרְצִי		פַּרְצִי adj.gent. c. art. as n.coll. Nu 26:20.
q.di.ae	H6530	פָּרִיץ		פָּרִיץ n.m. violent one (robber, murderer)
q.dj.aa		פרץ	root	פרץ
q.dj.ab	H4664	מִפְרָץ		[מִפְרָץ] n.[m.] landing-place:—Ju 5:17
q.dk.aa	H6561	פָּרַק	root	[פָּרַק] vb. tear apart, away Qal tear away yoke Pi. he shall tear off their hoofs Hithp. tear off (for, i.e. from, oneself)
q.dk.ab	H6563	פֶּ֫רֶק		פֶּ֫רֶק n.[m.] parting of ways plunder (as snatched away)
q.dk.ac	H6564	פָּרָק		[פָּרָק] n.[m.] fragment;—cstr. Is 65:4 Kt
q.dk.ad	H4665	מַפְרֶקֶת		[מַפְרֶקֶת] n.f. neck (dividing head from body);—sf. 1 S 4:18.
q.dl.aa	H6331	פָּרַר	root	[פָּרַר] vb. Hiph. break, frustrate Hoph. be frustrated be broken Pilp. he hath shattered me.
q.dm.aa	H6565	פָּרַר	root	[פָּרַר] vb. split, divide Qal Hithpō‛. split or cracked through in the earth Pō‛êl thou didst divide the sea.
q.dn.aa		פרר	root	פרר
q.dn.ab	H6499	פַּר		פַּר 132 n.m. young bull, steer
q.dn.ac	H6510	פָּרָה		פָּרָה 26 n.f. heifer, cow
q.dn.ad	H6511	פָּרָה		פָּרָה n.pr.loc. in Benj., Jos 18:23
q.do.aa	H6566	פָּרַשׂ	root	פָּרַשׂ vb. spread out, spread Qal spread out spread Niph. they shall be scattered Pi. spread out = scatter
q.do.ab	H4666	מִפְרָשׂ		[מִפְרָשׂ] n.[m.] spreading out, thing spread
q.do.ac	H6576	פַּרְשֵׂז		פַּרְשֵׂז Pi‛lēl Jb 26:9 a spreading his cloud upon it
q.dp.aa	H6567	פָּרַשׁ	root	[פָּרַשׁ] vb. make distinct, declare Qal to declare distinctly to them. Niph. Ez 34:12 Pu. what should be done to him had not been distinctly declared
q.dp.ab	H6575	פָּרָשָׁה		[פָּרָשָׁה] n.f. exact statement
q.dq.aa	H6567	פָּרַשׁ	root	[פָּרַשׁ] vb. Hiph. pierce, sting (?);—Pr 23:32
q.dr.aa		פרשׁ	root	פרשׁ
q.dr.ab	H6569	פֶּ֫רֶשׁ		פֶּ֫רֶשׁ n.[m.] fæcal matter found in intestines of victim
q.dr.ac	H6570	פֶּ֫רֶשׁ		פֶּ֫רֶשׁ n.pr.m. Manassite 1 Ch 7:16
q.ds.aa		פרשׁ	root	פרשׁ
q.ds.ab	H6571	פָּרָשׁ		[פָּרָשׁ] n.[m.] horse, steed
q.ds.ac	H6571	פָּרָשׁ		פָּרָשׁ n.m. horseman
q.ds.ad	H6572	פַּרְשֶׁ֫גֶן		פַּרְשֶׁ֫גֶן n.m. copy;—cstr. Ezr 7:11
q.ds.ae	H6574	פַּרְשְׁדֹ֑נָה		פַּרְשְׁדֹ֑נָה n.[m.] only Ju 3:22, read perh. fœces
q.ds.af		פַּרְשֵׁז		פַּרְשֵׁז v. פַּרְשֵׂז sub. פרשׂ
q.ds.ag	H6577	פַּרְשַׁנְדָּתָא		פַּרְשַׁנְדָּתָא n.pr.m. a son of Haman Est 9:7
q.ds.ah	H6578	פְּרָת		פְּרָת n.pr.flum. Euphrates
q.ds.ai		פֹּרָת		פֹּרָת v. פָּרָה
q.ds.aj	H6579	פַּרְתְּמִים		פַּרְתְּמִים n.m.pl. nobles
q.dt.aa	H6581	פָּשָׂה	root	פָּשָׂה 21 vb. spread, intrans.
q.du.aa	H6585	פָּשַׂע	root	[פָּשַׂע] vb. step, march;—Qal Is 27:4
q.du.ab	H6587	פֶּ֫שַׂע		פֶּ֫שַׂע n.[m.] step; 1 S 20:3
q.du.ac	H4667	מִפְשָׂעָה		מִפְשָׂעָה n.f. stepping-region of body, hip or buttock; 1 Ch 19:4
q.dv.aa	H6589	פָּשַׂק	root	[פָּשַׂק] vb. part, open wide Qal Pr 13:3 i.e. one talkative. Pi. Ez 16:25
q.dv.ab	H6580	פַּשׁ		פַּשׁ n.[m.] Jb 35:15;—i.e. folly
q.dw.aa	H6582	פָּשַׁח	root	[פָּשַׁח] vb. Pi. tear in pieces; La 3:11
q.dw.ab	H6583	פַּשְׁחוּר		פַּשְׁחוּר n.pr.m. Je 20:1 21:1 Ne 10:4 father of one Gedaliah head of post-exil. family
q.dx.aa	H6584	פָּשַׁט	root	פָּשַׁט vb. strip off, make a dash, raid Qal strip off, put off, one’s garment put off (one’s shelter), i.e. make a dash (from a sheltered place) Pi. to strip the slain Hiph. strip one of garment strip off flay Hithp. he stripped himself of his garment
q.dy.aa	H6586	פָּשַׁע	root	פָּשַׁע vb. rebel, transgress Qal rebel, revolt, of nations transgress against Niph. a brother (who has been) offended
q.dy.ab	H6588	פֶּ֫שַׁע		פֶּ֫שַׁע n.m. transgression
q.dy.ac	H6592	פֵּ֫שֶׁר		פֵּ֫שֶׁר n.[m.] solution, interpretation;—cstr. Ec 8:1.
q.dy.ad	H6593	פֵּ֫שֶׁת		[פֵּ֫שֶׁת] n.[m.] flax, linen
q.dy.ae	H6594	פִּשְׁתָּה		פִּשְׁתָּה n.f. flax growing = wick
q.dy.af		פַּת		פַּת v. פתת
q.dy.ag	H6596	פֹּת		[פֹּת] n.[f.] pl. i.e. prob. the sockets above and below, in which the door-pivots turned (performing office of mod. hinges); sg. their secret parts, cardo femina
q.dy.ah		פְּתָאיִם		פְּתָאיִם v. פֶּ֫תִי sub. פתה
q.dy.ai		פִּתְאֹם		פִּתְאֹם v. פֶּתַע
q.dy.aj	H6598	פַּת־בָּג		[פַּת־בָּג] (read always [פַּתְבָּג]) n.[m.] portion (of food) for king, delicacies
q.dy.ak	H6599	פִּתְגָּם		פִּתְגָּם n.m. edict, decree
q.dz.aa	H6601	פָּתָה	root	[פָּתָה] vb. be spacious, wide, open Qal poss. one open as to lips Hiph. may God make wide for Japhet (give him an extensive inheritance)
q.dz.ab	H6612	פֶּ֫תִי		פֶּ֫תִי adj. simple, poss. as open-minded
q.dz.ac	H6612	פְּתִי		[פְּתִי] n.f. simplicity (i.e. lack of wisdom), Pr 1:22.
q.dz.ad	H6615	פְּתַיּוּת		פְּתַיּוּת n.f. id. [q.dz.ac] Pr 9:13
q.dz.ae	H6601	פָּתָה		[פָּתָה] vb. denom. be simple Qal be open-minded (?), simple be enticed, deceived Niph. be deceived Pielpersuade, woman, seduce, virgin; entice, husband; a man to sin deceive Pual be persuaded be deceived
q.dz.af	H3315	יֶ֫פֶת		יֶ֫פֶת n.pr.m. third son of Noah
q.dz.ag	H6602	פְּתוּאֵל		פְּתוּאֵל n.pr.m. father of prophet Joel Jo 1:1
q.dz.ah	H6604	פְּתוֹר		פְּתוֹר n.pr.loc. home of Balaam
q.dz.ai		פָּתוֹת		פָּתוֹת v. פתת
q.ea.aa	H6605	פָּתַח	root	פָּתַח vb. open Qal open sack Niph. be opened Pi. be opened free, i.e. ungird, camels loosen (and remove) sack-cloth open gates, doors Hithp. loosen thee the fetters of thy neck
q.ea.ab	H6607	פֶּ֫תַח		פֶּ֫תַח 164 n.m. opening, doorway, entrance
q.ea.ac	H6608	פֵּ֫תַח		פֵּ֫תַח n.m. opening, unfolding;—cstr. ψ 119:130
q.ea.ad	H6610	פִּתְחוֹן		פִּתְחוֹן n.[m.] opening
q.ea.ae	H6609	פְּתִיחָה		[פְּתִיחָה] n.[f.] drawn sword;—pl. ψ 55:22
q.ea.af	H6611	פְּתַחְיָה		פְּתַחְיָה n.pr.m. priest Levite Judahite
q.ea.ag	H3316	יִפְתָּח		יִפְתָּח n.pr. m. Jephthah loc. Jos 15:43
q.ea.ah	H3317	יִפְתַּח־אֵל		יִפְתַּח־אֵל n.pr.loc. (God openeth);—valley betw. Zebulun and Asher
q.ea.ai	H4669	מִפְתָּח		[מִפְתָּח] n.[m.] opening, utterance;—cstr. Pr 8:6
q.ea.aj	H4668	מַפְתֵּחַ		מַפְתֵּחַ n.m. key (opening instrument)
q.ea.ak	H5318	נֶפְתּוֹחַ		נֶפְתּוֹחַ n.pr.loc. on border of Judah and Benj.
q.ea.al		פְּ֫תִי		פְּ֫תִי פְּתַיּוּת v. פתה
q.eb.aa	H6605	פָּתַח	root	[פָּתַח] vb. Pi. engrave Pu. stones engraved with the engravings of a signet.
q.eb.ab	H6603	פִּתּוּחַ		פִּתּוּחַ n.m. engraving
q.eb.ac	H6614	פְּתִיגִיל		פְּתִיגִיל n.[m.] rich robe (?) (prob. foreign word);—abs. Is 3:24
q.ec.aa	H6617	פָּתַל	root	[פָּתַל] vb. twist Niph. I have wrestled (lit. twisted myself) with; the plan of the tortuous; anything tortuous and twisted Hithp. with the twisted thou dost deal tortuously
q.ec.ab	H6616	פָּתִיל		פָּתִיל n.m. cord, thread (twisted)
q.ec.ac	H6618	פְּתַלְתֹּל		פְּתַלְתֹּל adj. tortuous;—Dt 32:5.
q.ec.ad	H5319	נַפְתּוּלִים		[נַפְתּוּלִים] n.[m.]pl. wrestlings;—cstr. Gn 30:8
q.ec.ae	H5321	נַפְתָּלִי		נַפְתָּלִי 61 n.pr.m. et trib. Naphtali
q.ec.af	H6619	פִּתֹם		פִּתֹם n.pr.loc. Pithom
q.ed.aa		פתן	root	פתן
q.ed.ab	H6620	פֶּ֫תֶן		פֶּ֫תֶן n.m. a venomous serpent, perh. cobra
q.ed.ac	H4670	מִפְתָּן		מִפְתָּן n.[m.] threshold
q.ee.aa	H6621	פֶּתַע	root	פֶּתַע subst. suddenness (√ unknown)
q.ee.ab	H6597	פִּתְאֹם		פִּתְאֹם, once פֵּתְאוֹם subst. suddenness, usu. as adv. acc. suddenly
q.ef.aa	H6622	פָּתַר	root	פָּתַר vb. interpret (dream), only Gn 40, 41
q.ef.ab	H6623	פִּתְרוֹן		פִּתְרוֹן n.m. interpretation (of a dream), only Gn 40, 41
q.ef.ac	H6624	פַּתְרוֹס		פַּתְרוֹס n.pr.terr. = Upper Egypt
q.ef.ad	H6625	פַּתְרֻסִים		פַּתְרֻסִים adj.gent.pl. of foregoing [q.ef.ac], as subst.
q.ef.ae	H6572	פַּתְשֶׁ֫גֶן		פַּתְשֶׁ֫גֶן n.m. copy
q.eg.aa	H6626	פָּתַת	root	[פָּתַת] vb. break up, crumble;—Qal Lv 2:6.
q.eg.ab	H6595	פַּת		פַּת n.f. fragment, bit, morsel of bread
q.eg.ac	H6595	פָּתוֹת		[פָּתוֹת] n.[m.] id. [q.eg.ab];—pl.cstr. Ez 13:19.
r.aa.aa		צ	root	צ, ץ
r.aa.ab		צֵאָה		צֵאָה צֹאָה צֹאִי v. צוא
r.aa.ac	H6628	צֶאֱלִים		צֶאֱלִים n.m.pl. a kind of lotus
r.ab.aa		צאן	root	צאן
r.ab.ab	H6629	צֹאן		צֹאן 273 n.coll.f. small cattle, sheep and goats, flock, flocks
r.ab.ac	H6630	צַאֲנָן		צַאֲנָן n.pr.loc.
r.ab.ad		צֶאֱצָא		צֶאֱצָא v. יצא
r.ab.ae		צָב		צָב v. צבב v. צבב
r.ac.aa	H6633	צָבָא	root	[צָבָא] vb. wage war, serve Qal wage war, fight serve at sacred tent Hiph. muster
r.ac.ab	H6635	צָבָא		צָבָא 485 n.m. army, war, warfare army, host war, warfare, service service צְבָאוֹת, in name of י׳ as God of war, prob. first in time of warlike David (some connect with sacred ark, but ark older)
r.ac.ac		צְבָאוֹת		צְבָאוֹת צִבְאוֹת צְבָאִים v. צְבִי v. צְבִי
r.ac.ad		צְבֹאִים		צְבֹאִים v. צְבֹיִים
r.ad.aa		צבב	root	צבב
r.ad.ab	H6632	צָב		צָב n.[m.] litter
r.ae.aa		צבב	root	צבב
r.ae.ab	H6632	צָב		צָב n.[m.] lizard, as unclean, Lv 11:29.
r.ae.ac	H6637	צֹבֵבָה		צֹבֵבָה n.pr.m. in Judah, 1 Ch 4:8
r.af.aa	H6638	צָבָה	root	[צָבָה] vb. swell, swell up
r.af.ab	H6639	צָבֶה		[צָבֶה] adj. swelling, swollen;—f. צָבָה Nu 5:21 (as foregoing [r.af.aa]).
r.ag.aa		צבה	root	צבה
r.ag.ab	H6643	צְבִי		צְבִי n.m. beauty, honour
r.ah.aa		צבה	root	צבה
r.ah.ab	H6643	צְבִי		צְבִי n.m. gazelle
r.ah.ac	H6646	צְבִיָּה		צְבִיָּה n.f. id. [r.ah.ab]
r.ah.ad	H6644	צִבְיָא		צִבְיָא n.pr.m. in Benjamin 1 Ch 8:9
r.ah.ae	H6645	צִבְיָה		צִבְיָה n.pr.f. (= צִבְיָּה gazelle);—mother of Jehoash of Judah
r.ah.af	H6636	צְבֹיִים		צְבֹיִים n.pr.loc. near Sodom
r.ai.aa	H6642	צָבַט	root	[צָבַט] vb. reach, hold out, to;—Qal Ru 2:14
r.aj.aa		צבע	root	צבע
r.aj.ab	H6648	צֶ֫בַע		צֶ֫בַע n.[m.] dye, dyed stuff
r.aj.ac	H6641	צָבוּעַ		צָבוּעַ adj. coloured, variegated;—Je 12:9
r.ak.aa		צבע	root	צבע
r.ak.ab	H0676	אֶצְבַּע		אֶצְבַּע 31 n.f. finger
r.al.aa		צבע	root	צבע
r.al.ab	H6649	צִבְעוֹן		צִבְעוֹן n.pr.m. a Horite (hyena)
r.al.ac	H6650	צְבֹעִים		צְבֹעִים n.pr.loc. in Benj.
r.am.aa	H6651	צָבַר	root	[צָבַר] vb. heap up
r.am.ab	H6652	צִבּוּר		[צִבּוּר] n.m. heap;—only pl. 2 K 10:8
r.an.aa		צבת	root	צבת
r.an.ab	H6653	צְבָתִים		צְבָתִים n.[m.]pl. bundles of grain Ru 2:16
r.ao.aa		צדד	root	צדד
r.ao.ab	H6654	צַד		צַד n.m. side
r.ao.ac	H6657	צָדָד		[צָדָד, צְדָד] n.pr.loc. on N. border of Canaan
r.ao.ad	H6661	צִדִּים		צִדִּים n.pr.loc. in Naphtali, Jos 19:35
r.ap.aa	H6658	צָדָה	root	צָדָה vb. lie in wait
r.ap.ab	H6660	צְדִיָּה		צְדִיָּה n.f. lying-in-wait
r.aq.aa	H6658	צָדָה	root	[צָדָה] vb. lay waste;—Niph. Zp 3:6
r.aq.ab		צִדָה		צִדָה v. צֵידָה sub. צוד
r.aq.ac		צֵדְנִיּת		צֵדְנִיּת v. צִידֹנִי
r.ar.aa		צדק	root	צדק
r.ar.ab	H3072	צֶ֫דֶק		צֶ֫דֶק n.m. rightness, righteousness what is right, just, normal; rightness, justness, of weights and measures righteousness, in government righteousness, justice, in a case or cause rightness, in speech righteousness, as ethically right righteousness, as vindicated, justification in controversy with enemies and troubles, deliverance, victory, prosperity
r.ar.ac	H6666	צְדָקָה		צְדָקָה 157 n.f. righteousness righteousness, in government God's attribute as sovereign righteousness, in a case or cause righteousness = truthfulness righteousness, as ethically right righteousness as vindicated, justification, salvation, etc. pl. righteous acts
r.ar.ad	H6663	צָדֵק		[צָדֵק, צָדֹק] vb. denom. be just, righteous Qal have a just cause, be in the right be justified be just be just, righteous Niph. the holy place shall be put right Pi. justify Hiph. do justice declare righteous, justify justify, vindicate the cause of, save make righteous, turn to righteousness Hithp. how shall we justify ourselves
r.ar.ae	H6662	צַדִּיק		צַדִּיק 206 adj. just, righteous
r.ar.af	H6659	צָדוֹק		צָדוֹק, and צָדֹק 54 n.pr.m. (just, righteous) 48 priests father-in-law of Uzziah two wall-builders
r.ar.ag	H6667	צִדְקִיָּ֫הוּ		צִדְקִיָּ֫הוּ 66, צִדְקִיָּה 7 n.pr.m. (י׳ is righteousness) last king of Judah false prophets prince; Jerem.’s time priest, Nehem.’s time son of Jehoiachin
r.as.aa	H6668	צָהֵב	root	[צָהֵב, צָהֹב] vb. gleam;—Hoph. Ezr 8:27
r.as.ab	H6669	צָהֹב		צָהֹב adj. gleaming, yellow (of hair);—
r.at.aa	H6670	צָהַל	root	[צָהַל] vb. neigh, cry shrilly
r.at.ab	H4684	מַצְהָלָה		[מַצְהָלָה] n.f. neighing
r.au.aa	H6670	צָהַל	root	[צָהַל] vb. Hiph. make shining;—ψ 104:15.
r.av.aa		צהר	root	צהר
r.av.ab	H6672	צֹ֫הַר		[צֹ֫הַר] n.[m.] only pl., midday, noon
r.av.ac	H6672	צֹ֫הַר		צֹ֫הַר n.f. prob. roof;—Gn 6:16.
r.av.ad	H3323	יִצְהָר		יִצְהָר n.[m.] fresh oil (newly appeared)
r.av.ae	H6671	צָהַר		[צָהַר] vb. denom. fr. foreg. [יִצְהָר], Hiph. press out oil;—Jb 24:11.
r.av.af	H3324	יִצְהָר		יִצְהָר n.pr.m. Levite, son of Kohath
r.av.ag	H3325	יִצְהָרִי		יִצְהָרִי adj.gent. of foreg. [r.av.af], c. art. as subst. coll.
r.av.ah		צַו		צַו v. צוה
r.aw.aa		צוא	root	צוא
r.aw.ab	H6627	צֵאָה		[צֵאָה] n.f. filth, specif. human excrement
r.aw.ac	H6675	צֹאָה		צֹאָה n.f. filth
r.aw.ad	H6674	צֹאִי		[צֹאִי] adj. filthy
r.aw.ae		צַוָּאר		צַוָּאר v. צור
r.aw.af	H2578	צוֹבָא		צוֹבָא, צוֹבָה n.pr.terr. an Aramaean kingdom, time of (Saul and) David
r.ax.aa	H6679	צוּד	root	צוּד vb. hunt Qal hunt Pō‛l. hunt (keenly, eagerly?)
r.ax.ab	H6718	צַ֫יִד		צַ֫יִד n.m. hunting, game
r.ax.ac	H6719	צַיָּד		[צַיָּד] n.m. hunter;—pl. Je 16:16.
r.ax.ad	H4679	מְצָד		מְצָד, מְצַד n.f. fastness, stronghold (prop. hunting-place ?) mountain-fastness more gen., stronghold
r.ax.ae	H4685	מָצוֹד		[מָצוֹד] n.m. in pl., dub., usu. siege-works;—Ec 9:14
r.ax.af	H4685	מָצוֹד		[מָצוֹד] n.[m.] hunting implement, specif. net
r.ax.ag	H4685	מְצוֹדָה		מְצוֹדָה n.f. net
r.ax.ah	H4686	מְצוּדָה		מְצוּדָה n.f. net, prey
r.ax.ai	H4685	מְצוֹדָה		[מְצוֹדָה] n.f. fastness, stronghold
r.ax.aj	H4686	מְצוּדָה		מְצוּדָה n.f. fastness, stronghold
r.ay.aa		צוד	root	צוד
r.ay.ab	H6718	צַ֫יִד		[צַ֫יִד] n.[m.] provision, food
r.ay.ac	H6720	צֵידָה		צֵידָה n.f. id. [r.ay.ab];—provision for journey, march
r.ay.ad	H6679	צִיד		[צִיד] vb. denom. Hithp. supply oneself with provisions, take as one's provision
r.az.aa	H6680	צָוָה	root	[צָוָה] 485 vb. Pi. lay charge (upon), give charge (to), charge, command, order
r.az.ab	H6725	צִיּוּן		צִיּוּן n.m. sign-post, monument
r.az.ac	H4687	מִצְוָה		מִצְוָה 181 n.f. commandment
r.az.ad	H6673	צַו		צַו appar. n.[m.] dub. word;—usu. command, ordinance
r.ba.aa	H6681	צָוַח	root	[צָוַח] vb. cry aloud;—Qal Is 42:11
r.ba.ab	H6682	צְוָחָה		צְוָחָה n.f. outcry
r.bb.aa		צול	root	צול
r.bb.ab	H6683	צוּלָה		צוּלָה n.f. ocean-deep;—Is 44:27.
r.bb.ac	H4688	מְצוֹלָה		[מְצוֹלָה], מְצוּלָה n.f. depth, deep
r.bb.ad	H4699	מְצֻלָה		מְצֻלָה n.f. dub. word: Zc 1:8 the myrtles which are בַּמּ׳, appar. some locality about Jerus., called the basin, hollow
r.bc.aa	H6684	צוּם	root	[צוּם] vb. abstain from food, fast
r.bc.ab	H6685	צוֹם		צוֹם n.m. fasting, fast
r.bd.aa		צוע	root	צוע
r.bd.ab	H6816	צַעֲצֻעִים		צַעֲצֻעִים n.[m.]pl. things formed, images;—2 Ch 3:10
r.be.aa	H6687	צוּף	root	[צוּף] vb. flow, overflow, [float] Qal La 3:54 (fig.). Hiph. cause to flow over cause to float
r.be.ab	H6688	צוּף		צוּף n.m. (honey-)comb (as exuding honey)
r.be.ac	H6689	צוּף		צוּף n.m. Ephr. ancestor of Elḳanah and Samuel
r.be.ad	H7436	צוּפִי		צוּפִי adj.gent. Ṣuphite;—so read prob for צוֹפִים 1 S 1:1
r.be.ae	H6824	צָפָה		[צָפָה] n.f. out-flow;—sf. Ez 32:6
r.be.af		צוֹפַי		צוֹפַי v. צוּף
r.be.ag		צוֹפִים		צוֹפִים v. צוּפִי
r.bf.aa	H6692	צוּץ	root	[צוּץ, צִיץ] vb. 1. blossom. 2. shine, sparkle Qal flourish. shine, gleam Hiph. it put forth blossoms
r.bf.ab	H6731	צִיץ		צִיץ n.m. 1. blossom, flower. 2. shining thing
r.bf.ac	H6733	צִיץ		צִיץ 1. blossom, flower. 2. shining thing
r.bg.aa	H6692	צוּץ	root	[צוּץ] vb. Hiph. gaze, peep;—Ct 2:9
r.bh.aa	H6693	צוּק	root	[צוּק] vb. Hiph. constrain, bring into straits, press upon
r.bh.ab	H6695	צוֹק		צוֹק n.[m.] constraint, distress
r.bh.ac	H6695	צוּקָה		צוּקָה n.f. pressure, distress
r.bh.ad	H4164	מוּצָק		מוּצָק, מוּצַק n.[m.] constraint, distress
r.bh.ae	H4689	מָצוֹק		מָצוֹק n.[m.] straitness, straits, stress
r.bh.af	H4691	מְצוּקָה		מְצוּקָה n.f. id. [r.bh.ae]
r.bi.aa	H6694	צוּק	root	[צוּק] vb. pour out, melt
r.bi.ab	H4690	מָצוּק		[מָצוּק] n.m. molten support, pillar
r.bj.aa		צור	root	צור
r.bj.ab	H6677	צַוָּאר		צַוָּאר n.m. neck, back of neck
r.bj.ac	H6677	צַוָּרוֹן		[צַוָּרוֹן] n.[m.]pl. necklace;—sf. Ct 4:9.
r.bk.aa	H6696	צוּר	root	צוּר vb. confine, bind, besiege
r.bk.ab	H4692	מָצוֹר		מָצוֹר n.[m.] siege-enclosure, siege, entrenchment
r.bk.ac	H4694	מְצוּרָה		מְצוּרָה n.f. siege-works, rampart
r.bl.aa	H6696	צוּר	root	[צוּר] vb. shew hostility to, treat as foe
r.bm.aa	H6696	צוּר	root	[צוּר] vb. fashion, delineate
r.bm.ab	H6699	צוּרָה		[צוּרָה] n.f. form, fashion
r.bm.ac	H6736	צִיר		[צִיר] n.m. image
r.bn.aa		צור	root	צור
r.bn.ab	H6697	צוּר		צוּר n.m. rock, cliff
r.bn.ac	H6698	צוּר		צוּר n.pr.m. (Rock) a prince of Midian Gibeonite
r.bn.ad	H6700	צוּרִיאֵל		צוּרִיאֵל n.pr.m. (my rock is Ēl);—a Levite Nu 3:35, Σαυριηλ.
r.bn.ae	H6701	צוּרִישַׁדָּ֑י		צוּרִישַׁדָּ֑י n.pr.m. (my rock is Shadday);—a Simeonite
r.bn.af		צוֹר		צוֹר v. צֹר
r.bn.ag		צַוָּר		צַוָּר צַוְּרֹנִים v. צַוָּאר
r.bn.ah		צוּת		צוּת v. יצת
r.bn.ai		צַח		צַח v. צחח
r.bn.aj		צִחָא		צִחָא v. צִיחָא
r.bo.aa		צחה	root	צחה
r.bo.ab	H6704	צִחֶה		[צִחֶה] adj.intens. parched;—cstr. Is 5:13
r.bp.aa	H6705	צָחַח	root	[צָחַח] vb. be dazzling;—Qal La 4:7
r.bp.ab	H6703	צַח		צַח adj. dazzling, glowing, clear
r.bp.ac	H6706	צְחִיחַ		[צְחִיחַ] n.[m.] shining, glaring, surface
r.bp.ad	H6707	צְחִיחָה		צְחִיחָה n.f. scorched land;—צ׳ ψ 68:7.
r.bp.ae	H6710	צַחְצָחָה		[צַחְצָחָה] n.[f.] scorched region;—pl. Is 58:11.
r.bq.aa		צחן	root	צחן
r.bq.ab	H6709	צַחֲנָה		[צַחֲנָה] n.f. stench;—sf. Jo 2:20
r.br.aa	H6711	צָחַק	root	[צָחַק] vb. laugh Qal laugh Pi. jest sport, play
r.br.ab	H6712	צְחֹק		צְחֹק n.[m.] laughter
r.br.ac	H3327	יִצְחָק		יִצְחָק 108, יִשְׂחָק 4 n.pr.m. Isaac, son of Abr. and Sarah (he laugheth)
r.bs.aa		צחר	root	צחר
r.bs.ab	H6713	צַ֫חַר		[צַ֫חַר] n.[m.] reddish-gray, tawny;—Ez 27:18
r.bs.ac	H6715	צָחֹר		[צָחֹר] adj. tawny;—fpl. Ju 5:10.
r.bs.ad	H3328	צֹ֫חַר		צֹ֫חַר n.pr.m. father of Ephron the Hittite son of Simeon name in Judah
r.bs.ae		יִצְחַר		יִצְחַר v.
r.bs.af	H6716	צִי		צִי n.m. ship
r.bs.ag	H6728	צִי		[צִי] n.m. a wild beast, prop. either desert-dweller, or crier, yelper
r.bs.ah	H6717	צִיבָא		צִיבָא and צִבָא 16 n.pr.m. servant of Saul’s house
r.bs.ai	H6721	צִידוֹן		צִידוֹן and צִידֹן n.pr.loc. Sidôn, ancient Phoenician city, on coast N. of Tyre;—‘first-born’ of Canaan
r.bs.aj	H6722	צִידֹנִי		צִידֹנִי adj.gent. of foregoing [r.bs.ai]; as subst. = Sidonians; in earlier lit. appar. = Phoenicians
r.bt.aa		ציה	root	ציה, צוה
r.bt.ab	H6723	צִיָּה		צִיָּה n.f. dryness, drought
r.bt.ac	H6724	צָיוֹן		צָיוֹן n.[m.] dryness, parched ground
r.bt.ad	H6726	צִיּוֹן		צִיּוֹן 154 n.pr.loc. Ṣiyyôn, Zion
r.bt.ae		צָיוֹן		צָיוֹן v. ציה
r.bt.af		צִיּוּן		צִיּוּן v. צוה
r.bt.ag	H6727	צִיחָא		צִיחָא n.pr.m. an overseer of Nethinim
r.bt.ah		צִיִּים		צִיִּים צִים v. צְי v. צְי
r.bt.ai		צִין		צִין v. צִן
r.bt.aj		צִינֹק		צִינֹק v. צנק
r.bt.ak		צִיעֹר		צִיעֹר v. צער
r.bt.al		ציף		ציף v. צוּף
r.bt.am		צִיץ		צִיץ צִיצָה v. צוּץ
r.bt.an	H6731	צִיץ		צִיץ n.[m.] meaning dubious; only in Je 48:9 usu. wings
r.bt.ao	H6732	צִיץ		צִיץ n.pr.loc. in 2 Ch 20:16;
r.bt.ap	H6734	צִיצִת		צִיצִת n.f. tassel, lock
r.bt.aq		צִיקְלַג		צִיקְלַג v. צִקְלַג
r.bu.aa		ציר	root	ציר
r.bu.ab	H6735	צִיר		צִיר n.m. envoy, messenger
r.bv.aa		ציר	root	ציר
r.bv.ab	H6735	צִיר		[צִיר] n.[m.] pivot (of door), hinge;—Pr 26:14
r.bv.ac	H6735	צִיר		[צִיר] n.[m.] pang (prop. writhing)
r.bv.ad		צֵל		צֵל צִלָּה v. צלל
r.bw.aa	H6740	צָלָה	root	[צָלָה] vb. roast flesh
r.bw.ab	H6748	צָלִי		צָלִי adj. roasted, roast
r.bx.aa	H6743	צָלַח	root	[צָלַח] vb. rush
r.by.aa	H6743	צָלֵחַ	root	[צָלֵחַ, צָלַח] vb. advance, prosper Qal prosper Hiph. make prosperous, bring to successful issue shew, experience, prosperity
r.bz.aa		צלח	root	צלח
r.bz.ab	H6745	צֵלָחָה		[צֵלָחָה] n.[f.] pot for cooking;—pl. 2 Ch 35:13
r.bz.ac	H6747	צַלַּ֫חַת		צַלַּ֫חַת n.f. dish
r.bz.ad	H6746	צְלֹחִית		צְלֹחִית n.f. jar;—2 K 2:20.
r.bz.ae		צָלִי		צָלִי v. צלה
r.ca.aa	H6750	צָלַל	root	[צָלַל] vb. tingle, quiver
r.ca.ab	H6767	צִלְצָל		[צִלְצָל] n.[m.] whirring, buzzing;—cstr. Is 18:1
r.ca.ac	H6767	צִלִצָל		[צִלִצָל] n.[m.] spear (fr. whizzing);—cstr. Jb 40:31
r.ca.ad	H6767	צְלָצַ֑ל		צְלָצַ֑ל n.m. a whirring locust;—Dt 28:42
r.ca.ae	H6767	צֶלְצְלִים		צֶלְצְלִים n.m.pl. musical instr. of percussion, cymbals (with clashing sound)
r.ca.af	H4698	מְצִלָּה		[מְצִלָּה] n.f. bell (fr. tinkling);—pl. cstr. Zc 14:20.
r.ca.ag	H4700	מְצִלְתַּיִם		מְצִלְתַּיִם n.f.du. cymbals
r.cb.aa	H6749	צָלַל	root	[צָלַל] vb. sink, be submerged;—Qal Ex 15:10.
r.cc.aa	H6751	צָלַל	root	[צָלַל] vb. be or grow dark Qal the gates of Jerusalem grew dark, i.e. evening came on Hiph. a shadowing wood
r.cc.ab	H6738	צֵל		צֵל n.m. shadow
r.cc.ac	H6741	צִלָּה		צִלָּה n.pr.f. wife of Lam.
r.cc.ad	H6769	צִלְּתַי		צִלְּתַי n.pr.m. Benj. Manassite
r.cc.ae	H6757	צַלְמָ֫וֶת		צַלְמָ֫וֶת n.[m.] death-shadow, deep shadow, poet.
r.cc.af		צִלְלוֹ		צִלְלוֹ צְלָלִים צִלְלֵי v. צֵל
r.cc.ag	H6753	הַצְּלֶלְפּוֹנִי		הַצְּלֶלְפּוֹנִי n.pr.f. in Judah (give shade, thou that turnest to me!) 1 Ch 4:3
r.cd.aa		צלל	root	צלל
r.cd.ab	H6742	צלול		צלול Kt, צְלִיל Qr n.m. cake, round loaf;—Ju 7:13
r.ce.aa		צלם	root	צלם
r.ce.ab	H6754	צֶ֫לֶם		צֶ֫לֶם n.m. image images image, likeness, of resemblance fig. = mere, empty, image, semblance
r.ce.ac	H6756	צַלְמוֹן		צַלְמוֹן n.pr.mont. near Shechem, not identif. snow-capped mt., prob. E. of Jordan
r.ce.ad	H6756	צַלְמוֹן		צַלְמוֹן n.pr.m. a hero of David 2 S 23:28
r.ce.ae		צַלְמָוֶת		צַלְמָוֶת v. צלל
r.ce.af	H6758	צַלְמֹנָה		צַלְמֹנָה n.pr.loc. station of Isr. in wilderness
r.ce.ag	H6759	צַלְמֻנָּע		צַלְמֻנָּע 12 n.pr.m. a king of Midian
r.cf.aa		צלע	root	צלע
r.cf.ab	H6763	צֵלָע		צֵלָע 41 n.f. rib, side
r.cf.ac	H6762	צֵלַע		צֵלַע n.pr.loc. in Benj.; burial-place of Saul
r.cg.aa	H6760	צָלַע	root	[צָלַע] vb. limp
r.cg.ab	H6761	צֶ֫לַע		צֶ֫לַע n.[m.] limping, stumbling
r.cg.ac	H6764	צָלָף		צָלָף n.pr.m. (NH caper-plant);—father of a wall-builder Ne 3:30
r.cg.ad	H6765	צְלָפְחָד		צְלָפְחָד n.pr.m. of Manasseh
r.cg.ae	H6766	צֶלְצַח		צֶלְצַח n.pr.loc. in Benj. 1 S 10:2
r.cg.af		צִלְצָל		צִלְצָל צְלָצַ֑ל צֶלְצְלִים v. צלל
r.cg.ag	H6768	צֶ֫לֶק		צֶ֫לֶק n.pr.m. Ammonite hero of David
r.cg.ah		צִלְּתַי		צִלְּתַי v. צלל
r.ch.aa	H6770	צָמֵא	root	[צָמֵא] vb. be thirsty
r.ch.ab	H6772	צָמָא		צָמָא n.[m.] thirst
r.ch.ac	H6771	צָמֵא		צָמֵא adj. thirsty
r.ch.ad	H6773	צִמְאָה		צִמְאָה n.f. parched condition;—Je 2:25
r.ch.ae	H6774	צִמָּאוֹן		צִמָּאוֹן n.[m.] thirsty ground
r.ci.aa	H6775	צָמַד	root	[צָמַד] vb. bind, join Niph. join, attach, oneself to Baal Peor, i.e. adopt his worship Pu. a sword bound upon his loins Hiph. thy tongue combineth (fitteth together, frameth) deceit
r.ci.ab	H6776	צֶ֫מֶד		צֶ֫מֶד n.m. couple, pair couple, pair, usu. of animals a measure of land (only square measure in OT) like acre; orig. appar. what a span can plough
r.ci.ac	H6781	צָמִיד		צָמִיד n.m. bracelet (bound on wrist)
r.ci.ad	H6781	צָמִיד		צָמִיד n.[m.] cover, of vessel, Nu 19:15.
r.ci.ae		צַמָּה		צַמָּה v. צמם
r.cj.aa	H6779	צָמַח	root	צָמַח vb. sprout, spring up Qal sprout, spring up Pi. grow abundantly Hiph. cause to grow of rain, cause the earth to sprout
r.cj.ab	H6780	צֶ֫מַח		צֶ֫מַח n.m. sprout, growth
r.cj.ac		צַמִּים		צַמִּים v. צמם
r.cj.ad		צְמִיתֻת		צְמִיתֻת v. צמת
r.ck.aa		צמם	root	צמם
r.ck.ab	H6777	צַמָּה		צַמָּה n.f. woman’s veil
r.ck.ac	H6782	צַמִּים		צַמִּים n.m. doubtful word, usu. snare, trap
r.cl.aa	H6784	צָמַק	root	[צָמַק] vb. dry up, shrivel;—Qal Ho 9:14
r.cl.ab	H6778	צַמּוּק		[צַמּוּק] n.m. bunch of raisins (dried grapes)
r.cm.aa		צמר	root	צמר
r.cm.ab	H6785	צֶ֫מֶר		צֶ֫מֶר n.m. wool
r.cm.ac	H6788	צַמֶּ֫רֶת		צַמֶּ֫רֶת n.f. tree-top (poss. from wooly, feathery, appearance)
r.cm.ad	H6786	צְמָרִי		צְמָרִי adj.gent. (people of the city called Ṣimirra by As.)
r.cm.ae	H6787	צְמָרַיִם		צְמָרַיִם n.pr.loc. in Benj. mt. in Ephraim
r.cn.aa	H6789	צָמַת	root	[צָמַת] vb. put an end to, exterminate Qal they have put an end to my life Niph. be ended, annihilated Pi. hath put an end to me Pi‛lēl thine alarms have annihilated me Hiph. exterminate, annihilate
r.cn.ab	H6783	צְמִיתֻת		צְמִיתֻת n.f. completion, finality
r.cn.ac	H6790	צִן		צִן n.pr.loc. name of wilderness S. of Canaan, where lay Kadesh Barnea
r.cn.ad		צֵן		צֵן צִנָּה v. צנן v. צנן v. צנן
r.cn.ae	H6792	צֹנֶה		צֹנֶה, [צֹנֶא] [n.m.] flocks
r.co.aa	H6795	צָנַח	root	[צָנַח] vb. descend (meaning inferred fr. context)
r.cp.aa	H6798	צָנַם	root	[צָנַם] vb. dry up, harden;—Qal Gn 41:23 (E)
r.cq.aa		צנן	root	צנן
r.cq.ab	H6791	צֵן		[צֵן] n.[m.] thorn ? barb ?
r.cq.ac	H6793	צִנָּה		[צִנָּה] n.f. appar. hook, or barb (of fishing-spear?);—pl. Am 4:2
r.cq.ad	H6796	צָנִין		[צָנִין] n.[m.] thorn, prick
r.cr.aa		צנן	root	צנן
r.cr.ab	H6793	צִנָּה		[צִנָּה] n.f. coolness;—cstr. Pr 25:13
r.cs.aa		צנן	root	צנן
r.cs.ab	H6793	צִנָּה		צִנָּה n.f. large shield (covering whole body)
r.cs.ac	H6803	צִנְצֶ֫נֶת		צִנְצֶ֫נֶת n.f. jar, or like receptacle;—Ex 16:33 (P).
r.cs.ad		צְנָן		צְנָן v. צַאֲנָן
r.ct.aa	H6800	צָנַע	root	[צָנַע] vb. be modest, humble (perhaps prop. be retired);—Hiph. Mi 6:8
r.ct.ab	H6800	צָנוּעַ		[צָנוּעַ] adj. modest;—pl. Pr 11:2
r.cu.aa	H6801	צָנַף	root	[צָנַף] vb. wrap, or wind up, together
r.cu.ab	H6797	צָנִיף		צָנִיף n.m. turban
r.cu.ac	H6802	צְנֵפָה		צְנֵפָה n.f. winding;—Is 22:18
r.cu.ad	H4701	מִצְנֶ֫פֶת		מִצְנֶ֫פֶת n.f. turban of high priest
r.cv.aa		צנק	root	צנק
r.cv.ab	H6729	צִינֹק		צִינֹק n.[m.] pillory;—Je 29:26
r.cw.aa		צנר	root	צנר
r.cw.ab	H6794	צִנּוֹר		צִנּוֹר n.m. pipe, spout, conduit
r.cw.ac	H6804	צַנְתְּרוֹת		צַנְתְּרוֹת n.m.pl. cstr. pipes feeding lamps with oil Zc 4:12
r.cx.aa	H6805	צָעַד	root	[צָעַד] vb. step, march Qal step, march Hiph. and it (an unseen power) makes him march
r.cx.ab	H6806	צַ֫עַד		[צַ֫עַד] n.m. step, pace
r.cx.ac	H6807	צְעָדָה		צְעָדָה n.f. marching
r.cx.ad	H4703	מִצְעָד		[מִצְעָד] n.[m.] step
r.cy.aa		צעד	root	צעד
r.cy.ab	H6807	צְעָדָה		[צְעָדָה] n.f. armlet, band clasping upper arm
r.cy.ac	H0685	אֶצְעָדָה		אֶצְעָדָה n.f. id. [r.cy.ab]
r.cz.aa	H6808	צָעָה	root	[צָעָה] vb. stoop, bend, incline Qal one stooping (under a burden), bending trans. men inclining, tipping a vessel, to empty it. Pi. I will send tippers and they shall tip him over
r.da.aa	H6813	צָעַן	root	[צָעַן] vb. wander, travel;—Qal Is 33:20
r.da.ab	H6814	צֹ֫עַן		צֹ֫עַן n.pr.loc. Tanis, in Egypt
r.da.ac	H6815	צַעֲנַנִּים		צַעֲנַנִּים n.pr.loc. on border of Naphtali, near Ḳedesh
r.db.aa		צעף	root	צעף
r.db.ab	H6809	צָעִיף		צָעִיף n.[m.] wrapper, shawl, or veil
r.db.ac		צַעֲצֻעִים		צַעֲצֻעִים v. צוע
r.dc.aa	H6817	צָעַק	root	צָעַק vb. cry, cry out, call Qal cry, cry out, for help abs. cry, cry out, in distress, need make outcry, clamour Niph. be summoned (i.e. to arms) Pi. cry aloud, in grief Hiph. call together
r.dc.ab	H6818	צְעָקָה		צְעָקָה n.f. cry, outcry
r.dd.aa	H6819	צָעַר	root	[צָעַר] vb. be, or grow, insignificant
r.dd.ab	H6820	צֹ֫עַר		צֹ֫עַר, צ֫וֹעַר n.pr.loc. Zoar (understood as insignificance) city at SE. end of Dead Sea
r.dd.ac	H4704	צָעִיר		צָעִיר adj. little, insignificant, young
r.dd.ad	H6811	צָעִיר		[צָעִיר] n.pr.loc. prob. on border of Edom, 2 K 8:21
r.dd.ae	H6812	צְעִירָה		[צְעִירָה] n.f. youth
r.dd.af	H6686	צוּעָר		צוּעָר n.pr.m. in Issachar (little one)
r.dd.ag	H6730	צִיעֹר		צִיעֹר n.pr.loc. Jos 15:54, prob. Ṣâ‛îr, 5 m. NNE. fr. Hebron
r.dd.ah	H4705	מִצְעָר		מִצְעָר n.m. a small thing
r.dd.ai	H4706	מִצְעָר		מִצְעָר n.pr.mont. near Hermon ψ 42:7
r.de.aa	H6821	צָפַד	root	צָפַד vb. draw together, contract;—Qal La 4:8
r.de.ab		צָפָה		צָפָה v. צוף
r.df.aa	H6822	צָפָה	root	[צָפָה] 37 vb. look out or about, spy, keep watch Qal 28 keep watch; elsewh. as subst. watchman Pi. watch (closely); pt. as n. = watchman
r.df.ab	H6825	צְפוֹ		צְפוֹ, צְפִי n.pr.m. in Edom (? gaze, gazing)
r.df.ac		צְפוֹן		צְפוֹן צְפוֹנִי v. צִפְיוֹן
r.df.ad	H6836	צְפִּיָּה		[צְפִּיָּה] n.f. outlook-post (?);—sf. La 4:17
r.df.ae	H6827	צִפְיוֹן		צִפְיוֹן n.pr.m. son of Gad (? gaze), = צְפוֹן
r.df.af	H6831	צְפוֹנִי		צְפוֹנִי adj.gent. c. art. as subst. coll. Nu 26:15.
r.df.ag	H4707	מִצְפֶּה		מִצְפֶּה n.m. watch-tower, Is 21:8. outlook-point, 2 Ch 20:24 on high ground.
r.df.ah	H4708	מִצְפֶּה		מִצְפֶּה n.pr.loc. in Shephelah of Judah 1 S 22:3 prob.
r.df.ai	H4709	מִצְפָּה		מִצְפָּה 38 n.pr.loc. (prop. outlook-point or -height) in Gilead, expl. as name given to Laban’s cairn, N. of Jabbok prob. S. of Jabbok near Hermon of sacred place in Benj.
r.dg.aa	H6823	צָפָה	root	[צָפָה] 47 vb. lay out, lay over Qal they lay out the rug! Pi. overlay, plate Pu. impure silver laid over a sherd; pillars overlaid with gold.
r.dg.ab	H6826	צִפּוּי		צִפּוּי n.[m.] metal plating
r.dg.ac	H6844	צָפִית		צָפִית n.f. rug, carpet (laid out);—Is 21:5
r.dg.ad	H6858	צֶ֫פֶת		צֶ֫פֶת n.f. appar. plated capital of pillar 2 Ch 3:15.
r.dh.aa		צפח	root	צפח
r.dh.ab	H6835	צַפַּ֫חַת		צַפַּ֫חַת n.f. jar, jug, of flat or broad shape
r.dh.ac	H6838	צְפִיחִת		צְפִיחִת n.f. flat cake, wafer;—Ex 16:31.
r.dh.ad	H6690	צוֹפַח		צוֹפַח n.pr.m. in Asher
r.dh.ae		צְפִי		צְפִי צְפִיָּה צִפְיוֹן v. צפה
r.dh.af		צָפִית		צָפִית v. צפה
r.di.aa	H6845	צָפַן	root	צָפַן vb. hide, treasure up Qal trans. hide intrans. lie hid, lurk Niph. be hidden from before Hiph. hide
r.di.ab	H6840	צָפִין		[צָפִין] n.[m.] treasure;—sf. ψ 17:14 Kt
r.di.ac	H6828	צָפוֹן		צָפוֹן 153 n.f. north (as the hidden, dark)
r.di.ad	H6830	צְפוֹנִי		צְפוֹנִי adj. from foregoing [r.di.ac], northern (so most);—c. art. as n.m. northern one, northerner, invader from north Jo 2:20
r.di.ae	H6829	צָפוֹן		צָפוֹן n.pr.loc. on E. bank of Jordan, in tribe of Gad
r.di.af		צְפוֹן		צְפוֹן v. בַּעַל צְפוֹן
r.di.ag	H6846	צְפַנְיָה(וּ)		צְפַנְיָה(וּ) n.pr.m. (י׳ hath treasured) priest the prophet a Judæan ancestor of Heman
r.di.ah	H4710	מַצְפּוֹן		[מַצְפּוֹן] n.[m.] hidden treasure, treasure;—sf. מַצְפּוּנָיו Ob 6 his treasures.
r.di.ai	H6847	צָֽפְנַת פַּעְנֵחַ		צָֽפְנַת פַּעְנֵחַ n.pr.m. (the god speaks and he lives);—Egypt. name given to Joseph Gn 41:45
r.dj.aa		צפע	root	צפע
r.dj.ab	H6848	צֶ֫פַע		צֶ֫פַע n.m. a (poisonous) serpent (from hissing ?);—Is 14:29; usu. taken as = following [r.dj.ac].
r.dj.ac	H6848	צִפְעוֹנִי		צִפְעוֹנִי n.m. id. [r.dj.ab]; a venomous viper, but vipers do not lay eggs
r.dk.aa		צפע	root	צפע
r.dk.ab	H6832	צָפִיעַ		[צָפִיעַ] n.[m.] dung of cattle;—pl. cstr. Ez 4:15 Qr
r.dl.aa		צפע	root	צפע
r.dl.ab	H6849	צְפִיעָה		[צְפִיעָה] n.f. dub.; appar., fr. context, offshoot;—pl. Is 22:24
r.dm.aa	H6850	צָפַף	root	[צָפַף] vb. Pilp. chirp, peep
r.dm.ab	H6851	צַפְצָפָה		צַפְצָפָה n.f. a kind of willow;—Ez 17:5.
r.dn.aa	H6852	צָפַר	root	[צָפַר] vb. dub.;—Ju 17:3 let him return and (Vrss) let him depart, AV depart early, wholly uncertain
r.do.aa		צפר	root	צפר
r.do.ab	H6833	צִפּוֹר		צִפּוֹר, צִפֹּר 40 n.f. bird
r.do.ac	H6834	צִפּוֹר		צִפּוֹר n.pr.m. father of Balak, king of Moab (bird; perh. specif. sparrow)
r.do.ad	H6855	צִפֹּרָה		צִפֹּרָה n.pr.f. wife of Moses (bird)
r.dp.aa		צפר	root	צפר
r.dp.ab	H6843	צְפִירָה		צְפִירָה n.f. plait, chaplet;—chaplet, coronet, diadem
r.dq.aa		צפר	root	צפר
r.dq.ab	H6856	צִפֹּ֫רֶן		צִפֹּ֫רֶן n.[m.] nail (of finger), stylus-point
r.dr.aa		צפר	root	צפר
r.dr.ab	H6842	צָפִיר		צָפִיר n.m. he-goat (late)
r.dr.ac	H6691	צֹפַר		צֹפַר and צוֹפַר n.pr.m. Job’s third friend
r.dr.ad	H6854	צְפַרְדֵּעַ		צְפַרְדֵּעַ n.f. frogs
r.dr.ae		צֶ֫פֶת		צֶ֫פֶת v. צפה
r.dr.af	H6857	צְפַ֑ת		צְפַ֑ת n.pr.loc. Canaanite city Ju 1:17
r.dr.ag	H6859	צְפַ֫תָה		צְפַ֫תָה n.pr.loc. in Judah; 2 Ch 14:9
r.dr.ah		צִצִּים		צִצִּים v. צִיץ sub. צוץ
r.dr.ai		צָקוּן		צָקוּן צוּק v. צוק
r.dr.aj	H6860	צִקְלַג		צִקְלַג and (צִיק׳) n.pr.loc. assigned to Judah, to Simeon; Philistine city given to David
r.dr.ak	H6861	צִקָּלֹן		[צִקָּלֹן] n.[m.] doubtful word;—2 K 4:42 𝔊 𝔗 garment;
r.dr.al		צַר		צַר צֹר v. צרר
r.dr.am	H6863	צֵר		צֵר n.pr.loc. in Naphtali, Jos 19:35
r.dr.an	H6865	צֹר		צֹר, צוֹר n.pr.loc. Tyre, famous Phoenician city
r.dr.ao	H6876	צֹרִי		צֹרִי adj.gent. Tyrian
r.ds.aa	H6866	צָרַב	root	[צָרַב] vb. burn, scorch;—Niph. Ez 21:3
r.ds.ab	H6867	צָרָב		[צָרָב] adj. burning, scorching;—Pr 16:27
r.ds.ac	H6867	צָרֶ֫בֶת		צָרֶ֫בֶת n.f. scab, scar, of a sore (lit. a burning, scorching)
r.ds.ad	H6868	צְרֵדָה		צְרֵדָה n.pr.loc. home of Jerob. 1 K 11:26
r.ds.ae		צְרֵדָתָה		צְרֵדָתָה צְרֵדָה v. צָֽרְתָן
r.ds.af		צָרָה		צָרָה v. צרר
r.dt.aa		צרה	root	צרה
r.dt.ab	H6875	צֳרִי		צֳרִי and ‏(וּ)צְרִי n.[m.] a kind of balsam, as merchandise
r.dt.ac	H6874	צְרִי		צְרִי n.pr.m. a musician, 1 Ch 25:3
r.dt.ad	H6870	צְרוּיָה		צְרוּיָה n.pr.f. mother of Abishai, Joab and Asahel
r.du.aa	H6873	צָרַח	root	צָרַח vb. cry, roar Qal bitterly roareth there a hero Hiph. utter a roar
r.dv.aa		צרח	root	צרח
r.dv.ab	H6877	צְרִיחַ		צְרִיחַ n.[m.] perh. excavation, underground chamber
r.dv.ac		צֹרִי		צֹרִי v. צֹר
r.dv.ad		צֳרִי		צֳרִי צְרִי צְרֻיָה v. צרה
r.dw.aa		צרך	root	צרך
r.dw.ab	H6878	צֹ֫רֶךְ		[צֹ֫רֶךְ] n.[m.] need (Aram.);—sf. 2 Ch 2:15
r.dx.aa		צרע	root	צרע
r.dx.ab	H6883	צָרַ֫עַת		צָרַ֫עַת 35 n.f. leprosy
r.dx.ac	H6879	צָרַע		[צָרַע] vb. denom., only in pass., be stricken with leprosy, leprous Qal elsewh. as subst., = leper Pu. leprous
r.dx.ad	H6880	צִרְעָה		צִרְעָה n.f.coll. hornets (? as wounding, prostrating; NH = BH)
r.dx.ae	H6871	צְרוּעָה		צְרוּעָה n.f. mother of Jeroboam 1 K 11:26
r.dx.af	H6881	צָרְעָה		צָרְעָה n.pr.loc. in the Shephelah of Judah
r.dx.ag		צָרְעִי		צָרְעִי v.
r.dx.ah	H6882	צָרְעָתִי		צָרְעָתִי adj.gent. c. art. as n. coll.
r.dy.aa	H6884	צָרַף	root	צָרַף vb. smelt, refine, test Qal smelt, refine test test (and prove true) as n. smelter, refiner Niph. many shall be refined Pi. as n. a refiner
r.dy.ab	H6885	צֹרְפִי		צֹרְפִי n.[m.]coll. goldsmiths;—only Ne 3:31
r.dy.ac	H6886	צָֽרְפַת		צָֽרְפַת n.pr.loc. on coast S. of Sidon (? smelting-place)
r.dy.ad	H4715	מַצְרֵף		מַצְרֵף n.[m.] crucible (prop. place or instrument of refining)
r.dz.aa	H3334	צָרַר	root	צָרַר vb. bind, tie up, be restricted, narrow, scant, cramped trans. Qal bind or tie up Pu. tied up (mended by tying) intrans. Qal be scant, cramped, in straits Hiph. make narrow for, press hard upon, cause distress to
r.dz.ab	H6862	צַר		צַר adj. narrow, tight
r.dz.ac	H1222	צַר		צַר n.[m.] straits, distress
r.dz.ad	H6869	צָרָה		צָרָה 72 n.f. id. [r.dz.ac] straits, distress
r.dz.ae	H6887	צָרַר		[צָרַר] vb. denom. Hiph. suffer distress
r.dz.af	H6872	צְרוֹר		צְרוֹר n.m. bundle, parcel, pouch, bag (prop. a binding, i.e sthg. bound up)
r.dz.ag	H4712	מֵצַר		מֵצַר n.[m.] straits, distress;—abs.
r.ea.aa	H6887	צָרַר	root	צָרַר vb. shew hostility toward, vex
r.ea.ab	H6862	צַר		צַר 68 n.m. adversary, foe
r.ea.ac	H6869	צָרָה		[צָרָה] n.f. vexer, rival-wife;—sf. 1 S 1:6.
r.ea.ad	H6887	צָרַר		[צָרַר] vb. denom. make a rival-wife;—Qal Lv 18:18
r.eb.aa		צרר	root	צרר
r.eb.ab	H6862	צַר		צַר n.[m.] hard pebble, flint;—Is 5:28
r.eb.ac	H6864	צֹר		צֹר n.[m.] id. [r.eb.ab];—צ׳ used as knife; knives of flint.
r.eb.ad	H6872	צְרוֹר		צְרוֹר n.m. pebble
r.eb.ae	H6872	צְרוֹר		צְרוֹר n.pr.m. grandfather of Ḳish 1 S 9:1
r.eb.af	H6888	צְרֵרָה		[צְרֵרָה] n.pr.loc. Ju 7:22, usu. thought corrupt
r.eb.ag	H6889	צֶ֫רֶת		צֶ֫רֶת n.pr.m. in Judah 1Ch 4:7
r.eb.ah	H6890	צֶרֶת הַשַּׁ֫חַר		צֶרֶת הַשַּׁ֫חַר n.pr.loc. assigned to Reuben Jos 13:19
r.eb.ai	H6891	צָֽרְתָן		צָֽרְתָן n.pr.loc. in Jordan valley, near ford
s.aa.aa		ק	root	ק
s.aa.ab		קֵא		קֵא v. קיא
s.aa.ac		קָאם		קָאם v. קום
s.aa.ad	H6893	קָאַת		קָאַת, קָאָת n.[f.] a bird, usu. pelican
s.aa.ae		קַב		קַב v. קבב
s.ab.aa		קבב	root	קבב
s.ab.ab	H6894	קַב		קַב n.[m.] ḳab;—a measure of capacity, BH only dry measure
s.ab.ac	H6898	קֻבָּה		קֻבָּה n.f. large vaulted tent;—abs. Nu 25:8 (P)
s.ac.aa	H6895	קָבַב	root	[קָבַב] vb. utter a curse against, curse
s.ad.aa		קבה	root	קבה
s.ad.ab	H6896	קֵבָה		קֵבָה, sf. קֳבָתָהּ n.f. stomach, belly abs. of sacrificial victim, assigned to priest, i.e. fourth stomach of ruminants sf. of woman, appar. more gen., belly
s.ae.aa	H6901	קָבַל	root	[קָבַל] vb. Pi. receive, take Pi. take accept accept, assume, an obligation Hiph. shew oppositeness, i.e. correspond, one to another
s.ae.ab	H6904	קְבֹל		[קְבֹל] n.[m.] something in front, spec. an attacking-engine cstr., explained formerly as before the people
s.af.aa	H6906	קָבַע	root	קָבַע vb. dub., perhaps rob
s.af.ab	H6907	קֻבַ֫עַת		קֻבַ֫עַת n.f. cup
s.ag.aa	H6908	קָבַץ	root	קָבַץ 127 vb. gather, collect Qal gather, collect Niph. intrans. assemble, gather pass. be gathered Pi. 51 gather together Pu. of land Hithp. gather together (intrans.), be gathered together
s.ag.ab	H6899	קִבּוּץ		[קִבּוּץ] n.m. heap;—pl. sf. Is 57:13
s.ag.ac	H6910	קְבֻצָה		[קְבֻצָה] n.f. a gathering;—cstr. Ez 22:20
s.ag.ad	H3343	קַבְצְאֵל		קַבְצְאֵל, [יְקַבְצְאֵל] n.pr.loc. in S. of Judah (gathering of Ēl, or Ēl gathereth)
s.ag.ae	H6911	קִבְצַיִם		קִבְצַיִם n.pr.loc. (Thes two heaps);—Levite city in Ephr.
s.ah.aa	H6912	קָבַר	root	קָבַר 132 vb. bury Qal 86 bury Niph. 39 be buried Pi. bury (in masses) Pu. Gn 25:10.
s.ah.ab	H6913	קֶ֫בֶר		קֶ֫בֶר 67 n.m. grave, sepulchre
s.ah.ac	H6914	קִבְרוֹת הַתַּאֲוָה		קִבְרוֹת הַתַּאֲוָה n.pr.loc. a station in wilderness (the graves of desire)
s.ah.ad	H6900	קְבֻרָה		[קְבֻרָה], and (4 t.) קְבוּרָה n.f. grave, burial
s.ah.ae		קֳבַתַהּ		קֳבַתַהּ v. קֵבָה
s.ai.aa	H6915	קָדַד	root	[קָדַד] vb. bow down
s.aj.aa		קדד	root	קדד
s.aj.ab	H6936	קָדְקֹד		קָדְקֹד n.[m.] head, crown of head
s.aj.ac	H6916	קִדָּה		קִדָּה n.f. a spice, usu. cassia
s.ak.aa	H6919	קָדַח	root	[קָדַח] vb. be kindled, kindle
s.ak.ab	H6920	קַדַּ֫חַת		קַדַּ֫חַת n.f. fever;—Dt 28:22 Lv 26:16.
s.ak.ac	H0688	אֶקְדָּח		אֶקְדָּח n.[m.] perh. fiery glow, sparkle; Is 54:12 i.e. carbuncles (?)
s.al.aa		קדם	root	קדם
s.al.ab	H6924	קֶ֫דֶם		קֶ֫דֶם n.[m.] front, east, aforetime loc. front East; elsewh. מִקּ׳ = eastward temp., ancient time, aforetime: הַרְרֵי ק׳ Dt 33:15 ancient mts. בִּימֵי ק׳ ψ 44:2 in ancient days מִקּ׳ from of old ק׳ alone, as adv. anciently, of old beginning
s.al.ac	H6923	קָדַם		[קָדַם] vb. Pi. denom. come or be in front, meet
s.al.ad	H6924	קֵ֫דֶם		[קֵ֫דֶם], קֵ֫דְמָה adv. eastward, to, toward the E.
s.al.ae	H6927	קַדְמָה		[קַדְמָה] n.f. antiquity, former state;— antiquity, beginning former state cstr. sg. = conj. before (temp.)
s.al.af	H6926	קִדְמָה		[קִדְמָה] n.f. front, East
s.al.ag	H6929	קֵ֑דְמָה		קֵ֑דְמָה n.pr.m. son of Ishmael
s.al.ah	H6921	קָדִים		קָדִים 69 n.m. East, east wind
s.al.ai	H6917	קְדוּמִים		קְדוּמִים n.[m.]pl. only Ju 5:21, meaning dub.; AV ancient river (lit. of antiquity)
s.al.aj	H6930	קַדְמוֹן		[קַדְמוֹן] adj. eastern;—fs. Ez 47:8
s.al.ak	H6931	קַדְמֹנִי		קַדְמֹנִי adj. former, eastern
s.al.al	H6935	קַדְמֹנִי		קַדְמֹנִי adj.gent. (Easterners);—Gn 15:19
s.al.am	H6932	קְדֵמֹת		קְדֵמֹת n.pr.loc. in Reuben (Moab)
s.al.an	H6934	קַדְמִיאֵל		קַדְמִיאֵל n.pr.m. Levite name (Ēl is the ancient one)
s.al.ao		קָדְקֹד		קָדְקֹד v. קדד
s.am.aa	H6937	קָדַר	root	קָדַר vb. be dark (dull-coloured, cf. Ar. Arabic be dirty) Qal be dark Hiph. darken cause to mourn Hithp. and the heavens grew dark with clouds.
s.am.ab	H6940	קַדְרוּת		קַדְרוּת n.f. darkness, gloom;—Is 50:3
s.am.ac	H6941	קְדֹרַנִּית		קְדֹרַנִּית adv. as mourners;—Mal 3:14.
s.am.ad	H6938	קֵדָר		קֵדָר n.pr.gent. (swarthy? black-tented?) tribe of nomads in Arab. desert ancestor of 1, son of Ishmael
s.am.ae	H6939	קִדְרוֹן		קִדְרוֹן n.pr. of wady just E. of Jerusalem
s.an.aa		קדשׁ	root	קדשׁ
s.an.ab	H6944	קֹ֫דֶשׁ		קֹ֫דֶשׁ 469 n.m. apartness, sacredness
s.an.ac	H6918	קָדוֹשׁ		קָדוֹשׁ adj. sacred, holy
s.an.ad	H6942	קָדַשׁ		קָדַשׁ vb. denom. be set apart, consecrated Qal be set apart, consecrated, hallowed be hallowed, by contact with sacred things, and so tabooed from profane use, or forfeited to sancturay consecrated, tabooed (supr.) Niph. shew oneself sacred, majestic be honored or treated as sacred be consecrated, dedicated Pi. set apart as sacred, consecrate, dedicate observe as holy, keep sacred honor as sacred, hallow consecrate by purification Pu. consecrated, dedicated Hiph. set apart, consecrate regard or treat, as sacred, hallowed consecrate by purification Hithp. keep oneself apart from unclean things of God, cause himself to be hallowed be observed as holy consecrate oneself by purification, of priests and Levites
s.an.ae	H6945	קָדֵשׁ		קָדֵשׁ n.m. temple-prostitute (man); also f. קְדֵשָׁה (woman) = harlot
s.an.af	H6943	קֶ֫דֶשׁ		קֶ֫דֶשׁ n.pr.loc. (sanctuary) in Galilee city of refuge in Issachar in S. Judah
s.an.ag	H6946	קָדֵשׁ		קָדֵשׁ n.pr.loc. (sacred) in S. of Judah = ק׳ בַּרְנֵעַ Hittite capital on the Orontes, N. of Damascus, towards Hamath
s.an.ah	H4720	מִקְדָּשׁ		מִקְדָּשׁ 74 n.m. sacred place, sanctuary
s.ao.aa	H6949	קָהָה	root	[קָהָה] vb. be blunt, dull Qal (all of teeth) Pi. in sense of Qal: if the iron be blunt.
s.ao.ab	H5356	קֵהָיוֹן		[קֵהָיוֹן] n.[m.] bluntness;—rd. perh. cstr. Am 4:6
s.ap.aa		קהל	root	קהל
s.ap.ab	H6951	קָהָל		קָהָל 123 n.m. assembly, convocation, congregation
s.ap.ac	H6950	קָהַל		[קָהַל] vb. denom. assemble as a קָהָל Niph. assemble as a קָהָל Hiph. summon an assembly
s.ap.ad	H6952	קְהִלָּה		קְהִלָּה n.f. assembly, congregation
s.ap.ae	H6953	קֹהֶ֫לֶת		קֹהֶ֫לֶת, (קוֹהֶ֫לֶת) n.m. collector (of sentences), or (AV RV) preacher
s.ap.af	H6954	קְהֵלָ֫תָה		קְהֵלָ֫תָה n.pr. (assembly) station of Isr. in wilderness
s.ap.ag	H4721	מַקְהֵל		[מַקְהֵל] n.[m.] assembly, for worship, pl.: poss. choirs
s.ap.ah	H4722	מַקְהֵלֹת		מַקְהֵלֹת n.pr.loc. (place of assembly) station of Isr. in Exod.
s.ap.ai	H6955	קְהָת		קְהָת 30 n.pr.m. son of Levi
s.ap.aj	H6956	קְהָתִי		קְהָתִי adj.gent. of foreg. [s.ap.ai]. c. art. הַקּ׳ as subst. coll.
s.ap.ak	H6957	קַו		קַו mimicry of Isaiah's words, perh. senseless
s.ap.al		קַו		קַו v. קוה
s.ap.am	H6959	קוֹבַע		קוֹבַע n.[m.] helmet
s.ap.an		קוא		קוא מִקְוֵא v. מִקְוֶה sub. קוה
s.ap.ao	H4723	קֹוֶה		קֹוֶה, or קֹוֵא n.pr.terr. Ḳuë in Cilicia
s.aq.aa	H6960	קָוָה	root	[קָוָה] vb. wait for Qal those waiting for Pi. wait, or look eagerly, for lie in wait for wait (linger) for
s.aq.ab	H6957	קַו		קַו n.m. line
s.aq.ac	H6961	קוה		קוה n.m. Kt = II. קַו Qr
s.aq.ad	H6978	קַוְקָו		קַוְקָו (or קַוְקַו, קָוְקָו) n.[m.] might (?)
s.aq.ae	H4723	מִקְוֶה		מִקְוֶה n.[m.] hope
s.aq.af	H8615	תִּקְוָה		[תִּקְוָה] n.f. cord
s.aq.ag	H8615	תִּקְוָה		תִּקְוָה 34 n.f. hope hope = ground of hope things hoped for, outcome
s.aq.ah	H8445	תִּקְוָה		תִּקְוָה n.pr.m. (hope) father-in-law of Huldah post-ex. name
s.ar.aa	H6960	קָוָה	root	[קָוָה] vb. collect;—Niph. be collected
s.ar.ab	H4723	מִקְוֶה		[מִקְוֶה] n.[m.] collection, collected mass
s.ar.ac	H4724	מִקְוָה		מִקְוָה n.f. reservoir;—Is 22:11.
s.ar.ad		קוֹחַ		קוֹחַ v. פְּקַח־קוֹחַ
s.as.aa	H5354	קוּט	root	[קוּט] vb. feel a loathing Qal I felt a loathing at the generation. Niph. ye shall feel loathing against your faces (at yourselves) Hithpō‛l. id.
s.at.aa	H6990	קוֹט	root	[קוֹט] dub. vb.intrans., assumed mng. break, snap, to account for Jb 8:14
s.au.aa		קול	root	קול
s.au.ab	H6963	קוֹל		קוֹל 506 n.m. sound, voice
s.au.ac	H6964	קוֹלָיָה		קוֹלָיָה n.pr.m. (voice of י׳) father of proph. Ahab Benjamite Levite
s.av.aa	H6965	קוּם	root	קוּם 628 vb. arise, stand up, stand Qal 460 arise arise, in hostile sense (oft. with idea of suddenness) arise, abs., = become powerful arise = come on the scene, appear, of leader, prophet arise for, i.e. to become arise for action arise (out of inaction), introducing some specific deed esp. arise = start, make a move, to go somewhere stand Pi. fulfil confirm, ratify confirm, establish impose, an obligation Pō‛l. raise up Hithpō‛l. raise oneself, = rise up Hiph. 146cause to arise, raise raise, set up, stones erect, build fig, of setting up law raise up = bring on the scene raise up = rouse, stir up instigate, build fig, of setting up law raise up = constitute cause to stand Hoph. be raised up
s.av.ab	H6967	קוֹמָה		קוֹמָה, קֹמָה 45 n.f. height
s.av.ac	H7054	קָמָה		קָמָה n.f. standing grain
s.av.ad	H7009	קִים		[קִים] n.m. adversary (prop. uprising, insurgent);—sf. Jb 22:20
s.av.ae	H7012	קִימָה		[קִימָה] n.f. rising up;—sf. La 3:63
s.av.af	H7056	קָמוֹן		קָמוֹן n.pr.loc. Ju 10:5, in Gilead
s.av.ag	H6968	קוֹמְמִיּוּת		קוֹמְמִיּוּת n.f. uprightness;—only as adv. Lv 26:13 made you go upright, i.e. as freemen.
s.av.ah		אַלְקוּם		אַלְקוּם v.
s.av.ai	H3351	יְקוּם		יְקוּם n.[m.] substance, existence
s.av.aj	H3356	יָקִים		יָקִים n.pr.m. (he lifteth up) Benjamite Levite
s.av.ak	H8617	תְּקוּמָה		תְּקוּמָה n.f. standing, power to stand;—abs. Lv 26:37
s.av.al	H8618	תְּקוֹמֵם		[תְּקוֹמֵם], וּבִתְקוֹמְמֶיךָ ψ 139:21, v. √, Hithpō‛l.
s.av.am	H4725	מָקוֹם		מָקוֹם, מָקֹם 399 n.m. standing-place, place standing-place station, where soldiers are placed post, office place where a thing belongs esp. place of human abode of י׳’s abode place in gen. place, locality, spot space, room space, distance, between region, quarter, direction peculiar uses
s.av.an	H3359	יְקַמְיָה		יְקַמְיָה n.pr.m. in Judah
s.av.ao	H3360	יְקַמְעָם		יְקַמְעָם n.pr.m. a Levite
s.av.ap	H3361	יָקְמְעָם		יָקְמְעָם n.pr.loc. in N. Isr.
s.av.aq		קוֹנֵן		קוֹנֵן v. קין
s.av.ar	H6970	קוֹעַ		קוֹעַ n.pr.gent. named with Bab., Chald., Assyr., E. of Tigris, on border of Elam and Media
s.av.as	H6971	קוֹף		[קוֹף] n.[m.] ape
s.aw.aa		קוף	root	קוף
s.aw.ab	H8622	תְּקוּפָה		[תְּקוּפָה] n.f. coming round, circuit
s.ax.aa	H6973	קוּץ	root	[קוּץ] vb. feel a loathing, abhorrence, sickening dread Qal feel a loathing at, abhor feel a sickening dread Hiph. let us cause he sickening dread
s.ay.aa		קוץ	root	קוץ
s.ay.ab	H6975	קוֹץ		קוֹץ n.m. thornbush, thorn
s.ay.ac	H6976	קוֹץ		קוֹץ n.pr.m. name in Judah priest
s.ay.ad	H6977	קְוֻצּוֹת		[קְוֻצּוֹת] n.f.pl. locks of hair
s.az.aa	H6979	קוּר	root	[קוּר] vb. bore, dig
s.az.ab	H4726	מָקוֹר		מָקוֹר n.m. spring, fountain (app. orig. well) spring of water fig. of eye source of menstruous blood = flow of blood after child-birth
s.ba.aa		קור	root	קור
s.ba.ab	H6980	קוּר		[קוּר] n.m. thread, film;—pl. cstr. Is 59:5
s.ba.ac		קוֹרֵא		קוֹרֵא v. קרא
s.ba.ad		קוֹרָה		קוֹרָה v. קרה
s.bb.aa	H6983	קוּשׁ	root	[קוּשׁ] vb. lay bait, lure;—Qal Is 29:21
s.bb.ab	H6984	קוּשָׁיָ֫הוּ		קוּשָׁיָ֫הוּ n.pr.m. Levite
s.bb.ac		קַח		קַח קָח קַחַת v. לקח
s.bb.ad	H6985	קָ֔ט		קָ֔ט Ez 16:47, dub.; only
s.bc.aa		קטב	root	קטב
s.bc.ab	H6986	קֶ֫טֶב		קֶ֫טֶב, [קֹ֫טֶב] n.m. destruction
s.bd.aa	H6991	קָטַל	root	[קָטַל] vb. slay (poet. and late)
s.bd.ab	H6993	קֶ֫טֶל		[קֶ֫טֶל] n.[m.] slaughter
s.be.aa	H6994	קָטֹן	root	[קָטֹן] n.[m.] be small, insignificant Qal I am too insignificant for all the kindness Hiph. making ephah small.
s.be.ab	H6996	קָטָן		קָטָן adj. small, young, unimportant
s.be.ac	H6997	קָטָן		קָטָן n.pr.m. (the small);—post-ex. name Ezr 8:12
s.be.ad	H6996	קָטֹן		קָטֹן 64 adj. small, insignificant
s.be.ae	H6995	קְטֹן		[קְטֹן] n.m. little (finger)
s.bf.aa	H6998	קָטַף	root	[קָטַף] vb. pluck off (twigs, etc.), or out Qal he [i.e. eagle, in fig.] plucked off twigs Niph. it is not plucked off.
s.bg.aa		קטר	root	קטר
s.bg.ab	H7008	קִיטוֹר		קִיטוֹר n.m. thick smoke
s.bg.ac	H6988	קְטוֹרָה		קְטוֹרָה n.m. smoke of sacrifice;—abs. Dt 33:10
s.bg.ad	H6989	קְטוּרָה		קְטוּרָה n.pr.f. a wife of Abraham, after Sarah's death
s.bg.ae	H7004	קְטֹ֫רֶת		קְטֹ֫רֶת 60 n.f. smoke, odour of (burning) sacrifice, incense
s.bg.af	H6999	קָטַר		[קָטַר] 116 vb. denom. Pi. Hiph. make sacrifices smoke, send them up in smoke Pi. make sacrifices smoke, offer them by burning Pu. fumigated with myrrh Hiph. make sacrifices smoke cause incense to smoke, offer incense make smoke upon Hoph. be made to smoke as a sacrifice
s.bg.ag	H7002	קִטֵּר		קִטֵּר n.f. incense;—Je 44:21
s.bg.ah	H4729	מַקְטֵר		[מַקְטֵר, מִקְטָר] n.m. place of sacrificial smoke;—cstr. Ex 30:1
s.bg.ai	H6999	מֻקְטָר		מֻקְטָר n.m. incense;—abs. Mal 1:11
s.bg.aj	H4730	מִקְטֶ֫רֶת		מִקְטֶ֫רֶת n.f. censer
s.bg.ak	H6999	מְקַטֵרָה		[מְקַטֵרָה] n.f. incense-altar;—pl. abs. 2 Ch 30:14.
s.bh.aa	H7000	קָטַר	root	[קָטַר] vb. dubious word; si vera l. appar. = shut in, enclose (𝔗 קְטַר, Syr. Syriac bind, Syriac chain);— Qal Pt. pass. pl. חֲצֵרוֹת קְטֻרוֹת Ez 46:22 enclosed courts (cf. interpr. in Levy NHWB, and Syriac PS 3589), but rd. prob. קְטַנּוֹת small, 𝔊 𝔖 Co Toy Berthol Krae.
s.bh.ab	H7003	קִטְרוֹן		קִטְרוֹן n.pr.loc. in Zebulun
s.bh.ac	H7005	קַטָּת		קַטָּת n.pr.loc. in Zebulun Jos 19:15
s.bi.aa	H6958	קִיא	root	[קִיא] vb. vomit up, spue out, disgorge Qal but Hiph. all vomit up
s.bi.ab	H6892	קֵא		[קֵא] n.[m.] what is vomited up, vomit;—sf. Pr 26:11 (of dog).
s.bi.ac	H6892	קִיא		קִיא n.m. id. [s.bi.ab]
s.bj.aa	H7006	קָיַה	root	[קָיַה] vb. vomit;—Qal Je 25:27 Qr
s.bj.ab		קִיטוֹר		קִיטוֹר v. קטר
s.bj.ac		קִים		קִים קִימָה v. קום
s.bj.ad		קִימוֹשׁ		קִימוֹשׁ v. קִמּוֹשׂ
s.bk.aa		קין	root	קין
s.bk.ab	H7013	קַ֫יִן		[קַ֫יִן] n.[m.] spear
s.bk.ac	H7014	קַ֫יִן		קַ֫יִן n.pr. gent. tribe of Moses’ father-in-law loc. in S. Judah
s.bk.ad	H7016	קִינָה		קִינָה n.pr.loc. in S. Judah Jos 15:22
s.bk.ae	H7014	קַ֫יִן		קַ֫יִן n.pr.m. Cain, eldest son of Adam and Eve
s.bk.af	H7017	קֵינִי		קֵינִי adj.gent. (dwelling in N. Isr.); elsewhere as n.gent.coll. settled among Amal.
s.bk.ag	H7018	קֵינָן		קֵינָן n.pr.m. a Sethite
s.bk.ah	H7015	קִינָה		קִינָה n.f. elegy, dirge
s.bk.ai	H6969	קִינֵן		[קִינֵן] vb. denom. Pō‛l. chant a קִינָה
s.bl.aa	H6974	קִיץ	root	[קִיץ] vb. Hiph. awake
s.bm.aa	H6972	קיץ	root	קיץ (√ of foll. [s.bm.ab] summer).
s.bm.ab	H7019	קַ֫יִץ		קַ֫יִץ n.m. summer, summer-fruit
s.bm.ac		קִיצוֹן		קִיצוֹן v. קצץ
s.bm.ad	H7021	קִיקָיוֹן		קִיקָיוֹן n.m. a plant;—usu. ricinus; perh. < bottle-gourd
s.bm.ae		קִיקָלוֹן		קִיקָלוֹן v. קלל
s.bm.af	H7023	קִיר		קִיר 74 n.m. wall (√ unknown)
s.bm.ag	H7024	קִיר		קִיר in n.pr.loc. of Moabite cities
s.bm.ah	H7024	קִיר		קִיר n.pr.terr. et gent. orig. house of Aram
s.bm.ai		קֵירֹס		קֵירֹס v. קֵרֹס
s.bm.aj	H7027	קִישׁ		קִישׁ n.pr.m. father of Saul Levites ancestor of Mordecai
s.bm.ak	H7028	קִישׁוֹן		קִישׁוֹן n.pr. of wady running NW. through plain of Megiddo (Esdraelon)
s.bm.al		קִישִׁי		קִישִׁי v. קוּשְׁיָהוּ sub. קושׁ
s.bm.am		קַל		קַל קֹל v. קלל
s.bm.an		קֹל		קֹל v. קול
s.bm.ao		קלהּ		קלהּ קָלַהּ v. קהל
s.bn.aa	H7033	קָלָה	root	[קָלָה] vb. roast, parch Qal he roasted them with fire; grain parched with fire Niph. my loins are filled with burning
s.bn.ab	H7039	קָלִי		קָלִי n.m. parched grain, a common food
s.bo.aa	H7034	קָלָה	root	[קָלָה] vb. Niph. be lightly esteemed, dishonoured Hiph. treat with contempt, dishonour
s.bo.ab	H7036	קָלוֹן		קָלוֹן n.m. ignominy, dishonour
s.bo.ac	H7037	קַלַּ֫חַת		קַלַּ֫חַת n.f. caldron
s.bp.aa		קלט	root	קלט
s.bp.ab	H4733	מִקְלָט		מִקְלָט n.[m.] refuge, asylum
s.bq.aa	H7038	קָלַט	root	[קָלַט] vb. be stunted (prop. be drawn in ?);—Qal Lv 22:23
s.bq.ab	H7042	קְלִיטָא		קְלִיטָא n.pr.m. Levite
s.bq.ac		קָלִי(א)		קָלִי(א) v. קלה
s.bq.ad		קַלַּי		קַלַּי v. קלל
s.bq.ae		קֵלָיָה		קֵלָיָה v. קְלִיטָא
s.br.aa	H7043	קָלַל	root	[קָלַל] 82 vb. be slight, swift, trifling Qal be slight, of water, be abated be swift trifling, i.e. of little account Niph. shew oneself swift appear trifling be lightly esteemed Pi. curse (prop. make contemptible) Pu. be cursed Hiph. make light, lighten treat with contempt Pilp. shake (peculiarly) whet Hithpalp. reflex. of 1: hills shook themselves
s.br.ab	H7031	קַל		קַל adj. light, swift fleet
s.br.ac	H6963	קֹל		קֹל n.[m.] lightness, frivolity;—Je 3:9
s.br.ad	H7044	קָלָל		קָלָל adj. burnished (fr. light, quick movement of rubbing ?)
s.br.ae	H7045	קְלָלָה		קְלָלָה 33 n.f. curse
s.br.af	H7040	קַלַּי		קַלַּי n.pr.m. priest Ne 12:20
s.br.ag	H7052	קְלֹקֵל		קְלֹקֵל adj. contemptible, worthless;—Nu 21:5 (J E).
s.br.ah	H7022	קִיקָלוֹן		קִיקָלוֹן n.[m.] disgrace;—Hb 2:16
s.bs.aa	H7046	קָלַס	root	[קָלַס] vb. mock, scoff Pi. to scoff at hire Hithp. mock, deride
s.bs.ab	H7047	קֶ֫לֶס		קֶ֫לֶס n.[m.] derision, i.e., object of it
s.bs.ac	H7048	קַלָּסָה		קַלָּסָה n.f. id. [s.bs.ab], ∥ id.;—Ez 22:4.
s.bt.aa	H7049	קָלַע	root	[קָלַע] vb. sling, hurl forth Qal one slinging (with) a stone at a hair Pi. and he slang (sc. the stone)
s.bt.ab	H7050	קֶ֫לַע		קֶ֫לַע n.[m.] sling
s.bt.ac	H7051	קַלָּע		[קַלָּע] n.m. slinger;—pl. 2 K 3:25.
s.bt.ad	H7050	קֶ֫לַע		[קֶ֫לַע] 15 n.[m.] curtain, hanging (P)
s.bu.aa	H7049	קָלַע	root	קָלַע vb. carve
s.bu.ab	H4734	מִקְלַ֫עַת		מִקְלַ֫עַת n.f. carving
s.bu.ac		קְלֹקֵל		קְלֹקֵל v. קלל
s.bu.ad	H7053	קִלְּשׁוֹן		קִלְּשׁוֹן doubtful word 1 S 13:21 (poss. would be fine point)
s.bu.ae		קָמָה		קָמָה v. קום
s.bu.af	H7055	קְמוּאֵל		קְמוּאֵל n.pr.m. son of Nahor Ephraimite Levite
s.bu.ag		קָמוֹן		קָמוֹן v. קום
s.bv.aa		קמח	root	קמח
s.bv.ab	H7058	קֶ֫מַח		קֶ֫מַח n.[m.] flour, meal
s.bw.aa	H7059	קָמַט	root	[קָמַט] vb. seize Qal and thou didst seize me. Pu. be snatched (untimely)
s.bx.aa	H7060	קָמֵל	root	[קָמֵל] vb. be decayed (be mouldy, decay)
s.by.aa	H7061	קָמַץ	root	קָמַץ vb. enclose with the hand, grasp
s.by.ab	H7062	קֹ֫מֶץ		[קֹ֫מֶץ] n.[m.] closed hand, fist
s.bz.aa		ומשׂ	root	ומשׂ
s.bz.ab	H7057	קִמּוֹשׂ		קִמּוֹשׂ n.m. coll. thistles or nettles
s.bz.ac		קֵן		קֵן v. קנן
s.ca.aa		קנא	root	קנא
s.ca.ab	H7068	קִנְאָה		קִנְאָה n.f. ardour, zeal, jealousy
s.ca.ac	H7065	קָנָא		[קָנָא] vb. denom. Pi. be jealous, zealous be jealous of be envious of be zealous for excite to jealous anger Hiph. provoke to jealous anger
s.ca.ad	H7067	קַנָּא		קַנָּא adj. jealous;—only of God
s.ca.ae	H7072	קַנּוֹא		קַנּוֹא adj. id. [s.ca.ad];—
s.cb.aa	H7069	קָנָה	root	קָנָה 84 vb. get, acquire Qal 81 get, acquire (all poet.) elsewhere buy Niph. be bought Hiph. caused (one) to purchase me, i.e. made me a bondman
s.cb.ab	H7075	קִנְיָן		קִנְיָן n.[m.] thing got or acquired, acquisition
s.cb.ac	H4735	מִקְנֶה		מִקְנֶה 76 n.m. cattle
s.cb.ad	H4736	מִקְנָה		מִקְנָה n.f. purchase purchase purchase-price possession (gained by purchase)
s.cb.ae	H4737	מִקְנֵיָ֫הוּ		מִקְנֵיָ֫הוּ n.pr.m. (possession of י׳);—Levit. musician
s.cc.aa		קנה	root	קנה
s.cc.ab	H7070	קָנֶה		קָנֶה 62 n.m. stalk, reed stalk of grain water-plant, reed calamus, aromatic reed derived meanings: measuring-rod unit of measure, reed (of 6 cubits) beam of scales, for scales themselves shaft of lamp-stand branches thereof shoulder-joint
s.cc.ac	H7071	קָנָה		קָנָה n.pr. of wady between Ephr. and Manass. loc. in Asher
s.cc.ad	H7073	קְנַז		קְנַז n.pr.m. in Edom: son of Eliphaz, and father of Othniel
s.cc.ae	H7074	קְנִזִּי		קְנִזִּי adj.gent. of Caleb; as n.coll.
s.cc.af		קֵנִי		קֵנִי v. קֵינִי
s.cc.ag	H7076	קִנָּמוֹן		קִנָּמוֹן n.m. cinnamon (prob. foreign wd., coming with the thing from remote E.)
s.cd.aa		קנן	root	קנן
s.cd.ab	H7064	קֵן		קֵן n.m. nest nest, of bird cells, like nests, in Noah’s ark
s.cd.ac	H7077	קִנֵּן		[קִנֵּן] vb. denom. Pi. make a nest, nest Pu. (thou) who art nested in the cedars (fig.).
s.ce.aa		קנץ	root	קנץ
s.ce.ab	H7078	קֵ֫נֶץ		[קֵ֫נֶץ] n.[m.] snare, net;—pl. cstr. Jb 18:2
s.ce.ac	H7079	קְנָת		קְנָת n.pr.loc. E. of Jordan
s.cf.aa		קסם	root	קסם
s.cf.ab	H7081	קֶ֫סֶם		קֶ֫סֶם n.[m.] divination of the nations of false prophet in good sense
s.cf.ac	H7080	קָסַם		[קָסַם] vb. denom. practise divination
s.cf.ad	H4738	מִקְסָם		[מִקְסָם] n.[m.] divination
s.cg.aa	H7082	קָסַס	root	[קָסַס] vb. Pō‛. strip off (so context requires; verb otherwise unknown);—Ez 17:9
s.cg.ab		קֶ֫סֶת		קֶ֫סֶת v. קשׂה
s.cg.ac	H7084	קְעִילָה		קְעִילָה 18 n.pr.loc. in Judah, toward Philistines
s.ch.aa		קעקע	root	קעקע
s.ch.ab	H7085	קַעֲקַע		קַעֲקַע n.[m.] incision, imprintment, tattoo; Lv 19:28 (H)
s.ci.aa		קער	root	קער
s.ci.ab	H7086	קְעָרָה		קְעָרָה 17 n.f. dish, platter (P)
s.ci.ac	H8258	שְׁקַעֲרוּרָה		[שְׁקַעֲרוּרָה] n.f. depression, hollow;—pl. Lv 14:37 in wall.
s.cj.aa	H7087	קָפָא	root	[קָפָא] vb. thicken, condense, congeal Qal the deeps were condensed, became firm walls Hiph. didst thou not curdle me like cheese
s.cj.ab	H7087	קִפָּאוֹן		קִפָּאוֹן n.[m.] congelation;—Zc 14:6 Qr
s.ck.aa	H7088	קָפַד	root	[קָפַד] vb. Pi. gather together, roll up;—Is 38:12
s.ck.ab	H7090	קִפֹּד		קִפֹּד n.[m.] porcupine (fr. rolling itself together)
s.ck.ac	H7089	קְפָדָה		[קְפָדָה] n.[f.] shuddering;—abs. Ez 7:25
s.cl.aa		קפז	root	קפז
s.cl.ab	H7091	קִפּוֹז		קִפּוֹז n.f. arrow-snake;—Is 34:15
s.cm.aa	H7092	קָפַץ	root	קָפַץ vb. draw together, shut Qal shut Niph. they drew themselves together, of contraction in death Pi. springing (i.e. making repeated contractions of body, in taking leaps) upon the hills
s.cm.ab		קֵץ		קֵץ v. קצץ
s.cn.aa	H7094	קָצַב	root	[קָצַב] vb. cut off, shear (?)
s.cn.ab	H7095	קֶ֫צֶב		קֶ֫צֶב n.m. 1. cut, shape; 2. extremity
s.co.aa	H7096	קָצָה	root	[קָצָה] vb. cut off Qal cutting off many peoples Pi. to cut off in Israel Hiph. scrape, scrape off
s.co.ab	H7097	קָצֶה		קָצֶה 92 n.[m.] end, extremity
s.co.ac	H7098	קָצָה		קָצָה n.f. et (pl.) m. end
s.co.ad	H7097	קֵ֫צֶה		קֵ֫צֶה n.[m.] end
s.co.ae	H7099	קָ֫צוּ		[קָ֫צוּ] n.[m.] end, boundary
s.co.af	H7117	קְצָת		קְצָת n.f. end end, of corners of grating; ends of earth (some) from the ends of, some of at the end of a certain time
s.cp.aa		קצה	root	קצה
s.cp.ab	H7101	קָצִין		קָצִין n.m. chief, ruler chief, commander, in war dictator more gen., ruled, man in authority
s.cp.ac		קְצָוֹת		קְצָוֹת v. קָצָת
s.cq.aa		קצח	root	קצח
s.cq.ab	H7100	קֶ֫צַח		קֶ֫צַח n.m. black cumin;—plant with small black acrid seeds, used as condiment
s.cr.aa	H7106	קָצַע	root	קָצַע vb. scrape, scrape off;—Hiph. Lv 14:41.
s.cr.ab	H7102	קְצִיעָה		[קְצִיעָה] n.f. cassia, a powdered bark, like cinnamon;—pl. ψ 45:9
s.cr.ac	H7103	קְצִיעָה		קְצִיעָה n.pr.f. (cassia, fr. fragrance);—Job’s second daughter Jb 42:14
s.cr.ad	H4741	מַקְצֻעָה		[מַקְצֻעָה] n.[f.] scraping tool, used in fashioning idols;—pl. Is 44:13.
s.cs.aa		קצע	root	קצע
s.cs.ab	H4740	מִקְצֹעַ		מִקְצֹעַ n.m. place of corner-structure, (inner) corner-buttress (as (place of) cutting off of an inner angle if √ rightly expl.)
s.cs.ac	H7106	קָצַע		קָצַע vb. denom. Hoph. cornered, set in corners
s.ct.aa	H7107	קָצַף	root	קָצַף vb. be wroth Qal be wroth Hiph. provoke to wrath Hithp. put oneself in a rage
s.ct.ab	H7110	קֶ֫צֶף		קֶ֫צֶף n.m. wrath
s.cu.aa		קצף	root	קצף
s.cu.ab	H7111	קְצָפָה		קְצָפָה n.f. a snapping or splintering;—Jo 1:7
s.cu.ac	H7110	קֶ֫צֶף		קֶ֫צֶף n.[m.] prob. splinter;—only Ho 10:7
s.cv.aa	H7112	קָצַץ	root	[קָצַץ] vb. cut off Qal consec. Pi. cut of hew off Pu. hewn off
s.cv.ab	H7093	קֵץ		קֵץ 68 n.m. end end, usu. of time, esp. in phr. מִקֵּץ at the end of a definite time end, in space
s.cv.ac	H7104	קְצִיץ		קְצִיץ n.pr.loc. in Benj., Jos 18:21
s.cv.ad	H7020	קִיצוֹן		[קִיצוֹן] adj. at the end, outermost
s.cw.aa	H7114	קָצֵר	root	[קָצֵר], I. קָצַר vb. be short Qal be short Pi. shorten Hiph. id.
s.cw.ab	H7116	קָצֵר		[קָצֵר] adj. short
s.cw.ac	H7115	קֹ֫צֶר		קֹ֫צֶר n.[m.] shortness;—cstr. Ex 6:9 (P) = impatience.
s.cx.aa	H7114	קָצַר	root	[קָצַר] vb. reap, harvest Qal reap Hiph. Jb 24:6 Kt
s.cx.ab	H7105	קָצִיר		קָצִיר n.m. harvesting, harvest process of harvesting what is reaped, harvested, crop time of harvest
s.cx.ac	H7105	קָצִיר		קָצִיר n.m. usually coll., boughs, branches
s.cx.ad		קְצָת		קְצָת v. קצה
s.cx.ae		קַר		קַר קֹר v. קרר
s.cx.af		קִר		קִר v. קִיר
s.cy.aa	H7121	קָרָא	root	קָרָא 724 vb. call, proclaim, read Qal call, cry, utter a loud sound call, cry call unto some one cry for help proclaim read aloud read to oneself summon call = name Niph. reflex. pass. be called Pu. be called
s.cy.ab	H7124	קֹרֵא		קֹרֵא n.m. usu. partridge (fr. calling)
s.cy.ac	H6981	קוֹרֵא		קוֹרֵא n.pr.m. Levites
s.cy.ad	H7148	קָרִיא		[קָרִיא] adj. called, summoned
s.cy.ae	H7150	קְרִיאָה		קְרִיאָה n.f. proclamation;—Jon 3:2.
s.cy.af	H4744	מִקְרָא		מִקְרָא 28 n.m. convocation, convoking, reading
s.cz.aa	H7122	קָרָא	root	[קָרָא] 137 vb. encounter, befall Qal 131 meet, encounter fig. befall Niph. meet unexpectedly Hiph. thou didst cause all this evil to befall them
s.cz.ab		קְרַאת		קְרַאת לִקְרַאת קִרְאָה v. קרא
s.da.aa	H7126	קָרֵב	root	[קָרֵב], קָרַב 279 vb. come near, approach Qal 93 approach Niph. he shall be brought unto God Pi. cause to approach, bring near Hiph. 177 bring near, bring, present of time as term techn. (c. 158 t.), chiefly Ez HP, bring near, of presenting, dedicating, or offering to י׳
s.da.ab	H7131	קָרֵב		קָרֵב adj.vb. approaching
s.da.ac	H7128	קְרָב		קְרָב n.[m.] battle, war (hostile approach)
s.da.ad	H7132	קִרְבָה		[קִרְבָה] n.f. approach
s.da.ae	H7138	קָרֹב		קָרֹב, קָרוֹב 78 adj. near;— of city, the nearest of pers.: the nearest to; his neighbour. abs. of near relationship near to י׳ near to י׳ in ceremon. function of God (י׳) of word of time
s.da.af	H7133	קָרְבָּן		קָרְבָּן 80 n.m. offering, oblation
s.da.ag	H7133	קֻרְבָּן		[קֻרְבָּן] n.[m.] offering
s.db.aa		קרב	root	קרב
s.db.ab	H7130	קֶ֫רֶב		קֶ֫רֶב 227 n.[m.] inward part, midst
s.db.ac	H7134	קַרְדֹּם		[קַרְדֹּם] n.[m.] axe
s.db.ad		קָרָה		קָרָה v. קרר
s.dc.aa	H7136	קָרָה	root	[קָרָה] vb. encounter, meet, befall Qal encounter, meet befall Niph. encounter, meet without pre-arrangement chance to be present Hiph. of י׳, cause (the right thing, good fortune) to occur of Israel, ye shall (cause cities to occur rightly for yourselves, i.e.) select cities as suitable.
s.dc.ab	H7137	קָרֶה		[קָרֶה] n.[m.] chance, accident
s.dc.ac	H7147	קְרִי		[קְרִי] n.[m.] opposition, contrariness
s.dc.ad	H4745	מִקְרֶה		מִקְרֶה n.m. accident, chance, fortune accident, chance in Ec, fortune, fate
s.dc.ae	H6982	קוֹרָה		קוֹרָה n.f. rafter, beam (prop. a thing meeting, fitting into, another)
s.dc.af	H7136	קָרָה		[קָרָה] vb. denom. Pi. lay the beams of, furnish with beams
s.dc.ag	H4746	מְקָרֶה		מְקָרֶה n.[m.] beam-work;—Ec 10:18.
s.dc.ah	H7151	קִרְיָה		קִרְיָה n.f. town, city
s.dc.ai		קִרְיַת		קִרְיַת v. קִרְיַת יְעָרִים
s.dc.aj	H7156	קִרְיָתַ֫יִם		קִרְיָתַ֫יִם n.pr.loc. (perh. double city) in Moab Levit. city in Naphtali
s.dc.ak	H0704	קִרְיַת אַרְבַּע		קִרְיַת אַרְבַּע n.pr.loc. older name of Hebron (prob. = fourfold city)
s.dc.al		קִרְיַת בַּעַל		קִרְיַת בַּעַל v. קִרְיַת יְעָרִים
s.dc.am	H7155	קִרְיַת חֻצוֹת		קִרְיַת חֻצוֹת n.pr.loc. in Moab, Nu 22:39, site unknown.
s.dc.an	H7154	קִרְיַת יְעָרִים		קִרְיַת יְעָרִים n.pr.loc. (city of forests);—city of the Gibeonites, assigned to Judah, on border of Benj.; called also קִרְיַת בַּעַל
s.dc.ao		קִרְיַת־סַנָּה		קִרְיַת־סַנָּה v.
s.dc.ap		ק׳ עָרִים		ק׳ עָרִים v.
s.dc.aq	H7158	קִרְיַת־סֵ֫פֶר		קִרְיַת־סֵ֫פֶר n.pr.loc. in S. Judah
s.dc.ar	H7176	קֶ֫רֶת		[קֶ֫רֶת] n.f. town, city
s.dc.as	H7177	קַרְתָּה		קַרְתָּה n.pr.loc. Levit. city in Zebulun Jos 21:34, site unknown.
s.dc.at		קַרְתָּן		קַרְתָּן v. קִרְיָתַיִם
s.dc.au	H7152	קְרִיּוֹת		קְרִיּוֹת n.pr.loc. in Judah in Moab
s.dd.aa	H7139	קָרַח	root	קָרַח vb. make bald, or a baldness, usu. (by mourners) for the dead Qal make a baldness … for. Niph. men shall not make themselves bald for them. Hiph. and they shall make a baldness for thee. Hoph. every head made bald (by carrying load).
s.dd.ab	H7142	קֵרֵחַ		קֵרֵחַ adj. bald;—Lv 13:40; n.m. 2 K 2:23, 23.
s.dd.ac	H7144	קָרְחָה		קָרְחָה n.f. baldness, bald spot, made as sign of mourning
s.dd.ad	H7146	קָרַ֫חַת		קָרַ֫חַת n.f. baldness of head
s.dd.ae	H7143	קָרֵחַ		קָרֵחַ 14 n.pr.m. in Judah (bald one)
s.dd.af	H7141	קֹ֫רַח		קֹ֫רַח 37 n.pr.m. (baldness?) Edomite name Levite, rebel ag. Moses a ‘son’ of Hebron, i.e. Judahite clan
s.dd.ag	H7145	קָרְחִי		קָרְחִי adj.gent. of קֹרַח
s.de.aa		קרח	root	קרח
s.de.ab	H7140	קֶ֫רַח		קֶ֫רַח n.m. frost, ice
s.de.ac		קְרִי		קְרִי קִרְיָה קִרְיַת קְרִיּוֹת v. קרה
s.df.aa	H7159	קָרַם	root	[קָרַם] vb. spread or lay something over Qal I will spread skin over you (i.e. dry bones)
s.dg.aa		קרן	root	קרן
s.dg.ab	H7161	קֶ֫רֶן		קֶ֫רֶן 75 n.f. horn of ram used as oil-flask as wind instr. (from curved shape of tusks) fig. of pers., symbol of strength of altar, horn-like projections at corners hill (so in Ar., peak, isolated hill) rays at his side(s) he had (of lightning-flashes in theoph.)
s.dg.ac	H7160	קָרַן		קָרַן vb. Qal denom. of קֶרֶן 5, send out rays. Hiph. denom. of קֶרֶן 1a, display (grow) horns (be fully developed)
s.dg.ad	H7163	קֶרֶן הַפּוּךְ		קֶרֶן הַפּוּךְ n.pr.f. (horn of antimony, i.e beautifier);—Job’s third daughter Jb 42:14.
s.dg.ae	H7161	קַרְנַ֫יִם		קַרְנַ֫יִם n.pr.loc. conquered by Isr.; prob. in Bashan
s.dh.aa	H7164	קָרַס	root	[קָרַס] vb. bend down, stoop, crouch
s.dh.ab	H7165	קֶ֫רֶס		[קֶ֫רֶס] n.[m.] hook, on edge of curtains of tabern., matching the loops
s.dh.ac	H7166	קַרְסֹל		[קַרְסֹל] n.[f.] ankle
s.dh.ad	H7026	קֵרֹס		קֵרֹס n.pr.m. post-ex.
s.di.aa	H7167	קָרַע	root	קָרַע 63 vb. tear Qal tear, rend usu. (39 t.) of rending garment tear away or out tear away sovereignty (under fig. of garment) tear, rend asunder book = make wide, large rend open heavens, and descend tear, rend, of wild beasts Niph. be rent, of garments; be rent, split asunder, of altar
s.di.ab	H7168	קֶ֫רַע		[קֶ֫רַע] n.m. torn piece of garment, rag
s.dj.aa	H7169	קָרַץ	root	[קָרַץ] vb. nip, pinch Qal let them not pinch the eye, i.e. wink maliciously Pu. from clay I was nipped off
s.dj.ab	H7171	קֶ֫רֶץ		קֶ֫רֶץ n.m. dub. word, appar. nipping, concr. nipper; Je 46:20
s.dj.ac	H7172	קַרְקַע		קַרְקַע n.[m.] floor
s.dj.ad	H7173	קַרְקַע		קַרְקַע n.pr.loc. (floor);—c. art. loc., Jos 15:3, on extreme S. border of Judah
s.dj.ae	H7174	קַרְקֹר		קַרְקֹר n.pr.loc. E. of Jordan, Ju 8:10, site unknown
s.dj.af		קַרְקַר		קַרְקַר קוּר v. קָרְקֹר
s.dk.aa	H6979	קָרַר	root	[קָרַר] vb. be cold;—Hiph. make or keep cool
s.dk.ab	H7119	קַר		קַר adj. cool
s.dk.ac	H7120	קֹר		קֹר n.[m.] cold;—abs. Gn 8:22
s.dk.ad	H7135	קָרָה		קָרָה n.f. id. [s.dk.ac]
s.dk.ae	H4747	מְקֵרָה		מְקֵרָה n.f. coolness
s.dl.aa	H6979	קָרַר	root	[קָרַר] vb. Pilp. tear down(?);—only Is 22:5
s.dm.aa		קרשׁ	root	קרשׁ
s.dm.ab	H7175	קֶ֫רֶשׁ		קֶ֫רֶשׁ 51 n.m. board, boards
s.dm.ac		קֶ֫רֶת		קֶ֫רֶת v. קרה
s.dn.aa		קשׂה	root	קשׂה
s.dn.ab	H7184	קַשְׂוָה		[קַשְׂוָה] n.f. a kind of jug, jar, utensil of tabern. and (Ch) temple
s.dn.ac	H7083	קֶ֫סֶת		קֶ֫סֶת n.[f.] pot (for ink), inkhorn
s.do.aa		קשׂט	root	קשׂט
s.do.ab	H7192	קְשִׂיטָה		קְשִׂיטָה n.f. unit of (unknown) value, perh. weight
s.dp.aa		קשׂשׂ	root	קשׂשׂ
s.dp.ab	H7193	קַשְׂקֶ֫שֶׂת		קַשְׂקֶ֫שֶׂת n.f. scale of fish, etc.
s.dp.ac		קַשׁ		קַשׁ v. קשׁשׁ
s.dq.aa		קשׁא	root	קשׁא
s.dq.ab	H7180	קִשֻּׁאָה		[קִשֻּׁאָה] n.f. cucumber;—pl. Nu 11:5.
s.dq.ac	H4750	מִקְשָׁה		מִקְשָׁה n.f. place, field, of cucumbers
s.dr.aa	H7181	קָשַׁב	root	[קָשַׁב] 46 vb. incline, attend, of ears Qal Is 32:3 Hiph. give attention
s.dr.ab	H7182	קֶ֫שֶׁב		קֶ֫שֶׁב n.m. attentiveness
s.dr.ac	H7183	קַשָּׁב		[קַשָּׁב] adj. attentive
s.dr.ad	H7183	קַשֻּׁב		[קַשֻּׁב] adj. id. [s.dr.ac]
s.ds.aa	H7185	קָשָׁה	root	[קָשָׁה] vb. be hard, severe, fierce Qal be hard, difficult be hard, severe Niph. hardly bestead, hard pressed Pi. she made hard in her bearing (had severe labour) Hiph. make difficult, difficulty make severe, burdensome, yoke imposed by king make hard, stiff, stubborn, fig. of obstinacy shew stubbornness
s.ds.ab	H7186	קָשֶׁה		קָשֶׁה adj. hard, severe
s.ds.ac	H7190	קְשִׁי		קְשִׁי n.[m.] stubbornness;—cstr. Dt 9:27.
s.ds.ad	H7191	קִשְׁיוֹן		קִשְׁיוֹן n.pr.loc. Levit. city in Issachar
s.dt.aa		קשׁה	root	קשׁה
s.dt.ab	H4748	מִקְשֶׁה		מִקְשֶׁה n.[m.] an artistic hair arrangement; ? turner's work, Is 3:24, so most.
s.dt.ac	H4749	מִקְשָׁה		מִקְשָׁה n.f. perhaps hammered work, only of metals (orig. turner’s work?)
s.du.aa	H7188	קָשַׁח	root	[קָשַׁח] vb. Hiph. 1. make hard. 2. treat hardly
s.du.ab	H7189	קֹ֫שֶׁט		קֹ֫שֶׁט n.[m.?] bow;—ψ 60:6
s.dv.aa		קשׁט	root	קשׁט
s.dv.ab	H7189	קֹשְׁטְ		קֹשְׁטְ n.m. truth;—Pr 22:21
s.dv.ac		קְשִׁי		קְשִׁי קִשְׁוֹן v. קשׁה
s.dw.aa	H7194	קָשַׁר	root	קָשַׁר vb. bind, league together, conspire Qal bind league together, conspire Niph. the life of Jonathan was bound up with the life of D. Pi. bind on (as ornament) bind fast Pu. = Qal 1 c. Hithp. conspire
s.dw.ab	H7195	קֶ֫שֶׁר		קֶ֫שֶׁר n.m. conspiracy
s.dw.ac	H7196	קִשֻּׁרִים		קִשֻּׁרִים n.[m.]pl. bands, sashes, or other woman's ornament that is bound on
s.dx.aa		קשׁשׁ	root	קשׁשׁ
s.dx.ab	H7179	קַשׁ		קַשׁ n.m. stubble, chaff
s.dx.ac	H7197	קָשַׁשׁ		[קָשַׁשׁ] vb. denom. Pō‛. gather stubble
s.dy.aa	H7197	קָשַׁשׁ	root	[קָשַׁשׁ] vb. denom. Pō‛. doubtful gather stubble, sticks
s.dy.ab	H7198	קֶ֫שֶׁת		קֶ֫שֶׁת n.f. bow bow rainbow
s.dy.ac	H7199	קַשָּׁת		קַשָּׁת n.m. bowman
t.aa.aa		ר	root	ר
t.aa.ab		רָאָה		רָאָה v. דָּאָה
t.ab.aa	H3070	רָאָה	root	רָאָה 1315 vb. see Qal 1141 see, subj. see, c. acc. rei see, sq. acc. cl. or phr. of closer design see, so as to learn to know abs. see, have (power of) vision see = perceive look at, see, by direct volition of mental observation c. ב, lit., look into, hence look at with interest see, c. acc. rei Niph. appear be seen be visible Pu. appar. his bones are not detected Hithp. recipr. look at each other Hiph. cause one to see something, shew cause to experience something cause to look intently at, to behold Hoph. be caused to see, be shewn be exhibited to
t.ab.ab	H7202	רָאֶה		[רָאֶה] adj. seeing, Jb 10:15
t.ab.ac	H7203	רֹאֶה		רֹאֶה n.[m.] seer
t.ab.ad	H7203	רֹאֶה		רֹאֶה n.[m.] prophetic vision Is 28:7
t.ab.ae	H7204	רֹאֶה		רֹאֶה n.pr.m. 1 Ch 2:52, v. רְאָיָה infr.
t.ab.af		רַאֲוָה		רַאֲוָה v.
t.ab.ag	H7212	רְאוּת		רְאוּת n.f. look; cstr. Ec 5:10 Qr
t.ab.ah	H7209	רְאִי		רְאִי n.m. mirror;—Jb 37:18
t.ab.ai	H7210	רֳאִי		רֳאִי n.[m.] looking, seeing, sight seeing appearance sight, (warning-)spectacle
t.ab.aj		ראית		ראית v. רְאוּת
t.ab.ak	H4759	מַרְאָה		מַרְאָה n.f. vision, as means of revelation
t.ab.al	H4759	מַרְאָה		[מַרְאָה] n.f. mirror Ex 38:8
t.ab.am	H4758	מַרְאֶה		מַרְאֶה 102 n.m. sight, appearance, vision sight, phenomenon, spectacle appearance appearance, sight, vision in gen. what is seen specif. a (supernat.) vision sight, vision = power of seeing (and enjoying), late
t.ab.an	H3376	יִרְאִיָּיה		יִרְאִיָּיה n.pr.m. (י׳ seeth);—officer, Jeremiah’s time
t.ab.ao	H7211	רְאָיָה		רְאָיָה n.pr.m. (י׳ hath seen) Judaite Reubenite post-ex. name
t.ab.ap	H7205	רְאוּבֵן		רְאוּבֵן 71 n.pr.m. Reuben eldest son of Jacob and Leah as name of clan or tribe
t.ab.aq	H7206	רְאוּבֵנִי		רְאוּבֵנִי adj.gent. of foreg. [רְאוּבֵן]
t.ab.ar		ראות		ראות רְאִי רֳאִי רְאָיָה רְאִית v. ראה
t.ab.as		רְאֵים		רְאֵים v. רְאֵם
t.ab.at		ראישׁון		ראישׁון v. רִאשׁוֹן
t.ac.aa	H7213	רָאַם	root	[רָאַם] vb. rise;—Qal Zc 14:10
t.ac.ab	H7214	רְאֵם		רְאֵם n.m. wild ox
t.ac.ac	H7208	רְאוּמָה		רְאוּמָה n.pr.f. concubine of Nahor Gn 22:24 (J)
t.ac.ad	H7215	רָאמוֹת		רָאמוֹת n.[f.pl.] usu. corals
t.ac.ae		רָֽאֲמָה		רָֽאֲמָה רָאמוֹת רָאמַת v. רום v. רמה
t.ac.af		רָאשׁ		רָאשׁ רֵאשׁ v. רושׁ
t.ad.aa	H7218	רֹאשׁ	root	רֹאשׁ 599 n.m. (c. 230 t.) head, of human being head, of animals top (88 t.) height, of stars head = chief (man) = chief (city) chief nation = chief (place, position) = chief priest = head of a family head = front, leader's place of time, beginning, of night watch of things, river-heads chief, choicest, best, of spices head = division of army, company, band = sum, esp. in phr. take sum of, enumerate other phr.
t.ad.ab	H7221	רִאשָׁה		[רִאשָׁה] n.f. beginning-time, early time;—pl. sf. Ez 36:11
t.ad.ac	H7222	רֹאשָׁה		רֹאשָׁה n.f. top;—Zc 4:7 i.e. the topmost stone.
t.ad.ad	H7223	רִאשׁוֹן		רִאשׁוֹן 182 adj. former, first, chief
t.ad.ae	H7224	רִאשֹׁנִי		[רִאשֹׁנִי] adj. first;—fs. Je 25:1
t.ad.af		רַאֲשׁוֹת		רַאֲשׁוֹת רַאֲשֹׁת v. מְרַאֲשׁוֹת
t.ad.ag	H7225	רֵאשִׁית		רֵאשִׁית n.f. beginning, chief beginning first first, chief
t.ad.ah		מָרֵאשָׁה		מָרֵאשָׁה מָרֵשָׁה v.
t.ad.ai	H4761	מְרַאֲשָׁוֹת		[מְרַאֲשָׁוֹת] n.[f.]pl. denom. place at the head, head-place
t.ad.aj	H7219	רֹאשׁ		רֹאשׁ and רוֹשׁ n.m. a bitter and poisonous herb, then venom, alw. fig.
t.ad.ak	H7220	רֹאשׁ		רֹאשׁ n.m. son of Benj.;—Gn 46:21
t.ad.al	H7218	רֹאשׁ		רֹאשׁ n.pr.gent. Rôsh
t.ad.am		רַב		רַב רֹב v. רבב
t.ad.an		רַב		רַב v. רבב
t.ad.ao		רִב		רִב v. ריב
t.ae.aa	H7231	רָבַב	root	[רָבַב] vb. be or become, many, much
t.ae.ab	H7227	רַב		רַב 429 adj. much, many, great (oft. opp. מְעַט) much: of substances esp. of collectives, numerous pl. many רַב as subst. coll. pers. cstr. = abounding in מִן comp. = more numerous than רַב = abundant, enough as adv. much, exceedingly less oft. great
t.ae.ac	H7227	רַב		רַב 49 n.m. chief
t.ae.ad	H7237	רַבָּה		רַבָּה n.pr.loc. Rabba (prop. great or populous, sc. city) capital of Ammonites city in Judah
t.ae.ae	H7230	רֹב		רֹב 151 n.m. multitude, abundance, greatness
t.ae.af	H7233	רְבָבָה		רְבָבָה n.f. multitude , myriad, ten thousand
t.ae.ag	H7239	רִבּוֹ		רִבּוֹ, רִבּוֹא n.f. ten thousand, myriad
t.ae.ah	H7245	רַבִּית		רַבִּית n.pr.loc. in Issachar;—Jos 19:20
t.ae.ai	H7241	רְבִיבִים		רְבִיבִים n.m. pl. copious showers, causing fertility
t.ae.aj	H3379	יָֽרָבְעָם		יָֽרָבְעָם 104 n.pr.m. Jeroboam 90 leader of revolt of N. Isr. (10th cent.), and first king son of Jehoash of N. Isr. (8th cent.) and 13th king
t.af.aa	H7232	רָבַב	root	[רָבַב] vb. shoot
t.af.ab	H7228	רַב		[רַב] n.m. archer
t.ag.aa		רבד	root	רבד
t.ag.ab	H7242	רָבִיד		רָבִיד n.[m.] chain, ornament for neck
t.ah.aa	H7234	רָבַד	root	[רָבַד] vb. be-spread, deck
t.ah.ab	H4765	מַרְבָד		[מַרְבָד] n.[m.] spread, coverlet
t.ai.aa	H7235	רָבָה	root	[רָבָה] 225 vb. be, or become, much, many, great Qal 59 become many, numerous be great grow great (Aramaism) Pi. 4 make large, increase Hiph. 162 make much or many make great, obj. pers.
t.ai.ab	H0697	אַרְבֶּה		אַרְבֶּה a kind of locust
t.ai.ac	H4766	מַרְבֶה		מַרְבֶה n.[m.] abundance increase(?)
t.ai.ad	H4767	מִרְבָּה		מִרְבָּה n.f. much;—only Ez 23:32
t.ai.ae	H4768	מַרְבִּית		מַרְבִּית n.f. increase, great number, greatness
t.ai.af	H8635	תַּרְבּוּת		תַּרְבּוּת n.f. increase, brood;—cstr. in Nu 32:14
t.ai.ag	H8636	תַּרְבִּית		תַּרְבִּית n.f. increment, interest, usury
t.aj.aa	H7235	רָבָה	root	[רָבָה] vb. shoot;—only Qal Gn 21:20
t.aj.ab		רַבָּה		רַבָּה רִבּוֹ(א) רַבִּית רְבִיבִים v. רבב
t.ak.aa	H7246	רָבַךְ	root	[רָבַךְ] vb. mix, stir;—Hoph.
t.ak.ab	H7247	רִבְלָה		רִבְלָה n.pr.loc. ר׳ in land of Hamath on NE. border of land of Isr.
t.ak.ac		רַב־מָ֑ג		רַב־מָ֑ג רַב־סָרִיס v. רַב
t.al.aa		רבע	root	רבע
t.al.ab	H0702	אַרְבַּע		אַרְבַּע, אַרְבָּעָה four
t.al.ac		אַרְבַּע		אַרְבַּע v. קִרְיַת א׳
t.al.ad	H0705	אַרְבָּעִים		אַרְבָּעִים a forty
t.al.ae	H7251	רָבַע		[רָבַע] vb. denom., only Pt. pass. squared, square;— Qal square Pu. square
t.al.af	H7253	רֶ֫בַע		רֶ֫בַע n.m. Ez 1:8 1. fourth part. 2. pl. four sides
t.al.ag	H7255	רֹ֫בַע		רֹ֫בַע n.[m.] fourth part
t.al.ah	H7243	רְבִיעִי		רְבִיעִי m., רְבִיעִית f., adj.num.ordin. fourth
t.al.ai	H7256	רִבֵּעַ		[רִבֵּעַ] adj. pertaining to the fourth (in a series)
t.am.aa	H7252	רָבַע	root	[רָבַע] vb. lie stretched out, lie down Qal my lying down Hiph. thy cattle thou shalt not cause to (let) lie down (i.e. breed) in two kinds.
t.am.ab	H7254	רֶ֫בַע		רֶ֫בַע n.m. a king of Midian
t.an.aa	H7257	רָבַץ	root	רָבַץ vb. stretch oneself out, lie down, lie stretched out Qal lie down, lie Hiph. cause to lie down, or lie
t.an.ab	H7258	רֵ֫בֶץ		רֵ֫בֶץ n.[m.] (place of) lying down, resting- or dwelling-place
t.an.ac	H4769	מַרְבֵּץ		מַרְבֵּץ n.[m.] id. [t.an.ab]
t.ao.aa		רבק	root	רבק
t.ao.ab	H4770	מַרְבֵּק		מַרְבֵּק n.[m.] stall (lit. tying-place)
t.ao.ac	H7259	רִבְקָה		רִבְקָה 30 n.pr.f. Rebekah, daughter of Bethuel and wife of Isaac
t.ao.ad		רַב־שָׁקֶה		רַב־שָׁקֶה v. רַב sub. רבב
t.ap.aa		רגב	root	רגב
t.ap.ab	H7263	רֶ֫גֶב		[רֶ֫גֶב] n.m. clod of earth
t.ap.ac		אַרְגָּב		אַרְגָּב
t.ap.ad	H0709	אַרְגֹּב		אַרְגֹּב n.pr. loc. = measured region of Argōb; some well-defined district of Bashan m. dub.
t.aq.aa	H7264	רָגַז	root	רָגַז vb. be agitated, quiver, quake, be excited, perturbed Qal quake Hiph. cause to quake, disquiet, enrage Hithp. excite oneself
t.aq.ab	H7267	רֹ֫גֶז		רֹ֫גֶז n.m. agitation, excitement, raging
t.aq.ac	H7269	רָגְזָה		רָגְזָה n.f. a quivering, quaking;—Ez 12:18
t.aq.ad	H7268	רַגָּז		רַגָּז adj. quivering, quaking;—Dt 28:65
t.aq.ae	H0712	אַרְגַּז		אַרְגַּז n.m. box, cheat, or like receptacle
t.ar.aa	H7272	רֶ֫גֶל	root	רֶ֫גֶל 247 n.f. foot foot three times (feet, paces)
t.ar.ab	H7270	רָגַל		רָגַל vb. denom. foot it, go about Qal go about (maliciously, as slanderer) Pi. slander go about as explorer, spy Tiph. I taught Ephr. to walk
t.ar.ac		רֹגֵל		רֹגֵל v. עֵין ר׳ sub. עַיִן
t.ar.ad	H7273	רַגְלִי		רַגְלִי adj. on foot;—(after num.) footmen, esp. foot-soldiers
t.ar.ae	H4772	מַרְגְּלוֹת		[מַרְגְּלוֹת] n.[f.]pl. place of the feet, feet
t.ar.af	H7274	רֹגְלִים		רֹגְלִים n.pr.loc. (place of fullers);—in Gilead
t.as.aa	H7275	רָגַם	root	[רָגַם] vb. stone, kill by stoning
t.as.ab	H7277	רִגְמָה		[רִגְמָה] n.f. heap (of stones, then) crowd (of people);—sf. ψ 68:28
t.as.ac	H4773	מַרְגֵּמָה		מַרְגֵּמָה n.f. sling (?; implement of hurling stone?; Thes al. stone-heap);—Pr 26:8
t.as.ad	H7276	רֶ֫גֶם		רֶ֫גֶם n.pr.m. 1 Ch 2:47
t.as.ae	H7278	רֶ֫גֶם מֶ֫לֶךְ		רֶ֫גֶם מֶ֫לֶךְ n.pr.m. exilic, Zc 7:2
t.at.aa	H5372	רָגַן	root	רָגַן vb. murmur, whisper murmur (rebelliously) Qal murmurers; Niph. and they murmured in their tents whisper (maliciously), backbite, slander: Niph. backbiter
t.au.aa	H7280	רָגַע	root	רָגַע vb. disturb Qal Hiph. denom. make a twinkilng
t.au.ab	H7281	רֶ֫גַע		רֶ֫גַע n.m. a moment
t.av.aa	H7280	רָגַע	root	רָגַע vb. be at rest, repose Niph. (of sword) be gathered into thy scabbard, repose, and be still. Hiph. trans. give rest to intrans. rest, repose
t.av.ab	H7282	רָגֵעַ		רָגֵעַ adj. restful, quiet ψ 35:20
t.av.ac	H4771	מַרְגּוֹעַ		מַרְגּוֹעַ n.[m.] rest (poet.), Je 6:16
t.av.ad	H4774	מַרְגֵּעָה		מַרְגֵּעָה n.f. rest, repose (poet.), Is 28:12
t.aw.aa	H7280	רָגַע	root	רָגַע vb. harden;—Jb 7:5
t.ax.aa	H7283	רָגַשׁ	root	[רָגַשׁ] vb. be in tumult or commotion;—Qal ψ 2:1
t.ax.ab	H7285	רֶ֫גֶשׁ		[רֶ֫גֶשׁ] n.[m.] throng;—ψ 55:15
t.ax.ac	H7285	רִגְשָׁה		[רִגְשָׁה] n.f. throng
t.ay.aa	H7286	רָדַד	root	[רָדַד] vb. beat out, fig. beat down, subdue Qal, fig., beat down Hiph. lit. beat out
t.ay.ab	H7289	רְדִיד		[רְדִיד] n.[m.] wide wrapper, or large veil
t.ay.ac	H7288	רַדַּי		רַדַּי n.pr.m. fifth son of Jesse, acc. to 1 Ch 2:14
t.az.aa	H7287	רָדָה	root	[רָדָה] vb. have dominion, rule, dominate Qal have dominion, rule, over Hiph. and kings he causeth (him) to dominate
t.az.ab		מִרְדָּה		מִרְדָּה מֻרְדָּף v. מֻרְדָּף sub. רדף
t.ba.aa	H7287	רָדָה	root	רָדָה vb. scrape out
t.ba.ab		רַדַּי		רַדַּי v. רדד
t.bb.aa	H7290	רָדַם	root	[רָדַם] vb. Niph. be in, or fall into, heavy sleep
t.bb.ab	H8639	תַּרְדֵּמָה		תַּרְדֵּמָה n.f. deep sleep
t.bb.ac	H1719	רֹדָן		רֹדָן n.pr.loc. vel gent. Rhodes, Rhodians, Ez 27:15
t.bb.ad	H1721	רוֹדָנִים		רוֹדָנִים n.pr.gent.pl. Rhodians
t.bc.aa	H7291	רָדַף	root	רָדַף 141 vb. pursue, chase, persecute Qal 128 pursue lit. put to flight, chase lit., the pursuers chase, hunt pursue fig. persecute, harass pursue, dog fig. follow after, aim to secure Niph. upon the neck (i.e. closely) we are pursued Pi. pursue ardently Pu. it shall be chased away like chaff of the mountains Hiph. usu. they chased him
t.bc.ab	H4783	מֻרְדָּף		מֻרְדָּף n.[m.] persecution;—Is 14:6
t.bd.aa	H7292	רָהַב	root	[רָהַב] vb. act stormily, boisterously arrogantly Qal storm against Hiph. of eyes, dub.: alarm me
t.bd.ab	H7295	רָהָב		[רָהָב] adj. proud, defiant;—pl. ψ 40:5
t.bd.ac	H7296	רֹ֫הָב		[רֹ֫הָב] n.[m.] pride, i.e. obj. of pride;—sf. ψ 90:10
t.bd.ad	H7293	רַ֫הַב		רַ֫הַב n.[m.] lit. storm, arrogance, but only as names, v. infr.; mythical sea monster emblemat. name of Egypt
t.bd.ae	H4062	מַדְהֵבָה		מַדְהֵבָה n.f. boisterous, raging, behavior;—Is 14:4
t.be.aa		רהג	root	רהג
t.be.ab	H7303	רָהְגָּה		רָהְגָּה Qr, רוהגה Kt, n.pr.m. in Asher 1 Ch 7:34
t.bf.aa	H7297	רָהָה	root	[רָהָה] vb. dub., appar. fear;—Qal Is 44:8;
t.bg.aa		רהט	root	רהט
t.bg.ab	H7298	רַ֫הַט		[רַ֫הַט] n.[m.] trough (where water is collected?);—for watering cattle
t.bh.aa		רהט	root	רהט
t.bh.ab	H7298	רַ֫הַט		[רַ֫הַט] n.[m.] dub., lock of hair (?fr. flowing down);—pl. Ct 7:6.
t.bh.ac	H7351	רָהִיט		[רָהִיט] n.m.coll. rafters ? boards ? (as strips running between beams ?);—sf. Ct 1:17 Qr
t.bh.ad		רוֹב		רוֹב v. רֹב sub. רבב
t.bh.ae		רוּב		רוּב v. ריב
t.bi.aa	H7300	רוּד	root	רוּד vb. wander restlessly, roam Qal lacks knowledge Hiph. shew restlessness
t.bi.ab	H4788	מָרוֹד		[מָרוֹד] n.[m.] restlessness, straying (?)
t.bj.aa	H7301	רָוָה	root	[רָוָה] vb. be saturated, drink one's fill Qal we will take our fill of love Pi. intens. be intoxicated, drunk causat. drench, water abundantly Hiph. saturate, water Hoph. Impf.
t.bj.ab	H7377	רִי		רִי n.[m.] moisture;—abs. Jb 37:11.
t.bj.ac	H7302	רָוֶה		רָוֶה adj. watered
t.bj.ad	H7310	רְוָיָה		רְוָיָה n.f. saturation
t.bj.ae		רוהגה		רוהגה v. רָהְגָּה sub. רהג
t.bk.aa		רוח	root	רוח
t.bk.ab	H7307	רוּחַ		רוּחַ 378 n.f. (less oft. m.) breath, wind, spirit breath of mouth or nostrils (33 t.) wind (117 t.) spirit, as that which breathes quickly in animation or agitation = temper, disposition (76 t.) spirit of the living, breathing being spirit as seat of emotion occasionally (and late) = seat or organ of mental acts rarely of the will רוּחַ esp. of moral character spirit of God (94 t.)
t.bk.ac	H7381	רֵיחַ		רֵיחַ 58 n.m. scent, odour (prop. breath)
t.bk.ad	H7306	רִיחַ		[רִיחַ] vb. denom. Hiph.(?), smell, perceive odour
t.bl.aa	H7304	רָוַח	root	רָוַח vb. be wide, spacious Qal fig. there was enlargement, relief, for Saul; that there may be relief for me. Pu. spacious
t.bl.ab	H7305	רֶ֫וַח		רֶ֫וַח n.m. space, interval respite, relief
t.bl.ac	H7309	רְוָחָה		רְוָחָה n.f. respite, relief
t.bl.ad		רְוָיָה		רְוָיָה v. רוה
t.bm.aa	H7311	רוּם	root	רוּם vb. be high, exalted, rise Qal be high, lit. rock (in fig.) esp. of י׳ be raised, uplifted be lifted, rise, of ark Pō‛lēl raise, rear, children cause tree to grow lift up exalt, extol, acc. י׳ Pō‛lal be lift up Hiph. raise, rear, c. acc., hand raise poor lift up voice (take into one's hand and) lift, take up, stone set up, erect, stone set on high, throne lift up, exalt, c. acc. pers. lift up and take away, remove lift off and present, contribute, offer Hoph. be taken off from; be abolished Hithpō‛l. and he shall exalt and magnify himself above, etc.; I will raise myself
t.bm.ab	H7312	רוּם		רוּם, רֻם n.[m.] height, haughtiness
t.bm.ac	H7315	רוֹם		רוֹם adv. on high, of direction Hb 3:10
t.bm.ad	H7316	רוּמָה		רוּמָה n.pr.loc. 2 K 23:36
t.bm.ae	H7317	רוֹמָה		רוֹמָה adv. haughtily, Mi 2:3.
t.bm.af	H7410	רָם		רָם n.pr.m. an ancestor of David, brother of Jerachmeel son of J. name of Elihu’s family
t.bm.ag	H7413	רָמָה		רָמָה n.f. height, high-place
t.bm.ah	H7414	רָמָה		רָמָה n.pr.loc. the Height, Rama in Benj., on border of Ephr. in hill-country of Ephr. (= 1 ?), home of Samuel in Asher in Naphtali 2 K 8:29
t.bm.ai	H7435	רָמָתִי		רָמָתִי adj.gent. (of what Rama?), c. art. 1 Ch 27:27
t.bm.aj	H7434	רָ(א)מַת		רָ(א)מַת n.pr.loc. רָמַת לֶ֑חִי Ju 15:17 רָמַת הַמִּצְפֶּה Jos 13:26 (P) Jos 19:8 (P)
t.bm.ak	H7216	רָ(א)מוֹת		רָ(א)מוֹת 26 n.pr. loc. Heights, Ramôth; in Gilead 1 S 30:27 Levit. city in Issachar m. Ezr 10:29 Qr
t.bm.al		רָמָתַיִם		רָמָתַיִם רָמָתַיִם צוֹפִים v. רָמָה
t.bm.am	H7419	רָמוּת		[רָמוּת] n.f. height, lofty stature;—sf. Ez 32:5.
t.bm.an	H7318	רוֹמָם		רוֹמָם n.[m.] extolling, praise
t.bm.ao	H7427	רוֹמֵמוּת		[רוֹמֵמוּת] n.f. uprising, arising;—sf. Is 33:3
t.bm.ap	H7320	רֹמַ֫מְתִּי עֶ֫זֶר		רֹמַ֫מְתִּי עֶ֫זֶר as n.pr.m. (I have made lofty help);—son of Heman
t.bm.aq		רֶ֫מֶת		רֶ֫מֶת v. רָ(א)מוֹת
t.bm.ar	H4791	מָרוֹם		מָרוֹם n.m. height (poet.) height, elevation (concr.), elevated place alone = height of heaven adv. fig., = proudly fig. of nobles
t.bm.as	H8641	תְּרוּמָה		תְּרוּמָה n.f. contribution, offering, for sacred uses (not certain before Dt.; chiefly EzP and late) (prop. something lifted off, separated)
t.bm.at	H8642	תְּרוּמִיָּה		תְּרוּמִיָּה n.f. denom. what belongs to a contribution, attendant or secondary contribution, subdivision
t.bn.aa	H7442	רוּן	root	[רוּן] vb. overcome;—Hithpō‛. ψ 78:65
t.bo.aa	H7321	רוּעַ	root	[רוּעַ] vb. Hiph. 40 1. raise a shout. 2. give a blast with clarion or horn Pō‛lal. a shout shall not be uttered Hithpō‛l. shout in triumph shout for joy
t.bo.ab	H7452	רֵעַ		רֵעַ n.verb. shouting, roar, but dub.
t.bo.ac	H8643	תְּרוּעָה		תְּרוּעָה n.f. shout or blast of war, alarm, or joy
t.bp.aa		רוף	root	רוף
t.bp.ab	H8644	תְּרוּפָה		תְּרוּפָה n.f. healing;—Ez 47:12.
t.bq.aa	H7323	רוּץ	root	רוּץ vb. run Qal run pl. the runners (prop. out-runners) runner = (royal messenger, post, late) Pō‛lēl they run swiftly, dart Hiph. cause to run
t.bq.ab	H4793	מֵרוֹץ		מֵרוֹץ n.[m.] running, race;—abs. Ec 9:11.
t.bq.ac	H4794	מְרוּצָה		[מְרוּצָה] n.f. 1. running. 2. course (of life)
t.bq.ad		רוֹשׁ		רוֹשׁ רֹאשׁ v. רֹאשׁ
t.br.aa	H7326	רוּשׁ	root	[רוּשׁ or רִישׁ] 24 vb. be in want, poor Qal young lions are in want and hunger Hithpō‛lēl one impoverishing himself
t.br.ab	H7389	רִישׁ		רִישׁ, רֵישׁ, רֵאשׁ n.m. poverty, only Pr
t.br.ac		רוּת		רוּת v. רעה
t.bs.aa	H7329	רָזָה	root	רָזָה vb. be or grow lean Qal appar. make lean Niph. be made lean
t.bs.ab	H7330	רָזֶה		[רָזֶה] adj. lean
t.bs.ac	H7334	רָזִי		רָזִי n.[m.] leanness, wasting
t.bs.ad	H7332	רָזוֹן		רָזוֹן n.[m.] leanness, wasting, scantness
t.bt.aa		רזח	root	רזח
t.bt.ab	H4797	מַרְזֵחַ		מַרְזֵחַ n.m. cry; mourning cry cry of revelry
t.bt.ac		רָזִי		רָזִי v. רזה
t.bu.aa	H7335	רָזַם	root	[רָזַם] vb. wink, flash (of eyes)
t.bv.aa	H7336	רָזַן	root	[רָזַן, ? earlier רָזֹן] vb. be weighty, judicious, commanding
t.bv.ab	H7333	רָזוֹן		רָזוֹן n.m. potentate;—abs. Pr 14:28
t.bv.ac	H7331	רְזוֹן		רְזוֹן n.pr.m. founder of kingdom of Damascus, Solomon’s time
t.bw.aa	H7337	רָחַב	root	רָחַב [? also רָחֹב] vb. be or grow, wide, large Qal be widened, enlarged Niph. broad, roomy, pasture. Hiph. make large enlarge
t.bw.ab	H7338	רַ֫חַב		רַ֫חַב n.[m.] breadth, broad expanse
t.bw.ac	H7341	רֹ֫חַב		רֹ֫חַב 101 n.[m.] breadth, width
t.bw.ad	H7342	רָחָב		רָחָב adj. wide, broad
t.bw.ae	H7343	רָחָב		רָחָב n.pr.f. harlot in Jericho
t.bw.af	H7339	רְחוֹב		רְחוֹב n.f. broad open place, plaza
t.bw.ag	H7340	רְחוֹב		רְחוֹב, רְחֹב n.pr. loc.: towards Hamath in Asher m.: Aram. name post-exilic Levite
t.bw.ah	H7344	רְחֹבוֹת		רְחֹבוֹת n.pr.loc. near Nineveh name of well home of a king of Edom
t.bw.ai	H7345	רְחַבְיָה(וּ)		רְחַבְיָה(וּ) n.pr.m. son of Eliezer and grandson of Moses
t.bw.aj	H7346	רְחַבְעָם		רְחַבְעָם n.pr.m. Rehoboam;—king of Judah, son of Solomon
t.bw.ak	H4800	מֶרְחָב		מֶרְחָב n.[m.] broad, roomy, place
t.bx.aa		רחה	root	רחה
t.bx.ab	H7347	רֵחֶה		[רֵחֶה] n.[m.] only du. (hand-)mill (prob. = two mill-stones)
t.bx.ac		רחיטנו		רחיטנו רְחִיט v. רָהִיט sub. רהט
t.bx.ad		רֵחַיִם		רֵחַיִם v. רחה
t.by.aa		רחל	root	רחל
t.by.ab	H7353	רָחֵל		רָחֵל n.f. ewe
t.by.ac	H7354	רָחֵל		רָחֵל 47 n.pr.f. Rachel, daughter of Laban and wife of Jacob
t.bz.aa		רחם	root	רחם
t.bz.ab	H7358	רֶ֫חֶם		רֶ֫חֶם, רַ֫חַם n.m. womb
t.bz.ac	H7356	רַחֲמִים		רַחֲמִים n.m. abs. pl. intens. compassion
t.bz.ad	H7355	רָחַם		[רָחַם] vb. denom. love. Pi. have compassion Qal I love thee Pi. have compassion, compassionate Pu. be shewn compassion, compassionated
t.bz.ae	H7349	רַחוּם		רַחוּם adj. compassionate
t.bz.af	H7362	רַחֲמָנִי		[רַחֲמָנִי] adj. id. [t.bz.ae];—pl. f. La 4:10 compassionate women.
t.bz.ag	H7357	רַ֫חַם		רַ֫חַם n.pr.m. (girl(-like)?);—in Judah, 1 Ch 2:44
t.bz.ah		רֻחָ֫מָה		רֻחָ֫מָה v. לֹא ר׳
t.bz.ai	H7348	רְחוּם		רְחוּם, רְחֻם n.pr.m. (compassion, or softness, gentleness?);—post-exilic name with Zerub. with Neh.
t.bz.aj	H3395	יְרֹחָם		יְרֹחָם n.pr.m. (may he be compassionated) father of Elkanah, grandf. of Sam., Ephraimite Benjamites priests father of a hero of David Danite father of a captain with Jehoiada
t.bz.ak	H3396	יְרַחְמְאֵל		יְרַחְמְאֵל n.pr.m. (may Ēl have compassion) name in Judah son of king Jehoiakim Levite
t.bz.al	H3397	יְרַחְמְאֵלִי		יְרַחְמְאֵלִי adj.gent. the Negeb of the Yeraḥmeelites (in S. Judah)
t.ca.aa		רחם	root	רחם
t.ca.ab	H7360	רָחָם		רָחָם n.[m.] carrion-vulture
t.ca.ac		רָחָמָה		רָחָמָה רָחָם v.
t.cb.aa		רחן	root	רחן
t.cb.ab	H8647	תִּרְחֲנָה		תִּרְחֲנָה n.pr. [m. ? f. ?] child of Caleb 1 Ch 2:48
t.cc.aa	H7363	רָחַף	root	[רָחַף] vb. grow soft, relax (cf. Ar. Arabic be soft);— Qal Pf. 3 pl. רָֽחֲפוּ Je 23:9 (bones of one appalled).
t.cd.aa	H7363	רָחַף	root	רָחַף vb. Pi. hover (NH id., cf. Grünbaum ZMG xxxix (1885), 607; Syr. Pa. Syriac move gently, also cherish, and brood, cf. Thes S. V.; connexion with I. ר׳ dub.);— Pi. Impf. 3 ms. יְרַחֵף עַל Dt 32:11 (poem) of vulture hovering over young; Pt. רוּחַ א׳ מְרַהֶפֶת עַל־פְּנֵי הַמָּ֑יִם Gn 1:2(P); hovering over face of waters, or perh. (v. Syr.) brooding (and fertilizing), so Jer Quaest. In Gen. ed. Lag. 4 (reading ‘marahaefeth’), cf. Di Gunk.
t.ce.aa	H7364	רָחַץ	root	רָחַץ 72 vb. wash, wash off, away, bathe Qal 69 trans. wash (with water) intrans. wash, bathe (oneself) Pu. be washed Hithp. if I washed myself in snow
t.ce.ab	H7366	רַ֫חַץ		[רַ֫חַץ] n.[m.] washing, fig.
t.ce.ac	H7367	רַחְצָה		רַחְצָה n.f. id. [t.ce.ab], lit.; of sheep
t.cf.aa	H7368	רָחַק	root	רָחַק vb. be, or become, far, distant Qal be far, distant Pi. send far away Hiph. dir. caus. make, or exhibit, distance, be gone for indir. caus. remove, put far away
t.cf.ab	H7369	רָחֵק		[רָחֵק] adj.verb. removing, departing;—pl. sf., as subst., ψ 73:27
t.cf.ac	H7350	רָחֹק		רָחֹק, רָחוֹק adj. distant, far, et n.m. distance
t.cf.ad	H4801	מֶרְחָק		מֶרְחָק n.m. distant place, distance
t.cg.aa	H7370	רָחַשׁ	root	רָחַשׁ vb. keep moving, stir;—ψ 45:2
t.cg.ab	H4802	מַרְחֶ֫שֶׁת		מַרְחֶ֫שֶׁת n.f. stew-pan, sauce-pan
t.cg.ac	H7371	רַ֫חַת		רַ֫חַת n.[f.] winnowing-shovel, or the like;—Is 30:24.
t.ch.aa	H7372	רָטֵב	root	[רָטֵב, רָטֹב] vb. be moist;—Qal Jb 24:8.
t.ch.ab	H7373	רָטֹב		רָטֹב adj. moist, juicy, fresh;—Jb 8:16.
t.ci.aa	H3399	רָטָה	root	[רָטָה] (dub.) wring out
t.cj.aa		רטט	root	רטט
t.cj.ab	H7374	רֶ֫טֶט		רֶ֫טֶט n.[m.] trembling, panic;—abs. Je 49:24
t.ck.aa	H7375	רֻטֲפַשׁ	root	רֻטֲפַשׁ vb. quadril. intrans. grow fresh;—Jb 33:25
t.cl.aa	H7376	רָטַשׁ	root	[רָטַשׁ] vb. Pi. dash in pieces Pi. their children thou wilt dash in pieces Pu. all of children
t.cl.ab		רִי		רִי v. רוה
t.cm.aa	H7378	רִיב	root	רִיב vb. strive, contend Qal strive Hiph. (those) displaying contention against him
t.cm.ab	H7379	רִיב		רִיב 62 n.m. strife, dispute
t.cm.ac	H7380	רִיבַי		רִיבַי n.pr.m. in Benj.
t.cm.ad	H3377	יָרֵב		יָרֵב n.m.epith. of Assyrian king
t.cm.ae	H3401	יָרִיב		[יָרִיב] n.[m.] opponent, adversary
t.cm.af	H3402	יָרִיב		יָרִיב n.pr.m. (he contendeth or taketh (our) part, conducteth (our) case) son of Simeon post-ex. names
t.cm.ag	H3403	יְרִיבַי		[יְרִיבַי] n.pr.m. a hero of David;—1 Ch 11:46
t.cm.ah	H4808	מְרִיבָה		מְרִיבָה n.f. strife, contention
t.cm.ai	H4809	מְרִיבָה		מְרִיבָה n.pr.loc. (place of strife) at Rephidim at Kadesh
t.cm.aj	H3378	יְרֻבַּ֫עַל		יְרֻבַּ֫עַל n.pr.m. name given to Gideon
t.cm.ak		יְרֻבֶּ֫שֶׁת		יְרֻבֶּ֫שֶׁת v.
t.cm.al	H4648	מְרִיב בַּ֫עַל		מְרִיב בַּ֫עַל n.pr.m. (Baal is (our, my, his) advocate (?)) son of Jonathan son of Saul and Riṣpah
t.cm.am		רִיחַ		רִיחַ רֵיחַ v. רוח
t.cm.an		רֵים		רֵים v. רְאֵם
t.cm.ao		רֵיעַ		רֵיעַ v. רֵעַ sub. רעה
t.cm.ap		רִיעַ		רִיעַ v. רוע
t.cn.aa		ריף	root	ריף
t.cn.ab	H7383	רִיפָה		[רִיפָה] n.[f.] dub.; some grain or fruit
t.cn.ac	H7384	רִיפַת		רִיפַת n.pr.gent. ʻsonʼ of Gomer (of Japhet);—Gn 10:3
t.co.aa	H7324	רִיק	root	[רִיק] vb. Hiph. make empty, empty out empty vessels pour out or down, rain empty out (i.e. draw) sword Hoph. be emptied out from vessel
t.co.ab	H7386	רֵיק		[רֵיק], רֵק adj. empty, vain
t.co.ac	H7385	רִיק		רִיק n.[m.] emptiness, vanity
t.co.ad	H7387	רֵיקָם		רֵיקָם adv. emptily, vainly in empty condition, empty = with empty hands in vain, without effect
t.cp.aa	H7325	רִיר	root	[רִיר] vb. flow;—Qal Lv 15:3
t.cp.ab	H7388	רִיר		רִיר n.m. slimy juice, spittle
t.cp.ac		רֵישׁ		רֵישׁ רִישׁ v. רושׁ
t.cp.ad		רִישׁוֹן		רִישׁוֹן v. ראשׁון
t.cp.ae		רַךְ		רַךְ רֹךְ v. רכך
t.cq.aa	H7392	רָכַב	root	רָכַב vb. mount and ride, ride Qal mount, mount and sit or ride ride, be riding pt., as subst., rider Hiph. cause to (mount and) ride cause to draw (plough, etc.) fig. cause hand to ride upon (grasp) bow
t.cq.ab	H7393	רֶ֫כֶב		רֶ֫כֶב 120 n.m. chariotry, chariot, mill-stone; appar. also riders
t.cq.ac	H7396	רִכְבָּה		רִכְבָּה n.f. act of riding;—Ez 27:20.
t.cq.ad	H7395	רַכָּב		רַכָּב n.m. charioteer horseman
t.cq.ae	H7398	רְכוּב		[רְכוּב] n.[m.] chariot;—sf. ψ 104:3
t.cq.af	H7394	רֵכָב		רֵכָב n.pr.m. (band of riders ?)
t.cq.ag	H7397	רֵכָבִי		[רֵכָבִי] adj. gent. of רֵכָב
t.cq.ah	H4817	מֶרְכָּב		מֶרְכָּב n.m. chariot, riding seat (prop. riding-place)
t.cq.ai	H4818	מֶרְכָּבָה		מֶרְכָּבָה n.f. chariot
t.cq.aj	H7397	רֵכָה		רֵכָה n.pr.loc. in Judah;—1 Ch 4:12
t.cr.aa	H7401	רָכַךְ	root	[רָכַךְ] vb. be tender, weak, soft Qal be tender, weak, of heart be soft, of treacherous words Pu. it has not been softened, mollified, with oil Hiph. causat. of Qal 1 a.
t.cr.ab	H7390	רַךְ		רַךְ adj. tender, delicate, soft
t.cr.ac	H7391	רֹךְ		רֹךְ n.[m.] tender, delicate, soft;—Dt 28:56.
t.cr.ad	H4816	מֹ֫רֶךְ		מֹ֫רֶךְ n.[m.] weakness;—Lv 26:36
t.cs.aa	H7402	רָכַל	root	[רָכַל] vb. prob. go about, from one to another
t.cs.ab	H7404	רְכֻלָּה		[רְכֻלָּה] n.f. traffic;—רְכֻלָּֽתְךָ Ez 28:5, 16, 18. merchandise, רְכֻלָּתֵךְ 26:12.
t.cs.ac	H7403	רָכָל		רָכָל n.pr.loc. (trader ?);—in S. of Judah 1 S 30:29
t.cs.ad	H7400	רָכִיל		רָכִיל n.[m.] slander, > tale-bearer, informer
t.cs.ae	H4819	מַרְכֹּ֫לֶת		[מַרְכֹּ֫לֶת] n.f. prob. place of trade, market-place;—sf. Ez 27:24
t.ct.aa	H7405	רָכַס	root	[רָכַס] vb. bind
t.ct.ab	H7406	רֶ֫כֶס		[רֶ֫כֶס] n.[m.] dub.; perh. roughness (of ground; ? lit. binding, know); or bound up, impeded, i.e. impassable; or mountain-chain;—pl. Is 40:4
t.ct.ac	H7407	רֹכֶס		[רֹכֶס] n.[m.] dub., Thes Hup-Now snare, or band (Dr banding together), or (most) league, conspiracy (RV plottings);pl. cstr. ψ 31:21
t.cu.aa	H7408	רָכַשׁ	root	רָכַשׁ vb. collect, gather property
t.cu.ab	H7409	רֶ֫כֶשׁ		רֶ֫כֶשׁ n.m. coll. steeds
t.cu.ac	H7399	רְכוּשׁ		רְכוּשׁ, רְכֻשׁ n.m. property, goods
t.cu.ad		רָם		רָם רֻם v. רום
t.cu.ae		רֵם		רֵם v. רְאֵם
t.cv.aa	H7411	רָמָה	root	רָמָה vb. cast, shoot
t.cw.aa	H7411	רָמָה	root	[רָמָה] vb. Pi. beguile, deal treacherously with
t.cw.ab	H7423	רְמִיָּה		רְמִיָּה n.f. deceit, treachery
t.cw.ac	H4820	מִרְמָה		מִרְמָה n.f. deceit, treachery
t.cw.ad	H8649	תׇּרְמָה		תׇּרְמָה in Ju 9:31 in treachery, treacherously, but form strange and meaning unsuitable
t.cw.ae		תרמות		תרמות תׇּרְמָה תַּרְמוּת תַּרְמִית v.
t.cw.af	H8649	תׇּרְמִית		תׇּרְמִית n.f. deceitfulness
t.cx.aa		רמה	root	רמה
t.cx.ab	H7423	רְמִיָּה		רְמִיָּה n.f. laxness, slackness
t.cx.ac	H3414	יִרְמְיָ֫ה(וּ)		יִרְמְיָ֫ה(וּ) 147 n.pr.m. (? י׳ looseneth, sc. the womb ?) proph., son of Ḥilḳiah, of priestly family in ‛Anathôth of Libnah, father of Josiah’s wife Gadite, David’s time Manassite Benjamite Gadite priestly name
t.cx.ad	H7422	רַמְיָה		רַמְיָה n.pr.m. (prop. י׳ hath loosened ?);—one with foreign wife Ezr 10:25
t.cx.ae		רָמָה		רָמָה v. רום
t.cx.af		רִמָּה		רִמָּה v. רמם
t.cx.ag	H7416	רִמּוֹן		רִמּוֹן n.m. pomegranate (foreign word of doubtful origin)
t.cx.ah	H7417	רִמּוֹן		רִמּוֹן n.pr.dei, in Aram.
t.cx.ai	H7417	רִמּוֹן		רִמּוֹן n.pr.m. in Benj.
t.cx.aj	H7417	רִמּוֹן		רִמּוֹן n.pr.loc. cliff of R. in S. Judah in Zebulun
t.cx.ak	H7428	רִמֹּן פָּ֑רֶץ		רִמֹּן פָּ֑רֶץ n.pr.loc. station of Israel in wilderness
t.cx.al		רִמּוֹנוֹ		רִמּוֹנוֹ רִמּוֹן רִמֹּן v. רִמּוֹן
t.cx.am		רָמוֹת		רָמוֹת רָמוּת v. רום
t.cx.an	H7420	רֹ֫מַח		רֹ֫מַח n.[m.] spear, lance
t.cx.ao		הָרַמִּים		הָרַמִּים רַמִּי הָאֲרַמִּים v. אֲרָם
t.cx.ap		רַמְיָה		רַמְיָה רְמִיָּה v. רמה
t.cx.aq	H7424	רַמָּךְ		[רַמָּךְ] n.[f.] exact meaning dub.;—Est 8:10 usu. sons of the (royal) mares
t.cy.aa		רמל	root	רמל
t.cy.ab	H7425	רְמַלְיָ֜הוּ		רְמַלְיָ֜הוּ n.pr.m. father of Peḳaḥ, king of Israel
t.cz.aa	H7426	רָמֹם	root	[רָמֹם] vb. be exalted Qal (perhaps pass. form) Niph. Is 33:10 Hithpō‛l. (of cherubim)
t.da.aa		רמם	root	רמם
t.da.ab	H7415	רִמָּה		רִמָּה n.f. worm (cause and sign of decay)
t.da.ac	H7311	רָמַם		[רָמַם] vb. denom. be wormy;—Ex 16:20
t.da.ad		רֹמַמְתִּי עֶזֶר		רֹמַמְתִּי עֶזֶר v. רום
t.db.aa	H7429	רָמַס	root	רָמַס vb. trample Qal trample Niph. be trampled
t.db.ab	H4823	מִרְמָס		מִרְמָס n.[m.] trampling-place, trampling
t.dc.aa	H7430	רָמַשׂ	root	רָמַשׂ vb. creep, move lightly, move about (chiefly P)
t.dc.ab	H7431	רֶ֫מֶשׂ		רֶ֫מֶשׂ n.m. coll. creeping things, moving things
t.dc.ac		רֶמֶת		רֶמֶת רָמָתִי רָמָתַיִם v. רום
t.dc.ad		רֹן		רֹן רִנָּה v. רנן
t.dd.aa	H7439	רָנָה	root	[רָנָה] vb. rattle (onomatop. ?);—Qal Jb 39:23
t.de.aa	H7444	רָנַן	root	[רָנַן] vb. give a ringing cry Qal in joy, exultation in distress cry aloud, in summons, exhortation (of wisdom) Pi. give a ringing cry, in joy, exultation Pu. no ringing cry shall be given Hiph. cause to ring out for joy
t.de.ab	H7438	רֹן		[רֹן] n.[m.] ringing cry; pl. cstr. ψ 32:7.
t.de.ac	H7445	רְנָנָה		רְנָנָה n.f. id. [t.de.ab]; exultation
t.de.ad	H7440	רִנָּה		רִנָּה n.f. ringing cry
t.de.ae	H7441	רִנָּה		רִנָּה n.pr.m. in Judah 1 Ch 4:20
t.de.af	H7443	רְנָנִים		רְנָנִים n.[m.]pl. bird of piercing cries, i.e. ostrich
t.de.ag	H7446	רִסָּה		רִסָּה n.pr.loc. station in wilderness
t.df.aa		רסן	root	רסן
t.df.ab	H7448	רֶ֫סֶן		רֶ֫סֶן n.m. halter jaw
t.df.ac	H7449	רֶ֫סֶן		רֶ֫סֶן n.pr.loc. in Assyria, near Nineveh Gn 10:12
t.dg.aa	H7450	רָסַס	root	[רָסַס] vb. moisten;—Qal Ez 46:14.
t.dg.ab	H7447	רָסִיס		[רָסִיס] n.[m.] drop (of dew);—pl. cstr. Ct 5:2
t.dh.aa		רסס	root	רסס
t.dh.ab	H7447	רָסִיס		[רָסִיס] n.[m.] fragment;—pl. Am 6:11
t.dh.ac		רַע		רַע רֹעַ v. רעע
t.dh.ad		רֵע		רֵע v. רוע
t.dh.ae		רֵעַ		רֵעַ v. רעה
t.di.aa	H7456	רָעֵב	root	רָעֵב vb. be hungry Qal be hungry Hiph. allow one to hunger
t.di.ab	H7458	רָעָב		רָעָב 101 n.m. famine, hunger
t.di.ac	H7457	רָעֵב		רָעֵב adj. hungry
t.di.ad	H7459	רְעָבוֹן		רְעָבוֹן n.[m.] hunger, lack of food, famine
t.dj.aa	H7460	רָעַד	root	[רָעַד] vb. tremble, quake Qal and it ( the earth) trembleth Hiph. I stood trembling
t.dj.ab	H7461	רַ֫עַד		רַ֫עַד n.m. trembling
t.dj.ac	H7461	רְעַדָה		רְעַדָה n.f. id. [t.dj.ab]
t.dk.aa	H7462	רָעָה	root	רָעָה 167 vb. pasture, tend, graze Qal trans. intrans. Niph. poss. Hiph. v.
t.dk.ab		רֹעֶה		רֹעֶה רֹעָה v.
t.dk.ac	H7471	רְעִי		רְעִי n.[m.] pasture;—1 K 5:3
t.dk.ad		רֹעִי		רֹעִי v.
t.dk.ae	H4829	מִרְעֶה		מִרְעֶה n.m. pasturage, pasture
t.dk.af	H4830	מַרְעִית		[מַרְעִית] n.f. pasturing, shepherding, pasturage
t.dl.aa	H7462	רָעָה	root	[רָעָה] vb. prob. associate with Qal cherish faithfulness Hithp. do not make companionship with a bad-tempered man
t.dl.ab	H7453	רֵעַ		רֵעַ 187 n.m. friend, companion, fellow
t.dl.ac	H7463	רֵעֶה		רֵעֶה n.m. friend
t.dl.ad	H7462	רָעָה		[רָעָה] vb. denom. Pi. be a special friend;—Ju 14:20
t.dl.ae	H7464	רֵעָה		[רֵעָה] n.f. companion, attendant
t.dl.af	H7474	רַעְיָה		[רַעְיָה] n.f. companion
t.dl.ag	H7468	רְעוּת		רְעוּת n.f. fellow (-woman)
t.dl.ah	H7327	רוּת		רוּת n.pr.f. Ruth (for רְעוּת, i.e. friendship)
t.dl.ai	H7466	רְעוּ		רְעוּ n.pr.m. son of Peleg
t.dl.aj	H7467	רְעוּאֵל		רְעוּאֵל n.pr.m. Moses’ father-in-law Edomite Gadite Benjamite
t.dl.ak	H7472	רֵעִי		רֵעִי n.pr.m. courtier of David 1 K 1:8
t.dl.al	H4828	מֵרֵעַ		[מֵרֵעַ] n.m. friend, companion
t.dm.aa		רעה	root	רעה (Aram. רְעָא Syriac), take pleasure (in), desire, = Ar. Arabic [Heb. רָצָה], whence Aram. רְעוּתָא, desire, רַעֲיָנָא, רַעֲיוֹנָא, Syriac, opinion, thought, disposition, and following late and Aram, words in Heb., cf. Nö ZMG liv (1900), 155; > De Siegf Qoh. 18 al. from I. רעה 2 b, cf. Ho 12:2, and Ar. Arabic watch, regard, respect (Lane) [Ba WU 46f. Kau Arimaismen 82f. derive foll. from I. רעה = observe, attend to, specif, tend sheep, also aim at, purpose]).
t.dm.ab	H7454	רֵעַ		[רֵעַ] n.[m.] purpose, aim
t.dm.ac	H7469	רְעוּת		רְעוּת n.f. longing, striving
t.dm.ad	H7475	רַעְיוֹן		רַעְיוֹן n.[m.] id. [t.dm.ac]
t.dm.ae		רֹעָה		רֹעָה v. רעע
t.dn.aa	H7477	רָעַל	root	[רָעַל] vb. quiver, shake, reel;—Hoph. Na 2:4
t.dn.ab	H7478	רַ֫עַל		רַ֫עַל n.[m.] reeling;—only Zc 12:2
t.dn.ac	H7479	רְעָלָה		[רְעָלָה] n.[f.] prob. veil;—pl. Is 3:19
t.dn.ad		מַרְעֲלָה		מַרְעֲלָה v.
t.dn.ae	H8653	תַּרְעֵלָה		תַּרְעֵלָה n.f. reeling
t.dn.af	H7480	רְעֵלָיָה		רְעֵלָיָה n.pr.m. companion of Zerub., Ezr 2:2, = רַעַמְיָה Ne 7:7
t.do.aa		רעם	root	רעם
t.do.ab	H7482	רַ֫עַם		רַ֫עַם n.[m.] thunder
t.do.ac	H7481	רָעַם		[רָעַם] vb. denom. thunder Qal make the sound of thunder, thunder Hiph. thunder, cause to thunder
t.do.ad		רַעְמָא		רַעְמָא v. רַעְמָה
t.do.ae	H7483	רַעְמָה		רַעְמָה n.f. vibration ? quivering mane ? of horse’s neck: Jb 39:19
t.do.af	H7484	רַעְמָה		רַעְמָה, רַעְמָא n.pr.m. ‘son’ of Cush
t.do.ag		רַעַמְיָה		רַעַמְיָה v. רְעַלָיָה
t.do.ah	H7486	רַֽעַמְסֵס		רַֽעַמְסֵס n.pr.loc., = רַעְמְסֵס, Ramses, city in Egypt
t.dp.aa	H7488	רָעַן	root	[רָעַן] vb. only Pa‛lel be or grow luxuriant, fresh, green;—Jb 15:32
t.dp.ab	H7488	רַעֲנָן		רַעֲנָן adj. luxuriant, fresh
t.dq.aa		רעע	root	רעע
t.dq.ab	H7455	רֹעַ		רֹעַ n.[m.] badness, evil badness, bad quality, of cattle wilfulness ethical, evil, badness sadness
t.dq.ac	H7451	רַע		רַע 228 adj. bad, evil bad, disagreeable, malignant bad, unpleasant, giving pain, unhappiness, misery evil, displeasing bad of its kind bad, , i.e. of low value מִן comp., worse than sad, unhappy devise evil (hurtful) device bad, unkind, vicious in disposition or temper ethically bad, evil, wicked
t.dq.ad	H7451	רַע		רַע 126 n.m. evil, distress, misery, injury, calamity evil, distress, adversity evil, injury, wrong ethical evil
t.dq.ae	H7451	רָעָה		רָעָה 310 n.f. evil, misery, distress, injury evil, misery, distress evil, injury, wrong ethical evil
t.dq.af	H4827	רָעַע		[רָעַע] 98 vb. denom. be evil, bad Qal be displeasing be sad be injurious, evil be evil, wicked, ethically Niph. suffer hurt Hiph. 70 do an injury, hurt do evil, wickedly
t.dr.aa	H7465	רָעַע	root	[רָעַע] vb. break Qal trans. can one break iron, iron out of the north ? intrans. break = be broken Hithpō‛. the earth is broken asunder
t.ds.aa	H7491	רָעַף	root	[רָעַף] vb. trickle, drip Qal of clouds Hiph. trickle
t.dt.aa	H7492	רָעַץ	root	[רָעַץ] vb. shatter
t.du.aa	H7493	רָעַשׁ	root	[רָעַשׁ] vb. quake, shake Qal quake, shake Niph. is made to quake Hiph. cause to quake cause (horse) to spring, leap (like locust)
t.du.ab	H7494	רַ֫עַשׁ		רַ֫עַשׁ n.m. quaking, shaking specif. earthquake quaking, trembling shaking, quivering
t.dv.aa	H7495	רָפָא	root	רָפָא vb. heal Qal heal Niph. be healed Pi. have healed, heal Hithp. in order to get healed
t.dv.ab	H7498	רָפָא		רָפָא n.pr.m. in Benj., 1 Ch 8:2
t.dv.ac		רָפָא		רָפָא v. רפה
t.dv.ad		רְפָאִים		רְפָאִים v. רפה
t.dv.ae		רָפָה		רָפָה רָפָא v. רְפָיָה
t.dv.af		רָפָה		רָפָה v. רפה
t.dv.ag	H7505	רָפוּא		רָפוּא n.pr.m. in Benj., Nu 13:9, Ραφου[αυ].
t.dv.ah	H7499	רְפֻאָה		[רְפֻאָה] n.f. remedy, medicine
t.dv.ai	H7500	רִפְאוּת		רִפְאוּת n.f. healing;—abs. Pr 3:8 (fig.).
t.dv.aj	H7501	רְפָאֵל		רְפָאֵל n.pr.m. Levite, 1 Ch 26:7
t.dv.ak	H7509	רְפָיָה		רְפָיָה n.pr.m. in David’s family in Simeon in Issachar descendant of Saul post-ex. name
t.dv.al	H3416	יִרְפְּאֵל		יִרְפְּאֵל n.pr.loc. in Benj., Jos 18:27
t.dv.am	H4832	מַרְפֵּא		מַרְפֵּא, מַרְפֵּה n.m. healing, cure, health (usu. fig.)
t.dw.aa	H7502	רָפַד	root	[רָפַד] vb. spread Qal he (the crocodile) spreadeth a threshing-sledge upon the mud (leaves marks upon it from his scales). Pi. then (spread out any support, hence) support me with apples
t.dw.ab	H7507	רְפִידָה		[רְפִידָה] n.f. perh. support, i.e. back, or arm, of palanquin; sf. Ct 3:10
t.dw.ac	H7508	רְפִידִים		רְפִידִים n.pr.loc. station of Isr. at Exodus (in P)
t.dx.aa	H7503	רָפָה	root	רָפָה vb. sink, relax Qal sink down sink, drop sink, relax, abate relax, withdraw Niph. idle Pi. causat.: let wings drop Hiph. causat. let drop let go refrain Hithp. hast shewn thyself slack
t.dx.ab	H7504	רָפֶה		רָפֶה adj. slack
t.dx.ac	H7510	רִפָּיוֹן		[רִפָּיוֹן, רִפְיוֹן] n.[m.] sinking;—cstr. Je 47:3
t.dx.ad	H7497	רָפָה		רָפָה, רָפָא as n.pr.m. Hā-Rāphā
t.dx.ae	H7496	רְפָאִים		רְפָאִים n.m. pl. shades, ghosts
t.dx.af	H7497	רְפָאִים		רְפָאִים n.pr.gent. old race of giants
t.dx.ag		רִפוֹת		רִפוֹת v. רִיפָה sub. ריף
t.dx.ah	H7506	רֶ֫פַח		רֶ֫פַח n.pr.m. in Ephr., 1 Ch 7:25
t.dx.ai		רְפָיָה		רְפָיָה v. רפא
t.dx.aj		רִפְיוֹן		רִפְיוֹן v. רפה
t.dy.aa	H7511	רָפַס	root	רָפַס, רָפַשׂ vb. stamp, tread, foul by stamping, treading Qal c. acc. rivers Niph. a fountain befouled. Hithp. (stamp oneself down, then fig.) humble thyself
t.dy.ab	H4833	מַרְפֵּשׂ		[מַרְפֵּשׂ ?] n.[m.] (water) befouled ( by trampling);—cstr. Ez 34:19.
t.dy.ac	H7513	רַפְסֹדָה		[רַפְסֹדָה] n.[f.] raft;—pl. 2 Ch 2:15
t.dz.aa	H7322	רָפַף	root	[רָפַף] vb. Pō‛. shake, rock;—Jb 26:11.
t.ea.aa	H7514	רָפַק	root	[רָפַק] vb. Hithp. support oneself, lean;—Ct 8:5
t.ea.ab		רפשׂ		רפשׂ v. רפס
t.eb.aa		רפשׁ	root	רפשׁ
t.eb.ab	H7516	רֶ֫פֶשׁ		רֶ֫פֶשׁ n.[m.] mire;—Is 57:20
t.eb.ac	H7517	רֶ֫פֶת		[רֶ֫פֶת] n.[m.] appar. stable, stall;—pl. Hb 3:17
t.eb.ad		רָץ		רָץ v. רוץ
t.eb.ae		רַץ		רַץ v. רצץ
t.ec.aa	H7519	רָצָא	root	[רָצָא] vb. run, Ez 1:14
t.ed.aa	H7520	רָצַד	root	[רָצַד] vb. Pi. watch stealthily, or with envious hostility;—only ψ 68:17
t.ee.aa	H7521	רָצָה	root	רָצָה vb. be pleased with, accept favourably Qal be pleased with, favourable to accept be pleased make acceptable, satisfy (by paying off debt) Niph. pass. of Qal 2, be accepted, of sacrifices pass. of Qal 4: her punishment is accepted (as satisfactory) Pi. seek the favour of the poor Hiph. the land shall pay off her sabbaths Hithp. with what shall he make himself acceptable unto his lord ?
t.ee.ab	H7522	רָצוֹן		רָצוֹן n.[m.] goodwill, favour, acceptance, will goodwill, favour acceptance, of persons, offering sacrifice will, desire, pleasure
t.ee.ac	H8656	תִּרְצָה		תִּרְצָה n.pr.f. et loc. (pleasure, beauty) f. daughter of Ṣelophehad of Gilead loc. old Can. city
t.ef.aa	H7523	רָצַח	root	רָצַח vb. murder, slay Qal murder, slay, with premeditation Niph. I shall be slain Pi. (intens.) murder, assassinate Pu. ye murder
t.ef.ab	H7524	רֶ֫צַח		רֶ֫צַח n.[m.] shattering
t.ef.ac	H7525	רִצְיָא		רִצְיָא n.pr.m. in Asher 1 Ch 7:39
t.ef.ad	H7526	רְצִין		רְצִין n.pr.m. king of Aram, Ahaz's time Ρα(α)σων
t.eg.aa	H7527	רָצַע	root	רָצַע vb. bore, pierce;—Qal Ex 21:6 (E)
t.eg.ab	H4836	מַרְצֵעַ		מַרְצֵעַ n.[m.] boring-instrument, awl
t.eh.aa	H7528	רָצַף	root	[רָצַף] vb. fit together, fit out;—Qal Ct 3:10
t.eh.ab	H7531	רִצְפָּה		רִצְפָּה n.f. pavement
t.eh.ac	H4837	מַרְצֶ֫פֶת		מַרְצֶ֫פֶת n.f. id. [t.eh.ab];—cstr. 2 K 16:17.
t.ei.aa		רצף	root	רצף
t.ei.ab	H7529	רִצְפָּה		רִצְפָּה n.f. glowing stone (or coal)
t.ei.ac	H7530	רֶ֫צֶף		רֶ֫צֶף n.pr.loc. conquered by Assyr.
t.ei.ad	H7532	רִצְפָּה		רִצְפָּה n.pr.f. concubine of Saul
t.ei.ae		רְצָפִים		רְצָפִים v. רִצְפָּה
t.ej.aa	H7533	רָצַץ	root	[רָצַץ] vb. crush Qal crush Niph. be crushed, broken Pi. crush in pieces Pō‛ēl acc. pers. Hiph. she crushed his skull Hithpō‛. recipr., the children crushed (thrust, struck) one another within her.
t.ej.ab	H7518	רַץ		[רַץ] n.[m.] usu. piece, bar (?), ψ 68:31
t.ej.ac	H4835	מְרוּצָה		מְרוּצָה n.f. crushing, oppression;—Je 22:17
t.ej.ad		רַק		רַק v. רקק
t.ej.ae		רֵק		רֵק v. רֵיק
t.ej.af		רֹק		רֹק v. רקק
t.ek.aa	H7537	רָקֵב	root	[רָקֵב] vb. rot
t.ek.ab	H7538	רָקָב		רָקָב n.[m.] rottenness, decay
t.ek.ac	H7539	רִקָּבוֹן		רִקָּבוֹן n.[m.] id. [t.ek.ab];—Jb 41:19
t.el.aa	H7540	רָקַד	root	רָקַד vb. skip about Qal skip about Pi. dance, leap Hiph. he (י׳) made them skip like calves
t.el.ab		רַקָּה		רַקָּה v. רקק
t.el.ac		רַקּוֹן		רַקּוֹן v. רקק
t.em.aa	H7543	רָקַח	root	[רָקַח] vb. mix, or compound oil, ointment (perh. denom.);— Qal mix, compound; pt. as subst. compounders of the ointment; as a professional name, mixer, perfumer Pu. mixed as ointment Hiph. spice the spicing (?), i.e. spice (the meat) well, but very dub.
t.em.ab	H7544	רֶ֫קַח		רֶ֫קַח n.[m.] spice;—Ct 8:2
t.em.ac	H7545	רֹ֫קֵחַ		רֹ֫קֵחַ n.[m.] spice-mixture, prefume
t.em.ad	H7546	רַקָּח		[רַקָּח] n.m. ointment-maker, perfumer;—only in Ne 3:8
t.em.ae	H7548	רַקָּחָה		[רַקָּחָה] n.f. (female) ointment-maker, perfumer;—pl. 1 S 8:13
t.em.af	H7547	רַקּוּחַ		[רַקּוּחַ] n.[m.] perfumery;—pl. sf. Is 57:9
t.em.ag	H4840	מֶרְקָח		[מֶרְקָח] n.[m.] spice, perfume (of cheeks); pl. Ct 5:13
t.em.ah	H4841	מֶרְקָחָה		מֶרְקָחָה n.f. ointment-pot spice-seasoning (?)
t.em.ai	H4842	מִרְקַ֫חַת		מִרְקַ֫חַת n.f. 1. ointment-mixture. 2. ointment-pot (?)
t.en.aa	H7551	רָקַם	root	[רָקַם] vb. variegate Qal as subst. variegator, worker (weaver) in colours Pu. I was skillfully wrought
t.en.ab	H7553	רִקְמָה		רִקְמָה n.f. variegated stuff
t.en.ac	H7552	רֶ֫קֶם		רֶ֫קֶם n.pr. m. a king of Midian a ‘son’ of Hebron name in Gilead loc. in Benj.
t.eo.aa	H7554	רָקַע	root	[רָקַע] vb. beat, stamp, beat out, spread out Qal I will stamp them down Pi. a goldsmith with gold overlayeth it Pu. silver beaten out. Hiph. canst thou make with (= like) him a spreading for clouds
t.eo.ab	H7549	רָקִיעַ		רָקִיעַ n.m. extended surface, (solid) expanse (flat) expanse the vault of heaven, or ‘firmament,’ regarded by Hebrews as solid, and supporting ‘waters’ above it
t.eo.ac	H7555	רִקּוּעַ		[רִקּוּעַ] n.[m.] expansion;—pl. cstr. Nu 17:3
t.ep.aa		רקק	root	רקק
t.ep.ab	H7534	רַק		רַק adj. thin adv. with restrictive force, only, altogether, surely
t.ep.ac	H7550	רָקִיק		רָקִיק n.m. a thin cake, (RV) wafer (cf. Ar. Arabic a thin round cake of bread), always of unleavened bread
t.ep.ad	H7541	רַקָּה		רַקָּה n.f. the temple (of the head)
t.eq.aa	H7556	רָקַק	root	[רָקַק] vb. spit;—Qal Lv 15:8
t.eq.ab	H7536	רֹק		רֹק n.[m.] spittle
t.eq.ac	H7542	רַקּוֹן		רַקּוֹן n.pr.loc. in Dan, Jos 19:46
t.eq.ad	H7557	רַקַּת		רַקַּת n.pr.loc. in Naphtali, Jos 19:35
t.eq.ae		רָשׁ		רָשׁ v. רושׁ
t.er.aa		רשׁה	root	רשׁה
t.er.ab	H7558	רִשְׁיוֹן		רִשְׁיוֹן n.[m.] permission;—cstr. Ezr 3:7.
t.er.ac		רֵשִׁית		רֵשִׁית v. רֵאשִׁית sub. ראשׁ
t.es.aa	H7559	רָשַׁם	root	[רָשַׁם] vb. inscribe, note;—Qal Dn 10:21
t.et.aa		רשׁע	root	רשׁע
t.et.ab	H7563	רָשָׁע		רָשָׁע 263 adj. wicked, criminal
t.et.ac	H7562	רֶ֫שַׁע		רֶ֫שַׁע n.m. wickedness
t.et.ad	H7561	רָשַׁע		[רָשַׁע] vb. denom. be wicked, act wickedly Qal be wicked, act wickedly be guilty Hiph. condemn as guilty, in civil relations condemn as guilty, in ethical and religious relations act wickedly, in ethics and religious
t.et.ae	H7564	רִשְׁעָה		רִשְׁעָה n.f. wickedness
t.et.af	H4849	מִרְשַׁ֫עַת		מִרְשַׁ֫עַת n.f. wickedness;—abs. 2 Ch 24:7
t.et.ag		רִשְׁאָתַיִם		רִשְׁאָתַיִם v. כּוּשַׁן ר׳
t.eu.aa		רשׁף	root	רשׁף
t.eu.ab	H7565	רֶ֫שֶׁף		רֶ֫שֶׁף n.m. flame, fire-bolt
t.eu.ac	H7566	רֶ֫שֶׁף		רֶ֫שֶׁף n.pr.m. in Ephr., 1 Ch 7:25
t.ev.aa	H7567	רָשַׁשׁ	root	[רָשַׁשׁ] vb. Pō‛ēl beat down, shatter Pu. we are beaten down.
t.ev.ab		רֶ֫שֶׁת		רֶ֫שֶׁת v. ירשׁ
t.ew.aa	H7570	רָתַח	root	[רָתַח] vb. boil Pi. cause to boil Pu. my bowels have been made to boil without quiet Hiph. (the crocod.) maketh the depth boil like the pot.
t.ew.ab	H7571	רֶ֫תַח		[רֶ֫תַח] n.[m.] boiling;—pl. sf. Ez 24:5
t.ex.aa	H7573	רָתַם	root	[רָתַם] vb. bind, attach;—Qal Mi 1:13.
t.ex.ab	H7574	רֹ֫תֶם		רֹ֫תֶם n.m. a kind of broom-shrub, broom-plant, retem
t.ex.ac	H7575	רִתְמָה		רִתְמָה n.pr.loc. station in wilderness
t.ey.aa	H7576	רָתַק	root	[רָתַק] vb. bind Pu. her great ones were bound with fetters. Niph. from context = be snapped, broken
t.ey.ab	H7577	רְתֻקָה		[רְתֻקָה] n.[f.] chain (?);—pl. cstr. Is 40:19.
t.ey.ac	H7569	רַתּוֹק		רַתּוֹק n.[m.] chain
t.ey.ad		רַתּוּקוֹת		רַתּוּקוֹת רתיקות v.
t.ez.aa		רתת	root	רתת
t.ez.ab	H7578	רְתֵת		רְתֵת n.[m.] trembling;—Ho 13:1
u.aa.aa		שׂ	root	שׂ
u.ab.aa		שׂאר	root	שׂאר
u.ab.ab	H7603	שְׂאֹר		שְׂאֹר n.m. leaven
u.ab.ac		שְׂאֵת		שְׂאֵת v. נשׂא
u.ab.ad		שָׂב		שָׂב v. שׂיב
u.ac.aa		שׂבךְ	root	שׂבךְ
u.ac.ab	H7730	שׂוֹבֶךְ		שׂוֹבֶךְ n.[m.] network of boughs;—cstr. 2 S 18:9.
u.ac.ac	H7638	שְׂבָכָה		שְׂבָכָה n.f. lattice-work, network
u.ac.ad		שְׂבָכִים		שְׂבָכִים v. שְׂבָכָה
u.ac.ae	H7643	שְׂבָם		שְׂבָם n.pr.loc. in Moab (Reuben), near Heshbon
u.ad.aa	H7646	שָׂבֵעַ	root	[שָׂבֵעַ], שָׂבַע 96 vb. be sated, satisfied, surfeited Qal 79 be sated (with food), esp. human subj. more gen., be sated, have desire satisfied have in excess, be surfeited with Niph. Pt. sated Pi. satisfy Hiph. satisfy (esp. with material blessings), subj. י׳ c. acc. of food pers., י׳ subj. י׳ subj. י׳ subj., c. acc. of beasts enrich sate, glut (with the undesired)
u.ad.ab	H7648	שֹׂ֫בַע		שֹׂ֫בַע n.[m.] satiety, abundance
u.ad.ac	H7653	שׇׂבְעָה		שׇׂבְעָה, [שִׂבְעָה] n.f. satiety
u.ad.ad	H7647	שָׂבָע		שָׂבָע n.m. plenty, satiety
u.ad.ae	H7649	שָׂבֵעַ		שָׂבֵעַ adj. sated, satisfied, surfeited
u.ae.aa	H7663	שָׂבַר	root	[שָׂבַר] vb. inspect, examine
u.af.aa	H7663	שָׂבַר	root	[שָׂבַר] vb. Pi. wait, hope
u.af.ab	H7664	שֵׂ֫בֶר		[שֵׂ֫בֶר] n.m. hope
u.ag.aa	H7679	שָׂגָא	root	[שָׂגָא] vb. grow, grow great Qal (of plant) Hiph. make great magnify, laud
u.ag.ab	H7689	שַׂגִּיא		שַׂגִּיא adj. great;—of God, abs. Jb 36:26; cstr. 37:23.
u.ah.aa	H7682	שָׂגַב	root	[שָׂגַב] vb. be (inaccessibly) high Qal of city, be (too) high for capture be high in prosperity Niph. be high be (safely) set on high be exalted Pi. set (securely) on high exalt Pu. be set (securely) on high Hiph. God acts exaltedly
u.ah.ab	H7687	שְׂגוּב		שְׂגוּב n.pr.m. (exalted) son of rebuilder of Jericho of Judah
u.ah.ac	H4869	מִשְׂגָּב		מִשְׂגָּב n.[m.] secure height, retreat
u.ah.ad	H4869	מִשְׂגָּב		מִשְׂגָּב perh. n.pr.loc. in Moab;—Je 48:1
u.ai.aa	H7685	שָׂגָה	root	[שָׂגָה] vb. grow, increase Qal righteous shall grow great like cedar Hiph. they have increased riches.
u.ai.ab		שׂגיב		שׂגיב v. שְׂגוּב
u.ai.ac		שִׂגְשֵׂג		שִׂגְשֵׂג v. סוּג
u.aj.aa	H7702	שָׂדַד	root	[שָׂדַד] vb. Pi. harrow
u.aj.ab	H7708	שִׂדִּים		שִׂדִּים n.[m.]pl. in n.pr.loc. vale of Siddim (identif. with Dead Sea)
u.ak.aa		שׂדה	root	שׂדה
u.ak.ab	H7704	שָׂדַי		שָׂדַי n.m. field, land cultivated field home of wild beasts plain, opp. mt. land, opp. sea
u.ak.ac	H7704	שָׂדֶה		שָׂדֶה 819 n.m. id. [u.ak.ab] (ordinary contr. form)open field, country definite portion of ground, field, land land, opp. sea
u.ak.ad		שִׂדִּים		שִׂדִּים v. שׂדד
u.ak.ae		שׂדרָה		שׂדרָה v. סדר
u.ak.af	H2089	שֶׂה		שֶׂה n.m. and (less oft.) f. one of a flock, sheep (or goat)
u.ak.ag	H7717	שָׂהֵד		[שָׂהֵד] n.[m.] witness
u.al.aa		שׂהר	root	שׂהר
u.al.ab	H7720	שַׂהֲרוֹן		[שַׂהֲרוֹן] n.[m.] moon, or crescent
u.al.ac		שׂוֹא		שׂוֹא v. נשׂא
u.al.ad		שׂוּג		שׂוּג v. סוּג v. סוּג
u.al.ae		שׂוּחַ		שׂוּחַ v. שׁוּט
u.am.aa	H7750	שׂוּט	root	[שׂוּט] vb. swerve, fall away;—Qal ψ 40:5
u.am.ab	H7846	שֵׂט		[שֵׂט, סֵט] n.[m.] swerver, revolter (?), deeds that swerve (fr. the right?)
u.an.aa	H7753	שׂוּךְ	root	[שׂוּךְ] vb. hedge or fence up, about
u.an.ab	H4881	מְשֻכָֿה		[מְשֻכָֿה] n.f. hedge;—cstr. Pr 15:19
u.ao.aa		שׂוך	root	שׂוך
u.ao.ab	H7754	שׂוֹךְ		[שׂוֹךְ] n.[m.] branch, brushwood;—sf. Ju 9:49
u.ao.ac	H7754	שׂוֹכָה		[שׂוֹכָה] n.f. id. [u.ao.ab]
u.ao.ad	H7755	שׂוֹכֹה		שׂוֹכֹה, שׂוֹכוֹ n.pr.loc. in Judah in Shephelah in hill-country
u.ao.ae	H7756	שׂוּכָתִים		שׂוּכָתִים adj.gent.m.pl. a family of scribes 1 Ch 2:55
u.ap.aa	H7760	שׂוּם	root	שׂוּם, שִׂים 582 vb. put, place, set Qal put, set, in a place put something upon put, lay, set put, c. בֵּין set, direct set, ordain, in a place set, establish a law, statute set, found a nation set, appoint (as ruler, official) set, constitute, make set, determine, fix, bounds set, station, at a post put in position, sacred bread, sword, staves, bars set up altars = plant, wheat set, fix (countenance) make a thing, or pers. (acc.), for, transform into make, constitute work, bring to pass appoint, give set, fix (countenance) Hiph. I will make him for a sign Hoph. there was set before him
u.ap.ab	H3450	יְשִׁימִאֵל		[יְשִׁימִאֵל] n.pr.m. Simeonite (Ēl establisheth);—1 Ch 4:36
u.ap.ac	H8667	תְּשׂ֫וּמֶת		תְּשׂ֫וּמֶת n.f. (deposit, then, cstr. ת׳ יַד׳) pledge, security, Lv 5:21 (P; ∥ פִּקָּדוֹן).
u.aq.aa		שׂום	root	שׂום, שׂים
u.aq.ab	H7760	שׂוּמָה		שׂוּמָה perhaps n. f. token of unluckiness, scowl;—2 S 13:32
u.ar.aa	H7787	שׂוּר	root	[שׂוּר] vb. saw
u.ar.ab	H7795	שׂוֹרָה		שׂוֹרָה Is 28:25 prob. dittogr. for foll.; in rows
u.as.aa	H7797	שׂוּשׂ	root	שׂוּשׂ, שִׂישׂ vb. exult, rejoice
u.as.ab	H8342	שָׂשׂוֹן		שָׂשׂוֹן n.m. exultation, rejoicing
u.as.ac	H4885	מָשׂוֹשׂ		מָשׂוֹשׂ n.m. id. [שָׂשׂוֹן];—exultation
u.as.ad		שֵׂחַ		שֵׂחַ v. שִׂיח
u.at.aa	H7811	שָׂחָה	root	[שָׂחָה] vb. swim Qal Is 25:11. Hiph. I make my bed swim (with my tears)
u.at.ab	H7813	שָׂחוּ		שָׂחוּ n.[m.] swimming;—Ez 47:5.
u.au.aa	H7818	שָׂחַט	root	[שָׂחַט] vb. squeeze out;—Qal Gn 40:11
u.au.ab	H7824	שָׁחִיף		[שָׁחִיף] adj. (?), doubtful;—cstr. Ez 41:16 usually panelled, wainscotted, with wood
u.av.aa	H7832	שָׂחַק	root	שָׂחַק vb. laugh Qal laugh at appar. of friendly laugh sport, play Pi. make sport jest play Hiph. (declar.) they uttered mockery
u.av.ab	H7814	שְׂחֹק		שְׂחֹק, שְׂחוֹק n.[m.] laughter, derision, sport
u.av.ac		יִשְׂחָק		יִשְׂחָק v. צחק
u.av.ad	H4890	מִשְׂחַק		מִשְׂחַק n.[m.] object of derision, Hb 1:10.
u.av.ae		שֵׂט		שֵׂט שֵׂטִים v. שׂוט
u.aw.aa	H7847	שָׂטָה	root	[שָׂטָה] vb. turn aside
u.ax.aa	H7852	שָׂטַם	root	[שָׂטַם] vb. bear a grudge, cherish animosity, against
u.ax.ab	H4895	מַשְׂטֵמָה		מַשְׂטֵמָה n.f. animosity
u.ay.aa		שׂטן	root	שׂטן
u.ay.ab	H7854	שָׂטָן		שָׂטָן n.m. 1. adversary. 2. Satan
u.ay.ac	H7853	שָׂטַן		[שָׂטַן] vb. denom. be or act as adversary
u.ay.ad	H7855	שִׂטְנָה		שִׂטְנָה n.f. accusation;—Ezr 4:6.
u.ay.ae	H7856	שִׂטְנָה		שִׂטְנָה n.pr.putei (hostility) Gn 26:21 (J).
u.ay.af		שִׂיא		שִׂיא שִׂיאֹן v. נשׂא
u.az.aa	H7867	שִׂיב	root	שִׂיב vb. be hoary
u.az.ab	H7869	שֵׂיב		[שֵׂיב] n.[m.] (hoary) age;—sf. 1 K 14:4.
u.az.ac	H7872	שֵׂיבָה		שֵׂיבָה n.f. hoary head, old age
u.az.ad		שִׂיג		שִׂיג v. סוג
u.ba.aa		שׂיד	root	שׂיד
u.ba.ab	H7875	שִׂיד		שִׂיד n.[m.] lime, whitewash
u.ba.ac	H7874	שִׂיד		[שִׂיד, שׂוּד] vb. denom. whitewash
u.ba.ad		שֵׂיוֹ		שֵׂיוֹ שְׂיֵהוּ v. שֶׂה
u.bb.aa		שׂיח	root	שׂיח
u.bb.ab	H7879	שִׂיחַ		שִׂיחַ n.m. complaint, musing
u.bb.ac	H7881	שִׂיחָה		שִׂיחָה n.f. id. [u.bb.ab] complaint (obj. of) musing, study
u.bb.ad	H7878	שִׂיחַ		שִׂיחַ vb. denom. muse, complain, poet. talk (of) Qal complain muse talk (about), sing (of) talk (with) Pôl‛el meditate, consider
u.bb.ae	H7808	שֵׂחַ		[שֵׂחַ] n.[m.] thought;—sf. Am 4:13
u.bc.aa		שׂיח	root	שׂיח
u.bc.ab	H7880	שִׂיחַ		שִׂיחַ n.[m.] bush, shrub, plant
u.bc.ac		שִׂים		שִׂים שִׂימָה v. שׂום
u.bc.ad		שֵׂךְ		שֵׂךְ שֻׂכָּה v. שׂכך
u.bc.ae		שׂךְ		שׂךְ v. שׂכך
u.bd.aa		שׂכה	root	שׂכה
u.bd.ab	H7907	שֶׂכְוִי		שֶׂכְוִי n.[m.] perh. a celestial appearance, phenomenon;—Jb 38:36
u.bd.ac	H7914	שְׂכִיָּה		[שְׂכִיָּה] n.f. very dub., only pl. cstr. Is 2:16:
u.bd.ad	H4906	מַשְׂכִּית		מַשְׂכִּית n.f. show-piece, figure, imagination
u.bd.ae	H7634	שָֽׂכְיָה		שָֽׂכְיָה n.pr.m. in Benj. 1 Ch 8:10
u.bd.af	H7915	שַׂכִּין		שַׂכִּין n.[m.] knife;—abs. Pr 23:2.
u.bd.ag	H7906	שֵׂ֫כוּ		שֵׂ֫כוּ n.pr.loc. near Ramah (= outlook);—1 S 19:22
u.be.aa	H5526	שָׂכַךְ	root	[שָׂכַךְ] vb. cover, lay over, so as to screen;—Qal Ex 33:22 (J E).
u.bf.aa	H5526	שָׂכַךְ	root	[שָׂכַךְ] vb. weave; Po‛lel Jb 10:11
u.bf.ab	H7900	שֹׂךְ		[שֹׂךְ] n.[m.] booth, pavilion;—sf. La 2:6
u.bg.aa		שׂכך	root	שׂכך
u.bg.ab	H4881	מְשֻׂכָּה		[מְשֻׂכָּה] n.f. hedge;—sf. Is 5:5
u.bh.aa		שׂכך	root	שׂכך
u.bh.ab	H7899	שֵׂךְ		[שֵׂךְ] n.[m.] thorn;—pl. Nu 33:55
u.bh.ac	H7905	שֻׂכָּה		[שֻׂכָּה] n.f. barb, spear;—pl. Jb 40:31.
u.bi.aa	H7919	שָׂכַל	root	שָׂכַל vb. be prudent Qal be prudent, circumspect Hiph. look at give attention to, consider, ponder have insight, comprehension cause to consider, give insight, teach act circumspectly, prudently prosper, have success cause to prosper
u.bi.ab	H7922	שֵׂ֫כֶל		שֵׂ֫כֶל, שֶׂ֫כֶל n.m. prudence, insight
u.bi.ac	H4905	מַשְׂכִּיל		מַשְׂכִּיל n.m. contemplative poem
u.bj.aa	H7919	שָׂכַל	root	[שָׂכַל] vb. Pi. lay crosswise;—Gn 48:14 (J)
u.bj.ab		שִׂכְלוּת		שִׂכְלוּת סִכְלוּת v. סִכְלוּת
u.bk.aa	H7936	שָׂכַר	root	שָׂכַר vb. hire Qal hire Niph. hire oneself out Hithp. earn wages
u.bk.ab	H7938	שֶׂ֫כֶר		שֶׂ֫כֶר n.[m.] hire, wages
u.bk.ac	H7939	שָׂכָר		שָׂכָר n.m. hire, wages wages, of a servant = reward, for work done, faithfulness, etc. passage-money, fare
u.bk.ad	H7940	שָׂכָר		שָׂכָר n.pr.m. father of hero of Dvd. doorkeeper
u.bk.ae	H7916	שָׂכִיר		שָׂכִיר adj. hired hired, of beast usu. as subst. hireling, hired labourer
u.bk.af		יִשָּׂשׂכָר		יִשָּׂשׂכָר v.
u.bk.ag	H4909	מַשְׂכֹּ֫רֶת		[מַשְׂכֹּ֫רֶת] n.f. wages
u.bk.ah	H7958	שְׂלָו		שְׂלָו n.f. quail (prob. foreign word)
u.bk.ai		שַׂלְמָא		שַׂלְמָא שַׂלְמָה v. שַׂלְמוֹן
u.bk.aj		שַׂלְמָה		שַׂלְמָה v. שִׂמְלָה sub. שׂמל
u.bk.ak	H8007	שַׂלְמוֹן		שַׂלְמוֹן n.pr.m. father of Boaz
u.bk.al	H8014	שַׂלְמַי		שַׂלְמַי n.pr.m. head of post-ex. family
u.bl.aa	H5400	שָׂלַק	root	[שָׂלַק] vb. kindle, burn Niph. a fire was kindled against Jacob Hiph. make a fire, burn
u.bm.aa	H8040	שְׂמֹאל	root	שְׂמֹאל, שְׂמֹאול 54 n.[m.] the left (√ dub.) left, region on the left left hand = north (on left of one facing east)
u.bm.ab	H8041	שִׂמְאֵל		[שִׂמְאֵל] vb. denom. Hiph. take the left
u.bm.ac	H8042	שְׂמָאלִי		שְׂמָאלִי adj. left, on the left
u.bn.aa	H8055	שָׂמַח	root	שָׂמַח, שָׂמִ֑חַ 154 vb. rejoice, be glad Qal 126 in common life rejoice religiously subj. י׳ Pi. cause to rejoice, gladden Hiph. = Pi.
u.bn.ab	H8056	שָׂמֵחַ		שָׂמֵחַ adj.verb. glad, joyful, merry
u.bn.ac	H8057	שִׂמְחָה		שִׂמְחָה 93 n.f. joy, gladness, mirth
u.bn.ad	H8063	שְׂמִיכָה		שְׂמִיכָה n.f. rug or thick coverlet (?);—abs. Ju 4:18 (v. GFM).
u.bo.aa		שׂמל	root	שׂמל
u.bo.ab	H8071	שִׂמְלָה		שִׂמְלָה n.f. wrapper, mantle;—usu. square piece of cloth worn as outer garment; as covering in sleep; more gen. garment, clothes (pl.)
u.bo.ac	H8072	שַׂמְלָה		שַׂמְלָה n.pr.m. kg. of Edom
u.bo.ad	H8008	שַׂלְמָה		שַׂלְמָה n.f. id. [שִׂמְלָה] (transp. from שִׂמְלָה);—garment: outer garment
u.bo.ae		שׂמלי		שׂמלי שַׂלְמַי v. שַׂלְמַי
u.bo.af		שָׂמַל		שָׂמַל v. שַׂמְאַל
u.bo.ag	H8079	שְׂמָמִית		שְׂמָמִית n.f. a kind of lizard;—abs. Pr 30:28
u.bp.aa		שׂמר	root	שׂמר
u.bp.ab		מַשְׂמֵר		מַשְׂמֵר מַשְׂמְרוֹת מַשְׂמְרָה v. מַסְמֵר
u.bq.aa	H8130	שָׂנֵא	root	שָׂנֵא 145 vb. hate Qal 128 hate Niph. is hated Pi. enemy
u.bq.ab	H8146	שָׂנִיא		[שָׂנִיא] adj. hated, held in aversion;—fs. Dt 21:15b
u.bq.ac	H8135	שִׂנְאָה		שִׂנְאָה n.f. hating, hatred
u.bq.ad	H8149	שְׂנִיר		שְׂנִיר n.pr.mont. Amorite name of Ḥermon
u.br.aa		שׂעף	root	שׂעף
u.br.ab	H5587	שְׂעִפִּים		שְׂעִפִּים n.[m.]pl. disquietings, = disquieting or excited thoughts
u.br.ac	H8312	שַׂרְעַפִּים		[שַׂרְעַפִּים] n.[m.]pl. disquieting thoughts
u.bs.aa		שׂער	root	שׂער
u.bs.ab	H8181	שֵׂעָר		שֵׂעָר 27 n.m. hair
u.bs.ac	H8185	שַׂעֲרָה		שַׂעֲרָה n.f. a hair, nom. unit
u.bs.ad	H8175	שָׂעַר		[שָׂעַר] vb. denom. bristle, with horror
u.bs.ae	H8178	שַׂ֫עַר		שַׂ֫עַר n.[m.] horror
u.bs.af	H8163	שָׂעִר		שָׂעִר adj. hairy
u.bs.ag	H8163	שָׂעִיר		שָׂעִיר 63 n.m. he-goat, buck (hairy one)
u.bs.ah	H8166	שְׂעִירָה		[שְׂעִירָה] n.f. she-goat
u.bs.ai	H8167	שְׂעִירָה		[שְׂעִירָה] n.pr.loc., prob. in SE Ephraim (= goat);—Ju 3:26
u.bs.aj	H8163	שָׂעִיר		שָׂעִיר n.m. satyr, demon (with he-goat’s form, or feet)
u.bs.ak	H8184	שְׂעֹרָה		שְׂעֹרָה n.f. barley (bearded grain)
u.bs.al	H8188	שְׂעֹרִים		שְׂעֹרִים n.pr.m. priest 1 Ch 24:8
u.bs.am	H8165	שֵׂעִיר		שֵׂעִיר n.pr. Sē‛ir terr. land of Edom, S. of Dead Sea specif. mont. E. of Arabah gent. = Edom personif. as m. mont. in Judah
u.bt.aa	H8175	שָׂעַר	root	[שָׂעַר] vb. sweep or whirl away (of storm wind) Qal fig. he (י׳) shall sweep it away. Niph. round about him it is tempestuous exceedingly. Pi. and it [an E. wind] shall whirl him away fr. his place. Hithp. the kg. shall storm against him.
u.bt.ab	H8178	שַׂ֫עַר		שַׂ֫עַר n.[m.] storm;—only cstr. Is 28:2
u.bt.ac	H8183	שְׂעָרָה		שְׂעָרָה n.f. id. [u.bt.ab]
u.bu.aa	H8175	שָׂעַר	root	[שָׂעַר] vb. perh. be acquainted with;—Qal Dt 32:17
u.bv.aa		שׂער	root	שׂער
u.bv.ab	H8164	שְׂעִירִים		שְׂעִירִים n.[m.]pl. rain(-drops);—Dt 32:2
u.bv.ac		שְׂפֹדְנָה		שְׂפֹדְנָה סָפַד v. ספד
u.bw.aa		שׂפה	root	שׂפה
u.bw.ab	H8193	שָׂפָה		שָׂפָה 176 n.f. lip, speech, edge lip language edge: shore of sea; bank of river
u.bw.ac	H8222	שָׂפָם		שָׂפָם n.[m.] moustache
u.bw.ad		שִׂפַּח		שִׂפַּח v. ספח
u.bw.ae		מִשְׂפָּח		מִשְׂפָּח v. ספח
u.bw.af		שִֽׂפְמוֹת		שִֽׂפְמוֹת v. שִׂפ׳
u.bw.ag		שׂפן		שׂפן v. ספן
u.bw.ah		שׂפק		שׂפק שֶׂ֫פֻק v. ספק
u.bx.aa	H5606	שָׂפַק	root	[שָׂפַק] vb. suffice;—Qal 1 K 20:10
u.bx.ab	H5607	שֵׂ֫פֶק		[שֵׂ֫פֶק] n.[m.] sufficiency, plenty;—sf. Jb 20:22
u.bx.ac		שַׂק		שַׂק v. שׂקק
u.by.aa	H8244	שָׂקַד	root	[שָׂקַד] doubtful vb., bind on;—Niph. La 1:14
u.bz.aa		שׂקק	root	שׂקק
u.bz.ab	H8242	שַׂק		שַׂק n.m. sack, sackcloth
u.ca.aa	H8265	שָׂקַר	root	[שָׂקַר] vb. Pi. ogle;—Is 3:16
u.ca.ab		שַׂר		שַׂר v. שׂרר
u.ca.ac	H8272	שַׁרְאֶ֫צֶר		שַׁרְאֶ֫צֶר n.pr.m. in Assyr. (Bab.) son of Sennach. a returned exile
u.cb.aa	H8276	שָׂרַג	root	[שָׂרַג] vb. Pu. be intertwined; Impf. are intertwined Hithp. they intertwine themselves
u.cb.ab	H8299	שָׂרִיג		[שָׂרִיג] n.m. tendril, twig
u.cb.ac	H8286	שְׂרוּג		שְׂרוּג n.pr.m. descendant (i.e. younger branch) of Peleg
u.cc.aa	H8277	שָׂרַד	root	[שָׂרַד] vb. escape;—Qal Jos 10:20
u.cc.ab	H8300	שָׂרִיד		שָׂרִיד n.m. survivor (from a defeat, etc.)
u.cc.ac	H8301	שָׂרִיד		שָׂרִיד n.pr.loc. on border of Zebulun
u.cd.aa		שׂרד	root	שׂרד
u.cd.ab	H8278	שְׂרָד		שְׂרָד n.[m.] perhaps Aram. plaited or braided work
u.cd.ac	H8279	שֶׂ֫רֶד		שֶׂ֫רֶד n.[m.] from context, a marking-tool for wood, stylus (connexion with above √ dub.);—Is 44:13.
u.cd.ad		שָׂרָה		שָׂרָה v. שׂרר
u.ce.aa	H8280	שָׂרָה	root	שָׂרָה vb. persist, exert oneself, persevere
u.ce.ab	H3478	יִשְׂרָאֵל		יִשְׂרָאֵל 2507 n.pr.m. et gent. Israel (Ēl persisteth, persevereth) n.pr.m. second name of Jacob n.pr.gent. name of Hebrew nation
u.ce.ac	H3481	יִשְׂרְאֵלִי		יִשְׂרְאֵלִי adj.gent. of foregoing [u.ce.ab]
u.ce.ad	H7798	שְׂרָיָה(וּ)		שְׂרָיָה(וּ) n.pr.m. (י׳ persisteth) secretary of David chief priest a captain son of Kenaz name in Simeon Levite name companion of Zerub. father of Ezra one sealed priest officer of king Jehoiakim
u.cf.aa		שׂרה	root	שׂרה
u.cf.ab	H4951	מִשְׂרָה		מִשְׂרָה n.f. rule, dominion;—Is 9:5, 6.
u.cf.ac	H8294	שֶׂ֫רַח		שֶׂ֫רַח n.pr.f. daughter of Asher
u.cg.aa	H8295	שָׂרַט	root	[שָׂרַט] vb. incise, scratch Qal shall make no incision Niph. those loaded with the stone shall be severely scratched, lacerated.
u.cg.ab	H8296	שֶׂ֫רֶט		שֶׂ֫רֶט n.[m.] incision;—abs. Lv 19:28.
u.cg.ac	H8296	שָׂרֶ֫טֶת		[שָׂרֶ֫טֶת] n.f. id. [u.cg.ab];—Lv 21:5
u.cg.ad		שָׂרַי		שָׂרַי v. שׂרר
u.cg.ae		שִׂרָיָה(וּ)		שִׂרָיָה(וּ) v. שׂרה
u.cg.af	H8303	שִׂרְיֹן		שִׂרְיֹן, שִׂרְיוֹן n.pr.mont. Sidonian name of Ḥermon
u.ch.aa	H8308	שָׂרַךְ	root	[שָׂרַךְ] vb. twist;—Pi. Je 2:23
u.ch.ab	H8288	שְׂרוֹךְ		[שְׂרוֹךְ] n.[m.] (sandal-)thong
u.ch.ac	H8310	שַׂרְסְכִים		שַׂרְסְכִים n.pr.m. a prince of Nebuch. Je 39:3
u.ci.aa	H8311	שָׂרַע	root	[שָׂרַע] vb. extend Qal extended, i.e. too long (in a limb or member) Hithp. stretch oneself
u.ci.ab		שַׂרְעַפִּים		שַׂרְעַפִּים v. שׂעף
u.cj.aa	H5635	שָׂרַף	root	שָׂרַף 117 vb. burn Qal burn Niph. be burned Pi. his burner, usu. one burning him, but prob. burning spices for him Pu. it was burnt up (and gone).
u.cj.ab	H8314	שָׂרָף		שָׂרָף n.m. a serpent, usu. venomous
u.cj.ac	H8314	שָׂרָף		[שָׂרָף] n.m. pl. שְׂרָפִים seraphim
u.cj.ad	H8315	שָׂרָף		שָׂרָף n.pr.m. a Judahite;—1 Ch 4:22
u.cj.ae	H8316	שְׂרֵפָה		שְׂרֵפָה n.f. burning
u.cj.af	H4955	מַשְׂרֵפָה		[מַשְׂרֵפָה, מִשְׂרָפָה ?] n.[f.] a burning
u.cj.ag	H4956	מִשְׂרְפוֹת מַיִם		מִשְׂרְפוֹת מַיִם n.pr.loc. named with Ṣidon
u.ck.aa		שׂרק	root	שׂרק
u.ck.ab	H8305	שָׂרִיק		[שָׂרִיק] adj. carded, combed, of flax;—fpl. Is 19:9.
u.cl.aa		שׂרק	root	שׂרק
u.cl.ab	H8320	שָׂרֹק		[שָׂרֹק] adj. perh. sorrel;—pl. Zc 1:8, of horses.
u.cl.ac	H8291	שָׂרֹק		[שָׂרֹק] n.[m.] vine-tendrils (or clusters) (from red colour?);—pl. Is 16:8.
u.cl.ad	H8321	שֹׂרֵק		שֹׂרֵק n.[m.] choice species of vine
u.cl.ae	H7796	שֹׂרֵק		שֹׂרֵק n.pr.loc. in Ju 16:4 (prop. Wady of choice vines)
u.cl.af	H8321	שֹׂרֵקָה		שֹׂרֵקָה n.f. choice vine;—Gn 49:11.
u.cl.ag	H4957	מַשְׂרֵקָה		מַשְׂרֵקָה n.pr.loc. in Edom
u.cm.aa		שׂרר	root	שׂרר
u.cm.ab	H8269	שַׂר		שַׂר 420 n.m. chieftain, chief, ruler, official, captain, prince
u.cm.ac	H7786	שָׂרַר		[שָׂרַר] vb. denom. be, or act as, prince, rule Qal Abim. ruled over Isr. three years Hithp. that thou shouldst also keep playing the prince over us. Hiph. they made princes
u.cm.ad	H8282	שָׂרָה		[שָׂרָה] n.f. princess, noble lady
u.cm.ae	H8283	שָׂרָה		שָׂרָה 37 n.pr.f. wife of Abraham (princess)
u.cm.af	H8297	שָׂרַי		שָׂרַי n.pr.f. wife of Abram
u.cm.ag		שָׂשׂוֹן		שָׂשׂוֹן שָׂשֹׂן v. שׂוֹשׂ
u.cm.ah		שֵׂת		שֵׂת v. שְׂאֵת sub. נשׂא
u.cn.aa	H5640	שָׂתַם	root	שָׂתַם vb. usu. stop up, in sense of shut out, shut ears against;—Qal La 3:8
u.co.aa	H8368	שָׂתַר	root	[שָׂתַר] vb. Niph. burst or break out, of tumours;—Niph. 1 S 5:9
v.aa.aa		שׁ	root	שׁ
v.ab.aa	H7945	שֶׁ	root	שֶׁ, rel. part. who, which, that, etc. as a pron. who, which, whom as a connecting link; = where, whither, when as a conj. Partitively that involving a reason because, since towards, to compounds:
v.ab.ab		שֹׁא		שֹׁא v. שׁוֹא
v.ac.aa	H7579	שָׁאַב	root	[שָׁאַב] vb. draw (water)
v.ac.ab	H4857	מַשְׁאָב		[מַשְׁאָב] n.[m.] appar. drawing-place of water; only pl. Ju 5:11.
v.ad.aa	H7580	שָׁאַג	root	שָׁאַג vb. roar
v.ad.ab	H7581	שְׁאָגָה		שְׁאָגָה n.f. roaring
v.ad.ac		שֹׁאָה		שֹׁאָה v. שׁוֹאָה sub. שׁוא
v.ae.aa	H7582	שָׁאָה	root	[שָׁאָה] vb. make a din or crash, crash into ruins Qal until cities have crashed into ruins Niph. usu., and the ground be ruined into a desolation Hiph. to cause … cities to crash into ruined heaps.
v.ae.ab	H7584	שַׁאֲוָה		שַׁאֲוָה Kt, שׁוֹאָה Qr, n.f. devastating storm;—sim. Pr 1:27
v.ae.ac	H7591	שְׁאִיָּה		שְׁאִיָּה n.f. ruin;—Is 24:12 (late).
v.ae.ad	H7588	שָׁאוֹן		שָׁאוֹן n.m. roar (of waters, etc.), din, crash, uproar
v.ae.ae	H7612	שֵׁאת		שֵׁאת n.f. doubtful word; perh. din of battle; Thes al. devastation
v.af.aa	H7583	שָׁאָה	root	[שָׁאָה] vb. Hithp. gaze;—Gn 24:21 (J)
v.af.ab		שָׁאט		שָׁאט שְׁאָט v. שׁוּט
v.af.ac		שְׁאַיָּה		שְׁאַיָּה v. שׁאה
v.ag.aa	H7592	שָׁאַל	root	שָׁאַל 170 vb. ask, inquire Qal ask, ask for specif. ask as a fovour, for temporary use, i.e. borrow in weakened sense, seek, desire (late) inquire of inquire of, consult, deity, oracle, etc. in weakened sense, seek, desire (late) Niph. ask for oneself Pi. inquire carefully beg, practise beggary Hiph. (prop. let one ask [successfully], give, or lend, on request, then) grant, make over to (as a favour, with or without request)
v.ag.ab	H7594	שְׁאָל		שְׁאָל n.pr.m. with foreign wife, Ezr 10:29
v.ag.ac	H7586	שָׁאוּל		שָׁאוּל n.pr.m. (= asked) 397 1st king of Isr. a king of Edom a son of Simeon a Levite
v.ag.ad	H7587	שָׁאוּלִי		שָׁאוּלִי adj.gent. c. art. = n.pr.coll. Nu 26:13 (P).
v.ag.ae		שְׁאָ֫לָה		שְׁאָ֫לָה שְׁאוֹל שְׁאֹל v. שְׁאוֹל
v.ag.af	H7596	שְׁאֵלָה		שְׁאֵלָה, [I. שֵׁלָה] n.f. request, thing asked for
v.ag.ag	H4862	מִשְׁאָלָה		[מִשְׁאָלָה] n.f. request, petition
v.ag.ah	H7597	שְׁאַלְתִּיאֵל		שְׁאַלְתִּיאֵל n.pr.m. (I have asked (him) of God);—first son of Jehoiachin and uncle of Zerubbabel; but Z.’s father
v.ag.ai	H7585	שְׁאוֹל		שְׁאוֹל, שְׁאֹל n.f. Shᵉ’ōl, underworld (√ dub.; i.e. place of inquiry)
v.ah.aa	H7599	שָׁאַן	root	[שָׁאַן] vb. Pa‛l. be at ease or at peace, rest securely
v.ah.ab		שְׁאָן		שְׁאָן v. בֵּית שְׁאָן
v.ah.ac	H7600	שַׁאֲנָן		שַׁאֲנָן adj. at ease, secure at ease, secure as subst., one at ease, free from misfortune at ease, with collat. idea of careless, wanton, arrogant as subst. abstr. = arrogance
v.ah.ad		שׁאסיך		שׁאסיך שָׁאַס v. שׁסס v. שׁסה
v.ai.aa	H7602	שָׁאַף	root	שָׁאַף vb. gasp, pant, pant after, long for
v.aj.aa	H7602	שָׁאַף	root	[שָׁאַף] vb. crush, trample on
v.ak.aa	H7604	שָׁאַר	root	שָׁאַר 133 vb. remain, be left over Qalthe youngest still remains Niph. be left over be left behind Hiph. leave over, spare leave or keep over the city shall have 100 left leave as a gift
v.ak.ab	H7605	שְׁאָר		שְׁאָר n.m. rest, residue, remnant
v.ak.ac	H7610	שְׁאָר יָשׁוּב		שְׁאָר יָשׁוּב n.pr.m. of Isaiah's son Is 7:3 (= a remnant shall return)
v.ak.ad	H7611	שְׁאֵרִית		שְׁאֵרִית n.f. rest, residue, remnant, remainder
v.al.aa		שׁאר	root	שׁאר
v.al.ab	H7607	שְׁאֵר		שְׁאֵר n.m. flesh (perh. orig. the inner flesh, full of blood, next to the bones) flesh as food fig. for physical power in HP = flesh- (= blood-) relation (i.e. one near of kin) = self
v.al.ac		שַׁאֲרָה		שַׁאֲרָה v. שְׁאֵר
v.al.ad	H7609	שֶׁאֱרָה		שֶׁאֱרָה n.pr.f. ‘daughter’ of Ephraim;—1 Ch 7:24
v.al.ae		מִשְׁאֶרֶת		מִשְׁאֶרֶת v.
v.al.af		שֵׁאת		שֵׁאת v. שׁאה
v.al.ag	H7614	שְׁבָא		שְׁבָא n.pr.gent. et terr. Shᵉbâ, in SW. Arabia
v.al.ah	H7615	שְׁבָאִי		[שְׁבָאִי] adj.gent. only pl. as subst., Jo 4:8
v.am.aa		שׁבב	root	שׁבב
v.am.ab	H7616	שְׁבָבִים		שְׁבָבִים n.[m.]pl. probably splinters;—Ho 8:6
v.an.aa		שׁבב	root	שׁבב
v.an.ab	H7632	שָׁבִיב		[שָׁבִיב] n.m. probably flame;—cstr. Jb 18:5
v.ao.aa	H7617	שָׁבָה	root	שָׁבָה 47 vb. take captive Qal take captive Niph. be taken captive
v.ao.ab	H7628	שְׁבִי		שְׁבִי n.m. captivity, captives (coll.)
v.ao.ac	H7628	שָׁבִי		[שָׁבִי adj. vel n.m. whence] שְׁבִיָּה n.f. captive
v.ao.ad	H7633	שִׁבְיָה		שִׁבְיָה n.f. captivity, captives (coll.)
v.ao.ae	H7622	שְׁבִית		שְׁבִית, שְׁבוּת n.f. id. [v.ao.ad] in cl. give his daughters into captivity in phr. restore the captivity of
v.ao.af	H7618	שְׁבוֹ		שְׁבוֹ n.[f.] a precious stone (relation to above √ dub.; = As. šubû; 𝔊 𝔙 agate);—Ex 28:19 = 39:12 (+ לֶשֶׁם, אַחְלָ֑מָה).
v.ao.ag	H7629	שֹׁבִי		שֹׁבִי n.pr.m. appar. Ammonite prince, 2 S 17:27
v.ao.ah	H7630	שֹׁבָ֑י		שֹׁבָ֑י n.pr.m. in post-ex. Israel
v.ao.ai	H7619	שְׁבוּאֵל		שְׁבוּאֵל, שְׁבֻאֵל n.pr.m. son of Gershom
v.ao.aj	H8453	תִּשְׁבֶּה		[תִּשְׁבֶּה] n.pr.loc. 1 K 17:1 home of Elijah
v.ao.ak	H8664	תִּשְׁבִּי		תִּשְׁבִּי adj.gent.
v.ap.aa	H7623	שָׁבַח	root	[שָׁבַח] vb. Pi. soothe, still Pi. he stilleth it Hiph. stilling the roar of the seas.
v.aq.aa	H7623	שָׁבַח	root	[שָׁבַח] vb. Pi. laud, praise Hithp. boast
v.aq.ab	H3431	יִשְׁבַּח		יִשְׁבַּח n.pr.m. in Judah;—1 Ch 4:17
v.ar.aa		שׁבט	root	שׁבט
v.ar.ab	H7626	שֵׁ֫בֶט		שֵׁ֫בֶט 189 n.m. 1. rod, staff, club, sceptre. 2. tribe
v.ar.ac	H8275	שַׁרְבִֿיט		שַׁרְבִֿיט n.m. sceptre;—only Est
v.ar.ad	H7627	שְׁבָט		שְׁבָט n.pr.mens. Shᵉbāṭ, 11th month (post-ex.) = Feb.-March; Zc 1:7
v.ar.ae		שְׁבִי		שְׁבִי שִׁבְיָה שְׁבִית v. שׁבה
v.as.aa		שׁבל	root	שׁבל
v.as.ab	H7640	שֹׁ֫בֶל		שֹׁ֫בֶל n.[m.] flowing skirt, train;—abs. Is 47:2
v.as.ac	H7641	שִׁבֹּ֫לֶת		שִׁבֹּ֫לֶת n.f. flowing stream
v.as.ad	H7641	שִׁבֹּ֫לֶת		שִׁבֹּ֫לֶת n.f. ear of grain
v.as.ae	H7635	שְׁבוּל		[שְׁבוּל, שְׁבִיל] n.[m.] way, path (prop. as flowing along, stretching out ?)
v.as.af	H7732	שׁוֹבָל		שׁוֹבָל n.pr.m. Edomite name in Caleb in Judah
v.as.ag		שַׁבְלוּל		שַׁבְלוּל v. בלל
v.at.aa		שׁבן	root	שׁבן
v.at.ab	H7644	שֶׁבְנָא		שֶׁבְנָא, שֶׁבְנָה n.pr.m. secretary and major-domo of Hezekiah
v.at.ac	H7645	שְׁבַנְיָה(וּ)		שְׁבַנְיָה(וּ) n.pr.m. יָה: Levites priest יָהוּ, priest
v.au.aa		שׁבס	root	שׁבס
v.au.ab	H7636	שָׁבִיס		[שָׁבִיס] n.[m.] front-band;—pl. Is 3:18
v.av.aa	H7651	שֶׁ֫בַע	root	שֶׁ֫בַע, שִׁבְעָה 394 n.m. et f. seven
v.av.ab	H7656	שִׁבְעָה		שִׁבְעָה n.f.pr.putei, Gn 26:33 (J)
v.av.ac	H7657	שִׁבְעִים		שִׁבְעִים 91 n.pl. seventy
v.av.ad	H7637	שְׁבִיעִי		שְׁבִיעִי m. שְׁבִיעִית f. 97 adj.num.ord. seventh
v.av.ae	H7658	שִׁבְעָ֫נָה		שִׁבְעָ֫נָה Jb 42:13 read שִׁבְעָה
v.av.af	H7659	שִׁבְעָתַיִם		שִׁבְעָתַיִם n.f.du. seven-fold, seven times
v.av.ag	H7620	שָׁבוּעַ		שָׁבוּעַ n.m. period of seven (days, years), heptad, week
v.av.ah	H7650	שָׁבַע		[שָׁבַע] 186 vb. swear (prob. so to say, seven oneself, or bind oneself by seven things) Qal Pt. pass. those sworn with (= who have sworn) oaths Niph.;—swear, take an oath Hiph. cause take an oath, subj. always man adjure
v.av.ai	H7652	שֶׁ֫בַע		שֶׁ֫בַע n.pr.m. in Benj. in Gad
v.av.aj	H7652	שֶׁבַע		שֶׁבַע n.pr.loc. in Simeon, Jos 19:2
v.av.ak		שֶׁבַע		שֶׁבַע v. אֱלִישֶׁבַע v. (בַּת־שֶׁבַע) v. יְהוֹשֶׁבַע
v.av.al	H7621	שְׁבוּעָה		שְׁבוּעָה, שְׁבֻעָה n.f. oath, curse
v.aw.aa	H7660	שָׁבַץ	root	[שָׁבַץ] vb. Pi. prob. weave in chequer or plaited work (NH שָׁבַץ ornament a vessel with a pattern) Pi. and thou shalt chequer (or plait) the tunic (in) byssus. Pu. inwoven (i.e. set ina chequered or plaited mounting) with gold(-thread) shall they be (of gems).
v.aw.ab	H7661	שָׁבָץ		שָׁבָץ n.m. 2 S 1:9 hath seized me
v.aw.ac	H4865	מִשְׁבְּצ(וֹ)ת		מִשְׁבְּצ(וֹ)ת n.f. pl. chequered (or plaited) work, usu. of settings for gems
v.aw.ad	H8665	תַּשְׁבֵּץ		תַּשְׁבֵּץ n.[m.] chequered (or plaited) work;—Ex 28:4.
v.ax.aa		שׁבק	root	שׁבק
v.ax.ab	H7733	שׁוֹבֵק		שׁוֹבֵק n.pr.m. one of those sealed Ne 10:25
v.ax.ac	H3435	יִשְׁבָּק		יִשְׁבָּק n.pr.m. son of Abr. and Ḳetûrâh
v.ay.aa	H7665	שָׁבַר	root	שָׁבַר 148 vb. break, break in pieces Qal 53 break, lit. Niph. 57 be broken Pi. 26 shatter, break Hiph. cause to break out, i.e. bring to the birth Hoph. be broken, shattered (in heart)
v.ay.ab	H7667	שֶׁ֫בֶר		שֶׁ֫בֶר, שֵׁ֫בֶר n.m. breaking, fracture, crushing, breach, crash
v.ay.ac	H7669	שֶׁ֫בֶר		שֶׁ֫בֶר n.pr.m. a Calebite 1 Ch 2:48
v.ay.ad		שָׁבוּר		שָׁבוּר שָׁבַר v.
v.ay.ae	H7670	שִׁבָּרוֹן		שִׁבָּרוֹן n.[m.] breaking, crushing
v.ay.af	H4866	מַשְׁבֵּר		מַשְׁבֵּר n.[m.] place of breach, i.e. mouth of womb
v.ay.ag	H4867	מִשְׁבָּר		[מִשְׁבָּר] n.[m.] breaker, of sea
v.ay.ah	H7668	שֶׁ֫בֶר		שֶׁ֫בֶר n.[m.] corn, grain, as food stuff
v.ay.ai	H7666	שָׁבַר		[שָׁבַר] vb. denom. buy grain Qal buy grain for food Hiph. sell grain (prop. cause to buy grain)
v.az.aa	H7673	שָׁבַת	root	שָׁבַת 71 vb. cease, desist, rest Qal 27 cease desist from labour, rest Niph. cease Hiph. 40 cause to cease, put an end to = exterminate, destroy cause to desist from remove cause to fail, let be lacking
v.az.ab	H7674	שֶׁ֫בֶת		שֶׁ֫בֶת n.f. cessation (dub.)
v.az.ac	H7676	שַׁבָּת		שַׁבָּת 111 n.f. and m. Sabbath sabbath day of atonement sabbath year = week (?) = produce in sabbath year (growing of itself)
v.az.ad	H7673	שָׁבַת		[שָׁבַת] vb. denom. keep, observe (sabbath)
v.az.ae	H7677	שַׁבָּתוֹן		שַׁבָּתוֹן n.m. sabbath observance, sabbatism
v.az.af	H7678	שַׁבְּתַי		שַׁבְּתַי n.pr. Levite
v.az.ag	H4868	מִשְׁבָּת		[מִשְׁבָּת] n.[m.] cessation, annihilation;—pl. sf. La 1:7
v.az.ah		שָׁגֵא		שָׁגֵא v. שָׁגֵה
v.ba.aa	H7683	שָׁגַג	root	[שָׁגַג] vb. go astray, commit sin or error Qal err, mentally sin ignorantly, inadvertently
v.ba.ab	H7684	שְׁגָגָה		שְׁגָגָה n.f. sin of error, inadvertence
v.ba.ac		שִׁגָּיוֹן		שִׁגָּיוֹן v.
v.bb.aa	H7686	שָׁגָה	root	[שָׁגָה] vb. go astray, err Qal err, stray, of flock swerve, meander, reel or roll go astray specif. commit sin of ignorance, inadvertence Hiph. lead astray lit. mentally = mislead morally
v.bb.ab	H7691	שְׁגִיאָה		[שְׁגִיאָה] n.f. error;—pl. abs. ψ 19:13
v.bb.ac	H4870	מִשְׁגֶּה		מִשְׁגֶּה n.m. mistake Gn 43:12 (J).
v.bb.ad	H7681	שָׁגֵה		שָׁגֵה (שָׁגֵא van d. H.) n.pr.m. father of a hero of David 1 Ch 11:34.
v.bc.aa	H7688	שָׁגַח	root	[שָׁגַח] vb. Hiph. gaze
v.bc.ab	H7692	שִׁגָּיוֹן		שִׁגָּיוֹן doubtful word, ψ 7:1 (title) go astray, reel, i.e. wild, passionate song, with rapid changes of rhythm; pl. Hb 3:1 (title)
v.bd.aa	H7693	שָׁגֵל	root	[שָׁגֵל] vb. violate, ravish Qal Kt Niph. women shall be ravished Pu. < Qal pass. where hast thou not been ravished?
v.bd.ab	H7694	שֵׁגָל		שֵׁגָל n.f. (queen-)consort
v.be.aa	H7696	שָׁגַע	root	[שָׁגַע] vb. Pu. be mad Pu. thou shalt be maddened Hithp. shew madness
v.be.ab	H7697	שִׁגָּעוֹן		שִׁגָּעוֹן n.m. madness
v.bf.aa		שׁגר	root	שׁגר
v.bf.ab	H7698	שֶׁ֫גֶר		שֶׁ֫גֶר n.[f.] offspring, young of beasts
v.bf.ac		שַׁד		שַׁד שֹׁד v. שׁדה
v.bf.ad	H7700	שֵׁד		[שֵׁד] n.[m.] appar. demon (loan-word from As., a protecting spirit, esp. of bull-colossus)
v.bf.ae		שֹׁד		שֹׁד v. שׁדד
v.bg.aa	H7703	שָׁדַד	root	[שָׁדַד] 56 vb. deal violently with, despoil, devastate, ruin Qal violently destroy, pers. = slay Niph. we are utterly ruined. Pi. assault not his dwelling-place Pu. be devastated Pō‛el violently destroy Hoph. be devastated
v.bg.ab	H7701	שֹׁד		שֹׁד, שׁוֹד n.m. violence, havoc, devastation, ruin
v.bg.ac		שַׁדַּי		שַׁדַּי v. אַשְׁדוֹד
v.bh.aa		שׁדה	root	שׁדה
v.bh.ab	H7699	שַׁד		[שַׁד] n.m. female breast
v.bh.ac	H7699	שֹׁד		שֹׁד n.m. id. [v.bh.ab]
v.bh.ad	H7707	שְׁדֵיאוּר		שְׁדֵיאוּר n.pr.m. in Reuben
v.bh.ae	H7705	שִׁדָּה		שִׁדָּה n.f. mng. unknown;—only Ec 2:8
v.bh.af	H7706	שַׁדַּי		שַׁדַּי 48 n.m.dei (etym. dub. (1) (self-)sufficient. (2) = Almighty)
v.bh.ag		שַׁדּ֯יּן		שַׁדּ֯יּן דִּין v. דין
v.bi.aa		שׁדם	root	שׁדם
v.bi.ab	H7709	שְׁדֵמָה		[שְׁדֵמָה] n.f. field
v.bj.aa	H7710	שָׁדַף	root	[שָׁדַף] vb. scorch, blight
v.bj.ab	H7711	שְׁדֵפָה		שְׁדֵפָה n.f. blighted or blasted thing
v.bj.ac	H7711	שִׁדָּפוֹן		שִׁדָּפוֹן n.m. blight, of crops
v.bj.ad	H7714	שַׁדְרַךְ		שַׁדְרַךְ n.pr.m. Bab. name given to one of Daniel’s comrades Dn 1:7
v.bk.aa		שׁדשׁ	root	שׁדשׁ
v.bk.ab	H8337	שֵׁשׁ		שֵׁשׁ, שִׁשָּׁה 216 n.m. et f. six
v.bk.ac	H8345	שִׁשִּׁי		שִׁשִּׁי m. 22 שִׁשִּׁית f. 6 adj.num.ordin. sixth
v.bk.ad	H8346	שִׁשִּׁים		שִׁשִּׁים 59 n.indecl. sixty
v.bk.ae	H8341	שִׁשָּׁה		[שִׁשָּׁה] vb. Pi. denom. give sixth part of
v.bk.af	H7718	שֹׁ֫הַם		שֹׁ֫הַם n.m. a gem, identif. dubious; onyx or chrysoprasus, beryl, malachite (√ unknown)
v.bk.ag	H7719	שֹׁ֫הַם		שֹׁ֫הַם n.pr.m. Levite;—1 Ch 24:27
v.bk.ah		שָׁו		שָׁו שָׁוְא שַׁו v. שָׁוְא
v.bk.ai	H7724	שְׁוָא		שְׁוָא n.pr.m. Calebite secretary, David’s time
v.bl.aa		שׁוא	root	שׁוא
v.bl.ab	H7723	שָׁוְא		שָׁוְא n.[m.] emptiness, vanity
v.bm.aa		שׁוא	root	שׁוא
v.bm.ab	H7722	שׁוֹא		[שׁוֹא] n.[m.] ravage (?)
v.bm.ac	H7722	שׁוֹאָה		שׁוֹאָה, שֹׁאָה n.f. devastation, ruin, waste
v.bm.ad	H4875	מְשׁוֹאָה		מְשׁוֹאָה, מְשֹׁאָה n.f. desolation
v.bm.ae	H7738	תְּשֻׁאָה		[תְּשֻׁאָה] n.f. noise (prop. of devastation, storm)
v.bn.aa	H7725	שׁוּב	root	שׁוּב 1056 vb. turn back, return Qal 683;—turn back, return: turn back return, come or go back esp. return unto of dying of revival from death fig. of human relations: return to leader, king = change so as to appoach (in purpose, desire) turn, i.e. resort to return to a physical condition abs. = change course of action fig., specif. of spiritual relations: turn back from God = apostatize of י׳, turn away turn back to God (= seek penitently) abs. repent turn back from evil of י׳ of י׳, return (to shew favour) of inanimate things (sts. personified, or treated as things of life): denoting repetition, etc. trans. Pō‛l. bring back fig. restore, refresh restore, repair lead away (enticingly) shew turning = apostatize Hiph. 353 cause to return, bring back bring back into bondage put back = draw back = give back, restore = relinguish = give in payment, requital bring one back (from dead) bring back heart = refresh bring back words of people bring back (in retribution) upon pay as recompense turn back, backward = repel, defeat turn away face late, turn toward, acc. face turn against bring back to mind, take into consideration = shew a turning away from your idols (i.e. turn away) reverse, revoke = repel, defeat Hoph. my money has been returned
v.bn.ab	H7729	שׁוּבָה		שׁוּבָה n.f. retirement, withdrawal (from war, etc., cf. Mi 2:8);—Is 30:15.
v.bn.ac	H7870	שִׁיבָה		[שִׁיבָה] cstr. restoration (?) ψ 126:1
v.bn.ad	H7726	שׁוֹבָב		שׁוֹבָב adj. backturning, recusant, apostate
v.bn.ae	H7727	שׁוֹבָב		שׁוֹבָב n.pr.m. son of David son of Caleb
v.bn.af	H7728	שׁוֹבֵב		שׁוֹבֵב adj. backturning, apostate
v.bn.ag	H3437	יָשׁוּב		יָשׁוּב n.pr.m. in Issachar one with foreign wife
v.bn.ah	H3432	יָשֻׁבִי		יָשֻׁבִי adj.gent. of foregoing [v.bn.ag] 1; c. art. as subst. coll. הַי׳ Nu 26:24.
v.bn.ai	H3433	יָשֻׁ֫בִי לָ֑חֶם		יָשֻׁ֫בִי לָ֑חֶם n.pr.m. in Judah 1 Ch 4:22
v.bn.aj	H3434	יָשׇׁבְעָם		יָשׇׁבְעָם n.pr.m. a hero of David
v.bn.ak	H3142	י֥וּשַׁב חֶ֖סֶד		י֥וּשַׁב חֶ֖סֶד n.pr.m. son of Zerubbabel, 1 Ch 3:20
v.bn.al	H4878	מְשׁוּבָה		[מְשׁוּבָה], מְשֻׁבָה n.f. turning back, apostasy
v.bn.am	H4877	מְשׁוֹבָב		מְשׁוֹבָב n.pr.m. in Simeon 1 Ch 4:34
v.bn.an	H8666	תְּשׁוּבָה		[תְּשׁוּבָה] n.f. return, answer
v.bn.ao		שׁוּבָאֵל		שׁוּבָאֵל v. שְׁבוּאֵל
v.bn.ap	H7731	שׁוֹבַךְ		שׁוֹבַךְ n.pr.m. Aramaean general
v.bn.aq		שׁוֹבָל		שׁוֹבָל v. שׁבל
v.bn.ar		שׁוֹבָק		שׁוֹבָק שׁוֹבֵק v. שׁבק
v.bo.aa		שׁוג	root	שׁוג
v.bo.ab	H4879	מְשׁוּגָה		[מְשׁוּגָה] n.f. error;—sf. Jb 19:4
v.bo.ac		שׁוֹד		שׁוֹד שֹׁד v. שֹׁד sub. שׁדד
v.bo.ad		שׁוּד		שׁוּד יָשׁוּד v. שׁדד
v.bp.aa	H7737	שָׁוָה	root	שָׁוָה vb. (be even, smooth, v. Pi., hence) agree with, be like, resemble Qal it was not equalled to me, i.e. not requited Pi. he hath levelled Hiph. make like Nithp. (appar.) are alike
v.bp.ab	H7741	שָׁוֵה		שָׁוֵה n.[m.] level plain;—Gn 14:5
v.bp.ac	H7740	שָׁוֵה		שָׁוֵה in n.pr.loc. Gn 14:17
v.bp.ad	H3438	יִשְׁוָה		יִשְׁוָה n.pr.m. in Asher
v.bp.ae	H3440	יִשְׁוִי		יִשְׁוִי n.pr.m. in Asher a son of Saul
v.bp.af	H3441	יִשְׁוִי		יִשְׁוִי adj.gent. of foregoing [v.bp.ae] 1; c. art. as n.coll. הַיִּ׳, Nu 26:44.
v.bq.aa	H7737	שָׁוָה	root	[שָׁוָה] vb. Pi. set, place
v.br.aa	H7743	שׁוּחַ	root	[שׁוּחַ] vb. sink down Qal Hiph. Hithp.
v.br.ab	H7745	שׁוּחָה		שׁוּחָה n.f. pit
v.br.ac	H7882	שִׁיחָה		שִׁיחָה n.f. id. [v.br.ab]
v.br.ad	H7845	שַׁ֫חַת		שַׁ֫חַת n.f. pit
v.br.ae	H7744	שׁוּחַ		שׁוּחַ n.pr.m. son of Abr. and Ḳeturah
v.br.af	H7746	שׁוּחָה		שׁוּחָה n.pr. ‘son’ of חוּר
v.br.ag	H7747	שׁוּחִי		שׁוּחִי, שֻׁחִי adj.gent.
v.br.ah	H7748	שׁוּחָם		שׁוּחָם n.pr.m. in Dan, Nu 26:42
v.br.ai	H7749	שׁוּחָמִי		שׁוּחָמִי adj.gent. of foregoing [v.br.ah]; c. art. הַשּׁ׳ as n.coll. Nu 26:42.
v.br.aj		יְשׁוֹחָיָה		יְשׁוֹחָיָה v. שׁחח
v.bs.aa	H7742	שׁוּט	root	שׁוּט vb. go or rove about Qal go or rove about Pō‛l. go eagerly, quickly, to and fro Hithpō‛l. run to and fro.
v.bs.ab	H7752	שׁוֹט		שׁוֹט n.m. scourge, whip
v.bs.ac	H7850	שֹׁטֵט		שֹׁטֵט n.[m.] scourge;—abs. Jos 23:13
v.bs.ad	H7885	שַׁ֫יִט		שַׁ֫יִט n.[m.] rowing (as whipping, lashing the water)
v.bs.ae	H7751	שׁוּט		[שׁוּט] vb. denom. row
v.bs.af	H4880	מָשׁוֹט		מָשׁוֹט n.[m.] oar;—Ez 27:29.
v.bs.ag	H4880	מִשּׁוֹט		[מִשּׁוֹט] n.[m.] id. [v.bs.af]; pl. sf. Ez 27:6
v.bt.aa	H7590	שׁוּט	root	[שׁוּט] vb. treat with despite, only Ezek.
v.bt.ab	H7589	שְׁאָט		שְׁאָט n.[m.] despite, contempt
v.bu.aa		שׁול	root	שׁול
v.bu.ab	H7757	שׁוּל		[שׁוּל] n.m. skirt, of robe
v.bu.ac		שׁוֹלָל		שׁוֹלָל v. שׁלל
v.bu.ad	H7759	שׁוּלַמִּית		שׁוּלַמִּית usually expl. as adj.gent. f. Shulammite
v.bu.ae	H7762	שׁוּם		[שׁוּם] n.[m.] garlic;—pl. Nu 11:5
v.bu.af		שֻׁמָתִי		שֻׁמָתִי v. שֻׁמָה
v.bu.ag	H7764	שׁוּנִי		שׁוּנִי n.pr.m. in Gad adj.gent. of 1
v.bu.ah	H7766	שׁוּנֵם		שׁוּנֵם n.pr.loc. in Issachar
v.bu.ai	H7767	שׁוּנַמִּית		שׁוּנַמִּית adj.gent. f. of foregoing [v.bu.ah]
v.bv.aa	H7773	שָׁוַע	root	[שָׁוַע] vb. Pi. cry out for help
v.bv.ab		שׁוּעַ		שׁוּעַ, [שֶׁוַע ?] n.m. cry for help;— v. שׁוּעַ
v.bv.ac	H7771	שׁוֹעַ		שׁוֹעַ n.[m.] cry, perhaps war-cry, or cry for help in war Is 22:5.
v.bv.ad	H7775	שַׁוְעָה		[שַׁוְעָה] n.f. cry for help
v.bv.ae		שׁוֹעַ		שׁוֹעַ שׁוּעַ שׁוּעָא v.
v.bv.af	H7772	שׁוֹעַ		שׁוֹעַ n.pr.gent. Ez 23:23 usu. identified with nomads of Mesop. and (later) E. of Tigris
v.bw.aa	H7779	שׁוּף	root	[שׁוּף] vb. bruise
v.bw.ab		שׁוֹפַךְ		שׁוֹפַךְ שׁוֹפָךְ v. שׁוֹבַךְ
v.bw.ac		שׁוּפָמִי		שׁוּפָמִי v. שְׁפוּפָם sub. שׁפף
v.bx.aa		שׁוּק	root	שׁוּק
v.bx.ab	H7785	שׁוֹק		שׁוֹק 19 n.[f.] leg
v.bx.ac	H7784	שׁוּק		שׁוּק n.m. street
v.by.aa	H7783	שׁוּק	root	[שׁוּק] vb. prob. be abundant Pō‛l. thou hast visited the earth and given it abundance Hiph. the vats overflow with must
v.bz.aa		שׁוק	root	שׁוק
v.bz.ab	H8669	תְּשׁוּקָה		[תְּשׁוּקָה] n.f. longing
v.ca.aa	H7788	שׁוּר	root	[שׁוּר] vb. perh. travel, journey
v.ca.ab	H8670	תְּשׁוּרָה		תְּשׁוּרָה n.f. gift, present (?);—1 S 9:7
v.cb.aa	H7789	שׁוּר	root	[שׁוּר] vb. behold, regard behold regard with watchful care watch stealthily, lie in wait
v.cb.ab	H7790	שׁוּר		[שׁוּר] dub. word, only pl. sf. ψ 92:12
v.cb.ac	H8324	שׁוֹרֵר		[שׁוֹרֵר] n.m. (insidious) watcher
v.cc.aa		שׁור	root	שׁור
v.cc.ab	H7794	שׁוֹר		שׁוֹר 78 n.m. a head of cattle, bullock, ox, etc.
v.cc.ac	H7791	שׁוּר		שׁוּר n.[m.] wall
v.cc.ad	H7793	שׁוּר		שׁוּר n.pr.loc. SW. of Palestine, on E. border of Egypt
v.cc.ae	H7791	שׁוּרָה		[שׁוּרָה] n.f. prob. row of olives or vines
v.cc.af		שַׁוְשָׁא		שַׁוְשָׁא v. שְׂרָיָה
v.cc.ag	H7799	שׁוּשַׁן		שׁוּשַׁן, שׁוֹשָׁ֑ן n.m. שׁוֹשַׁנָּה n.f. usually lily, prob. any lily-like flower
v.cc.ah	H7800	שׁוּשַׁן		שׁוּשַׁן n.pr.loc. Susa, winter residence of Persian kings
v.cc.ai		שׁוּשַׁק		שׁוּשַׁק שִׁישַׁק v. שִׁישַׁק
v.cc.aj		שׁוּת		שׁוּת v. שׁית
v.cc.ak	H7803	שׁוּתֶ֫לַח		שׁוּתֶ֫לַח n.pr.m. in Ephraim
v.cc.al	H8364	שֻׁתַלְחִי		שֻׁתַלְחִי adj.gent. of foregoing [v.cc.ak]; c. art. הַשּׁ׳ as subst. coll. Nu 26:35.
v.cd.aa	H7805	שָׁזַף	root	[שָׁזַף] vb. catch sight of, look on (of eye)
v.ce.aa	H7806	שָׁזַר	root	[שָׁזַר] 21 vb. Hoph. be twisted
v.ce.ab		שַׁח		שַׁח v. שׁחח
v.cf.aa	H7809	שָׁחַד	root	[שָׁחַד] vb. give a present, bribe
v.cf.ab	H7810	שֹׁ֫חַד		שֹׁ֫חַד n.m. present, specif. bribe
v.cg.aa	H7812	שָׁחָה	root	[שָׁחָה] 172 vb. bow down Qal bow down Hiph. fig., anxiety depresses it Hithpa‛lēl bow down, prostrate oneself, before a monarch or superior, in homage, etc. before God, in worship before other gods
v.cg.ab	H7816	שְׁחוּת		[שְׁחוּת] n.f. pit;—sf. Pr 28:10.
v.cg.ac	H7825	שְׁחִית		[שְׁחִית] n.f. id. [v.cg.ab]
v.cg.ad		שִׁחוֹר		שִׁחוֹר v. שִׁיחוֹר
v.cg.ae		שְׁחוֹר		שְׁחוֹר v. שׁחר
v.ch.aa	H7817	שָׁחַח	root	[שָׁחַח] vb. bow, be bowed down, crouch Qal be bowed down, prostrated, humbled bow in homage bow, of mourner crouch, of wild beast in lair Niph. be prostrated, humbled Hiph. prostrate, lay low, city, walls, etc. Hithpō‛. be cast down, despairing
v.ch.ab	H7807	שַׁח		שַׁח adj. low, lowly;—cstr. Jb 22:29
v.ch.ac	H3439	יְשׁוֹחָיָה		[יְשׁוֹחָיָה] n.pr.m. in Simeon (mng.?);—1 Ch 4:36
v.ci.aa	H7819	שָׁחַט	root	שָׁחַט 84 vb. slaughter, beat Qal slaughter Niph. be slaughtered for food
v.ci.ab	H7821	שְׁחִיטָה		[שְׁחִיטָה] n.f. act of slaying;—cstr. 2 Ch 30:17.
v.ci.ac	H7819	שַׁחֲטָה		שַׁחֲטָה n.f. doubtful word;—Ho 5:2 RV (cf. AV) the revolters are gone deep in slaughtering
v.ci.ad		שְׁחִין		שְׁחִין v. שׁחן
v.ci.ae		שְׁחִיף		שְׁחִיף v. שָׂחִיף
v.ci.af		שָׁחִיס		שָׁחִיס שָׁחִישׁ v. שָׁחִישׁ
v.cj.aa		שׁחל	root	שׁחל
v.cj.ab	H7826	שַׁ֫חַל		שַׁ֫חַל n.m. lion (poet.)
v.cj.ac	H7827	שְׁחֵ֫לֶת		שְׁחֵ֫לֶת n.f. an ingredient of the holy incense, Ex 30:34
v.ck.aa		שׁחן	root	שׁחן
v.ck.ab	H7822	שְׁחִין		שְׁחִין n.m. boil, coll. eruption
v.cl.aa		שׁחף	root	שׁחף
v.cl.ab	H7828	שַׁ֫חַף		[שַׁ֫חַף] n.[m.] prob. sea-mew, gull
v.cl.ac	H7829	שַׁחֶ֫פֶת		שַׁחֶ֫פֶת n.f. wasting disease, consumption
v.cm.aa		שׁחץ	root	שׁחץ
v.cm.ab	H7830	שַׁ֫חַץ		[שַׁ֫חַץ] n.[m.] dignity, pride;—
v.cm.ac	H7831	שׁחצומה		שׁחצומה Kt, שַׁחֲצִ֫ימָה Qr n.pr.loc. in Issachar Jos 19:22
v.cn.aa	H7833	שָׁחַק	root	[שָׁחַק] vb. rub away, beat fine, pulverize
v.cn.ab	H7834	שַׁ֫חַק		שַׁ֫חַק n.m. dust, cloud (as fine, thin)
v.cn.ac		שִׁחֹר		שִׁחֹר v. שִׁיחוֹר
v.co.aa	H7835	שָׁחַר	root	שָׁחַר vb. be black;—of skin Jb 30:30.
v.co.ab	H7815	שְׁחוֹר		שְׁחוֹר n.[m.] blackness;—La 4:8.
v.co.ac	H7838	שָׁחֹר		שָׁחֹר adj. black
v.co.ad	H7839	שַׁחֲרוּת		שַׁחֲרוּת n.f. blackness, viz. of hair; usu. dawn of youth;—Ec 11:10
v.co.ae	H7840	שְׁחַרְחֹר		[שְׁחַרְחֹר] adj. blackish;—f. Ct 1:6.
v.co.af	H0806	אַשְׁחוּר		אַשְׁחוּר n.pr.m. in Judah
v.cp.aa		שׁחר	root	שׁחר
v.cp.ab	H7837	שַׁ֫חַר		שַׁ֫חַר n.m. dawn
v.cp.ac	H7836	שָׁחַר		[שָׁחַר] vb. denom. look early, diligently for Qal Pr 11:27, elsewhere Pi. seeks him early (with) discipline
v.cp.ad		שַׁחֲרוּת		שַׁחֲרוּת v. שָׁחַר
v.cp.ae	H4891	מִשְׁחָר		מִשְׁחָר n.[m.] dawn;—ψ 110:3
v.cp.af	H7841	שְׁחַרְיָה		שְׁחַרְיָה n.pr.m. in Benjamin, 1 Ch 8:26
v.cp.ag	H7842	שַׁחֲרַ֫יִם		שַׁחֲרַ֫יִם n.pr.m. in Benjamin, 1 Ch 8:8
v.cq.aa	H0516	שָׁחַת	root	[שָׁחַת] 161 vb. go to ruin (?) Niph. be marred, spoiled Pi. spoil, ruin pervert, corrupt Hiph. spoil, ruin pervert, corrupt Hoph. spoiled, ruined
v.cq.ab	H4889	מַשְׁחִית		מַשְׁחִית n.[m.] ruin, destruction
v.cq.ac	H4892	מַשְׁחֵת		מַשְׁחֵת n.[m.] id. [v.cq.ab];—Ez 9:1.
v.cq.ad	H4893	מִשְׁחַת		מִשְׁחַת n.[m.] disfigurement of face Is 52:14.
v.cq.ae	H4893	מָשְׁחָת		מָשְׁחָת n.[m.] corruption (ritual), Lv 22:25 (H).
v.cq.af		שַׁ֫חַת		שַׁ֫חַת v. שׁוח
v.cq.ag	H7848	שִׁטָּה		שִׁטָּה 27 n.f. acacia, tree and wood
v.cq.ah	H7851	שִׁטִּים		שִׁטִּים n.pr.loc. E. of Jordan (W. of Jerus.)
v.cr.aa	H7849	שָׁטַח	root	[שָׁטַח] vb. spread, spread abroad Qal they shall spread them abroad; they spread (sc. the quails) for themselves all abroad round about the camp; expanding the nations Pi. I have spread out unto thee my palms.
v.cr.ab	H4894	מִשְׁטָח		[מִשְׁטָח] n.[m.] spreading-place
v.cr.ac	H4894	מִשְׁטוֹחַ		מִשְׁטוֹחַ n.[m.] id. [v.cr.ab];—Ez 47:10.
v.cr.ad		שֹׁטֵט		שֹׁטֵט v. שׁוט
v.cr.ae		שִׁטִּים		שִׁטִּים v.
v.cs.aa	H7857	שָׁטַף	root	שָׁטַף vb. overflow, rinse or wash off Qal overflow flow, run lit., rinse or wash off Niph. be rinsed out, off Pu. it shall be scoured and rinsed.
v.cs.ab	H7858	שֶׁ֫טֶף		שֶׁ֫טֶף, שֶׁ֫צֶף n.m. flood
v.ct.aa		שׁטר	root	שׁטר
v.ct.ab	H7860	שֹׁטֵר		שֹׁטֵר n.m. official, officer (prop. scribe, secretary? or fr. original meaning as arranger, organizer?)
v.ct.ac	H7861	שִׁטְרַי		שִׁטְרַי n.pr.m. an official of David, 1 Ch 27:29 Kt
v.ct.ad	H4896	מִשְׁטָר		[מִשְׁטָר] n.m. rule, authority;—sf. Jb 38:33 (of heavens over earth).
v.ct.ae	H7862	שַׁי		שַׁי n.m. gift offered as homage
v.ct.af		שׁיא		שׁיא שְׁוָא v. שְׁוָא
v.ct.ag	H7866	שִׁיאוֹן		שִׁיאוֹן n.pr.loc. in Issachar, Jos 19:19
v.ct.ah		שִׁיבָה		שִׁיבָה v. ישׁב
v.ct.ai		שִׁיבָה		שִׁיבָה v. שׁוב
v.ct.aj	H7876	שָׁיָה		[שָׁיָה] vb. only Qal Dt 32:18 the Rock which begat thee thou forgattest
v.ct.ak	H7877	שִׁיזָא		שִׁיזָא n.pr.m. in Reuben, 1 Ch 11:42
v.ct.al		שִׁיחַ		שִׁיחַ שִׁיחָה v. שׁוח
v.ct.am	H7883	שִׁיחוֹר		שִׁיחוֹר n.pr.flum. on border of Egypt, prob. E. branch of Nile
v.ct.an	H7884	שִׁיחוֹר לִבְנַת		שִׁיחוֹר לִבְנַת n.pr.flum. in Asher, Jos 19:26
v.ct.ao		שַׁיִט		שַׁיִט v. שׁוט
v.ct.ap		שִׁילוֹ		שִׁילוֹ שִׁלוֹ שִׁילֹנִי v. שִׁלֹה
v.ct.aq	H7886	שִׁילֹה		שִׁילֹה Gn 49:10, appar. n. he whose it is, or that which belongs to him
v.ct.ar		שׁילל		שׁילל v. שׁלל
v.ct.as	H7889	שִׁימוֹן		שִׁימוֹן n.pr.m. in Judah, 1 Ch 4:20
v.cu.aa		שׁין	root	שׁין
v.cu.ab	H7890	שַׁ֫יִן		[שַׁ֫יִן, שֵׁין] n.[m.] urine
v.cu.ac	H8366	שָׁתַן		[שָׁתַן] vb. Hiph. urinate
v.cv.aa		שׁיר	root	שׁיר
v.cv.ab	H7892	שִׁיר		שִׁיר 77 n.m. song
v.cv.ac	H7892	שִׁירָה		שִׁירָה n.f. song
v.cv.ad	H7891	שִׁיר		[שִׁיר] 86 vb. sing (denom.) Qal 49 sing Pō‛l. 36 sing Hoph. be sung
v.cw.aa	H7893	שַׁ֫יִשׁ	root	שַׁ֫יִשׁ n.[m.] alabaster;—1 Ch 29:2
v.cw.ab	H8336	שֵׁשׁ		שֵׁשׁ n.m. id. [שַׁ֫יִשׁ]; material of pavement
v.cw.ac	H7894	שִׁישָׁא		שִׁישָׁא n.pr.m. Solomon’s time, 1 K 4:3
v.cw.ad	H7895	שִׁישַׁק		שִׁישַׁק n.pr.m. king of Egypt, Solomon’s time (10th cent. B.C.)
v.cx.aa	H7896	שִׁית	root	שִׁית vb. put, set Qal put, lay set, station set one's mind to, give heed, attention set, fix constitute, make one something internally trans., = take one's stand Hoph. if a ransom be imposed
v.cx.ab	H7897	שִׁית		שִׁית n.m. garment
v.cx.ac	H8352	שֵׁת		שֵׁת n.pr.m. third son of Adam
v.cx.ad	H8356	שָׁת		[שָׁת] n.m. foundation, stay (of society)
v.cx.ae	H7898	שַׁ֫יִת		שַׁ֫יִת n.[m.]coll. thorn-bushes
v.cy.aa	H7901	שָׁכַב	root	שָׁכַב 212 vb. lie down Qal lie down = lodge (for night) of sexual relations, lie with lie down in death esp. in phr. lie down with his fathers fig. = relax Niph. Pu. = be lain with (sexually; subj. women), only as Qr for Kt [שָׁגֵל] Niph. Pu. q.v. Hiph. lay Hoph. laid
v.cy.ab	H7902	שְׁכָבָה		[שְׁכָבָה] n.f. act of lying, layer
v.cy.ac	H7903	שְׁכֹ֫בֶת		[שְׁכֹ֫בֶת] n.f. copulation
v.cy.ad	H4904	מִשְׁכָּב		מִשְׁכָּב 46 n.m. place of lying, couch; act of lying
v.cz.aa	H7904	שָׁכָה	root	[שָׁכָה] vb. Hiph. usu. horses … roaming at large they have become
v.da.aa	H7911	שָׁכַח	root	שָׁכַח 102 vb. forget Qal 86 forget Niph. be forgotten Pi. י׳ hath caused to forget Hiph. to make my people forget my name Hithp. they were forgotten in the city.
v.da.ab	H7913	שָׁכֵחַ		[שָׁכֵחַ] adj. forgetting, forgetful
v.db.aa	H7918	שָׁכַךְ	root	[שָׁכַךְ] vb. decrease, abate Qal the waters abated Hiph. I will allay from upon me the murmurings
v.dc.aa	H7921	שָׁכֹל	root	[שָׁכֹל, שָׁכַל] vb. be bereaved Qal be bereaved Pi. make childless cause barrenness, or abortion shew barrenness, or abortion Hiph. miscarrying womb
v.dc.ab	H7908	שְׁכוֹל		שְׁכוֹל n.[m.] bereavement, loss of children
v.dc.ac	H7921	שָׁכוּל		[שָׁכוּל] adj. childless (through bereavement);—fs. Is 49:21
v.dc.ad	H7909	שַׁכּוּל		שַׁכּוּל adj. bereaved, robbed of offspring
v.dc.ae	H7923	שִׁכֻּלִים		[שִׁכֻּלִים] n.pl.abstr. bereavement, childlessness;—Is 49:20
v.dc.af	H7921	מְשַׁכֶּ֫לֶת		מְשַׁכֶּ֫לֶת n.f.abstr. barrenness, 2 K 2:21
v.dd.aa		שׁכם	root	שׁכם
v.dd.ab	H7926	שְׁכֶם		שְׁכֶם n.m. shoulder neck (sometimes incl. back of neck) in gen. back
v.dd.ac		שִׁכְמָה		שִׁכְמָה v.
v.dd.ad	H7927	שְׁכֶם		שְׁכֶם n.pr.loc. 49 et m. 14 district in N. Palestine n.pr.m. ‘son’ of Hamor
v.dd.ae	H7928	שֶׁ֫כֶם		שֶׁ֫כֶם n.pr.m. in Manasseh
v.dd.af	H7930	שִׁכְמִי		שִׁכְמִי adj.gent. c. art. as n.coll. Nu 26:31.
v.dd.ag	H7925	שָׁכַם		[שָׁכַם] 65 vb. Hiph. denom. start, rise, early
v.de.aa	H7931	שָׁכַן	root	שָׁכַן, שָׁכֵ֑ן 129 vb. settle down, abide, dwell Qal settle down to abide abide, dwell Pi. make settle down, establish make to dwell Hiph. lay cause birds to settle cause to dwell
v.de.ab	H7933	שֵׁ֫כֶן		[שֵׁ֫כֶן?] n.m. dwelling;—sf. Dt 12:5
v.de.ac	H7934	שָׁכֵן		שָׁכֵן adj. inhabitant, neighbor
v.de.ad	H4908	מִשְׁכָּן		מִשְׁכָּן 139 n.m. dwelling-place, ‘tabernacle’
v.de.ae	H7935	שְׁכַנְיָה(וּ)		שְׁכַנְיָה(וּ) n.pr.m. (י׳ hath taken up his abode) descendant of Jehoiakin Ezr 10:2 father of a wall-builder father-in-law of Tobiah priestly name
v.df.aa	H7937	שָׁכַר	root	[שָׁכַר] vb. be, or become, drunk, drunken Qal become drunken Pi. make drunken Hiph. id.: i.e. make princes helpless Hithp. how long wilt thou make thyself drunken [a drunken spectacle]?
v.df.ab	H7941	שֵׁכָר		שֵׁכָר n.[m.] intoxicating drink, strong drink
v.df.ac	H7910	שִׁכֹּר		שִׁכֹּר, שִׁכּוֹר adj. drunken
v.df.ad	H7943	שִׁכָּרוֹן		שִׁכָּרוֹן n.[m.] drunkenness
v.df.ae	H7942	שִׁכְּרוֹן		[שִׁכְּרוֹן] n.pr.loc. on NW. border of Judah, Jos 15:11
v.dg.aa		שׁכר	root	שׁכר
v.dg.ab	H0814	אֶשְׁכָּר		אֶשְׁכָּר n.[m.] gift
v.dg.ac	H7944	שַׁל		שַׁל for his hastiness
v.dg.ad		שֶׁל		שֶׁל בְּשֶׁל v. שֶׁ
v.dg.ae	H7946	שַׁלְאֲנָן		שַׁלְאֲנָן Jb 21:23 lapsus cal. for שַׁאֲנָן, q.v.
v.dh.aa	H7947	שָׁלַב	root	[שָׁלַב] vb. Pu. be bound, joined
v.dh.ab	H7948	שַׁלָבִּים		שַׁלָבִּים n.[m.]pl. joinings of s
v.di.aa		שׁלג	root	שׁלג
v.di.ab	H7950	שֶׁ֫לֶג		שֶׁ֫לֶג n.m. snow
v.di.ac	H7949	שָׁלַג		שָׁלַג vb. denom. Hiph. snow;—impers. ψ 68:15
v.dj.aa	H7951	שָׁלָה	root	[שָׁלָה, שָׁלֵו] vb. be quiet, at ease Qal be (have) quiet be at ease, prosper Niph. be not negligent Hiph. do not mislead me
v.dj.ab	H7959	שָׁ֫לוּ		[שָׁ֫לוּ] n.[m.] ease, prosperity
v.dj.ac	H7987	שְׁלִי		[שְׁלִי] n.[m.] quietness;—2 S 3:27
v.dj.ad		שֵׁלָה		שֵׁלָה v. שְׁאֵלָה
v.dj.ae	H7956	שֵׁלָה		שֵׁלָה n.pr.m. son of Judah
v.dj.af	H8024	שֵׁלָנִי		שֵׁלָנִי adj.gent. of foreg. [v.dj.ae]: c. art. as n.coll. Nu 26:20 (P).
v.dj.ag	H7961	שָׁלֵו		שָׁלֵו, שָׁלֵיו, שְׁלֵיו adj. quiet, at ease
v.dj.ah	H7962	שַׁלְוָה		שַׁלְוָה n.f. quietness, ease
v.dk.aa	H7953	שָׁלָה	root	[שָׁלָה] vb. draw out, extract;—Qal Jb 27:8
v.dk.ab	H7988	שִׁלְיָה		[שִׁלְיָה] n.f. after-birth;—sf. Dt 28:57.
v.dk.ac	H7887	שִׁלוֹ		שִׁלוֹ, שִׁילוֹ, שִׁלֹה n.pr.loc. NNE. of Bethel
v.dk.ad	H7888	שִׁילֹנִי		שִׁילֹנִי, שִׁילוֹנִי etc., adj.gent. of foreg. [v.dk.ac]
v.dk.ae		שַׁלְהֶ֫בֶת		שַׁלְהֶ֫בֶת v.
v.dl.aa	H7971	שָׁלַח	root	שָׁלַח 814 vb. send Qal send: human subj. send: subj. י׳ (God) stretch out, esp. acc. hand rarely send away: human subj. let loose Niph. letters were sent Pi. send off, away, human subj. send away, subj. י׳ give over cast out send out, forth let go, set free shoot forth branches let down shoot Phrases Pu. be sent off (started on journey); be put away, divorced, of wife; be impelled(?) Hiph. and I (י׳) will send
v.dl.ab	H7973	שֶׁ֫לַח		שֶׁ֫לַח n.[m.] missile, weapon, sprout (late)
v.dl.ac	H7974	שֶׁ֫לַח		שֶׁ֫לַח n.pr.m. son of Arphachshad
v.dl.ad	H7975	שֶׁ֫לַח		שֶׁ֫לַח n.pr. in Ne 3:15 = שִׁלֹחַ.
v.dl.ae	H7977	שִׁלְחִי		שִׁלְחִי n.pr.m. father of Jehoshaphat’s mother
v.dl.af	H7978	שִׁלְחִים		שִׁלְחִים n.pr.loc. in Negeb of Judah Jos 15:32
v.dl.ag	H7975	שִׁלֹחַ		שִׁלֹחַ n.pr.font. at SE. of Jerus.
v.dl.ah	H7964	שִׁלּוּחִים		שִׁלּוּחִים n.[m.]pl. sending away, parting gift
v.dl.ai	H7976	שְׁלּוּחָה		[שְׁלּוּחָה] n.f. shoot, branch;—pl. sf. Is 16:8
v.dl.aj	H4916	מִשְׁלַח		מִשְׁלַח n.[m.] outstretching place of letting loose
v.dl.ak	H4916	מִשְׁלוֹחַ		מִשְׁלוֹחַ n.[m.] outstretching sending
v.dl.al	H4917	מִשְׁלַ֫חַת		מִשְׁלַ֫חַת n.f. 1. discharge; 2. deputation, sending
v.dm.aa		שׁלח	root	שׁלח
v.dm.ab	H7979	שֻׁלְחָן		שֻׁלְחָן 71 n.m. table
v.dn.aa	H7980	שָׁלַט	root	שָׁלַט vb. domineer, be master of (late) Qal domineer, lord it over Hiph. give power of get mastery of
v.dn.ab	H7986	שַׁלִּיט		שַׁלִּיט adj. having mastery, domineering
v.dn.ac	H7983	שִׁלְטוֹן		שִׁלְטוֹן n.[m.] mastery
v.do.aa		שׁלט	root	שׁלט
v.do.ab	H7982	שֶׁ֫לֶט		[שֶׁ֫לֶט] n.m. shield(?)
v.do.ac		שַׁלָּ֑טֶת		שַׁלָּ֑טֶת v. שַׁלִּיט
v.dp.aa	H7993	שָׁלַךְ	root	[שָׁלַךְ] 125 vb. Hiph. 112 throw, fling, cast Hoph. be thrown, cast be cast forth, out be cast down metaph., be cast
v.dp.ab	H7994	שָׁלָךְ		שָׁלָךְ n.[m.] bird of prey, prob. cormorant
v.dp.ac	H7995	שַׁלֶּ֫כֶת		שַׁלֶּ֫כֶת n.f. felling of tree;—Is 6:13.
v.dp.ad	H7996	שַׁלֶּ֫כֶת		שַׁלֶּ֫כֶת n.pr. of a temple-gate, W. side (? gate of casting forth; yet cf. Kit);—1 Ch 26:16.
v.dq.aa	H7997	שָׁלַל	root	[שָׁלַל] vb. draw out;—Ru 2:16
v.dq.ab	H7758	שׁוֹלָל		שׁוֹלָל adj.indecl. baoot;—Mi 1:8 Qr
v.dr.aa	H7997	שָׁלַל	root	שָׁלַל vb. spoil, plunder Qal spoil, plunder Hithpō‛. the stout of heart are spoiled
v.dr.ab	H7998	שָׁלָל		שָׁלָל 75 n.m. prey, spoil, plunder, booty
v.ds.aa	H7999	שָׁלֵם	root	[שָׁלֵם] 103 vb. be complete, sound Qal be complete, finished, ended be sound, uninjured Pi. complete, finish, temple make safe make whole or good, restore make good, i.e. pay, vows requite, recompense, reward Pu. be performed, of vow be repaid, requited Hiph. complete, perform make an end of
v.ds.ab	H3073	שָׁלוֹם		שָׁלוֹם 237 n.m. completeness, soundness, welfare, peace completeness in no. safety, soundness, in body welfare, health, prosperity peace, quiet, tranquility, contentment peace, friendship peace from war as adj. those at peace with him
v.ds.ac	H8002	שֶׁ֫לֶם		שֶׁ֫לֶם 87 n.[m.] sacrifice for alliance or friendship, ‘peace-offering’
v.ds.ad	H7999	שָׁלַם		[שָׁלַם] vb. denom. be in covenant of peace Qal be at peace Pu. Pt. one in covt. of peace Hiph. make peace with cause to be at peace Hoph. live at peace with
v.ds.ae	H8003	שָׁלֵם		שָׁלֵם adj. complete, safe, at peace
v.ds.af	H8004	שָׁלֵם		שָׁלֵם n.pr.loc. abbrev.
v.ds.ag	H8005	שִׁלֵּם		שִׁלֵּם n.[m.] recompense
v.ds.ah	H8006	שִׁלֵּם		שִׁלֵּם n.pr.m. in Naphtali
v.ds.ai	H8016	שִׁלֵּמִי		שִׁלֵּמִי adj.gent. as n.coll. הַשּׁ׳ Nu 26:49.
v.ds.aj	H8021	שַׁלְמֹן		[שַׁלְמֹן] n.[m.] reward, bribe;—pl. Is 1:23
v.ds.ak	H7966	שִׁלּוּם		שִׁלּוּם, שִׁלֻּם n.[m.] requital requital, retribution reward, bribe
v.ds.al	H8011	שִׁלֻּמָה		[שִׁלֻּמָה] n.f. requital, retribution;—cstr. ψ 91:8.
v.ds.am	H7967	שַׁלּוּם		שַׁלּוּם (less oft. שַׁלֻּם) n.pr.m.king of N. Israel son of Josiah, and king of Judah husband of Huldah uncle of Jeremiah in Simeon in Jerahmeel in Ephr. in Napht. father of threshhold-keeper wall-builder priests Levites v
v.ds.an	H7968	שַׁלּוּן		שַׁלּוּן n.pr.m. wall-builder Ne 3:15
v.ds.ao	H4918	מְשֻׁלָּם		מְשֻׁלָּם n.pr.m. grandfather of Shaphan son of Zerub. in Benj. in Gad wall-builders a chief priests Levites Ezr 10:29.
v.ds.ap	H4919	מְשִׁלֵּמוֹת		מְשִׁלֵּמוֹת n.pr.m. in Ephr. priest = מְשִׁלֵּמִית
v.ds.aq	H4920	מְשֶׁלֶמְיָה(וּ)		מְשֶׁלֶמְיָה(וּ) n.pr.m. Levite
v.ds.ar		מְשִׁלֵּמִית		מְשִׁלֵּמִית v. מְשִׁלֵּמוֹת
v.ds.as	H4922	מְשֻׁלֶּ֫מֶת		מְשֻׁלֶּ֫מֶת n.pr.f. mother of king Amon 2 K 21:19
v.ds.at	H8010	שְׁלֹמֹה		שְׁלֹמֹה 293 n.pr.m. Solomon
v.ds.au	H8013	שְׁלֹמוֹת		שְׁלֹמוֹת, I. שְׁלֹמִית n.pr.m. Levites son (appar.) of Rehob. head of post-ex. family
v.ds.av	H8019	שְׁלֹמִית		שְׁלֹמִית n.pr.f. in Israel daughter of Zerub.
v.ds.aw	H8015	שְׁלֹמִי		שְׁלֹמִי n.pr.m. in Asher, Nu 34:27
v.ds.ax		שׁוּלַמִּית		שׁוּלַמִּית v.
v.ds.ay	H8017	שְׁלֻמִיאֵל		שְׁלֻמִיאֵל n.pr.m. in Simeon
v.ds.az	H8018	שֶׁלֶמְיָה(וּ)		שֶׁלֶמְיָה(וּ) n.pr.m. Jeremiah’s time Levite post-ex. names
v.ds.ba	H8020	שַׁלְמָן		שַׁלְמָן n.pr.m. vel loc. Ho 10:14
v.ds.bb	H8022	שַׁלְמַנְאֶ֫סֶר		שַׁלְמַנְאֶ֫סֶר n.pr.m. king of Assyria
v.ds.bc		שֵׁלָנִי		שֵׁלָנִי v. שֵׁלָה
v.ds.bd		שִׁלֹנִי		שִׁלֹנִי v. שִׁלוֹ
v.dt.aa	H8025	שָׁלַף	root	שָׁלַף vb. draw out, off
v.dt.ab	H8026	שֶׁ֫לֶף		[שֶׁ֫לֶף] n.pr.m. son of Joḳṭan
v.du.aa		שׁלשׁ	root	שׁלשׁ
v.du.ab	H7969	שָׁלֹשׁ		שָׁלֹשׁ, שָׁלוֹשׁ, שְׁלֹשָׁה 430 n.m. et f. a three, triad
v.du.ac	H8027	שִׁלֵּשׁ		[שִׁלֵּשׁ] Pi. denom. do a third time, divide into three parts, etc. Pu. Pt. three years old
v.du.ad	H7992	שְׁלִישִׁי		שְׁלִישִׁי m. שְׁלִישִׁית f. adj.num.ord. 108 third
v.du.ae	H8032	שִׁלְשֹׁם		שִׁלְשֹׁם and (less oft.) שִׁלְשׁוֹם 25 adv. = three days ago, specif. day before yesterday
v.du.af	H7970	שְׁלֹשִׁים		שְׁלֹשִׁים (very seldom שְׁלוֹשִׁים, שְׁלֹשִׁם) 174 n.indecl. thirty bef. n. sg. as ordin.
v.du.ag	H7991	שָׁלִ(י)שׁ		שָׁלִ(י)שׁ n.[m.] third (part, i.e. of ephah? dub.), name of a measure
v.du.ah	H7991	שָׁלִישׁ		[שָׁלִישׁ] n.[m.] a (three-stringed? three-barred? three-cornered?) mus. instr., perhaps a sistrum, or ‘triangle’, 1 S 18:6
v.du.ai	H7991	שָׁלִישׁ		שָׁלִישׁ n.m. adjutant or officer
v.du.aj	H8029	שִׁלֵּשׁ		[שִׁלֵּשׁ] adj. pertaining to the third
v.du.ak	H8028	שֶׁ֫לֶשׁ		שֶׁ֫לֶשׁ n.pr.m. in Asher, 1 Ch 7:35
v.du.al	H8031	שָׁלִ֫שָׁה		שָׁלִ֫שָׁה n.pr.loc. doubtful
v.du.am	H8030	שִׁלְשָׁה		שִׁלְשָׁה n.pr.m. in Asher, 1 Ch 7:37
v.du.an	H7597	שַׁלְתִּיאֵל		שַׁלְתִּיאֵל n.pr.m. father of Zerub.
v.dv.aa	H3074	שָׁם	root	שָׁם adv. there, thither
v.dv.ab	H8034	שֵׁם		שֵׁם 864 n.m. name (√ unknown) of river, beasts, city, i.e. exact designation of it usu. of pers. = reputation esp. as giving a man a kind of posthumous life, esp. in his sons name, as designation of God of false gods, use forbidden = memorial, monument
v.dv.ac	H8035	שֵׁם		שֵׁם n.pr.m. first son of Noah
v.dv.ad	H8038	שֶׁמְאֵ֫בֶר		שֶׁמְאֵ֫בֶר n.pr.m. king of Ṣᵉboim;—Gn 14:2
v.dv.ae	H8050	שְׁמוּאֵל		שְׁמוּאֵל 140 n.pr.m. Samuel (= name of Ēl) great prophet, 11th cent. B.C. in Simeon in Issachar
v.dv.af	H8061	שְׁמִידָ֑ע		שְׁמִידָ֑ע n.pr.m. in Manasseh (the name knoweth?)
v.dv.ag	H8062	שְׁמִידָעִי		שְׁמִידָעִי adj.gent. as n.coll. הַשּׁ׳ Nu 26:32.
v.dv.ah	H8070	שְׁמִירָמוֹת		שְׁמִירָמוֹת n.pr.m. Levites
v.dw.aa		שׁמא	root	שׁמא
v.dw.ab	H8039	שִׁמְאָה		שִׁמְאָה n.pr.m. in Benjamin 1 Ch 8:32
v.dw.ac	H8043	שִׁמְאָם		שִׁמְאָם n.pr.m. = foreg. [v.dw.ab], 1 Ch 9:38
v.dw.ad		שַׁמָּא		שַׁמָּא v. שַׁמָּה sub. שׁמם
v.dw.ae		שֶׁמְאֵ֫בֶר		שֶׁמְאֵ֫בֶר v. שֵׁם
v.dw.af	H8044	שַׁמְגַּר		שַׁמְגַּר n.pr.m. a ‘judge,’ son of Anath
v.dx.aa	H8045	שָׁמַד	root	[שָׁמַד] 90 vb. Niph. be exterminated, destroyed Hiph. 69 annihilate, exterminate destroy
v.dx.ab		שָׁ֫מֶד		שָׁ֫מֶד שֶׁמֶר v. שֶׁמֶר
v.dx.ac		שֻׁמָה		שֻׁמָה v.
v.dx.ad	H8126	שֻׁמָתִי		שֻׁמָתִי adj.gent. in Caleb, c. art. as n.coll. 1 Ch 2:53
v.dy.aa		שׁמה	root	שׁמה
v.dy.ab	H8064	שָׁמַי		[שָׁמַי] n.m. only pl. שָׁמַיִם 421 heavens, sky visible heavens, sky, where stars, etc., are phrases as abode of God Elijah taken up הַשּׁ׳ in whirlwind הַשּׁ׳ personified in various relations
v.dy.ac		שַׁמָּה		שַׁמָּה v. שׁמם
v.dy.ad		שָׁ֫מָּה		שָׁ֫מָּה v. שָׁם
v.dy.ae	H8049	שַׁמְהוּת		שַׁמְהוּת n.pr.m. captain of Israel 1 Ch 27:8
v.dy.af		שְׁמוּאֵל		שְׁמוּאֵל v. שֵׁם
v.dy.ag		שַׁמּוֹת		שַׁמּוֹת v. שַׁמָּה sub. שׁמם
v.dy.ah		שַׁמַּי		שַׁמַּי v. שׁמם
v.dy.ai		שְׁמִידָע		שְׁמִידָע –דָעִי v. שֵׁם
v.dy.aj		שַׂמְלַי		שַׂמְלַי שַׂלְמַי v. שַׂלְמַי
v.dz.aa	H8058	שָׁמַט	root	[שָׁמַט] vb. let drop Qal let drop, fall Niph. their judges have been thrown down Hiph. thou shalt cause thy hand to let drop, etc.
v.dz.ab	H8059	שְׁמִטָּה		שְׁמִטָּה n.f. a letting drop of exactions, a (temporary) remitting
v.dz.ac		שְׁמִירָמוֹת		שְׁמִירָמוֹת v. שֵׁם
v.ea.aa	H8074	שָׁמֵם	root	[שָׁמֵם] vb. be desolated, appalled Qal be desolated be appalled, awestruck Niph. be desolated be appalled Pō‛. I sat appalled transit. appalling, causing horror Hiph. devastate, ravage appal inwardly trans., shewing horror Hoph. all the days of (its) being desolate Hithpō‛. be appalled, astounded cause oneself desolation, ruin
v.ea.ab	H8076	שָׁמֵם		שָׁמֵם adj. devastated
v.ea.ac	H8077	שְׁמָמָה		שְׁמָמָה 55 n.f. a devastation, waste
v.ea.ad	H8077	שִׁמָמָה		שִׁמָמָה v. foregoing [v.ea.ac]
v.ea.ae	H8037	שַׁמָּא		שַׁמָּא n.pr.m. in Asher, 1 Ch 7:37
v.ea.af	H8047	שַׁמָּה		שַׁמָּה n.f. waste, appalment
v.ea.ag	H8048	שַׁמָּה		שַׁמָּה n.pr.m. in Edom third son of Jesse heroes of David
v.ea.ah		שַׁמּוֹת		שַׁמּוֹת v.
v.ea.ai	H8060	שַׁמַּי		שַׁמַּי n.pr.m. in Judah
v.ea.aj	H8078	שִׁמָּמוֹן		שִׁמָּמוֹן n.[m.] appalment, horror;—abs.
v.ea.ak	H4923	מְשַׁמָּה		מְשַׁמָּה n.f. abs. devastation, waste horror
v.ea.al		שָׁ֫מָּה		שָׁ֫מָּה v. שָׁם
v.ea.am		שְׁמָמִית		שְׁמָמִית v. שְׂמָמִית
v.eb.aa	H8080	שָׁמֵן	root	[שָׁמֵן] vb. grow fat Qal fat beast Hiph. were sated and shewed fatness
v.eb.ab	H8082	שָׁמֵן		שָׁמֵן adj. fat, robust
v.eb.ac	H4924	שָׁמָן		[שָׁמָן] n.[m.] fat, fertile, place
v.eb.ad	H8081	שֶׁ֫מֶן		שֶׁ֫מֶן 192 n.m. fat, oil
v.eb.ae	H0820	אַשְׁמַנִּים		אַשְׁמַנִּים appar. n.[m.]pl. perhaps: (we are) among the stout (RV lusty) like dead men; or abstr. in (actual) vigour
v.eb.af	H4924	מִשְׁמָן		[מִשְׁמָן] n.[m.] fatness
v.eb.ag	H4924	מַשְׁמָן		[מַשְׁמָן] n.[m.] fat piece, tid bit;—pl. Ne 8:10
v.eb.ah	H4925	מַשְׁמַנָּה		מַשְׁמַנָּה n.pr.m. a hero of David, 1 Ch 12:11
v.ec.aa		שׁמן	root	שׁמן, שׁמני
v.ec.ab	H8083	שְׁמֹנֶה		שְׁמֹנֶה, (less oft. שְׁמוֹנֶה), שְׁמֹנָה 109 n.m. et f. eight
v.ec.ac	H8066	שְׁמִינִי		שְׁמִינִי, שְׁמִינִית 31 adj. num. eighth
v.ec.ad	H8084	שְׁמֹנִים		שְׁמֹנִים 38 n.pl.indecl. an eighty
v.ec.ae		שְׁמַנִּים		שְׁמַנִּים שְׁמַנֵּי v. שָׁמָן
v.ed.aa	H8085	שָׁמַע	root	שָׁמַע 1152 vb. hear Qal 1052 subj. pers. hum. י׳ (God) subj. Niph. 42 be heard, of voice, sound be heard of be regarded, obeyed = (favourable) hearing was granted to their voice. Pi. he caused the people to hear Hiph. 63 of man י׳ subj.
v.ed.ab	H8088	שֶׁ֫מַע		[שֶׁ֫מַע] n.[m.] sound;—ψ 150:5
v.ed.ac	H8087	שֶׁ֫מַע		שֶׁ֫מַע n.pr.m. in Judah in Reuben in Benj. post-ex.
v.ed.ad	H8088	שֵׁ֫מַע		שֵׁ֫מַע n.[m.] hearing, report
v.ed.ae	H8089	שֹׁ֫מַע		[שֹׁ֫מַע] n.m. report
v.ed.af	H8090	שְׁמַע		שְׁמַע n.pr.loc. in S. Judah, Jos 15:26
v.ed.ag	H8091	שָׁמָע		שָׁמָע n.pr.m. a hero of David 1 Ch 11:44
v.ed.ah	H8092	שִׁמְעָא		שִׁמְעָא n.pr.m. brother of David son of David Levites
v.ed.ai		שִׁמְעָה		שִׁמְעָה v. שִׁמְעָא
v.ed.aj	H8094	שְׁמָעָה		שְׁמָעָה n.pr.m. c. art. 1 Ch 12:3
v.ed.ak	H8100	שִׁמְעָת		שִׁמְעָת n.pr.f. mother of one of Joash’s murderers
v.ed.al	H8101	שִׁמְעָתִים		שִׁמְעָתִים adj.gent.pl. as subst., family of scribes 1 Ch 2:55
v.ed.am	H8052	שְׁמוּעָה		שְׁמוּעָה n.f. report report = mention
v.ed.an	H8051	שַׁמּוּעַ		שַׁמּוּעַ n.pr.m. son of David Reubenite Levite
v.ed.ao	H8095	שִׁמְעוֹן		שִׁמְעוֹן 44 n.pr.m. second son of Jacob and Leah tribal name post-ex. Jew with foreign wife
v.ed.ap	H8099	שִׁמְעוֹנִי		שִׁמְעוֹנִי adj.gent. c. art. as n.coll.
v.ed.aq	H8096	שִׁמְעִי		שִׁמְעִי 43 n.pr.m. in Benj. a Ramathite Levites brother of Zerub. in Simeon in Reuben 1 post-ex. names grandfather of Mordecai 2
v.ed.ar	H8097	שִׁמְעִי		שִׁמְעִי adj.gent. of 3a;—c. art. as n.coll. הַשּׁ׳ Nu 3:21; cf. Zc 12:13.
v.ed.as	H8098	שְׁמַעְיָ֫ה(וּ)		שְׁמַעְיָ֫ה(וּ) n.pr.m. prophet, Rehob.’s time Jer.’s time a prophet’s father descendant of Zerub. in Simeon in Reuben Levites companions of Ezra of Neh. priests a prince
v.ed.at		אֶשְׁתְּמוֹעַ		אֶשְׁתְּמוֹעַ v.
v.ed.au	H3458	יִשְׁמָעֵאל		יִשְׁמָעֵאל 48 n.pr.m. (Ēl heareth) son of Abraham and Hagar murderer of Gedaliah in Benj. in Judah Jew with foreign wife
v.ed.av	H3459	יִשְׁמְעֵאלִי		יִשְׁמְעֵאלִי adj.gent. Ishmaelites
v.ed.aw	H3460	יִשְׁמַעְיָ֫ה(וּ)		יִשְׁמַעְיָ֫ה(וּ) n.pr.m. (י׳ heareth) Gibeonite, one of David’s heroes in Zebulun
v.ed.ax	H2045	הַשְׁמָעוּת		הַשְׁמָעוּת n.f. a causing to hear;—Ez 24:26
v.ed.ay	H4926	מִשְׁמָע		[מִשְׁמָע] n.[m.] thing heard;—cstr. Is 11:3
v.ed.az	H4927	מִשְׁמָע		מִשְׁמָע n.pr.m. in Ishmael in Simeon
v.ed.ba	H4928	מִשְׁמַ֫עַת		[מִשְׁמַ֫עַת] n.f. obedient band, body of subjects prob. = body-guard, as esp. bound to obedience the sons of Ammon (shall be) their subjects
v.ee.aa		שׁמץ	root	שׁמץ
v.ee.ab	H8102	שֵׁ֫מֶץ		שֵׁ֫מֶץ n.[m.] whisper
v.ee.ac	H8103	שִׁמְצָה		שִׁמְצָה n.f. (derisive) whisper, derision;—שׁ׳ Ex 32:25 (J).
v.ef.aa	H8104	שָׁמַר	root	שָׁמַר 465 vb. keep, watch, preserve Qal 425 keep, have charge of keep, guard, captives hence, watch for, wait for watch, observe keep, retain, of storing up (food) keep within bounds, restrain observe, celebrate keep sabbath of other obligations observe = follow dictates of (prudence, justice, kindness, wisdom) sts. י׳ subj. keep, reserve, weeks of harvest Niph. 36be on one's guard keep oneself, refrain, abstain be kept, guarded Pi. those paying regard to false vanities Hithp. I kept myself from
v.ef.ab	H8106	שֶׁ֫מֶר		שֶׁ֫מֶר n.pr.m. (prop. clan-name) orig. owner of hill where Sam. was built Levite in Asher in Benj.
v.ef.ac	H8108	שׇׁמְרָה		שׇׁמְרָה n.f. guard, watch;—ψ 141:3
v.ef.ad	H7763	שֹׁמֵר		שֹׁמֵר n.pr.m. father of one of Joash’s murderers Asherite
v.ef.ae	H8113	שִׁמְרִי		שִׁמְרִי n.pr.m. in Simeon father of a hero of David Levites
v.ef.af	H8119	שִׁמְרָת		שִׁמְרָת n.pr.m. in Benj. 1 Ch 8:21
v.ef.ag	H8116	שִׁמְרִית		שִׁמְרִית n.pr.f. Moabitish mother of one of Joash’s murderers 2 Ch 24:26
v.ef.ah	H8109	שְׁמֻרָה		[שְׁמֻרָה] n.f. eye-lid (from its guarding the eye);—pl. cstr. ψ 77:5.
v.ef.ai	H8107	שִׁמֻּר		[שִׁמֻּר] n.[m.] watching, vigil (so Di; > observance)
v.ef.aj	H8114	שְׁמַרְיָ֫ה(וּ)		שְׁמַרְיָ֫ה(וּ) n.pr.m. (י׳ has kept, preserved) a hero of David son of Rehoboam contemporaries of Ezra
v.ef.ak	H8111	שִׁמְרוֹן		שִׁמְרוֹן 109 n.pr.loc. capital of N. Isr. from Omri's time
v.ef.al	H8118	שֹׁמרֹנִי		[שֹׁמרֹנִי] adj.gent. Samaritan, only as n.pl. 2 K 17:29
v.ef.am	H8110	שִׁמְרוֹן		שִׁמְרוֹן n.pr.loc. Canaanite city, with king
v.ef.an	H8110	שִׁמְרוֹן		שִׁמְרוֹן n.pr.m. son of Issachar
v.ef.ao	H8117	שִׁמְרֹנִי		שִׁמְרֹנִי adj.gent. of foregoing [v.ef.an]; c. art. as n.coll. הַשּׁ׳ Nu 26:24.
v.ef.ap	H0821	אַשְׁמוּרָה		אַשְׁמוּרָה, אַשְׁמֹ֫רֶה n.f. watch (division of time)
v.ef.aq	H3461	יִשְׁמְרַי		יִשְׁמְרַי n.pr.m. in Benj., 1 Ch 8:18
v.ef.ar	H4929	מִשְׁמָר		מִשְׁמָר n.[m.] place of confinement, gaol, prison; late, guard, watch, observance
v.ef.as	H4931	מִשְׁמֶ֫רֶת		מִשְׁמֶ֫רֶת 78 n.f. guard, watch, also charge, function
v.eg.aa		שׁמר	root	שׁמר
v.eg.ab	H8105	שֶׁ֫מֶר		[שֶׁ֫מֶר] n.m. only pl. lees, dregs
v.eh.aa		שׁמר	root	שׁמר
v.eh.ab		שׁמור		שׁמור v. שָׁמִיר
v.eh.ac	H8068	שָׁמִיר		שָׁמִיר n.m. thorn(s), adamant, flint
v.eh.ad	H8069	שָׁמִיר		שָׁמִיר n.pr.loc. Ju 10:1, 2 Jos 15:48
v.eh.ae	H8053	שָׁמִיר		שָׁמִיר n.pr.m. Levite 1 Ch 24:24 Qr, (Kt שָׁמוּר).
v.ei.aa		שׁמשׁ	root	שׁמשׁ
v.ei.ab	H8121	שֶׁ֫מֶשׁ		שֶׁ֫מֶשׁ 133 n.f. et m. sun sun of direction: toward sun-rise, = East obj. of worship other phr. pinnacle, as glittering, shining
v.ei.ac	H8123	שִׁמְשׁוֹן		שִׁמְשׁוֹן 38 n.pr.m. Samson
v.ei.ad	H8125	שַׁמְשְׁרַי		שַׁמְשְׁרַי n.pr.m. in Benj. 1 Ch 8:26
v.ei.ae		שֻׁמָתִי		שֻׁמָתִי v. שֻׁמָה
v.ei.af		שָׁן		שָׁן שַׁן v. בֵּית שְׁאָן
v.ei.ag		שֵׁן		שֵׁן v. שׁנן
v.ei.ah		שָׁנָא		שָׁנָא v. שָׁנָה
v.ei.ai		שֵׁנָא		שֵׁנָא v. שֵׁנָה sub. יָשֵׁן
v.ei.aj	H8134	שִׁנְאָב		שִׁנְאָב n.pr.m. king of Admah Gn 14:2
v.ei.ak		שִׁנְאָן		שִׁנְאָן v. שׁנה
v.ei.al	H8137	שֶׁנְאַצַּ֑ר		שֶׁנְאַצַּ֑ר n.pr.m. uncle of Zerub. 1 Ch 3:18
v.ej.aa		שׁנב	root	שׁנב
v.ej.ab	H0822	אֶשְׁנָב		אֶשְׁנָב n.[m.] window-lattice
v.ek.aa	H8132	שָׁנָה	root	[שָׁנָה] vb. change Qal I do not change Pi. transit., change, alter Pu. usu. is changed, mollified Hithp. arise, pray, and disguise thyself.
v.ek.ab	H8141	שָׁנָה		שָׁנָה 877 n.f. year (etym. v. √[v.ek.aa])
v.el.aa		שׁנה	root	שׁנה
v.el.ab	H8144	שָׁנִי		שָׁנִי 42 n.[m.] scarlet (prop. coccus ilicis, which attaches itself to leaves and twigs of quercus coccifera; the dried body of female yields colouring matter)
v.em.aa	H8138	שָׁנָה	root	שָׁנָה vb. repeat, do again Qal do again Niph. concerning the dream’s being repeated
v.em.ab	H8147	שְׁנַ֫יִם		שְׁנַ֫יִם, שְׁתַּיִם 768 n.m. et f. du. two
v.em.ac	H8145	שֵׁנִי		שֵׁנִי m. שֵׁנִית f. 157 adj.num.ord. second
v.em.ad	H4932	מִשְׁנֶה		מִשְׁנֶה n.[m.] double, copy, second
v.em.ae	H8136	שִׁנְאָן		שִׁנְאָן n.[m.] repetition (?);—ψ 68:18
v.em.af		שֵׁנָה		שֵׁנָה v. יֶשֵׁן
v.em.ag		שֶׁנְהַבִּים		שֶׁנְהַבִּים v. שׁנן
v.en.aa	H8150	שָׁנַן	root	[שָׁנַן] vb. whet, sharpen Qal whet, sharpen Pi. teach the words incisively Hithpō‛. in my kidneys I was pierced
v.en.ab	H8127	שֵׁן		שֵׁן n.f. tooth, ivory
v.en.ac	H8129	שֵׁן		שֵׁן n.pr.loc. 1 S 7:12
v.en.ad	H8148	שְׁנִינָה		שְׁנִינָה n.f. sharp (cutting) word, taunt
v.en.ae	H8143	שֶׁנְהַבִּים		שֶׁנְהַבִּים appar. n.m.[pl.], in list of Solomon’s imports, ivory
v.eo.aa	H8151	שָׁנַס	root	[שָׁנַס] vb. Pi. gird up;—1 K 18:46.
v.eo.ab		שְׁנָת		שְׁנָת v. שֵׁנָה
v.eo.ac	H8152	שִׁנְעָר		שִׁנְעָר n.pr.loc. Shinar = Babylonia
v.eo.ad		שְׁנָת		שְׁנָת v. שֵׁנָה sub. יָשֵׁן
v.ep.aa	H8154	שָׁסָה	root	[שָׁסָה] vb. spoil, plunder Qal they plunder for themselves Pō‛. = Qal
v.eq.aa	H7601	שָׁסַס	root	[שָׁסַס] vb. id. [שָׁסָה] Qal they have plundered him Niph. be plundered
v.eq.ab	H4882	מְשִׁסָּה		מְשִׁסָּה n.f. booty, plunder
v.er.aa	H8156	שָׁסַע	root	[שָׁסַע] vb. divide, cleave Qal cleaving the cleft of the hoof, i.e. having cloven hoof Pi. tear in two
v.er.ab	H8157	שֶׁ֫סַע		שֶׁ֫סַע n.[m.] cleft
v.es.aa	H8158	שָׁסַף	root	[שָׁסַף] vb. dub.: Pi. hew in pieces;—1 S 15:33
v.et.aa	H8159	שָׁעָה	root	שָׁעָה vb. gaze (steadily, with interest, etc.) Qal gaze at, regard (with favour) Hiph. cause thy gaze to turn away from me Hithp. gaze not about
v.eu.aa		שׁעט	root	שׁעט
v.eu.ab	H8161	שַׁעֲטָה		[שַׁעֲטָה] n.f. stamping (of hoofs);—cstr. Je 47:3.
v.eu.ac	H8162	שַׁעַטְנֵז		שַׁעַטְנֵז n.m. mixed stuff
v.eu.ad		שֵׁעִיר		שֵׁעִיר v. שֵׂעִיר
v.ev.aa		שׁעל	root	שׁעל
v.ev.ab	H8168	שֹׁ֫עַל		[שֹׁ֫עַל] n.[m.] hollow hand, handful
v.ev.ac	H4934	מִשְׁעוֹל		מִשְׁעוֹל n.m. hollow way, road shut in;—cstr. Nu 22:24 (J E) i.e. road shut in between vineyards.
v.ew.aa		שׁעל	root	שׁעל
v.ew.ab	H7776	שׁוּעָל		שׁוּעָל n.m. fox, perhaps also jackal
v.ew.ac	H7777	שׁוּעָל		שׁוּעָל n.pr.loc. district in Israel
v.ew.ad	H7777	שׁוּעָל		שׁוּעָל n.pr.m. in Asher;—1 Ch 7:36
v.ew.ae	H8169	שַׁעַלְבִים		שַׁעַלְבִים n.pr.loc. (perh. haunt of foxes);—in (orig.) territory of Dan
v.ew.af		שַׁעֲלַבִּין		שַׁעֲלַבִּין v.
v.ew.ag	H8170	שַׁעַלְבֹנִי		שַׁעַלְבֹנִי adj.gent.
v.ew.ah	H8171	שְׁעָלִים		שְׁעָלִים n.pr.loc. district in Israel;—1 S 9:4
v.ew.ai		שׁעם		שׁעם v. מִשְׁעָם
v.ex.aa	H8172	שָׁעַן	root	[שָׁעַן] vb. Niph. lean, support oneself
v.ex.ab	H0824	אֶשְׁעָ֑ן		אֶשְׁעָ֑ן n.pr.loc. in hills of Judah Jos 15:52
v.ex.ac	H4937	מִשְׁעָן		מִשְׁעָן n.[m.] support, staff
v.ex.ad	H4937	מִשְׁעֵן		מִשְׁעֵן n.m. id. [v.ex.ac];—abs. Is 3:1
v.ex.ae	H4938	מַשְׁעֵנָה		מַשְׁעֵנָה n.f. id. [v.ex.ad], v. foregoing (m. et f. to exhause the category = support of every kind).
v.ex.af	H4938	מִשְׁעֶ֫נֶת		מִשְׁעֶ֫נֶת n.f. staff
v.ey.aa	H8173	שָׁעַע	root	[שָׁעַע] vb. be smeared over, blinded Qal Hithpalp. blind yourselves and be blind! Hiph. and its eyes besmear!
v.ez.aa	H8173	שָׁעַע	root	[שָׁעַע] vb. Pilp., etc., sport, take delight in, delight Pilp. the suckling shall sport on the cobra’s hole Palp. upon the knees shall ye be fondled. Hithpalp. in thy statutes will I delight myself
v.ez.ab	H8191	שַׁעֲשֻׁעִים		[שַׁעֲשֻׁעִים], שׁוּעִים– n.[m.]pl.intens. delight
v.ez.ac	H8174	שַׁ֫עַף		שַׁ֫עַף n.pr.m. in clan of Caleb
v.fa.aa		שׁער	root	שׁער
v.fa.ab	H8179	שַׁ֫עַר		שַׁ֫עַר 373 n.m. gate
v.fa.ac	H7778	שֹׁעֵר		שֹׁעֵר 37 n.m. porter
v.fa.ad	H8187	שְׁעַרְיָה		שְׁעַרְיָה n.pr.m. in Benjamin
v.fa.ae	H8189	שַׁעֲרַ֫יִם		שַׁעֲרַ֫יִם n.pr.loc. in the Shephelah of Judah in the Negeb (Simeon)
v.fb.aa	H8176	שָׁעַר	root	שָׁעַר vb. calculate, reckon;—Qal Pr 23:7
v.fb.ab	H8180	שַׁ֫עַר		[שַׁ֫עַר] n.[m.] measure (prop. reckoning);—pl. Gn 26:12 (J) 100 measures, i.e. 100 for one = 100-fold.
v.fc.aa		שׁער	root	שׁער
v.fc.ab	H8182	שֹׁעָר		[שֹׁעָר] adj. horrid, disgusting;—pl. Je 29:17
v.fc.ac	H8186	שַׁעֲרוּרָה		שַׁעֲרוּרָה n.f. horror = horrible thing
v.fc.ad	H8186	שַׁעֲרִירִיָּה		שַׁעֲרִירִיָּה, שַׁעֲרֻרִית n.f. id. [v.fc.ac]
v.fc.ae	H8190	שַׁעַשְׁגַּז		שַׁעַשְׁגַּז n.m.pers. Est 2:14
v.fd.aa	H8192	שָׁפָה	root	[שָׁפָה] vb. sweep bare Niph. be wind-swept, bare Pu. his bones are laid bare
v.fd.ab	H8194	שְׁפוֹת		שְׁפוֹת n.f. dub., perhaps cream
v.fd.ac	H8195	שְׁפוֹ		שְׁפוֹ n.pr.m. in Edom
v.fd.ad	H8205	שְׁפִי		שְׁפִי n.m. bareness, smooth or bare (treeless) height;— bareness bare place, height
v.fd.ae		אַשְׁפָּה		אַשְׁפָּה v.
v.fd.af	H3472	יִשְׁפָּה		יִשְׁפָּה n.pr.m. in Benjamin 1 Ch 8:16
v.fe.aa		שׁפה	root	שׁפה
v.fe.ab	H8239	שָׁפַת		[שָׁפַת] vb. denom. set (on the fire)
v.fe.ac	H0830	אַשְׁפֹּת		אַשְׁפֹּת n.[m.] ash-heap (?), refuse-heap, dung-hill (prob. orig. fire-place stones)
v.fe.ad	H8240	שְׁפַתָּ֑יִם		שְׁפַתָּ֑יִם n.[m.] du.: prob. = מִשְׁפְּתַ֫יִם, infr., q.v.;—ψ 68:14
v.fe.ae		שְׁפַתָּ֫יִם		שְׁפַתָּ֫יִם v.
v.fe.af	H4942	מִשְׁפְּתַ֫יִם		מִשְׁפְּתַ֫יִם n.[m.]du. prob. fire-places or ash-heaps
v.ff.aa		שׁפח	root	שׁפח
v.ff.ab	H8198	שִׁפְחָה		שִׁפְחָה n.f. maid, maid-servant
v.ff.ac	H4940	מִשְׁפָּחָה		מִשְׁפָּחָה 303 n.f. clan clan = guild = species, kind pl. = aristocrats
v.ff.ad		שֻׁפִּים		שֻׁפִּים v. שׁפף
v.fg.aa	H8199	שָׁפַט	root	שָׁפַט 185 vb. judge, govern Qal act as law-giver, judge, governor specif. decide controversy, discriminate betw. persons, in civil, political, domestic and religious questions execute judgment Niph. recipr., enter into controversy, plead pass. be judged Pô‛el = my opponent-at-law
v.fg.ab	H8201	שֶׁ֫פֶט		[שֶׁ֫פֶט] n.m. judgment
v.fg.ac	H8196	שְׁפוֹט		שְׁפוֹט n.m. judgment, act of judgment
v.fg.ad	H8202	שָׁפָט		שָׁפָט n.pr.m. (he hath judged) father of Elisha prince of Simeon grandson of Zerub. Gaddite chief herdsman of David
v.fg.ae	H4941	מִשְׁפָּט		מִשְׁפָּט 422 n.m. judgment judgment justice, right, rectitude ordinance decision one's (legal) right, privilege, due proper, fitting, measure custom, manner what manner of plan
v.fg.af	H8203	שְׁפַטְיָה(וּ)		שְׁפַטְיָה(וּ) n.pr.m. (י׳ hath judged, vindicated) יָה: fifth son of David contemp. of Jerem. man of Judah chiefs of families of restoration Benjamite יָהוּ: son of Jehosh. hero of David Simeonite
v.fg.ag	H8204	שִׁפְטָן		שִׁפְטָן n.pr.m. (judgment);—prince of Ephraim Nu 34:24
v.fg.ah		שְׁפִי		שְׁפִי v. שׁפה
v.fg.ai		שְׁפִי		שְׁפִי v. שְׁפוֹ sub. שׁפה
v.fg.aj		שֻׁפִּים		שֻׁפִּים v. שׁפף
v.fh.aa	H8210	שָׁפַךְ	root	שָׁפַךְ 113 vb. pour out, pour Qal lit. fig. Niph. be poured out Pu. be poured out Hithp. my soul pours itself out upon me
v.fh.ab	H8211	שֶׁ֫פֶךְ		שֶׁ֫פֶךְ n.[m.] place of pouring;—cstr. Lv 4:12, 12 (P).
v.fh.ac	H8212	שׇׁפְכָה		שׇׁפְכָה n.f. male organ (as fluid-duct);—abs. Dt 23:2
v.fi.aa	H8213	שָׁפֵל	root	שָׁפֵל vb. be or become low, be ad Qal all Is: become (be brought, laid) low to be lowly of spirit of sound Hiph. usu. fig., lay low hum. subj. set one in a lower place as helping vb.: make low, sit down = take low seat
v.fi.ab	H8216	שֵׁ֫פֶל		שֵׁ֫פֶל n.[m.] low estate, condition
v.fi.ac	H8218	שִׁפְלָה		שִׁפְלָה n.f. humiliation;—Is 32:19 (of city).
v.fi.ad	H8217	שָׁפָל		שָׁפָל adj. low low, in height of a modest, unambitious kingdom humiliated lowly, as subst.
v.fi.ae	H8219	שְׁפֵלָה		שְׁפֵלָה n.f. lowland
v.fi.af	H8220	שִׁפְלוּת		שִׁפְלוּת n.f. sinking;—cstr. Ec 10:18
v.fi.ag	H8223	שָׁפָם		שָׁפָם n.pr.m. in Gad 1 Ch 5:12
v.fi.ah	H8221	שְׁפָם		שְׁפָם n.pr.loc. on E. border of Israel
v.fi.ai		שֻׁפִּם		שֻׁפִּם v. שֻׁפִּים sub. שׁפף
v.fi.aj	H8224	שִׂפֲמוֹת		שִׂפֲמוֹת n.pr.loc. in Negeb 1 S 30:28
v.fi.ak	H8225	שִׁפְמִי		שִׁפְמִי adj.gent. (of foreg.?);—1 Ch 27:27.
v.fi.al		שׁוּפָמִי		שׁוּפָמִי v. שְׁפוּפָם sub. שׁפף
v.fj.aa		שׁפן	root	שׁפן
v.fj.ab	H8227	שָׁפָן		שָׁפָן n.m. rock-badger, hyrax syriacus
v.fj.ac	H8227	שָׁפָן		שָׁפָן n.pr.m. secretary under Josiah father of אֲחִיקָם, contemp. of 1 (improb. = 1) father of אֶלְעָשָׂה, perh. = 2. father of גְּמַרְיָ֫הוּ, perh. = 1. father of יַאֲזַנְיָ֫הוּ, possibly = 1.
v.fj.ad		שׁוֹפָן		שׁוֹפָן v. עֲטָרוֹת
v.fj.ae	H3473	יִשְׁפָּן		יִשְׁפָּן n.pr.m. in Benjamin 1 Ch 8:22
v.fk.aa		שׁפע	root	שׁפע
v.fk.ab	H8228	שֶׁ֫פַע		שֶׁ֫פַע n.[m.] abundance;—cstr. שׁ׳ Dt 33:19.
v.fk.ac	H8229	שִׁפְעָה		[שִׁפְעָה], שִׁפְעַת n.f. abundance, quantity
v.fk.ad	H8230	שִׁפְעִי		שִׁפְעִי n.pr.m. in Simeon 1 Ch 4:37
v.fl.aa		שׁפף	root	שׁפף
v.fl.ab	H8207	שְׁפִיפֹן		שְׁפִיפֹן n.[m.] horned snake;—abs. Gn 49:17
v.fl.ac	H8197	שְׁפוּפָם		שְׁפוּפָם n.pr.m. in Benjamin
v.fl.ad	H7781	שׁוּפָמִי		שׁוּפָמִי adj.gent. of foregoing [v.fl.ac], c. art. as n.coll. Nu 26:39.
v.fl.ae	H8197	שְׁפוּפָן		שְׁפוּפָן n.pr.m. in Benj. 1 Ch 8:5
v.fl.af	H8206	שֻׁפִּים		שֻׁפִּים n.pr.m. appar. doorkeeper
v.fm.aa	H8231	שָׁפַר	root	[שָׁפַר] vb. be beautiful, fair, comely;—Qal ψ 16:6
v.fm.ab	H8233	שֶׁ֫פֶר		[שֶׁ֫פֶר] n.m. beauty, goodliness;—abs. Gn 49:21
v.fm.ac	H8234	שֶׁ֫פֶר		[שֶׁ֫פֶר] n.pr.mont. as a station in wilderness
v.fm.ad	H8235	שִׁפְרָה		שִׁפְרָה n.f. fairness, clearness, of sky;—abs. Jb 26:13
v.fm.ae	H8236	שִׁפְרָה		שִׁפְרָה n.pr.f. Hebrew midwife, Ex 1:15 (E)
v.fm.af	H8208	שָׁפִיר		שָׁפִיר n.pr.loc. in Philist. plain, Mi 1:11
v.fm.ag		אֶשְׁפָּר		אֶשְׁפָּר v.
v.fm.ah	H7782	שֹׁפָר		שֹׁפָר, שׁוֹפָר 72 n.m. horn, for blowing
v.fm.ai	H8237	שׁפרור		[שׁפרור Kt, שַׁפְרִיר Qr] n.[m.] doubtful; appar. of (brightly-coloured ?) royal pavilion, canopy, or poss. carpet, sf. Je 43:10
v.fm.aj		שָׁפַת		שָׁפַת אַשְׁפֹּת מִשְׁפְּתַיִם v. שׁפה
v.fm.ak	H8240	שְׁפַתַּ֫יִם		שְׁפַתַּ֫יִם n.[m.]du. doubtful word: usu. hook-shaped pegs, hooks; abs. Ez 40:43
v.fm.al		שֶׁ֫צֶף		שֶׁ֫צֶף v. שֶׁ֫טֶף sub. שׁטף
v.fn.aa	H8245	שָׁקַד	root	שָׁקַד vb. watch, wake Qal keep watch of, be wakeful over be wakeful, wake, as mourner, sufferer Niph. watch has been kept over my transgressions Pu. denom. v. infra.
v.fn.ab	H8247	שָׁקֵד		שָׁקֵד n.[m.] almond(-tree)
v.fn.ac	H8246	שָׁקַד		שָׁקַד vb. Pu. denom. cups shaped like almond (blossoms)
v.fo.aa	H8248	שָׁקָה	root	[שָׁקָה] vb. Hiph. cause to drink water, give to drink Hiph. water, irrigate, ground water, give drink to Pu. the marrow of his bones is watered, (refreshed, invigorated).
v.fo.ab	H8249	שִׁקּוּי		שִׁקּוּי n.[m.] drink
v.fo.ac	H8268	שֹׁ֫קֶת		שֹׁ֫קֶת, [שֵׁ֫קֶת] n.f. watering-trough
v.fo.ad	H4945	מַשְׁקֶה		מַשְׁקֶה n.m. butler, cup-bearer
v.fo.ae	H4945	מַשְׁקֶה		מַשְׁקֶה n.m. irrigation, drink— irrigation drink; drinking-vessels = office of butler, butlership
v.fp.aa	H8252	שָׁקַט	root	שָׁקַט vb. be quiet, undisturbed Qal be quiet, undisturbed of land, at peace be quiet, inactive Hiph. shew quietness (inner causat.), of men cause quietness
v.fp.ab	H8253	שֶׁ֫קֶט		שֶׁ֫קֶט n.[m.] quietness;—1 Ch 22:9
v.fq.aa	H8254	שָׁקַל	root	שָׁקַל vb. weigh Qal weigh weigh out a price Niph. be weighed
v.fq.ab	H8255	שֶׁ֫קֶל		שֶׁ֫קֶל 87 n.m. a weight, shekel
v.fq.ac	H4946	מִשְׁקוֹל		מִשְׁקוֹל n.[m.] heaviness, weight;—Ez 4:10
v.fq.ad	H4948	מִשְׁקָל		מִשְׁקָל 49 n.m. id. [מִשְׁקוֹל];—weight
v.fq.ae	H4949	מִשְׁקֶ֫לֶת		[מִשְׁקֶ֫לֶת], מִשְׁקֹ֫לֶת n.f. levelling instrument, level (for horizontal accuracy)
v.fq.af	H8256	שִׁקְמָה		[שִׁקְמָה] n.f. sycomore tree
v.fr.aa	H8257	שָׁקַע	root	[שָׁקַע] vb. sink, sink down Qal it shall sink; it sank down Niph. sink Hiph. I will make their waters sink
v.fr.ab	H4950	מִשְׁקָע		[מִשְׁקָע] n.[m.] what is settled, clarified;—cstr. Ez 34:18
v.fr.ac		שְׁקַעֲרוּרָה		שְׁקַעֲרוּרָה v. קער
v.fs.aa	H8259	שָׁקַף	root	[שָׁקַף] vb. Niph. Hiph. overhang, look out and down Niph. lean over (and look), look down Hiph. look down
v.ft.aa		שׁקף	root	שׁקף
v.ft.ab	H8260	שֶׁ֫קֶף		[שֶׁ֫קֶף] n.[m.] frame-work, casing of doors;—1 K 7:5.
v.ft.ac	H8261	שָׁקוּף		[שָׁקוּף, שְׁקוּף] n.m. frame, casing of windows
v.ft.ad	H4947	מַשְׁקוֹף		מַשְׁקוֹף n.[m.] prob. lintel of door
v.fu.aa		שׁקץ	root	שׁקץ
v.fu.ab	H8263	שֶׁ֫קֶץ		שֶׁ֫קֶץ n.m. detestation, detestable thing
v.fu.ac	H8262	שִׁקֵּץ		[שִׁקֵּץ] vb. Pi. denom. detest, make detestable
v.fu.ad	H8251	שִׁקּוּץ		שִׁקּוּץ, שִׁקֻּץ n.m. detested thing
v.fv.aa	H8264	שָׁקַק	root	[שָׁקַק] vb. run, run about, rush Qal rush at, upon Hithpalp. of chariots, they rush to and fro.
v.fv.ab	H4944	מַשָּׁק		[מַשָּׁק] n.[m.] running, rushing;—cstr. Is 33:4
v.fw.aa		שׁקר	root	שׁקר
v.fw.ab	H8267	שֶׁ֫קֶר		שֶׁ֫קֶר 113 n.m. deception, disappointment, falsehood deception, what deceives, disappoints, and betrays one deceit, fraud, wrong injurious falsehood, in testimony falsity, of false or self-deceived prophets lie, falsehood, in gen.
v.fw.ac	H8266	שָׁקַר		[שָׁקַר] vb. denom. do or deal falsely;— Qal thou wilt not do falsely to me Pi. deal falsely
v.fw.ad		שֹׁקֶת		שֹׁקֶת שִׁקֲתוֹת v. שׁקה
v.fw.ae		שֹׁר		שֹׁר v. שׁרר
v.fw.af		שַׁרְאֶ֫צֶר		שַׁרְאֶ֫צֶר v. שַׂרְאֶ֫צֶר
v.fx.aa		שׁרב	root	שׁרב
v.fx.ab	H8273	שָׁרָב		שָׁרָב n.m. burning heat parched ground
v.fx.ac	H8274	שֵׁרֵֽבְיָה		שֵׁרֵֽבְיָה n.pr.m. a Levite with Ezra (? י׳ hath sent burning heat)
v.fx.ad		שַׁרְבִֿתט		שַׁרְבִֿתט v. שׁבט
v.fy.aa	H8281	שָׁרָה	root	[שָׁרָה] vb. let loose Qal he (God) lets it loose (i.e. the thunder) Pi. I will set thee free
v.fz.aa		שׁרה	root	שׁרה
v.fz.ab	H4952	מִשְׁרָה		[מִשְׁרָה] n.f. juice;—Nu 6:3 (P) the juice of grapes
v.ga.aa		שׁרה	root	שׁרה
v.ga.ab	H8302	שִׁרְיָה		שִׁרְיָה n.f. a weapon, perhaps lance, javelin;—Jb 41:18
v.gb.aa		שׁרה	root	שׁרה
v.gb.ab	H8302	שִׁרְיוֹן		שִׁרְיוֹן, שִׁרְיָ֑ן n.[m.] body-armour
v.gb.ac		שֵׁרָשׁ		שֵׁרָשׁ v. שׁרר
v.gb.ad	H8287	שָׁרוּחֶ֑ן		שָׁרוּחֶ֑ן n.pr.loc. in Simeon;—Jos 19:6
v.gb.ae		שָׁרוֹן		שָׁרוֹן שָׁרוֹנִי v. ישׁר
v.gb.af		שׁרות		שׁרות שָׁרָה v. שׁרה
v.gb.ag		שָׁרוֹתֶיהָ		שָׁרוֹתֶיהָ שָׁרָה שׁוּר v. שׁוּרָה
v.gb.ah		שִׁרְטַי		שִׁרְטַי שִׁטְרַי v. שִׁטְרַי
v.gb.ai	H8298	שָׁרָ֑י		שָׁרָ֑י n.pr.m. one with foreign wife Ezr 10:40
v.gb.aj		שִׁרְיָה		שִׁרְיָה v. שׁרה
v.gb.ak		שִׁרְיוֹן		שִׁרְיוֹן v. שׁרה
v.gb.al		שֵׁרִית		שֵׁרִית v. שְׁאֵרִית
v.gb.am		שֵׁרִיתִךָ		שֵׁרִיתִךָ שָׁרָה v. שׁרה
v.gb.an		שְׁרֵמוֹת		שְׁרֵמוֹת v. שְׁדֵמָה sub. שׁדם
v.gb.ao		שִׁרְיָ֑ן		שִׁרְיָ֑ן v. שִׁרְיוֹן sub. שׁרה
v.gc.aa	H8317	שָׁרַץ	root	שָׁרַץ vb. swarm, teem
v.gc.ab	H8318	שֶׁ֫רֶץ		שֶׁ֫רֶץ n.m. coll. swarmers, swarming things
v.gd.aa	H8319	שָׁרַק	root	שָׁרַק vb. hiss, perh. also, whistle, pipe
v.gd.ab	H8322	שְׁרֵקָה		שְׁרֵקָה n.f. (object of derisive) hissing
v.gd.ac	H8292	שְׁרִיקָה		[שְׁרִיקָה] n.[f.] hissing, perhaps also whistling, piping
v.ge.aa		שׁרר	root	שׁרר
v.ge.ab	H8270	שֹׁר		[שֹׁר] n.[m.] navel-string
v.ge.ac	H8285	שֵׁרָה		[שֵׁרָה] n.[f.] bracelet;—pl. abs. Is 3:19
v.ge.ad	H8325	שָׁרָר		שָׁרָר n.pr.m. 2 S 23:33
v.ge.ae	H8306	שָׁרִיר		[שָׁרִיר] n.[m.] sinew, muscle;—pl. cstr. Jb 40:16
v.ge.af	H8307	שְׁרִירוּת		שְׁרִירוּת, usu. שְׁרִרוּת n.f. firmness, always = stubbornness
v.ge.ag		שַׁרְשָׁה		שַׁרְשָׁה v.
v.ge.ah	H8333	שַׁרְשְׁרָה		[שַׁרְשְׁרָה] n.f. (in spite of foll. sf. masc.) chain
v.gf.aa		שׁרשׁ	root	שׁרשׁ
v.gf.ab	H8328	שֹׁ֫רֶשׁ		שֹׁ֫רֶשׁ n.m. root
v.gf.ac	H8327	שָׁרַשׁ		[שָׁרַשׁ] vb. denom. Pi. = deal with the roots root up, out Pu. be rooted up (of produce) Po‛ēl take root, establish oneself firmly Po‛al id. Hiph. id.
v.gf.ad	H8329	שָׁ֑רֶשׁ		שָׁ֑רֶשׁ n.pr.m. in Manasseh;—1 Ch 7:16
v.gf.ae	H8331	שַׁרְשָׁה		[שַׁרְשָׁה] Ex 28:22 v. following [שַׁרְשְׁרָה].
v.gg.aa	H8334	שָׁרַת	root	[שָׁרַת] 97 vb. Pi. minister, serve
v.gg.ab	H8335	שָׁרֵת		שָׁרֵת n.m. religious ministry;—כְּלֵי הַשּׁ׳ vessels of m. in tabern. Nu 4:12, temple 2 Ch 24:14.
v.gg.ac		שָׁשָׂה		שָׁשָׂה v. שׁסה
v.gg.ad		שֵׁשׁ		שֵׁשׁ v. שׁדשׁ
v.gg.ae		שֵׁשׁ		שֵׁשׁ v. שַׁיִשׁ
v.gg.af	H8336	שֵׁשׁ		שֵׁשׁ n.m. byssus, fine Egyptian linen
v.gh.aa	H8338	שִׁשֵּׁא	root	[שִׁשֵּׁא] vb.intens. appar. lead on; Ez 39:2
v.gh.ab	H8339	שֵׁשְׁבַּצַּר		שֵׁשְׁבַּצַּר n.pr.m. priest of Judah, leader of returning exiles
v.gh.ac		שִׁשָּׁה		שִׁשָּׁה v. שֵׁשׁ sub. שׁדשׁ
v.gh.ad	H8343	שָׁשַׁי		שָׁשַׁי n.pr.m. Jew with foreign wife Ezr 10:40
v.gh.ae	H8344	שֵׁשַׁי		שֵׁשַׁי n.pr.m. a son of Anaḳ
v.gh.af		שִׁשִּׁי		שִׁשִּׁי שִׁשִּׁים שִׁשִּׁית v. שֵׁשׁ sub. שׁדשׁ
v.gh.ag	H8347	שֵׁשַׁךְ		שֵׁשַׁךְ n.pr.terr.
v.gh.ah	H8348	שֵׁשָׁן		שֵׁשָׁן n.pr.m. in Judah
v.gh.ai	H8349	שָׁשָׁק		שָׁשָׁק n.pr.m. in Benjamin
v.gh.aj	H8350	שָׁשֵׁר		[שָׁשֵׁר] n.[m.] red colour, vermilion; Ez 23:14.
v.gh.ak		שָׁת		שָׁת שֵׁת v. שׁית
v.gh.al		שֵׁת		שֵׁת v. שֵׁאת sub. שׁאה
v.gh.am		שֵׁת		שֵׁת v. שׁתה
v.gi.aa	H8354	שָׁתָה	root	שָׁתָה 217 vb. drink Qal 216 Niph. all which is (may be) drunk
v.gi.ab	H8358	שְׁתִי		שְׁתִי n.[m.] drinking, drinking-bout;—Ec 10:17.
v.gi.ac	H8360	שְׁתִיָּה		שְׁתִיָּה n.f. drinking (mode or amount) Est 1:8.
v.gi.ad	H4960	מִשְׁתֶּה		מִשְׁתֶּה 45 n.m. 1. feast. 2. drink
v.gj.aa		שׁתה	root	שׁתה
v.gj.ab	H8357	שֵׁת		שֵׁת n.[m.] seat (of body), buttocks
v.gk.aa		שׁתה	root	שׁתה
v.gk.ab	H8359	שְׁתִי		שְׁתִי 8 n.m. warp, the set of threads drawn lengthwise in loom, through which the shuttle bearing the woof is thrown crosswise
v.gk.ac		שָׁתוֹת		שָׁתוֹת v. שָׁת sub. שׁית
v.gk.ad		שְׁתַּיִם		שְׁתַּיִם v. שְׁנַיִם sub. שׁנה
v.gl.aa	H8362	שָׁתַל	root	[שָׁתַל] vb. transplant
v.gl.ab	H8363	שָׁתִיל		[שָׁתִיל] n.[m.] transplanted shoot, slip;—pl. cstr. ψ 128:3
v.gm.aa	H8365	שָׁתַם	root	[שָׁתַם] vb. dub.; if text correct, open
v.gm.ab		שׁתן		שׁתן תִשְׁתִּין v. שִׁין
v.gn.aa	H8367	שָׁתַק	root	[שָׁתַק] vb. be quiet (late)
v.gn.ab	H8369	שֵׁתָר		שֵׁתָר n.pr.m. a prince of Persia Est 1:14
v.go.aa	H8371	שָׁתַת	root	[שָׁתַת] vb. set, appoint (poet.)
w.aa.aa		ת	root	ת, תּ
w.aa.ab	H8372	תָּא		תָּא n.m. chamber
w.ab.aa	H8373	תָּאֵב	root	[תָּאֵב, תָּאַב] vb. long
w.ab.ab	H8375	תַּאֲבָה		תַּאֲבָה n.f. longing;—ψ 119:20.
w.ab.ac		תָּאַב		תָּאַב v. תעב
w.ac.aa	H8376	תָּאָה	root	[תָּאָה] vb. Pi. appar. ye shall mark out (the boundary)
w.ac.ab	H8377	תְּאוֹ		תְּאוֹ n.m. antelope
w.ac.ac		תַּאֲוָה		תַּאֲוָה v. תוה v. אוה
w.ac.ad		תְּאָלָה		תְּאָלָה v. אלה
w.ad.aa		תאם	root	תאם
w.ad.ab	H8380	תּוֹאָם		[תּוֹאָם] n.m. twin
w.ad.ac	H8382	תָּאַם		[תָּאַם] vb. denom. be double Qal Hiph. bear twins
w.ad.ad		תַּאֲנָה		תַּאֲנָה תֹּאֲנָה v. אנה
w.ad.ae	H8384	תְּאֵנָה		תְּאֵנָה n.f. fig-tree, (then) fig
w.ad.af		תַּאֲנִיָּה		תַּאֲנִיָּה v. אנה
w.ad.ag		תְּאֻנִים		תְּאֻנִים v. אנן
w.ad.ah	H8387	תַּאֲנַת שִׁלֹ֑ה		תַּאֲנַת שִׁלֹ֑ה n.pr.loc. on border of Ephr. Jos 16:6
w.ae.aa	H8388	תָּאַר	root	תָּאַר vb. appar. incline
w.ae.ab	H8389	תֹּ֫אַר		תֹּ֫אַר n.m. outline, form
w.ae.ac	H8388	תָּאַר		[תָּאַר] vb. Pi. denom. draw in outline, trace out
w.ae.ad		תַּאֲרֵעַ		תַּאֲרֵעַ v. תַּחֲרֵעַ sub. חרע
w.ae.ae		תְּאַשּׁוּר		תְּאַשּׁוּר v. אָשַׁר
w.ae.af	H8392	תֵּבָה		תֵּבָה n.f. ark (prop. chest, box)
w.ae.ag		תְּבוּאָה		תְּבוּאָה v. בוא
w.ae.ah		תְּבוּנָה		תְּבוּנָה תְּבוּנָם v. בין
w.ae.ai		תובנתו		תובנתו v. בין
w.ae.aj		תְּבוּסָה		תְּבוּסָה v. בוס
w.ae.ak	H8396	תָּבוֹר		תָּבוֹר n.pr. mont. NE. edge of Great Plain, SW. of Sea of Galilee, on border of Issachar, Zeb. and Napht. loc. loc. Levit. city in Zebulun arbor. near Bethel
w.ae.al		תֵּבֵל		תֵּבֵל v. יבל
w.ae.am		תֶּ֫בֶל		תֶּ֫בֶל v. בלל
w.ae.an		תֻּבַל		תֻּבַל v. תּוּבַל
w.ae.ao		תַּבְלִית		תַּבְלִית v. בלה
w.ae.ap		תְּבַלֻּל		תְּבַלֻּל v. בלל
w.af.aa	H8401	תֶּ֫בֶן	root	תֶּ֫בֶן n.m. straw (√ unknown)
w.af.ab	H4963	מַתְבֵן		מַתְבֵן n.[m.] straw-heap;—Is 25:10.
w.af.ac	H8402	תִּבְנִי		תִּבְנִי n.pr.m. rival of Omri
w.af.ad		תַּבְנִית		תַּבְנִית v. בנה
w.af.ae		תַּבְעֵרָה		תַּבְעֵרָה v. בער
w.af.af	H8405	תֵּבֵץ		תֵּבֵץ n.pr.loc. near Shechem
w.af.ag	H8407	תִּגְלַת פִּלְאֶ֫סֶר		תִּגְלַת פִּלְאֶ֫סֶר n.pr.m. Tiglathpileser (III), king of Assyria
w.af.ah		תַּגְמוּל		תַּגְמוּל v. נמל
w.af.ai		תִּגְרָה		תִּגְרָה v. גרה
w.af.aj	H8425	תֹּגַרְמָה		תֹּגַרְמָה, תּוֹגַרְמָה n.pr.terr. it lay in (SW.) Armenia
w.af.ak		תִּדְהָר		תִּדְהָר v.
w.af.al	H8412	תַּדְמֹר		תַּדְמֹר n.pr.loc. built by Solomon; Tadmor = Palmyra
w.af.am	H8413	תִּדְעָל		תִּדְעָל n.pr.m. king allied with Chedorlaomer
w.ag.aa		תהה	root	תהה
w.ag.ab	H8414	תֹּ֫הוּ		תֹּ֫הוּ n.m. formlessness, confusion, unreality, emptiness (primary meaning difficult to seize) formlessness fig. of what is empty, unreal
w.ag.ac	H8417	תׇּהֳלָה		תׇּהֳלָה n.f. error;—Jb 4:18
w.ag.ad		תְּהִלָּה		תְּהִלָּה v. הלל
w.ag.ae		תַּהֲלוּכָה		תַּהֲלוּכָה v. הלך
w.ah.aa		תהם	root	תהם
w.ah.ab	H8415	תְּהוֹם		תְּהוֹם n.f. et m. deep, sea, abyss deep, of subterranean waters (deep) sea primaeval ocean, deep, in Heb. cosmogony deep, depth abyss
w.ah.ac		תַּהְפֻּכָה		תַּהְפֻּכָה v. הפך
w.ah.ad		תָּו		תָּו v. תוה
w.ah.ae		תּוֹא		תּוֹא v. תְּאוֹ
w.ah.af		תּוֹאָם		תּוֹאָם v. תאם
w.ah.ag	H8422	תּוּבַל		תּוּבַל n.pr.terr. et gent. in E. Asia Minor, perh. nearly = Cappadocia
w.ah.ah	H8423	תּוּבַל(־)קַ֫יִן		תּוּבַל(־)קַ֫יִן n.pr.m. first worker in metal
w.ah.ai		תובנתו		תובנתו v. תְּבוּנָה sub. בין
w.ah.aj		תּוּגָה		תּוּגָה v. יגה
w.ah.ak		תּוֹדָה		תּוֹדָה v. ידה
w.ai.aa		תוה	root	תוה
w.ai.ab	H8420	תָּו		תָּו n.m. mark
w.ai.ac	H8379	תַּאֲוָה		[תַּאֲוָה] n.f. boundary (as described by a mark?);—cstr. Gn 49:26
w.ai.ad	H8427	תָּוָה		[תָּוָה] vb. denom. make or set a mark;— Pi. and he made marks on the doors Hiph. set a mark (acc. cogn.) upon.
w.aj.aa	H8428	תָּוָה	root	[תָּוָה] vb. Hiph. prob. pain, wound (fig.);—ψ 78:41
w.aj.ab	H8430	תּוֹחַ		תּוֹחַ n.pr.m. ancestor of Samuel
w.aj.ac		תּוֹחֶ֫לֶת		תּוֹחֶ֫לֶת v. יחל
w.aj.ad		תּוֹךְ		תּוֹךְ v. תֹּךְ sub. תכך
w.aj.ae	H8432	תָּ֫וֶךְ		תָּ֫וֶךְ 416 subst. midst
w.aj.af	H8484	תִּיכוֹן		תִּיכוֹן, תִּיכֹן adj. middle
w.aj.ag		תּוֹכֵחָה		תּוֹכֵחָה תּוֹכַ֫חַת v. יכח
w.aj.ah		תּוּכִּיִּים		תּוּכִּיִּים v. תֻּכּ׳
w.aj.ai		תּוֹלָ֑ד		תּוֹלָ֑ד תּוֹלֵדוֹת v. ילד
w.aj.aj		תולון		תולון v. תִּילוֹן
w.aj.ak	H8437	תּוֹלָל		[תּוֹלָל] n.m. doubtful word ψ 137:3; AV RV they that wasted us
w.aj.al		תּוֹמִיךְ		תּוֹמִיךְ v. תמך
w.aj.am		תּוֹמִים		תּוֹמִים v. תּוֹאָם v. תאם
w.aj.an		תומן		תומן v. תֵּימָן sub. ימן
w.aj.ao		תּוֹעָה		תּוֹעָה v. תעה
w.aj.ap		תּוֹעָפָה		תּוֹעָפָה v. יעף
w.aj.aq		תּוֹצָאָה		תּוֹצָאָה v. יצא
w.aj.ar		תוקהת		תוקהת תָקְהַת v. תִּקְוַה
w.ak.aa		תוף	root	תוף
w.ak.ab	H8611	תֹּ֫פֶת		תֹּ֫פֶת n.f. act of spitting;—abs. Jb 17:6
w.al.aa	H8446	תּוּר	root	תּוּר vb. seek out, spy out, explore Qal seek out, select spy out, explore go about Hiph. they made a reconnaissance at Bethel
w.al.ab	H8447	תּוֹר		תּוֹר, תֹּר n.m. plait, turn
w.al.ac	H3491	יְתוּר		יְתוּר Jb 39:8 appar. n. m. a searching, but v. √ [w.al.aa].
w.al.ad		תּוֹר		תּוֹר v. תֹּר
w.al.ae		תּוֹרָה		תּוֹרָה v. ירה
w.al.af		תּוֹשָׁב		תּוֹשָׁב v. ישׁב
w.al.ag		תּוּשִׁיָּה		תּוּשִׁיָּה v. ישׁה
w.al.ah		תּוֹתָח		תּוֹתָח v. יתח
w.am.aa	H8456	תָּזַז	root	[תָּזַז] vb. Hiph. strike away;—Is 18:5.
w.am.ab		תַּזְנוּת		תַּזְנוּת v. זנה
w.am.ac		תַּחְבֻּלָה		תַּחְבֻּלָה v. חבל
w.am.ad		תֹּחוּ		תֹּחוּ v. תּוֹחַ
w.am.ae		תַּחְכְמֹנִי		תַּחְכְמֹנִי v.
w.am.af		תַּחֲלֻאִים		תַּחֲלֻאִים v. חלא
w.am.ag		תְּחִלָּה		תְּחִלָּה v. חלל
w.am.ah		תֹּחֶ֫לֶת		תֹּחֶ֫לֶת v. תּוֹחֶלֶת sub. יחל
w.am.ai		תַּחְמָס		תַּחְמָס v. חמס
w.am.aj		תַּ֫חַן		תַּ֫חַן v. חנה
w.am.ak		תְּחִנָּה		תְּחִנָּה v. חנן
w.am.al		תַּחֲנוּן		תַּחֲנוּן v. חנן
w.am.am		תַּחֲנָה		תַּחֲנָה תַּחֲנִי v. חנה
w.am.an	H8471	תַּחְפַּנְחֵס		תַּחְפַּנְחֵס n.pr.loc. Egyptian city
w.am.ao	H8472	תַּחְפְּנֵיס		תַּחְפְּנֵיס n.pr.f. Egyptian queen
w.am.ap	H8473	תַּחְרָא		תַּחְרָא n.[m.] prob. (linen) corselet (𝔗 Oak שריון);—abs. ת׳ Ex 28:32, ∥ 39:23 (P), in sim.
w.am.aq		תַּחֲרָה		תַּחֲרָה תַּחָרָה v. חרה
w.am.ar		תַּחֲרֵעַ		תַּחֲרֵעַ v. חרע
w.am.as	H8476	תַּ֫חַשׁ		תַּ֫חַשׁ n.m. taḫaš, a kind of leather or skin, and perh. the animal yielding it
w.am.at	H8477	תַּ֫חַשׁ		תַּ֫חַשׁ n.pr.m. ‘son’ of Nahor Gn 22:24
w.an.aa	H8478	תַּחַת	root	תַּחַת n.[m.] the under part, hence as adv. accus. and prep. underneath, below, instead of
w.an.ab	H8481	תַּחְתּוֹן		תַּחְתּוֹן adj. lower, lowest
w.an.ac	H8482	תַּחְתִּי		תַּחְתִּי adj. and subst. lower, lowest (places)
w.an.ad	H8480	תַּ֫חַת		תַּ֫חַת n.pr. m. Levite Ephraimite loc. station in wilderness
w.an.ae		תַּחְת־ִים חָדְשִׁי		תַּחְת־ִים חָדְשִׁי v. קָדַשׁ
w.an.af		תִּיכוֹן		תִּיכוֹן v. תָּוֶךְ
w.an.ag	H8436	תִּילוֹן		תִּילוֹן n.pr.m. in Judah, 1 Ch 4:20 Qr (Kt תולון)
w.an.ah	H8485	תֵּימָא		תֵּימָא n.pr.terr. et gent. ‘son’ of Ishmael
w.an.ai		תֵּימָן		תֵּימָן תֵּימָנִי תֵּימְנִי v. ימן
w.an.aj		תִּימָרָה		תִּימָרָה v. תמר
w.an.ak	H8491	תִּיצִי		תִּיצִי adj.gent. (?): 1 Ch 11:45, unknown.
w.an.al		תִּירוֹשׁ		תִּירוֹשׁ תִּירֹשׁ v. ירשׁ
w.an.am		תִּירְיָא		תִּירְיָא v. תִּֽירְיָא
w.an.an	H8494	תִּירָ֑ס		תִּירָ֑ס n.pr.terr. et gent. ‘son’ of Japhet
w.an.ao	H8495	תַּ֫יִשׁ		[תַּ֫יִשׁ] n.m. he-goat
w.an.ap		תֹּךְ		תֹּךְ v. תכך
w.ao.aa	H8497	תָּכָה	root	[תָּכָה] vb. meaning wholly dub. Pu. Dt 33:3; were led or assembled would suit context
w.ao.ab		תְּכוּנָה		תְּכוּנָה v. כון
w.ao.ac	H8500	תֻּכִּיִּים		תֻּכִּיִּים n.m. peacocks
w.ap.aa		תכך	root	תכך
w.ap.ab	H8496	תֹּךְ		תֹּךְ, II. תּוֹךְ n.m. injury, oppression
w.ap.ac		תְּכָכִים		תְּכָכִים v. תֹּךְ
w.ap.ad		תִּכְלָה		תִּכְלָה תַּכְלִית v. כלה
w.ap.ae	H8504	תְּכֵ֫לֶת		תְּכֵ֫לֶת 48 n.f. violet, i.e. violet thread and stuff
w.aq.aa	H8505	תָּכַן	root	[תָּכַן] vb. regulate, measure, estimate Qal estimate Niph. by him are actions estimated. be adjusted to the standard, i.e. right, equitable Pi. mete out Pu. the silver which was measured out.
w.aq.ab	H8506	תֹּ֫כֶן		תֹּ֫כֶן n.m. measurement
w.aq.ac	H8507	תֹּ֫כֶן		תֹּ֫כֶן n.pr.loc. in Simeon, 1 Ch 4:32
w.aq.ad	H8508	תׇּכְנִית		תׇּכְנִית n.f. measurement, proportion
w.aq.ae	H4971	מַתְכֹ֫נֶת		מַתְכֹ֫נֶת n.f. measurement, tale, proportion
w.aq.af		תַּכְרִיךְ		תַּכְרִיךְ v. כרך
w.aq.ag		תֵּל		תֵּל v. תלל
w.ar.aa	H8511	תָּלָא	root	תָּלָא vb. hang
w.ar.ab		תַּלְאֻבָה		תַּלְאֻבָה v. לאב
w.ar.ac		תְּלָאָה		תְּלָאָה v. לאה
w.ar.ad	H8515	תְּלַאשָּׂ֑ר		תְּלַאשָּׂ֑ר n.pr.loc. appar. in Mesopot.
w.ar.ae		תִּלְבֹּ֫שֶׁת		תִּלְבֹּ֫שֶׁת v. לבשׁ
w.ar.af		תִּלְּגַת פִּל׳		תִּלְּגַת פִּל׳ v. תִּגְלַת
w.as.aa	H8518	תָּלָה	root	תָּלָה vb. hang Qal hang Niph. princes have been hung up by their hands Pi. hang up for display
w.as.ab	H8522	תְּלִי		[תְּלִי] n.[m.] quiver (with its arrows) (as hanging from shoulder);—sf. Gn 27:3
w.as.ac		תִּלָּהּ		תִּלָּהּ v. תֵּל
w.as.ad	H3494	יִתְלָה		יִתְלָה n.pr.loc. in (Southern) Dan Jos 19:42
w.as.ae	H8520	תֶּ֫לַח		תֶּ֫לַח n.pr.m. in Ephraim;—1 Ch 7:25
w.at.aa		תלל	root	תלל
w.at.ab	H8510	תֵּל		תֵּל n.[m.] mound mound, ruin-heap (of city) mound or hill on which city stood
w.at.ac	H8512	תֵּל אָבִיב		תֵּל אָבִיב n.pr.loc. in Babylonia, on the ‘river Chebar,’ Ez 3:15.
w.at.ad	H8521	תֵּל חַרְשָׁא		תֵּל חַרְשָׁא n.pr.loc. in Babylonia
w.at.ae	H8528	תֵּל מֶ֫לַח		תֵּל מֶ֫לַח n.pr.loc. in Babylonia
w.at.af	H8524	תָּלוּל		תָּלוּל adj. exalted, lofty;—Ez 17:22
w.at.ag	H8534	תַּלְתַּלִּים		תַּלְתַּלִּים n.f. (?) pl. as fig. of woman’s locks, mng. dub.: Ct 5:11;
w.au.aa	H2048	תָּלַל	root	[תָּלַל] vb. Hiph mock, deceive Hoph a heart (which) is deceived
w.au.ab	H4123	מַֽהֲתַלּוֹת		מַֽהֲתַלּוֹת n.f. illusions Is 30:10
w.av.aa		תלם	root	תלם
w.av.ab	H8525	תֶּ֫לֶם		תֶּ֫לֶם n.m. furrow
w.av.ac	H8526	תַּלְמַי		תַּלְמַי n.pr.m. king of Geshur, father-in-law of David a son of Anaḳ
w.av.ad		תַּלְמִיד		תַּלְמִיד v. למד
w.av.ae		תְּלֻנָּה		תְּלֻנָּה v. לון
w.aw.aa		תלע	root	תלע
w.aw.ab	H8438	תּוֹלָע		תּוֹלָע n.[m.] worm, scarlet stuff
w.aw.ac	H8439	תּוֹלָע		תּוֹלָע n.pr.m. in Issachar; a judge of Israel
w.aw.ad	H8440	תּוֹלָעִי		תּוֹלָעִי adj.gent. of foregoing [w.aw.ac]; c. art. as n.coll. Nu 26:23.
w.aw.ae	H8438	תּוֹלֵעָה		תּוֹלֵעָה, תּוֹלַ֫עַת 40 n.f. worm
w.aw.af	H8529	תָּלַע		[תָּלַע] vb. Pu. denom. clad in scarlet;—Na 2:4
w.aw.ag	H4459	מְתַלְּעוֹת		מְתַלְּעוֹת n.f.pl. teeth
w.aw.ah	H8530	תַּלְפִּיָּוֹת		תַּלְפִּיָּוֹת n.f.pl. exitialia, fatal thing
w.aw.ai		תְּלַשָּׂר		תְּלַשָּׂר v. תְּלַאשָּׂר
w.aw.aj		תַּלְתַּלִּים		תַּלְתַּלִּים v. תלל
w.aw.ak		תֹּם		תֹּם תָּם תֻּמָּה v. תמם
w.aw.al		תֵּמָא		תֵּמָא v. תּימָא
w.ax.aa	H8539	תָּמַהּ	root	[תָּמַהּ] vb. be astounded, dumbfounded Qal be astounded Hithp. + Qal lit. astonish yourselves, be astounded
w.ax.ab	H8541	תִּמָּהוֹן		תִּמָּהוֹן n.[m.] bewilderment
w.ax.ac	H8542	תַּמּוּז		תַּמּוּז n.pr.div. Tammuz;—Ez 8:14
w.ax.ad		תְּמוּנָה		תְּמוּנָה v. מין
w.ax.ae		תְּמוּרָה		תְּמוּרָה v. מור
w.ax.af		תְּמוּתָה		תְּמוּתָה v. מות
w.ax.ag	H8547	תָּ֑מַח		תָּ֑מַח n.pr.m. head of a Jewish family
w.ax.ah		תָּמִיד		תָּמִיד v. מוד
w.ax.ai		תַּמִּים		תַּמִּים תָּאַם v. תָּאַם
w.ay.aa	H8551	תָּמַךְ	root	[תָּמַךְ] vb. grasp, support, attain Qal grasp, lay hold of hold up, support hold, keep Niph. in the cords of his sin is he seized
w.ay.ab	H0865	תְּמוֹל		תְּמוֹל (תְּמֹל) 23, אֶתְמוֹל 5, אִתְמוֹל, אֶתְמוּל subst., used sts. as adv.acc., yesterday, fig. recently, formerly
w.az.aa	H8552	תָּמַם	root	[תָּמַם], תַּם vb. be complete, finished Qal be finished, completed be finished, come to an end, cease be complete, of number be consumed, exhausted, spent be finished, consumed, destroyed be complete, sound, unimpaired twice, very strangely Hiph. finish, complete, perfect, a matter finish, cease doing a thing complete, sum up destroy uncleanness causative: make sound thy ways. Hithp. deal in integrity with
w.az.ab	H8537	תֹּם		תֹּם n.[m.] completeness, integrity completeness, fulness innocence, simplicity integrity תֻּמִּים
w.az.ac	H8538	תֻּמָּה		[תֻּמָּה] n.f. integrity (late)
w.az.ad	H8535	תָּם		תָּם adj. complete complete, perfect sound, wholesome complete, morally innocent, having integrity
w.az.ae	H8549	תָּמִים		תָּמִים 91 adj. complete, sound complete, whole, entire whole, sound, healthful complete, entire, of time sound, wholesome, unimpaired, innocent, having integrity as neuter adj. = subst. what is complete, entirely in accord with truth and fact
w.az.af	H4974	מְתֹם		מְתֹם n.[m.] soundness
w.az.ag		תֵּמָן		תֵּמָן תֵּמָנִי v. תֵּימָן sub. ימן
w.az.ah		תִּמְנָה		תִּמְנָה תִּמְנָ֫תָה תִּמְנִי תִּמְנַת v. מנה
w.az.ai		תִּמְנָע		תִּמְנָע v. מָנַע
w.az.aj		תֶּ֫מֶס		תֶּ֫מֶס v. מסס
w.ba.aa		תמר	root	תמר
w.ba.ab	H8560	תֹּ֫מֶר		תֹּ֫מֶר n.m. palm-tree, post
w.ba.ac	H8558	תָּמָר		תָּמָר n.m. palm-tree, date-palm, Phoenix dactylifera
w.ba.ad	H8559	תָּמָר		תָּמָר n.pr. f. daughter-in-law of Judah daughter of David, sister of Absalom loc. site not certain
w.ba.ae	H8561	תִּמֹרָה		תִּמֹרָה 19 n.f. palm(-tree) figure, as ornament
w.ba.af	H8490	תִּימָרָה		[תִּימָרָה] n.f. (palm-like) column (spreading at top)
w.ba.ag	H8564	תַּמְרוּר		[תַּמְרוּר] n.m. pl. Je 31:21, doubtful word; sign-posts
w.ba.ah		תַּמְרוּק		תַּמְרוּק –רִיק v. מרק
w.ba.ai		תַּמְרוּר		תַּמְרוּר v. מרר
w.ba.aj		תַּן		תַּן v. תנן
w.bb.aa	H8566	תָּנָה	root	[תָּנָה] vb. hire Qal hire Hiph. have hired
w.bb.ab	H0866	אֶתְנָה		אֶתְנָה n.f. hire of a harlot;—abs. Ho 2:14
w.bb.ac	H3496	יַתְנִיאֵל		יַתְנִיאֵל n.pr.m. a Levite (Ēl hireth);—1 Ch 26:6
w.bc.aa	H8567	תָּנָה	root	[תָּנָה] vb. recount, rehearse (?) Pi. let them recount
w.bc.ab		תְּנוּאָה		תְּנוּאָה v. נוא
w.bc.ac		תְּנוּבָה		תְּנוּבָה v. נוב
w.bd.aa		תנך	root	תנך
w.bd.ab	H8571	תְּנוּךְ		תְּנוּךְ n.[m.] tip, i.e. lobe of ear (𝔊 λοβός τοῦ ὠτός, 𝔙 extremum auriculae, and so most ancient authorities, cf. Thes 1511);—cstr. in phr. תּ׳ אֹזֶן פ׳ Ex 29:20, 20 Lv 8:23, 24 14:14, 17, 25, 28 (all P).
w.bd.ac		תְּנוּמָה		תְּנוּמָה v. נום
w.bd.ad		תְּנוּפָה		תְּנוּפָה v. נוף
w.bd.ae	H8574	תַּנּוּר		תַּנּוּר n.m. portable stove or fire-pot
w.bd.af		תַּנְחוּם		תַּנְחוּם תַּנְחוּמוֹת תַּנְחֻ֫מֶת v. נחם
w.be.aa		תנן	root	תנן
w.be.ab	H8577	תַּן		[תַּן] n.[m. et] f. jackal
w.be.ac	H8565	תַּנִּין		תַּנִּין (erron. תַּנִּים) n.m. serpent, dragon, sea-monster
w.bf.aa		תנן	root	תנן
w.bf.ab	H0868	אֶתְנַן		אֶתְנַן n.m. hire of harlot
w.bf.ac	H0869	אֶתְנַן		אֶתְנַן n.pr.m. son of Helah, 1 Ch 4:7.
w.bf.ad		תִּנְשֶׁ֫מֶת		תִּנְשֶׁ֫מֶת v. נשׁם
w.bg.aa		תעב	root	תעב
w.bg.ab	H8441	תּוֹעֵבַה		תּוֹעֵבַה 117 n.f. abomination
w.bg.ac	H8374	תַּעָב		[תַּעָב] vb. denom. Niph. Pi. Niph. be abhorred Pi. regard as an abomination, abhor cause to be an abomination Hiph. make abominable, do abominably
w.bh.aa	H8582	תָּעָה	root	תָּעָה vb. err Qal physically wander about of intoxication ethically Niph. be made to wander about, as a drunkard ethically: be led astray Hiph. physically cause to wander about of intoxication mentally and morally, cause to err, mislead
w.bh.ab	H8442	תּוֹעָה		תּוֹעָה n.f. wandering, error error in morals and religion confusion, disturbance
w.bh.ac		תֹּ֫עוּ		תֹּ֫עוּ v. תֹּעִי
w.bh.ad		תְּעוּדָה		תְּעוּדָה v. עוד
w.bh.ae	H8583	תֹּ֫עִי		תֹּ֫עִי n.pr.m. king of Hamath
w.bh.af		תְּעָלָה		תְּעָלָה v. עלה
w.bh.ag		תַּעֲלוּלִים		תַּעֲלוּלִים v. עלל
w.bh.ah		תַּעֲלֻמָה		תַּעֲלֻמָה v. עלם
w.bh.ai		תַּעֲנוּג		תַּעֲנוּג v. ענג
w.bh.aj		תַּעֲנִית		תַּעֲנִית v. ענה
w.bh.ak	H8590	תַּעֲנָךְ		תַּעֲנָךְ n.pr.loc. in Great Plain
w.bi.aa	H8591	תָּעַע	root	[תָּעַע] Pilp. Hithp. mock Pilp. = subst. a mocker. Hithp. mocking at his prophets
w.bi.ab	H8595	תֵּעְתֻּעִים		תֵּעְתֻּעִים n.[m.]pl.abstr. mockery
w.bi.ac		תַּעֲצֻמָה		תַּעֲצֻמָה v. עצם
w.bi.ad		תְּעֻפָה		תְּעֻפָה v. עוף
w.bi.ae		תַּ֫עַר		תַּ֫עַר v. ערה
w.bi.af		תַּעֲרֻבָה		תַּעֲרֻבָה v. ערב
w.bi.ag		תַּעְתֻּעִים		תַּעְתֻּעִים v. תעע
w.bi.ah		תֹּף		תֹּף v. תפף
w.bi.ai		תִּפְאָרָה		תִּפְאָרָה v. פאר
w.bi.aj		תַּפּוּחַ		תַּפּוּחַ v. נפח
w.bi.ak		תְּפוֹצָה		תְּפוֹצָה v. פוץ
w.bi.al	H8601	תֻּפִינִים		[תֻּפִינִים] n.[m.]pl. doubtful word; AV RV baken pieces;—only cstr. Lv 6:14; text prob. crpt.; thou shalt break it into a meal-offering of pieces
w.bj.aa		תפל	root	תפל
w.bj.ab	H8602	תָּפֵל		תָּפֵל adj. tasteless, unseasoned; fig. of unsatisfying prophecies
w.bj.ac	H8604	תִּפְלָה		תִּפְלָה n.f. (moral) unsavouriness, unseemliness
w.bk.aa		תפל	root	תפל
w.bk.ab	H8602	תָּפֵל		תָּפֵל n.[m.] whitewash;—applied to wall
w.bk.ac	H8603	תֹּ֫פֶל		תֹּ֫פֶל n.pr.loc. in, or near, the ‛Arabah;—Dt 1:1
w.bk.ad		תְּפִלָּה		תְּפִלָּה v. פלל
w.bk.ae		תִּפְלֶ֫צֶת		תִּפְלֶ֫צֶת v. פלץ
w.bk.af		תִּפְסַח		תִּפְסַח v. פסח
w.bl.aa		תפף	root	תפף
w.bl.ab	H8596	תֹּף		תֹּף n.m. timbrel, tambourine
w.bl.ac	H8608	תָּפַף		[תָּפַף] vb. denom. sound the timbrel, beat Qal Po‛ēl twittering
w.bm.aa	H8609	תָּפַר	root	[תָּפַר] vb. sew together Qal they sewed together fig-leaves Pi. those who keep sewing
w.bn.aa	H8610	תָּפַשׂ	root	תָּפַשׂ vb. lay hold of, wield Qal lay hold of, seize grasp in order to wield, wield, use skilfully Niph. be seized, arrested, caught Pi. a lizard thou mayest grasp with the hands
w.bn.ab		תֹּ֫פֶת		תֹּ֫פֶת v. תוף
w.bn.ac	H8612	תֹּ֫פֶת		תֹּ֫פֶת n.pr.loc. in valley, S. of Jerusalem
w.bn.ad	H8613	תׇּפְתֶּה		תׇּפְתֶּה n.pr.loc. as a place of burning Is 30:33
w.bn.ae		תָּקְהַת		תָּקְהַת תוקהת v. תִּקְוָה
w.bn.af		תִּקְוָה		תִּקְוָה v. קוה
w.bn.ag		תְּקוּמָה		תְּקוּמָה v. קום
w.bn.ah		תְּקוֹמֵם		תְּקוֹמֵם –מֶיךָ v.
w.bn.ai		תְּקוּפָה		תְּקוּפָה v. קוף
w.bo.aa	H8626	תָּקַן	root	[תָּקַן] vb. become straight; Qal Ec 1:15 Pi. put straight, arrange in order (proverbs).
w.bp.aa	H8628	תָּקַע	root	תָּקַע 67 vb. thrust, clap, give a blow, blast Qal thrust, drive give a blast, blow strike, clap hands Niph. if a horn shall be blown who is there that will strike himself (i.e. pledge himself) into my hand?
w.bp.ab	H8629	תֵּ֫קַע		תֵּ֫קַע n.[m.] blast of horn;—cstr. ψ 150:3
w.bp.ac	H8619	תָּקוֹעַ		תָּקוֹעַ n.[m.] a blast-(wind-)instrument;—abs. Ez 7:14
w.bp.ad	H8620	תְּקוֹעַ		תְּקוֹעַ n.pr.loc. in S. Judah
w.bp.ae	H8621	תְּקוֹעִי		תְּקוֹעִי, תְּקֹעִי adj.gent. of foregoing [w.bp.ad]
w.bq.aa	H8630	תָּקֵף	root	[תָּקֵף] vb. prevail over, overpower
w.bq.ab	H8633	תֹּ֫קֶף		תֹּ֫קֶף n.m. power, strength, energy
w.bq.ac	H8623	תַּקִּיף		תַּקִּיף adj. mighty;—Ec 10:6.
w.bq.ad	H8449	תֹּר		תֹּר, תּוֹר n.f. (m.) turtle-dove
w.bq.ae	H8634	תַּרְאֲלָה		תַּרְאֲלָה n.pr.loc. in Benjamin Jos 18:27
w.bq.af		תַּרְבּוּת		תַּרְבּוּת תַּרְבִּית v. רבה
w.bq.ag		תִּרְגַּל		תִּרְגַּל v. רָגַל
w.bq.ah	H8638	תִּרְגֵּם		[תִּרְגֵּם] vb.quadril. interpret, translate;—Ezr 4:7
w.bq.ai		תַּרְדֵּמָה		תַּרְדֵּמָה v. רדם
w.bq.aj	H8640	תִּרְהָקָה		תִּרְהָקָה n.pr.m. king of Egypt, of Ethiop. dynasty
w.bq.ak		תְּרוּמָה		תְּרוּמָה תְּרוּמִיָּה v. רום
w.bq.al		תְּרוּעָה		תְּרוּעָה v. רוע
w.bq.am		תְּרוּפָה		תְּרוּפָה v. רוף
w.bq.an	H8645	תִּרְזָה		תִּרְזָה n.f. a tree, AV cypress, RV holm-tree, but very dub.
w.bq.ao	H8646	תֶּ֫רַח		תֶּ֫רַח n.pr. m. father of Abraham loc. station of Exodus journey
w.bq.ap		תִּרְחֲנָה		תִּרְחֲנָה v. רחן
w.bq.aq		תָּרְמָה		תָּרְמָה תרמות תַּרְמִית v. רמה
w.bq.ar	H8650	תֹּ֫רֶן		תֹּ֫רֶן n.m. mast, i.e. a (solitary) standard-pole, flag-staff
w.bq.as		תַּרְעֵלָה		תַּרְעֵלָה v. רעל
w.bq.at	H8654	תִּרְעָתִים		תִּרְעָתִים n.pr.m.pl. a Kenite family, 1 Ch 2:55
w.bq.au	H8655	תְּרָפִים		תְּרָפִים n.m. pl. a kind of idol, obj. of reverence, and means of divination (√ and etymol.-mng. dub.)
w.bq.av		תִּרְצָה		תִּרְצָה v. רצה
w.bq.aw	H8657	תֶּ֫רֶשׁ		תֶּ֫רֶשׁ n.pr.m. eunuch at court of Ahasuerus
w.bq.ax	H8658	תַּרְשִׁישׁ		תַּרְשִׁישׁ n.m. a precious stone, perhaps yellow jasper, or other gold-coloured stone
w.bq.ay	H8659	תַּרְשִׁישׁ		תַּרְשִׁישׁ n.pr. loc. a distant port, site not certainly known m. in Benjamin Persian noble
w.bq.az	H8660	תִּרְשָׁתָא		תִּרְשָׁתָא n.m. Tirshathâ, title of Persian governor in Judaea
w.bq.ba	H8661	תַּרְתָּן		תַּרְתָּן n.m. title of As. general = field-marshal
w.bq.bb	H8662	תַּרְתָּ֑ק		תַּרְתָּ֑ק n.pr.div. 2 K 17:31; not identified
w.bq.bc		תְּשׂוּמֶת		תְּשׂוּמֶת v. שׂום
w.bq.bd		תְּשֻׁאָה		תְּשֻׁאָה v. שׁוא
w.bq.be		תֹּשָׁב		תֹּשָׁב v. תּוֹשָׁב sub. ישׁב
w.bq.bf		תִּשְׁבִּי		תִּשְׁבִּי v. שׁבה
w.bq.bg		תַּשְׁבֵּץ		תַּשְׁבֵּץ v. שׁבץ
w.bq.bh		תְּשׁוּבָה		תְּשׁוּבָה v. שׁוב
w.bq.bi		תשׁוה		תשׁוה שָׁוָה v. תְּשֻׁאָה sub. שׁוא
w.bq.bj		תְּשׁוּעָה		תְּשׁוּעָה תְּשֻׁעָה v. ישׁע
w.bq.bk		תְּשׁוּקָה		תְּשׁוּקָה v. שׁוק
w.bq.bl		תְּשׁוּרָה		תְּשׁוּרָה v. שׁור
w.bq.bm		תֻּשִׁיָּה		תֻּשִׁיָּה v. תּוּשִׁיָּה v. ישׁה
w.bq.bn	H8672	תֵּ֫שַׁע		תֵּ֫שַׁע, תִּשְׁעָה 58 n.m. et f. a nine, nonad
w.bq.bo	H8671	תְּשִׁיעִי		תְּשִׁיעִי, תְּשִׁעִי m. תְּשִׁיעִית f. adj.num.ord. 18 ninth
w.bq.bp	H8673	תִּשְׁעִים		תִּשְׁעִים 20 n.indecl. ninety
xa.aa.aa		א	root	א
xa.aa.ab		אָב		אָב v. אבה
xa.aa.ac	H0004	אֵב		[אֵב] n.m. fruit
xa.ab.aa	H0007	אֲבַד	root	[אֲבַד] vb. perish Pe. they shall perish, pass away. Haph. destroy Hoph. be destroyed
xa.ac.aa		אבה	root	אבה
xa.ac.ab	H0002	אַב		[אַב, אַבָּא] n.m. father
xa.ac.ac	H0069	אֶ֫בֶן		אֶ֫בֶן n.f. stone
xa.ac.ad	H0104	אִגְּרָא		אִגְּרָא n.f. letter-missive
xa.ac.ae	H0116	אֱדַ֫יִן		אֱדַ֫יִן 57 adv. then, thereupon
xa.ac.af	H0144	אֲדָר		אֲדָר n.pr. 12th month;—Ezr 6:15.
xa.ac.ag	H0147	אִדַּר		[אִדַּר] n.m. threshing-floor;—pl. cstr. Dn 2:35.
xa.ac.ah	H0148	אֲדַרְגָּזֵר		[אֲדַרְגָּזֵר] n.m. counsellor
xa.ac.ai	H0149	אַדְרַזְדָּא		אַדְרַזְדָּא adv. correctly, exactly;—Ezr 7:23
xa.ac.aj		אֶדְרַע		אֶדְרַע v. דרע
xa.ad.aa		אוה	root	אוה
xa.ad.ab	H0852	אָת		[אָת] n.m. sign
xa.ae.aa		אול	root	אול
xa.ae.ab	H0363	אִילָן		אִילָן n.m. tree
xa.af.aa	H0228	אֲזָא	root	[אֲזָא] vb. make hot, heat
xa.af.ab	H0230	אַזְדָּא		אַזְדָּא adj. sure, assured
xa.ag.aa	H0236	אֲזַל	root	אֲזַל vb. go, go off
xa.ah.aa		אזן	root	אזן
xa.ah.ab	H3977	מֹאזֵנְיָא		מֹאזֵנְיָא n.m.emph. scale, balance;—Dn 5:27
xa.ai.aa		אחד	root	אחד
xa.ai.ab	H2298	חַד		חַד adj. one
xa.aj.aa		אחה	root	אחה
xa.aj.ab	H0252	אַח		[אַח] n.m. brother;—Ezr 7:18
xa.aj.ac		אַחֲוָיָה		אַחֲוָיָה v. חוה
xa.aj.ad		אֲחִידָה		אֲחִידָה v. חוד
xa.aj.ae	H0307	אַחְמְתָא		אַחְמְתָא n.pr.loc. Ecbatana, Ezr 6:2
xa.ak.aa	H0311	אחר	root	[אחר] prep. after
xa.ak.ab		אָחֳרִי		אָחֳרִי v. אָחֲרָן
xa.ak.ac	H0318	אחרין		אחרין Dn 4:5 Kt; very dub.; usu. and unto the last
xa.ak.ad	H0320	אַחֲרִית		אַחֲרִית n.f.cstr. end;—Dn 2:28
xa.ak.ae	H0317	אׇחֳרָן		אׇחֳרָן adj.m. another
xa.ak.af	H0324	אֲחַשְׁדַּרְפְּנִין		[אֲחַשְׁדַּרְפְּנִין] n.m.pl. satraps
xa.ak.ag		אִילָן		אִילָן v. אול
xa.ak.ah	H0574	אֵימְתָן		[אֵימְתָן] adj. terrible;—Dn 7:7
xa.ak.ai	H0383	אִיתַי		אִיתַי part. there is, are …
xa.al.aa	H0399	אֲכַל	root	[אֲכַל] vb. eat, devour
xa.am.aa	H0409	אַל	root	אַל adv. of prohibition, do not …, let not …
xa.an.aa	H0412	אֵל	root	אֵל demonstr.pron.pl. these, Ezr 5:15 Qr
xa.an.ab	H0426	אֱלָהּ		אֱלָהּ 94 n.m. god, God
xa.ao.aa	H0429	אֵלֶּה	root	אֵלֶּה demonstr.pron.pl. these
xa.ap.aa	H0431	אֲלוּ	root	אֲלוּ interj. lo!
xa.aq.aa	H0459	אִלֵּין	root	אִלֵּין demonstr.pron.pl. these
xa.ar.aa	H0479	אִלֵּךְ	root	אִלֵּךְ demonstr.pron.pl. these
xa.ar.ab	H0506	אֲלַ֑ף		אֲלַ֑ף n.m. 1,000
xa.ar.ac	H0521	אַמָּה		[אַמָּה] n.f. cubit
xa.ar.ad	H0524	אֻמָּה		אֻמָּה n.f. nation
xa.as.aa	H0540	אֲמַן	root	[אֲמַן] vb. Haph. trust
xa.at.aa	H0560	אֲמַר	root	אֲמַר 71 vb. say, tell, command
xa.at.ab	H3983	מֵאמַר		מֵאמַר n.[m.] word;—cstr.
xa.at.ac	H0563	אִמַּר		[אִמַּר] n.m. lamb
xa.at.ad		אִנְבֵּהּ		אִנְבֵּהּ v. אֵב
xa.au.aa	H0576	אֲנָא	root	אֲנָא: v. אֲנָה
xa.av.aa	H0576	אֲנָה	root	אֲנָה pr.1s. I
xa.av.ab	H0581	אִנּוּן		אִנּוּן pr.3mpl. they, those
xa.aw.aa	H0586	אֲנַ֫חְנָא	root	אֲנַ֫חְנָא pr.1pl. we
xa.ax.aa	H0581	אִנִּין	root	אִנִּין they (f.) Dn 7:17 Qr
xa.ay.aa	H0598	אֲנַס	root	[אֲנַס] vb. oppress;—Pe. Dn 4:6.
xa.ay.ab	H0600	אֲנַף		[אֲנַף, אַף] n.m. only du. face
xa.az.aa		אנשׁ	root	אנשׁ
xa.az.ab	H0606	אֱנָשׁ		אֱנָשׁ n.m. man, mankind
xa.ba.aa		אנשׁ	root	אנשׁ
xa.ba.ab	H5389	נְשִׁין		[נְשִׁין] n.f.pl. wives;—pl. sf. Dn 6:25.
xa.bb.aa	H0607	אנתה	root	אנתה Kt 14 (i.e. אַנְתָּה, peculiar to BAram.) pr.2ms. thou
xa.bc.aa	H0608	אַנְתּוּן	root	אַנְתּוּן pr.2mpl. ye, you, Dn 2:8.
xa.bc.ab	H0620	אׇֽסְנַפַּר		אׇֽסְנַפַּר n.pr.m. Asnappar, who transported people to Samaria Ezr 4:10
xa.bc.ac	H0629	אׇסְפַּרְנָא		אׇסְפַּרְנָא adv. thoroughly, RV. with (all) diligence
xa.bd.aa		אסר	root	אסר
xa.bd.ab	H0613	אֱסוּר		אֱסוּר n.[m.] band, bond
xa.bd.ac	H0633	אֱסָר		אֱסָר n.m. interdict (as binding)
xa.bd.ad	H0636	אָע		אָע n.m. wood
xa.be.aa	H0638	אַף	root	אַף conj. also
xa.be.ab	H0670	אֲפָֽרְסָיֵא		אֲפָֽרְסָיֵא n.pr.pl.gent. Ezr 4:9, Persians
xa.be.ac	H0671	אֲפָֽרְסְכָיֵא		אֲפָֽרְסְכָיֵא = אֲפָֽרְסַתְּכָיֵא (acc. to most)
xa.be.ad	H0671	אֲפָֽרְסַתְּכָיֵא		אֲפָֽרְסַתְּכָיֵא 4:9, n.pr.pl.gent., so most hitherto, and still (Persians), but many moderns think official title
xa.be.ae	H0674	אַפְּתֹם		אַפְּתֹם or אַפְּתוֹם Ezr 4:13; of uncertain mng.: in the end
xa.be.af		אֶצְבַּע		אֶצְבַּע v. צבע
xa.be.ag		אַרְבַּע		אַרְבַּע v. רבע
xa.be.ah	H0711	אַרְגְּוָן		[אַרְגְּוָן] n.m. purple, red-purple
xa.bf.aa		ארה	root	ארה
xa.bf.ab	H0744	אַרְיֵה		אַרְיֵה n.m. lion
xa.bg.aa	H0718	אֲרוּ	root	אֲרוּ interj. lo
xa.bg.ab	H0735	אֹ֫רַח		[אֹ֫רַח] n.[m.?] way (fig.)
xa.bg.ac		אַרְיֵה		אַרְיֵה v. ארה
xa.bg.ad	H0746	אֲרְיוֹךְ		אֲרְיוֹךְ n.pr.m. in Bab.
xa.bh.aa		ארך	root	ארך
xa.bh.ab	H0754	אַרְכָֿא		אַרְכָֿא n.f. a lengthening, prolonging
xa.bi.aa		ארך	root	ארך
xa.bi.ab	H0749	אֲרִיִךְ		אֲרִיִךְ adj.vb. fitting, proper;—Ezr 4:14.
xa.bi.ac		אַרְכֻבָּתֵהּ		אַרְכֻבָּתֵהּ אַרְכֻבָה v. ברך
xa.bi.ad	H0756	אַרְכְּוָיֵ		אַרְכְּוָיֵ n.pr.gent. people of Erech;—pl. emph. Ezr 4:9
xa.bi.ae	H0772	אֲרַע		[אֲרַע] 21 n.[f.] earth
xa.bi.af	H0773	אַרְעִי		[אַרְעִי] n.f.denom. bottom;—cstr. Dn 6:25.
xa.bi.ag	H0778	אֲרַק		[אֲרַק] n.[f.] earth;—emph. Je 10:11a.
xa.bi.ah	H0783	אַרְתַּחְשַׁשְׂתְּא		אַרְתַּחְשַׁשְׂתְּא n.pr.m. of king
xa.bi.ai	H0787	אֹשׁ		[אֹשׁ] n.m. foundation
xa.bi.aj	H0785	אֶשָּׁא		אֶשָּׁא n.[f.] fire;—Dn 7:11.
xa.bi.ak		אֻשֹּׁהִי		אֻשֹּׁהִי אֻשַּׁיָּא v. אשׁ
xa.bi.al	H0826	אָשַׁף		אָשַׁף n.m. conjurer, enchanter
xa.bi.am	H0846	אֻשַּׁרְנָא		אֻשַּׁרְנָא n.m. meaning and √ dub.; most wall
xa.bi.an		אֶשְׁתַּדּוּר		אֶשְׁתַּדּוּר v. שׁדר
xa.bi.ao		אִשְׁתִּיו		אִשְׁתִּיו v. שְׁתָה
xa.bj.aa	H0858	אֲתָה	root	אֲתָה, אֲתָא vb. come Pe. come Haph. bring Hêphal be brought
xa.bj.ab		אָת		אָת v. אוה
xa.bj.ac	H0861	אַתּוּן		אַתּוּן n.m. (prob. f.) furnace
xa.bj.ad		אִתַי		אִתַי v. אִיתַי
xa.bk.aa	H0870	אֲתַר	root	אֲתַר n.m. place
xa.bk.ab		אַתַּ֫רוּ		אַתַּ֫רוּ v. נתר
xb.aa.aa		בְּ	root	בְּ
xb.ab.aa	H0888	בְּאֵשׁ	root	בְּאֵשׁ vb. be evil, bad;—Pe. Dn 6:15 i.e. it was evil (displeasing) to him
xb.ab.ab	H0873	בִּאישׁ		[בִּאישׁ] adj. bad;—fs. emph. Ezr 4:12
xb.ab.ac		בָּאתַר		בָּאתַר בָּתַר v. אֲתַר
xb.ab.ad	H0895	בָּבֶל		בָּבֶל n.pr.loc. Babylon
xb.ab.ae	H0896	בָּֽבְלַי		[בָּֽבְלַי] adj.gent. pl. emph. as subst. Ezr 4:9 the Babylonians.
xb.ac.aa	H0921	בְּדַר	root	[בְּדַר] vb. Pa. scatter;—Dn 4:11
xb.ad.aa	H0927	בְּהַל	root	[בְּהַל] vb. Pa. alarm, dismay Hithpe. hasten Hithpa. was greatly alarmed.
xb.ad.ab	H0924	בְּהִילוּ		בְּהִילוּ n.f. haste;—Ezr 4:23
xb.ae.aa		בול	root	בול
xb.ae.ab	H1079	בָּל		בָּל n.[m.] mind;—abs. Dn 6:15
xb.af.aa	H0989	בְּטֵל	root	[בְּטֵל] vb. cease Pe. (both of work) Pa. make to cease
xb.af.ab	H0997	בֵּין		בֵּין prep. between (BH [בַּ֫יִן])
xb.af.ac	H0999	בִּינָה		בִּינָה n.f. understanding;—abs. Dn 2:21.
xb.af.ad	H1001	בִּירְתָא		בִּירְתָא n.f. emph. castle;—Ezr 6:2.
xb.ag.aa	H1005	בַּ֫יִת	root	[בַּ֫יִת] 44 n.m. house
xb.ag.ab	H0956	בִּית		[בִּית] vb. denom. (lodge,) pass the night;—Pe. Dn 6:19.
xb.ag.ac		בָּל		בָּל v. בול
xb.ah.aa	H1080	בְּלָא	root	[בְּלָא] vb. Pa. wear away, out;—Dn 7:25
xb.ah.ab	H1093	בְּלוֹ		בְּלוֹ n.[m.] tribute
xb.ah.ac	H1096	בֵּלְטְשַׁאצַּר		בֵּלְטְשַׁאצַּר 8 n.pr.m. Bab. name of Daniel
xb.ah.ad	H1113	בֵּלְשַׁאצַּר		בֵּלְשַׁאצַּר n.pr.m. king of Bab.
xb.ai.aa	H1124	בְּנָה	root	[בְּנָה, בְּנָא] vb. build Pe. build Hithpe. be built
xb.ai.ab	H1147	בִּנְיָן		[בִּנְיָן] n.[m.] a building;—emph. Ezr 5:4.
xb.aj.aa	H1149	בְּנַס	root	בְּנַס vb. be angry;—Pe. Dn 2:12.
xb.ak.aa	H1156	בְּעָא	root	בְּעָא vb. ask, seek, only Dn Pe. ask, request seek Pa. resort (for favours)
xb.ak.ab	H1159	בָּעוּ		בָּעוּ n.f. petition
xb.ak.ac	H1169	בְּעֵל		בְּעֵל n.m. owner, lord
xb.ak.ad	H1236	בִּקְעָא		[בִּקְעָא] n.f. plain;—cstr. Dn 3:1.
xb.al.aa	H1240	בְּקַר	root	[בְּקַר] vb. Pa. inquire, seek (only Ezr) Hithpa. let search be made.
xb.al.ab	H1123	בַּר		בַּר n.m. son
xb.al.ac		בַּר		בַּר v. ברר
xb.am.aa	H1289	בְּרַךְ	root	[בְּרַךְ] vb. kneel, bless Pe. act. kneeling on his knees (in prayer). pass. blessed (be) the God, etc. Pa. bless, praise
xb.am.ab	H1291	בְּרַךְ		[בְּרַךְ] n.[f.] knee;—pl. sf. Dn 6:11.
xb.am.ac	H0755	אַרְכֻבָּה		[אַרְכֻבָּה] n.f. id. [xb.am.ab];—pl. sf. Dn 5:6
xb.an.aa	H1297	בְּרַם	root	בְּרַם adv. with advers. force, only, nevertheless
xb.ao.aa		ברר	root	ברר
xb.ao.ab	H1251	בַּר		[בַּר] n.[m.] open field
xb.ao.ac	H1321	בְּשַׁר		בְּשַׁר n.m. flesh
xb.ao.ad	H1325	בַּת		[בַּת] n.[m.] bath, liquid measure
xb.ao.ae		בָּתַר		בָּתַר v. אֲתַר
xc.aa.aa		גאה	root	גאה
xc.aa.ab	H1467	גֵּוָה		גֵּוָה n.f. pride;—abs. Dn 4:34
xc.aa.ac	H1355	גַּב		[גַּב] n.[m.] either back, or < side;—pl. sf. Dn 7:6 Kt
xc.aa.ad	H1358	גֹּב		[גֹּב] n.m. pit, den of lions
xc.ab.aa		גבר	root	גבר
xc.ab.ab	H1400	גְּבַר		גְּבַר 21 n.m. man
xc.ab.ac	H1370	גְּבוּרָה		[גְּבוּרָה] n.f. might
xc.ab.ad	H1401	גִּבָּר		[גִּבָּר] n.m. mighty one;—pl. cstr. Dn 3:20
xc.ab.ae	H1411	גְּדָֽבְרַיָּא		גְּדָֽבְרַיָּא n.m.pl.emph. dub.: treasurer
xc.ac.aa	H1414	גְּדַד	root	[גְּדַד] vb. hew down
xc.ac.ab	H1459	גַּו		[גַּו] n.m. midst
xc.ac.ac		גֵּוָה		גֵּוָה v. גאה
xc.ac.ad	H1490	גִּזְבָּר		[גִּזְבָּר] n.m. treasurer;—pl. emph. Ezr 7:21.
xc.ad.aa	H1505	גְּזַר	root	[גְּזַר] vb. cut, (divide,) determine Pe. determiners Hithpe. a stone was cut out
xc.ad.ab	H1510	גְּזֵרָה		[גְּזֵרָה] n.f. decree
xc.ad.ac	H1519	גִּיחַ		גִּיחַ, גּוּחַ burst forth
xc.ae.aa		גין	root	גין
xc.ae.ab	H1528	גִּיר		[גִּיר] n.[m.] chalk, plaster;—emph. Dn 5:5.
xc.ae.ac		גַּלְגַּל		גַּלְגַּל v. גלל
xc.af.aa	H1541	גְּלָא	root	[גְּלָא, גְּלָה] vb. reveal Pe. reveal secrets Pᵉ‛îl revealed Haph. take into exile
xc.af.ab	H1547	גָּלוּ		[גָּלוּ] n.f. exile
xc.ag.aa		גלל	root	גלל
xc.ag.ab	H1560	גְּלָל		גְּלָל n.[m.] rolling
xc.ag.ac	H1535	גַּלְגַּל		[גַּלְגַּל] n.m. wheel;—pl. sf. Dn 7:9
xc.ag.ad	H4040	מְגִלָּה		מְגִלָּה n.f. (book-)roll (𝔗 BH);—Ezr 6:2.
xc.ah.aa	H1585	גְּמַר	root	[גְּמַר] vb. complete;—Pe. Ezr 7:12
xc.ah.ab	H1596	גְּנַז		[גְּנַז] n.m. treasure
xc.ah.ac	H1611	גַּף		[גַּף] n.f. wing of bird
xc.ah.ad	H1635	גְּרַם		[גְּרַם] n.[m.] bone;—pl. sf. Dn 6:25.
xc.ah.ae	H1655	גְּשֵׁם		[גְּשֵׁם] n.m. body
xd.aa.aa	H1668	דָּא	root	דָּא demonstr.pr.f. this
xd.aa.ab	H1678	דֹּב		דֹּב n.[m.] bear;—abs. Dn 7:5.
xd.ab.aa	H1684	דְּבַח	root	[דְּבַח] vb. sacrifice;—Pe. Ezr 6:3
xd.ab.ab	H1685	דְּבַח		[דְּבַח] n.[m.] sacrifice;—pl. abs. Ezr 6:3.
xd.ab.ac	H4056	מַדְבַּח		[מַדְבַּח] n.[m.] altar;—emph. Ezr 7:17.
xd.ac.aa	H1693	דְּבֵק	root	[דְּבֵק] vb. cling (BH);—Pe. Dn 2:43.
xd.ac.ab	H1701	דִּבְרָה		[דִּבְרָה] n.f. cause, reason
xd.ac.ac	H1722	דְּהַב		דְּהַב 23 n.m. gold
xd.ac.ad	H1723	דהוא		דהוא Kt, דֵּהָיֵא Qr, most n.pr.gent. Ezr 4:9,
xd.ad.aa	H1753	דּוּר	root	[דּוּר] vb. dwell
xd.ad.ab	H1859	דָּר		דָּר n.[m.] generation
xd.ad.ac	H4070	מְדוֹר		[מְדוֹר] n.[m.] dwelling-place
xd.ad.ad	H4070	מְדָר		[מְדָר] n.m. id. [xd.ad.ac];—sf. Dn 2:11.
xd.ad.ae	H8411	תְּדִירָא		תְּדִירָא n.f. continuance
xd.ad.af	H1757	דּוּרָא		דּוּרָא n.pr.loc. near Bab., only Dn 3:1
xd.ae.aa	H1759	דּוּשׁ	root	[דּוּשׁ] vb. tread down (BH);—Pe. Dn 7:23
xd.ae.ab	H1761	דַּחֲוָה		[דַּחֲוָה] n.f. dub.;—pl. abs. Dn 6:19, instr. of music
xd.af.aa	H1763	דְּחַל	root	[דְּחַל] vb. fear Pe. terrible Pa. the dream made me afraid.
xd.ag.aa	H1768	דִּי	root	דִּי part. of relation, who, which, that, used also as mark of gen. and conj. that, because
xd.ah.aa	H1778	דִּין	root	[דִּין] vb. judge (BH);—Pe. Ezr 7:25 Kt
xd.ah.ab	H1780	דִּין		דִּין n.m. judgment
xd.ah.ac	H1782	דַּיָּן		[דַּיָּן] n.m. judge;—pl. Ezr 7:25.
xd.ah.ad	H4083	מְדִינָה		[מְדִינָה] n.f. (judicial) district, province
xd.ah.ae	H1841	דָּנִיֵּאל		דָּנִיֵּאל n.pr.m. Daniel (BH id.)
xd.ah.af	H1784	דִּינָיֵא		דִּינָיֵא n.pr.gent. (?) Ezr 4:9
xd.ai.aa	H1791	דֵּךְ	root	דֵּךְ demonstr.pr.m. this
xd.ai.ab	H1797	דִּכֵּן		דִּכֵּן demonstr.pr.comm. this, that
xd.aj.aa	H1798	דְּכַר	root	[דְּכַר] n.m. ram
xd.aj.ab	H1799	דִּכְרוֹן		[דִּכְרוֹן] n.[m.] memorandum, record;—emph. Ezr 6:2.
xd.aj.ac	H1799	דָּכְרָן		[דָּכְרָן] n.[m.] id. [xd.aj.ab]
xd.ak.aa	H1815	דְּלַק	root	[דְּלַק] vb. burn (BH);—Pe. Dn 7:9
xd.al.aa	H1821	דְּמָה	root	[דְּמָה] vb. be like;—Pe. Dn 3:25
xd.am.aa	H1836	דְּנָה	root	דְּנָה 57 demonstr.pr.comm. this
xd.an.aa	H1751	דְּקַק	root	[דְּקַק] vb. be shattered, fall to pieces (BH) Pe. Dn 2:35. Haph. break in pieces
xd.an.ab		דָּר		דָּר v. דוּר
xd.an.ac	H1868	דָּֽרְיָ֫וֶשׁ		דָּֽרְיָ֫וֶשׁ 15 n.pr.m. Darius Hystaspis ‘Darius the Mede’
xd.ao.aa		דרע	root	דרע
xd.ao.ab	H1872	דְּרַע		[דְּרַע] n.[f.] arm;—pl. sf. Dn 2:32.
xd.ao.ac	H0153	אֶדְרַע		אֶדְרַע n.[f.] force;—abs. Ezr 4:23
xd.ao.ad	H1882	דָּת		דָּת n.f. decree, law
xd.ao.ae	H1883	דֶּ֫תֶא		[דֶּ֫תֶא] n.[m.] grass
xd.ao.af	H1884	דְּתָבָר		[דְּתָבָר] n.m. judge (loan-word fr. Pers. dâtabara, law-bearer, judge)
xe.aa.aa		הֲ	root	הֲ
xe.ab.aa	H1888	הָא	root	הָא demonstr.part. lo!, behold!, Dn 3:25.
xe.ac.aa	H1888	הֵא	root	הֵא demonstr.part. prefixed idiom. to כְּ for greater definiteness, lit. behold like
xe.ac.ab	H1907	הַדָּבַר		[הַדָּבַר] n.m. counsellor, minister
xe.ac.ac	H1917	הַדָּם		[הַדָּם] n.[m.] member, limb (loan-word from Pers.)
xe.ad.aa	H1922	הֲדַר	root	[הֲדַר] vb. Pa. glorify God
xe.ad.ab	H1923	הֲדַר		[הֲדַר] n.[m.] honour, majesty, of kg.
xe.ae.aa	H1934	הֲוָא	root	הֲוָא, הֲוָה 71 vb. come to pass, become, be
xe.af.aa	H1932	הוּא	root	הוּא 14 m. הִיא 7 f. pron. of 3s. he, she, it
xe.af.ab	H1965	הֵיכַל		[הֵיכַל] n.m. palace, temple
xe.ag.aa	H1946	הֲלַךְ	root	[הֲלַךְ] vb. go Pe. syncop. go Pa. walking about Haph. walk in pride
xe.ag.ab	H1983	הֲלָךְ		הֲלָךְ n.[m.] toll
xe.ah.aa	H1994	הִמּוֹ	root	הִמּוֹ 9 (Ezr), הִמּוֹן 3 (Dn) pron.3pl. they, them
xe.ah.ab	H2002	הַמְנִיכָא		הַמְנִיכָא Qr n.[m.] chain, necklace
xe.ai.aa	H2006	הֵן	root	הֵן conj. if, whether
xe.ai.ab		הַסִּק		הַסִּק v. סלק
xe.aj.aa		הרהר	root	הרהר
xe.aj.ab	H2031	הַרְהֹר		[הַרְהֹר] n.[m.] fancy, imagining;—pl. abs. Dn 4:2
xf.aa.aa		וְ	root	וְ, וּ
xg.aa.aa	H2084	זְבַן	root	[זְבַן] vb. buy, gain;—Pe. Dn 2:8
xg.ab.aa	H2095	זְהַר	root	[זְהַר] vb. Pe. Ezr 4:22 be warned
xg.ac.aa	H2103	זוּד	root	[זוּד] vb. be presumptuous;—Haph. Dn 5:20
xg.ad.aa	H2110	זוּן	root	[זוּן] vb. feed;—Hithpe. be fed: Dn 4:9
xg.ad.ab	H4203	מָזוֹן		מָזוֹן n.[m.] food
xg.ae.aa	H2112	זוּעַ	root	[זוּעַ] vb. tremble
xg.ae.ab	H2122	זִיו		[זִיו] n.m. brightness, splendour
xg.ae.ac	H2136	זָכוּ		זָכוּ n.f. purity, innocence;—abs. Dn 6:23
xg.ae.ad	H2148	זְכַרְיָה		זְכַרְיָה n.pr.m. prophet
xg.af.aa	H2166	זְמַן	root	זְמַן n.m. time
xg.af.ab	H2164	זְמַן		[זְמַן] vb. denom. Hithpa. agree together
xg.ag.aa	H2170	זְמָר	root	[זְמָר] n.[m.] music
xg.ag.ab	H2171	זַמָּר		[זַמָּר] n.m. singer;—pl. emph. Ezr 7:24.
xg.ag.ac	H2178	זַן		[זַן] n.[m.] kind, sort
xg.ag.ad	H2200	זְעִ֑ק		זְעִ֑ק vb. cry, call;—Pe. Dn 6:21
xg.ah.aa		זער	root	זער
xg.ah.ab	H2192	זְעֵיר		[זְעֵיר] adj. little, small;—fs. Dn 7:8.
xg.ai.aa	H2211	זְקַף	root	[זְקַף] vb. raise, lift up;—Pe. Ezr 6:11
xg.ai.ab	H2217	זְרֻבָּבֶ֫ל		זְרֻבָּבֶ֫ל n.pr.m. (BH id.);—Ezr 5:2.
xg.ai.ac	H2234	זְרַע		זְרַע n.[m.] seed;—cstr. Dn 2:43
xh.aa.aa	H2255	חֲבַל	root	[חֲבַל] vb. Pa. destroy, hurt Hithpa. be destroyed
xh.aa.ab	H2257	חֲבָל		חֲבָל n.m. hurt, injury
xh.aa.ac	H2248	חֲבוּלָא		חֲבוּלָא n.f. hurtful act, crime;—abs. Dn 6:23.
xh.ab.aa	H2269	חֲבַר	root	[חֲבַר] n.m. fellow, comrade
xh.ab.ab	H2273	חַבְרָה		[חַבְרָה] n.f. fellow;—pl. sf. Dn 7:20
xh.ab.ac	H2292	חַגַּי		חַגַּי n.pr.m. prophet (BH id.)
xh.ab.ad		חַד		חַד חֲדָה v. אחד
xh.ab.ae	H2305	חֶדְוָה		חֶדְוָה n.f. joy;—abs. Ezr 6:16
xh.ab.af	H2306	חֲדִי		[חֲדִי, or חַד] n.m. breast;—du. Dn 2:32.
xh.ab.ag	H2323	חֲדַ֑ת		חֲדַ֑ת adj. new;—Ezr 6:4.
xh.ac.aa		חוד	root	חוד
xh.ac.ab	H0280	אֲחִידָה		[אֲחִידָה] n.f. riddle;—fpl. abs. Dn 5:12.
xh.ad.aa	H2324	חֲוָה	root	[חֲוָה] vb. Pa. Haph. declare
xh.ad.ab	H0263	אַחֲוָיָה		[אַחֲוָיָה] n.f. a declaring
xh.ae.aa	H2338	חוּט	root	[חוּט or חִיט] vb. repair (foundations);—Haph. Ezr 4:12
xh.ae.ab	H2358	חִוָּר		חִוָּר adj. white;—Dn 7:9 (robe).
xh.af.aa	H2370	חֲזָה	root	חֲזָה vb. see, behold
xh.af.ab	H2376	חֱזוּ		[חֱזוּ] n.m. vision, appearance
xh.af.ac	H2379	חֲזוֹת		[חֲזוֹת] n.f. sight, visibility
xh.ag.aa	H2408	חֲטָי	root	[חֲטָי] n.[m.] sin;—sf. Dn 4:24
xh.ag.ab	H2402	חַטָּיָא		חַטָּיָא n.f. sin-offering;—abs. Ezr 6:17 Kt, Qr חַטָּאָה.
xh.ah.aa	H2418	חֲיָא	root	[חֲיָא] vb. live;— Pe. live for ever! Haph. let live.
xh.ah.ab	H2417	חַי		חַי adj. living (BH id.)
xh.ah.ac	H2423	חֵיוָא		חֵיוָא, חֵיוָה n.f. beast
xh.ah.ad	H2429	חַ֫יִל		חַ֫יִל n.m. power, strength, army
xh.ai.aa	H2445	חַכִּים	root	[חַכִּים] 14 n.m. wise man
xh.ai.ab	H2452	חׇכְמָה		חׇכְמָה n.f. wisdom
xh.ai.ac	H2493	חֵ֫לֶם		חֵ֫לֶם 22 n.m. dream
xh.aj.aa	H2499	חֲלַף	root	[חֲלַף] vb. pass (over)
xh.aj.ab	H2508	חֲלָק		חֲלָק n.[m.] portion, possession, lot
xh.aj.ac	H4255	מַחְלְקָה		[מַחְלְקָה] n.f. class, division, of priests and Levites;—pl. sf. Ezr 6:18.
xh.aj.ad		חֱמָא		חֱמָא v. יחם
xh.aj.ae	H2562	חֲמַר		חֲמַר n.m. wine
xh.aj.af	H2591	חִנְטָה		[חִנְטָה] n.f. wheat
xh.aj.ag	H2597	חֲנֻכָּה		[חֲנֻכָּה] n.f. dedication
xh.ak.aa	H2604	חֲנַן	root	[חֲנַן] vb. shew favour; Pa. Hithpa. implore favour
xh.ak.ab	H2608	חֲנַנְיָה		חֲנַנְיָה n.pr.m. (= BH id. [h.dz.ao] 5);—Dn 2:17.
xh.al.aa	H2631	חֲסַן	root	[חֲסַן] vb. Haph. take possession of;—Dn 7:22
xh.al.ab	H2632	חֵ֫סֶן		[חֵ֫סֶן] n.m. (royal) power
xh.al.ac	H2635	חֲסַף		חֲסַף n.[m.] clay, potsherd
xh.al.ad	H2627	חַסִּר		חַסִּר adj. lacking, wanting, deficient;—Dn 5:27.
xh.am.aa	H2685	חֲצַף	root	[חֲצַף] vb. Haph. shew insolence, harshness
xh.an.aa	H2718	חֲרַב	root	[חֲרַב] vb. be waste;—Hoph. Ezr 4:15
xh.an.ab	H2749	חַרְטֹם		חַרְטֹם n.m. magician
xh.ao.aa	H2761	חֲרַךְ	root	[חֲרַךְ] vb. singe;—Hithpa. Dn 3:27
xh.ao.ab	H2783	חֲרַץ		[חֲרַץ] n.[m.] loin;—sf. Dn 5:6
xh.ap.aa	H2804	חֲשַׁב	root	[חֲשַׁב] vb. think, account;—Pe. Dn 4:32
xh.aq.aa	H2818	חֲשַׁח	root	[חֲשַׁח] vb. need;—Pe. Dn 4:32
xh.aq.ab	H2818	חַשְׁחָה		[חַשְׁחָה] n.f. thing needed;—pl. Ezr 6:9.
xh.aq.ac	H2819	חַשְׁחוּ		[חַשְׁחוּ] n.f.coll. things needed, requirement;—cstr. Ezr 7:20.
xh.ar.aa		חשׁך	root	חשׁך
xh.ar.ab	H2816	חֲשׁוֹךְ		[חֲשׁוֹךְ] n.[m.] darkness;—emph. Dn 2:22.
xh.as.aa	H2827	חֲשַׁל	root	[חֲשַׁל] vb. shatter;—Pe. Dn 2:40
xh.at.aa	H2857	חֲתַם	root	[חֲתַם] vb. seal;—Pe. Dn 6:18
xi.aa.aa	H2868	טְאֵב	root	טְאֵב vb. be good;—Pe. Dn 6:24
xi.aa.ab	H2869	טָב		טָב adj. good
xi.aa.ac	H2877	טַבָּח		[טַבָּח] n.m. guardsman;—pl. emph. Dn 2:14.
xi.aa.ad	H2906	טוּר		טוּר n.m. mountain
xi.aa.ae	H2908	טְוָת		טְוָת adv. fastingly, hungrily;—Dn 6:19.
xi.aa.af	H2917	טִין		[טִין] n.[m.] clay
xi.aa.ag	H2920	טַל		טַל n.[m.] dew
xi.aa.ah	H2927	טְלַל		[טְלַל] vb. Haph. have shade;—Dn 4:9
xi.ab.aa	H2939	טְעֵם	root	[טְעֵם] vb. Pa. feed
xi.ab.ab	H2942	טְעֵם		טְעֵם 30 n.m. taste, judgment, command
xi.ab.ac	H2953	טְפַר		[טְפַר] n.m. nail, claw
xi.ac.aa	H2957	טְרַד	root	[טְרַד] vb. chase away Pe. Pe‛îl
xi.ac.ab	H2967	טַרְפְּלָיֵא		טַרְפְּלָיֵא n.pr.gent. so most, Ezr 4:9
xj.aa.aa	H2987	יְבַל	root	[יְבַל] vb. Haph. bear along, carry
xj.aa.ab	H3007	יַבֶּ֫שֶׁת		[יַבֶּ֫שֶׁת] n.f. earth;—emph. Dn 2:10.
xj.aa.ac	H3026	יְגַר		יְגַר n.[m.] (stone-)heap;—cstr. Gn 31:47
xj.aa.ad	H3028	יַד		יַד n.f. hand hand power
xj.ab.aa	H3029	יְדָא	root	[יְדָא] vb. Haph. praise
xj.ac.aa	H3046	יְדַע	root	יְדַע vb. know Pe. know Haph. cause to know, inform
xj.ac.ab	H4486	מַנְדַּע		מַנְדַּע n.[m.] knowledge, power of knowing
xj.ad.aa	H3052	יְהַב	root	יְהַב vb. give Pe. give place, lay foundations Pe‛îl, be given Hithpe. be given be paid, of cost
xj.ad.ab	H3061	יְהוּד		יְהוּד n.pr.terr. Judah
xj.ad.ac	H3062	יְהוּדַי		[יְהוּדַי] n.gent. Jew
xj.ad.ad	H3118	יוֹם		יוֹם n.m. day
xj.ad.ae	H3136	יוֹצָדָק		יוֹצָדָק n.pr.m. Ezr 5:2 (BH id. [e.az.av], √ הָיָה).
xj.ad.af		יזב		יזב v. שֵׁיזֵב
xj.ae.aa		יחם	root	יחם
xj.ae.ab	H2528	חֱמָא		חֱמָא n.f. rage;—abs.
xj.af.aa	H3191	יְטַב	root	[יְטַב] vb. be (good,) pleasing;—Pe. Ezr 7:18
xj.ag.aa	H3202	יְכִל	root	יְכִל vb. be able (Dn)
xj.ag.ab	H3221	יַם		[יַם] n.m. sea
xj.ah.aa	H3255	יְסַף	root	[יְסַף] vb. add;—Hoph. Dn 4:33
xj.ai.aa	H3272	יְעַט	root	[יְעַט] vb. advise;—Ithpa. Dn 6:8
xj.ai.ab	H3272	יָעֵט		[יָעֵט] n.m. counsellor (prop. Pt. act.)
xj.ai.ac	H5843	עֵטָא		עֵטָא n.f. counsel;—abs. Dn 2:14
xj.ai.ad		יצא		יצא v. שֵׁיצֵא
xj.aj.aa	H3321	יְצַב	root	[יְצַב] vb. Pa. make certain, gain certainty;—Pa. Dn 7:19
xj.aj.ab	H3330	יַצִּיב		יַצִּיב adj. certain, true
xj.ak.aa	H3345	יְקַד	root	[יְקַד] vb. burn
xj.ak.ab	H3346	יְקֵדָא		[יְקֵדָא] n.f. burning;—cstr. Dn 7:11.
xj.ak.ac	H3367	יְקָר		[יְקָר] n.m. honour
xj.ak.ad	H3358	יַקִּיר		[יַקִּיר] adj. honourable, difficult
xj.ak.ae	H3390	יְרוּשְׁלֵם		יְרוּשְׁלֵם 25 n.pr.loc. Jerusalem
xj.ak.af	H3393	יְרַח		[יְרַח] n.m. month
xj.ak.ag	H3410	יַרְכָא		[יַרְכָא] n.f. thigh, or loin;—pl. sf. Dn 2:32.
xj.ak.ah	H3479	יִשְׂרָאֵל		יִשְׂרָאֵל n.pr.gent. Israel
xj.ak.ai	H3443	יֵשׁוּעַ		יֵשׁוּעַ n.pr.m. (BH id. 3, p. 221);—Ezr 5:2.
xj.al.aa		ישׁן	root	ישׁן
xj.al.ab	H8139	שְׁנָה		[שְׁנָה] n.f. sleep;—sf. Dn 6:19
xj.am.aa	H3487	יָת	root	יָת mark of accus.;—Dn 3:12
xj.an.aa	H3488	יְתִב	root	יְתִב vb. sit, dwell Pe. sit, be seated dwell Haph. cause to dwell
xj.an.ab	H3493	יַתִּיר		יַתִּיר adj. pre-eminent, surpassing
xk.aa.aa		כְּ	root	כְּ
xk.aa.ab	H3538	כְּדַב		[כְּדַב] adj. false;—fs. abs. Dn 2:9
xk.aa.ac		כְּדִי		כְּדִי v. דִּי
xk.ab.aa	H3542	כָּה	root	כָּה adv. here;—Dn 7:28
xk.ac.aa	H3546	כְּהַל	root	[כְּהַל] vb. be able
xk.ac.ab	H3549	כָּהֵן		[כָּהֵן] n.m. priest
xk.ac.ac	H3551	כַּוָּה		[כַּוָּה] n.f. window;—pl. abs. Dn 6:11
xk.ac.ad	H3734	כּוֹר		[כּוֹר] n.[m.] kōr, a measure of wheat;—pl. abs. Ezr 7:22.
xk.ac.ae	H3567	כּ֫וֹרֶשׁ		כּ֫וֹרֶשׁ 9 n.pr.m. Cyrus (BH id.)
xk.ac.af		כִּכַּר		כִּכַּר כִּכְּרִין v. כרר
xk.ac.ag		כֹּל		כֹּל v. כלל
xk.ad.aa	H3635	כְּלַל	root	[כְּלַל] vb. complete Shaph. of building: he finished it Ishtaph. be completed, of walls
xk.ad.ab	H3606	כֹּל		כֹּל, כָּל־ n.m. the whole, all
xk.ad.ac	H3652	כֵּן		כֵּן adv. thus, as follows
xk.ad.ad	H3660	כְּנֵ֫מָא		כְּנֵ֫מָא adv. accordingly, as follows
xk.ae.aa	H3673	כְּנַשׁ	root	[כְּנַשׁ] vb. gather Pe. Hithpa. assembled
xk.ae.ab	H3675	כְּנָת		[כְּנָת] n.m. associate
xk.af.aa		כסא	root	כסא
xk.af.ab	H3764	כׇּרְסֵא		כׇּרְסֵא n.m. throne
xk.af.ac		כסדי		כסדי v. כַּשְׂדָּי
xk.af.ad	H3702	כְּסַף		כְּסַף n.m. silver
xk.af.ae		כְּעַן		כְּעַן כְּעֶ֫נֶת כְּעֶת v. ענה
xk.ag.aa	H3729	כְּפַת	root	כְּפַת vb. bind Pe‛îl they were bound Pa. bind
xk.ah.aa	H3735	כְּרָא	root	[כְּרָא] vb. Ithpe. be distressed;—Dn 7:15.
xk.ah.ab	H3737	כַּרְבְּלָא		[כַּרְבְּלָא] n.f. prob. helmet, cap;—pl. sf. Dn 3:21.
xk.ah.ac	H3744	כָּרוֹז		[כָּרוֹז] n.m. herald;—emph. Dn 3:4.
xk.ah.ad	H3745	כְּרַז		[כְּרַז] vb. denom. Haph. make proclamation;—Dn 5:29
xk.ah.ae		כָּרְסֵא		כָּרְסֵא v. כסא
xk.ai.aa		כרר	root	כרר
xk.ai.ab	H3604	כִּכֵּר		[כִּכֵּר] n.[f.] talent;—pl. abs. Ezr 7:22.
xk.ai.ac	H3779	כַּשְׂדָּ֑י		כַּשְׂדָּ֑י n.pr.gent. Chaldean
xk.aj.aa	H3790	כְּתַב	root	כְּתַב vb. write Pe. Pe‛îl thus (it) was written
xk.aj.ab	H3792	כְּתָב		כְּתָב n.m. writing
xk.aj.ac	H3797	כְּתַל		כְּתַל n.[m.] wall
xl.aa.aa		ל	root	ל
xl.ab.aa	H3809	לָא	root	לָא, (לָה) adv. not
xl.ac.aa		לאך	root	לאך
xl.ac.ab	H4398	מַלְאַךְ		[מַלְאַךְ] n.m. angel
xl.ad.aa	H3825	לְבַב	root	לְבַב n.m. heart
xl.ad.ab	H3821	לֵב		[לֵב] n.[m.] id. [xl.ad.aa];—sf. Dn 7:28.
xl.ae.aa	H3848	לְבֵשׁ	root	[לְבֵשׁ] vb. be clothed Pe. Haph. clothe one
xl.ae.ab	H3831	לְבוּשׁ		[לְבוּשׁ] n.m. garment
xl.ae.ac		לָה		לָה v. לָא
xl.af.aa	H2006	לָהֵן	root	לָהֵן conj. therefore
xl.ag.aa	H3861	לָהֵן	root	לָהֵן conj. except, but
xl.ag.ab	H3879	לֵוָי		[לֵוָי] n.gent. Levite
xl.ag.ac	H3890	לְוָת		לְוָת prep. to, at, beside
xl.ag.ad	H3900	לְחֵם		לְחֵם n.m. feast;—abs. Dn 5:1
xl.ag.ae	H3904	לְחֵנָה		[לְחֵנָה] n.f. concubine;—pl. sf.
xl.ag.af	H3916	לֵילָא		[לֵילָא] n.[m.] night
xl.ag.ag	H3961	לִשָּׁן		לִשָּׁן n.m. tongue
xm.aa.aa		מָא		מָא v. מָה
xm.aa.ab	H3969	מְאָה		מְאָה n.f. hundred
xm.aa.ac		מֹאזַנְיָא		מֹאזַנְיָא v. אזן
xm.aa.ad		מֵאמַר		מֵאמַר v. אמר
xm.aa.ae	H3984	מָאן		[מָאן] n.m. vessel, utensil
xm.aa.af		מְגִלָּה		מְגִלָּה v. גלל
xm.aa.ag	H4049	מְגַר		[מְגַר] vb. Pa. overthrow;—Ezr 6:12
xm.aa.ah		מַדְבַּח		מַדְבַּח v. דבח
xm.aa.ai		מִדָּה		מִדָּה v. מִנ׳
xm.aa.aj		מְדוֹר		מְדוֹר v. דור
xm.aa.ak	H4076	מָדַי		מָדַי n.pr.gent. et terr. Medes, Media
xm.aa.al	H4077	מדיא		מדיא Kt, מָדָאָה Qr n.gent. Mede;—Dn 6:1.
xm.aa.am		מְדִינָה		מְדִינָה v. דין
xm.aa.an		מְדָר		מְדָר v. דור
xm.ab.aa	H3964	מָה	root	מָה, (מָא) pron.interr. and indef. what?
xm.ab.ab	H4193	מוֹת		מוֹת n.[m.] death;—abs. Ezr 7:26.
xm.ab.ac		מָזוֹן		מָזוֹן v. זון
xm.ac.aa	H4223	מְחָא	root	[מְחָא] vb. smite Pe. Pa. i.e. hinder him Hithpa. let him be smitten
xm.ac.ab		מַחְלְקָה		מַחְלְקָה v. חלק
xm.ad.aa	H4291	מְטָא	root	מְטָא, מְטָה vb. reach, attain
xm.ad.ab	H4333	מִישָׁאֵל		מִישָׁאֵל n.pr.m. Dn 2:17.
xm.ad.ac	H4336	מֵישַׁךְ		מֵישַׁךְ n.pr.m. (BH id.)
xm.ae.aa	H4391	מְלָא	root	[מְלָא] vb. fill Pe. Hithpe. was filled with rage.
xm.ae.ab		מַלְאַךְ		מַלְאַךְ v. לאך
xm.ae.ac		מִלָּה		מִלָּה v. מלל
xm.af.aa	H4416	מְלַח	root	מְלַח n.m. salt
xm.af.ab	H4415	מְלַח		[מְלַח] vb. denom. eat salt;—Pe. Ezr 4:14
xm.ag.aa		מלך	root	מלך
xm.ag.ab	H4430	מֶ֫לֶךְ		מֶ֫לֶךְ 178 n.m. king
xm.ag.ac	H4433	מַלְכָּה		[מַלְכָּה] n.f. queen
xm.ag.ad	H4437	מַלְכוּ		מַלְכוּ n.f. royalty, reign, kingdom
xm.ah.aa		מלך	root	מלך
xm.ah.ab	H4431	מְלֵךְ		[מְלֵךְ] n.m. counsel, advice;—sf. Dn 4:24
xm.ai.aa	H4449	מְלַל	root	[מְלַל] vb. Pa. speak, say
xm.ai.ab	H4406	מִלָּה		מִלָּה n.f. word, thing
xm.aj.aa	H4479	מַן	root	מַן, מָן, interr.pron. who?
xm.ak.aa	H4481	מִן	root	מִן prep. from, out of, by, by reason of, at, more then
xm.ak.ab		מְנֵא		מְנֵא v. מנה
xm.ak.ac	H4061	מִנְדָּה		מִנְדָּה, מִדָּה (?) n.f. tribute
xm.ak.ad		מַנְדַּע		מַנְדַּע v. ידע
xm.al.aa	H4483	מְנָה	root	מְנָה vb. number, reckon Pe. God has numbered Pa. appoint
xm.al.ab	H4484	מְנֵא		מְנֵא n.[m.] maneh, mina, a weight
xm.al.ac	H4510	מִנְיָן		מִנְיָן n.[m.] number;—cstr. Ezr 6:17.
xm.al.ad	H4504	מִנְחָה		מִנְחָה n.f. gift, offering
xm.al.ae		מִנְיָן		מִנְיָן v. מנה
xm.al.af	H4577	מְעָא		[מְעָא] n.[m.]pl. external belly;—sf. Dn 2:32
xm.al.ag		מַעֲבַד		מַעֲבַד v. עבד
xm.al.ah		מְע֫וֹהִי		מְע֫וֹהִי v. מְעָא
xm.al.ai		מֵעָל		מֵעָל v. עלל
xm.al.aj	H4756	מָרֵא		מָרֵא n.m. lord
xm.al.ak	H4776	מְרַד		מְרַד n.[m.] rebellion;—abs. Ezr 4:19.
xm.al.al	H4779	מָרָד		[מָרָד] adj. rebellious;—of city, f. abs.
xm.al.am		מָרֵה		מָרֵה v. מָרֵא
xm.am.aa	H4804	מְרַט	root	[מְרַט] vb. pluck;—Pe‛îl Dn 7:4
xm.am.ab	H4873	מֹשֶׁה		מֹשֶׁה n.pr.m. Moses (BH id. [m.ds.ab]);—Ezr 6:18.
xm.am.ac	H4887	מְשַׁח		מְשַׁח n.[m.] oil
xm.am.ad		מִשְׁכַּב		מִשְׁכַּב v. שׁכב
xm.am.ae		מִשְׁכַּן		מִשְׁכַּן v. שׁכן
xm.am.af		מַשְׁרוֹקִית		מַשְׁרוֹקִית v. שׁרק
xm.am.ag		מִשְׁתֶּה		מִשְׁתֶּה v. שׁתה
xm.am.ah		מַתְּנָא		מַתְּנָא v. נתן
xn.aa.aa	H5013	נבא	root	נבא see xn.aa.ab
xn.aa.ab	H5029	נְבִיא		[נְבִיא] n.m. prophet
xn.aa.ac	H5017	נְבוּאָה		[נְבוּאָה] n.f. prophesying;—cstr. Ezr 6:14.
xn.aa.ad	H5020	נְבוּכַדְנֶצַּר		נְבוּכַדְנֶצַּר 31 n.pr.m.
xn.aa.ae	H5023	נְבִזְבָּה		נְבִזְבָּה n.f. reward
xn.aa.af	H5043	נֶבְרַשְׁתָּא		נֶבְרַשְׁתָּא n.f.emph. the candlestick;—Dn 5:5.
xn.ab.aa	H5047	נְגַד	root	[נְגַד] vb. stream, flow;—Pe. Dn 7:10
xn.ab.ab	H5049	נֶ֫גֶד		נֶ֫גֶד prep. in front of, facing, Dn 6:11
xn.ab.ac	H5053	נֹ֫גַהּ		[נֹ֫גַהּ] n.[f.] brightness, daylight;—emph. Dn 6:20.
xn.ac.aa	H5069	נְדַב	root	[נְדַב] vb. Hithpa. volunteer, offer freely
xn.ac.ab	H5073	נִדְבָּךְ		נִדְבָּךְ n.m. row or layer, course
xn.ad.aa	H5075	נְדַד	root	[נְדַד] vb. flee;—Pe. Dn 6:19.
xn.ad.ab	H5085	נִדְנֵ֑ה		נִדְנֵ֑ה n.[m.] sheath;—Dn 7:15
xn.ad.ac	H5103	נְהַר		נְהַר 14 n.m. river
xn.ad.ad	H5094	נְהִיר		[נְהִיר, נְהוֹר] n.m. light;—emph. Dn 2:22.
xn.ad.ae	H5094	נְהִירוּ		נְהִירוּ n.f. illumination, insight
xn.ae.aa	H5111	נוּד	root	[נוּד] vb. flee;—Pe. Dn 4:11.
xn.ae.ab	H5122	נְוָלוּ		נְוָלוּ, נְוָלִי n.f. refuse-heap
xn.ae.ac	H5135	נוּר		נוּר 17 n.f. et m. fire
xn.af.aa	H5142	נְזַק	root	[נְזַק] vb. suffer injury Pe. Haph. injure
xn.af.ab	H5174	נְחָשׁ		נְחָשׁ n.m. copper, bronze
xn.ag.aa	H5182	נְחֵת	root	[נְחֵת] vb. descend Pe. Haph. (were) deposited. Hoph. be deposed
xn.ah.aa	H5191	נְטַל	root	[נְטַל] vb. lift Pe. Pe‛îl be lifted
xn.ai.aa	H5202	נְטַר	root	[נְטַר] vb. keep;—Pe. Dn 7:28.
xn.ai.ab	H5208	נִיחוֹחַ		[נִיחוֹחַ] n.[m.] soothing, tranquilizing
xn.ai.ac	H5232	נְכַס		[נְכַס] n.[m.], pl. riches, property
xn.ai.ad	H5245	נְמַר		נְמַר n.[m.] leopard (v. BH);—abs. Dn 7:6.
xn.aj.aa	H5256	נְסַח	root	[נְסַח] vb. pull away;—Hithpe. be pulled away: Ezr 6:11
xn.ak.aa	H5260	נְסַךְ	root	נְסַךְ vb. pour out;—Pa. Dn 2:46
xn.ak.ab	H5261	נְסַךְ		[נְסַךְ] n.[m.] drink-offering;—pl. sf. Ezr 7:17
xn.ak.ac		נסק		נסק v. סלק
xn.al.aa	H5308	נְפַל	root	נְפַל vb. fall
xn.am.aa	H5312	נְפַק	root	נְפַק vb. go, or come, out, forth Pe. he went out Haph. bring forth
xn.am.ab	H5313	נִפְקָא		[נִפְקָא] n.f. outlay
xn.am.ac	H5326	נִצְבָּה		[נִצְבָּה] n.f. firmness;—emph. Dn 2:41.
xn.an.aa	H5330	נְצַח	root	[נְצַח] vb. Hithpa. distinguish oneself;—Dn 6:4
xn.ao.aa	H5338	נְצַל	root	[נְצַל] vb. Haph. rescue, deliver
xn.ao.ab	H5343	נְקֵא		נְקֵא adj. clean, pure;—Dn 7:9
xn.ap.aa	H5368	נְקַשׁ	root	[נְקַשׁ] vb. knock;—Pe. Dn 5:6
xn.aq.aa	H5376	נְשָׂא	root	נְשָׂא vb. lift, take, carry Pe. carry away Hithpa. make a rising, an insurrection
xn.aq.ab		נְשֵׁיהוֹן		נְשֵׁיהוֹן v. נָשִׁין sub. אנשׁ
xn.aq.ac	H5396	נִשְׁמָא		[נִשְׁמָא] n.f. breath;—sf. Dn 5:23
xn.aq.ad	H5403	נְשַׁר		נְשַׁר n.m. griffon-vulture or eagle
xn.aq.ae	H5407	נִשְׁתְּוָן		[נִשְׁתְּוָן] n.m. letter
xn.aq.af	H5412	נְתִינִין		[נְתִינִין] n.m.pl. Nᵉthinîn;—servants of sanctuary, emph. Ezr 7:24.
xn.ar.aa	H5415	נְתַן	root	[נְתַן] vb. give
xn.ar.ab	H4978	מַתְּנָא		[מַתְּנָא] n.f. gift
xn.ar.ac	H5426	נְתַר		[נְתַר] vb. Haph. strip off;—Dn 4:11
xo.aa.aa		סַבְּכָא		סַבְּכָא v. שַׂבְּכָא
xo.ab.aa	H5446	סְבַל	root	[סְבַל] vb. bear, carry a load
xo.ac.aa	H5452	סְבַר	root	[סְבַר] vb. think, intend;—Pe. Dn 7:25
xo.ac.ab	H5457	סְגִ֑ד		סְגִ֑ד vb. do homage
xo.ac.ac	H5460	סְגַן		[סְגַן] n.m. prefect
xo.ac.ad	H5463	סְגַר		סְגַר vb. shut;—Pe. Dn 6:23
xo.ac.ae	H5481	סוּמְפּוֹנְיָה		סוּמְפּוֹנְיָה n.f. bag-pipe, or < double pipe or Pan’s pipe
xo.ad.aa	H5487	סוּף	root	[סוּף] vb. be fulfilled (prop. ended) Pe. Haph. put an end to
xo.ad.ab	H5491	סוֹף		סוֹף n.[m.] end
xo.ad.ac		סוּפֹּנְיָה		סוּפֹּנְיָה סיפניה v. סוּמְפֹּנְיָה
xo.ae.aa	H5267	סְלֵק	root	[סְלֵק] vb. come up Pe. come up Haph. lift, take up Hoph. be taken up
xo.af.aa	H5583	סְעַד	root	[סְעַד] vb. Pa. support, sustain;—Ezr 5:2.
xo.ag.aa	H5609	סְפַר	root	סְפַר n.m. book
xo.ag.ab	H5613	סָפִר		[סָפִר] n.m. secretary, scribe
xo.ag.ac	H5622	סַרְבָּל		[סַרְבָּל] n.[m.] prob. mantle
xo.ag.ad	H5632	סָרֵךְ		[סָרֵךְ] n.m. chief, overseer
xo.ah.aa	H5642	סְתַר	root	[סְתַר] vb. Pa. hide;—Dn 2:22
xo.ai.aa	H5642	סְתַר	root	[סְתַר] vb. destroy;—Pe. Ezr 5:12
xp.aa.aa	H5648	עֲבַד	root	עֲבַד vb. make, do Pe. make do Hithpe. be made into be done, wrought
xp.aa.ab	H5649	עֲבַד		[עֲבַד, or עֲבֵד] n.m. slave, servant
xp.aa.ac	H5665	עֲבֵד נְגוֹ		עֲבֵד נְגוֹ n.pr.m. comrade of Daniel
xp.aa.ad	H5673	עֲבִידָה		[עֲבִידָה] n.f. work, service
xp.aa.ae	H4567	מַעֲבַד		[מַעֲבַד] n.[m.] work;—pl. sf. Dn 4:34
xp.aa.af	H5675	עֲבַר		עֲבַר n.m. region across, beyond
xp.aa.ag		עַד		עַד v. עדה
xp.ab.aa	H5709	עֲדָה	root	[עֲדָה] vb. pass on, away Pe. pass on, over pass away Haph. take away
xp.ac.aa	H5705	עַד	root	עַד 36 prep. and conj. even to, until
xp.ac.ab	H5732	עִדָּן		עִדָּן n.m. time
xp.ad.aa	H5751	עוֹד	root	עוֹד adv. still, Dn 4:28
xp.ad.ab	H5758	עֲוָיָה		[עֲוָיָה] n.f. iniquity;—pl. sf. Dn 4:24.
xp.ad.ac	H5776	עוֹף		עוֹף n.[m.] fowl
xp.ad.ad	H5784	עוּר		עוּר n.[m.] chaff;—abs. Dn 2:35
xp.ad.ae		עֵז		עֵז עִזּין v. ענז
xp.ad.af	H5824	עִזְקָה		[עִזְקָה] n.f. signet-ring;—sf. Dn 6:18
xp.ad.ag	H5831	עֶזְרָא		עֶזְרָא n.pr.m. Ezra (BH id.)
xp.ad.ah	H5839	עֲזַרְיָה		עֲזַרְיָה n.pr.m. comrade of Daniel
xp.ad.ai		עֵטָא		עֵטָא v. יעט
xp.ad.aj	H5870	עַ֫יִן		[עַ֫יִן] n.f. eye
xp.ad.ak	H5894	עִיר		עִיר n.m. waking, or wakeful, one, i.e. angel
xp.ad.al		עַל		עַל עֵלָּא v. עלה
xp.ad.am		עִלָּה		עִלָּה v. עלל
xp.ae.aa		עלה	root	עלה
xp.ae.ab	H5928	עֲלָת		[עֲלָת] n.f. burnt-offering;—pl. abs. Ezr 6:9.
xp.ae.ac	H5943	עִלַּי		[עִלַּי] adj. highest
xp.ae.ad	H5946	עֶלְיוֹן		[עֶלְיוֹן] adj. id. [xp.ae.ac] (BH id.);—pl. of God
xp.ae.ae	H5952	עֲלִי		[עֲלִי] n.f. roof-chamber;—sf. Dn 6:11.
xp.af.aa	H5922	עַל	root	עַל prep. upon, over, on account of, above, to, against
xp.af.ab	H5924	עֵ֫לָּא		עֵ֫לָּא adv. above;—Dn 6:3
xp.af.ac	H5931	עִלָּה		עִלָּה n.f. matter, affair, occasion
xp.ag.aa	H5954	עֲלַל	root	[עֲלַל] vb. go or come in Pe. Haph. bring in Hoph. be brought
xp.ag.ab	H4606	מֶעָל		[מֶעָל] n.[m.] going in;—pl. cstr. Dn 6:15
xp.ag.ac	H5957	עָלַם		עָלַם n.[m.] perpetuity, antiquity
xp.ag.ad	H5962	עֵלְמָיֵא		עֵלְמָיֵא n.gent.pl. Elamites;—Ezr 4:9.
xp.ag.ae	H5967	עֲלַע		[עֲלַע] n.f. rib;—pl. abs. Dn 7:5.
xp.ag.af		עֲלָת		עֲלָת v. עלה
xp.ag.ag	H5972	עַם		עַם n.m. people
xp.ah.aa	H5974	עִם	root	עִם 22 prep. with
xp.ah.ab	H5994	עֲמִיק		[עֲמִיק] adj. deep;—fpl. emph., as n., Dn 2:22
xp.ah.ac	H6015	עֲמַר		עֲמַר n.m. wool;—abs. Dn 7:9.
xp.ai.aa	H6032	עֲנָה	root	[עֲנָה] vb. answer
xp.ai.ab	H3705	כְּעַן		כְּעַן adv. now
xp.ai.ac	H3706	כְּעֶ֫נֶת		כְּעֶ֫נֶת and contr. כְּעֶת adv. now
xp.aj.aa		ענה	root	ענה
xp.aj.ab	H6033	עֲנָי		[עֲנָי] adj. poor, needy;—pl. abs., as n. Dn 4:24
xp.ak.aa		ענז	root	ענז
xp.ak.ab	H5796	עֵז		[עֵז] n.[f.] (she-)goat;—pl. Ezr 6:17.
xp.ak.ac	H6050	עֲנָן		[עֲנָן] n.[m.] cloud;—pl. cstr. Dn 7:13.
xp.ak.ad	H6056	עֲנַף		[עֲנַף] n.[m.] bough
xp.ak.ae	H6065	עֲנָשׁ		עֲנָשׁ n.[m.] amercing, confiscation;—cstr. Ezr 7:26.
xp.ak.af		עֶנֶת		עֶנֶת v. כְּעֶנֶת sub. עֲנָה
xp.al.aa		עפא	root	עפא
xp.al.ab	H6074	עֳפִי		[עֳפִי] n.m. leafage, foliage
xp.am.aa	H6088	עֲצַב	root	[עֲצַב] vb. pain, grieve;—Pe. Dn 6:21
xp.an.aa	H6136	עִקַּר	root	עִקַּר n.[m.] root, stock
xp.an.ab	H6132	עֲקַר		[עֲקַר] vb. denom. Hithpe. be rooted up;—Dn 7:8.
xp.an.ac		עָר		עָר עריך v. ערר
xp.ao.aa	H6151	עֲרַב	root	[עֲרַב] vb. mix Pa. mixed with Hithpa. id.
xp.ao.ab	H6167	עֲרָד		[עֲרָד] n.m. wild ass;—pl. emph. Dn 5:21.
xp.ao.ac	H6173	עַרְוָה		[עַרְוָה] n.f. dishonour;—cstr. Ezr 4:14.
xp.ap.aa		ערר	root	ערר
xp.ap.ab	H6146	עָר		[עָר] n.m. foe;—pl. sf. Dn 4:16.
xp.ap.ac	H6211	עֲשַׂב		עֲשַׂב n.[m.] herbage, grass
xp.aq.aa	H6236	עֲשַׂר	root	עֲשַׂר, עַשְׂרָה n.m. et f. a ten
xp.aq.ab	H6243	עֶשְׂרִין		עֶשְׂרִין n.pl.indecl. twenty;—Dn 6:2
xp.aq.ac	H6246	עֲשִׁת		[עֲשִׁת], עֲשִׁית vb. think, plan;—Dn 6:4
xp.aq.ad		עֶת		עֶת v. כְּעֶת
xp.aq.ae	H6263	עֲתִיד		[עֲתִיד] adj. ready;—pl. Dn 3:15
xp.aq.af	H6268	עַתִּיק		עַתִּיק adj. advanced, aged
xq.aa.aa	H6347	פֶּחָה		פֶּחָה n.m. (Bab. or Pers.) governor
xq.aa.ab	H6353	פֶּחָר		פֶּחָר n.m. potter;—abs. Dn 2:41.
xq.aa.ac	H6361	פְּטַשׁ		[פְּטַשׁ] n.[m.] a garment, meaning dub.;—pl. sf. Dn 3:21
xq.ab.aa	H6386	פְּלַג	root	[פְּלַג] vb. divide;—Pe. Dn 2:41
xq.ab.ab	H6387	פְּלַג		פְּלַג n.[m.] half;—cstr. Dn 7:25.
xq.ab.ac	H6392	פְּלֻגָּה		פְּלֻגָּה n.f. division;—sf. Ezr 6:18.
xq.ac.aa	H6399	פְּלַח	root	[פְּלַח] vb. pay reverence to, serve (deity)
xq.ac.ab	H6402	פׇּלְחָן		פׇּלְחָן n.[m.] service, worship;—cstr. Ezr 7:19.
xq.ac.ac	H6433	פֻּם		פֻּם n.m. mouth
xq.ac.ad		פַּס		פַּס v. פסס
xq.ac.ae	H6460	פְּסַנְטֵרִין		פְּסַנְטֵרִין n.[m.] a (triangular) stringed instrument;—Dn 3:7
xq.ad.aa		פסס	root	פסס
xq.ad.ab	H6447	פַּס		פַּס n.m. palm of hand
xq.ad.ac	H6523	פַּרְזֶל		פַּרְזֶל 19 n.m. iron
xq.ae.aa	H6537	פְּרַס	root	[פְּרַס] vb. break in two;—Pe‛îl Dn 5:28.
xq.ae.ab	H6537	פְּרֵס		פְּרֵס prob. n.[m.] half-mina
xq.ae.ac	H6540	פָּרַס		פָּרַס n.pr.terr. et gent. Persia (as kingdom), Persians
xq.ae.ad	H6543	פַּרְסַי		[פַּרְסַי] adj.gent. Persian;—emph. Dn 6:29
xq.af.aa	H6562	פְּרַק	root	[פְּרַק] vb. tear away, break off;—Pe. Dn 4:24
xq.ag.aa	H6568	פְּרַשׁ	root	[פְּרַשׁ] vb. make distinct;—Pa. Ezr 4:18
xq.ag.ab	H6573	פַּרְשֶׁ֫גֶן		פַּרְשֶׁ֫גֶן n.m. copy
xq.ah.aa	H6590	פְּשַׁר	root	[פְּשַׁר] vb. interpret (a dream) Pe. Pa.
xq.ah.ab	H6591	פְּשַׁר		פְּשַׁר 31 n.m. interpretation (of dream)
xq.ah.ac	H6600	פִּתְגָם		פִּתְגָם n.m. command, word, affair
xq.ai.aa	H6606	פְּתַח	root	[פְּתַח] vb. open Pe. opened (windows). Pe‛îl books were opened.
xq.aj.aa		פתא	root	פתא
xq.aj.ab	H6613	פְּתָי		[פְּתָי] n.[m.] breadth
xr.aa.aa	H6634	צְבָא	root	[צְבָא] vb. be inclined, desire, be pleased
xr.aa.ab	H6640	צְבוּ		צְבוּ n.f. thing, anything;—Dn 6:18.
xr.ab.aa	H6647	צְבַע	root	[צְבַע] vb. dip, wet Pa. wet thee Hithpa. be wet
xr.ac.aa		צבע	root	צבע
xr.ac.ab	H0677	אֶצְבַּע		[אֶצְבַּע] n.f. 1. finger; 2. toe
xr.ac.ac	H6655	צַד		צַד n.[m.] side
xr.ac.ad	H6656	צְדָא		צְדָא n.[m.] usu. (malicious) purpose;—Dn 3:14
xr.ac.ae	H6665	צִדְקָה		צִדְקָה n.f. right doing;—Dn 4:24.
xr.ac.af	H6676	צַוַּאר		[צַוַּאר] n.m. neck
xr.ad.aa	H6739	צְלָא	root	[צְלָא] vb. Pa. pray (orig. bow in prayer)
xr.ae.aa	H6744	צְלַח	root	[צְלַח] vb. prosper
xr.ae.ab	H6755	צְלֵם		צְלֵם 17 n.m. image
xr.ae.ac	H6853	צְפַר		[צְפַר] n.f. bird
xr.ae.ad	H6841	צְפִיר		[צְפִיר] n.m. he-goat;—pl. cstr. Ezr 6:17.
xs.aa.aa		קבל	root	קבל
xs.aa.ab	H6903	קֳבֵל		קֳבֵל 29 subst. front, as prep. in front of, before, because of; as conj. because that
xs.aa.ac	H6902	קַבֵּל		קַבֵּל vb. denom. Pa. receive
xs.aa.ad	H6925	קֳדָם		[קֳדָם] 42 prep. before
xs.aa.ae	H6928	קַדְמָה		[קַדְמָה] n.f. former time
xs.aa.af	H6933	קַדְמָי		[קַדְמָי] adj. former, first
xs.ab.aa		קדשׁ	root	קדשׁ
xs.ab.ab	H6922	קַדִּישׁ		קַדִּישׁ adj. holy
xs.ac.aa		קול	root	קול
xs.ac.ab	H7032	קָל		קָל n.m. voice
xs.ad.aa	H6966	קוּם	root	[קוּם] vb. arise, stand Pe. lit. arise fig. = come on the scene of history arise (out of inaction), and build stand Pa. set up, establish an ordinance Haph. set up lift up one side establish appoint Hoph. be made to stand
xs.ad.ab	H7010	קְיָם		קְיָם n.[m.] statute;—abs.
xs.ad.ac	H7011	קַיָּם		קַיָּם adj. enduring
xs.ae.aa	H6992	קְטַל	root	[קְטַל] vb. slay Pe. Pe‛îl be slain Pa. slay Hithpe. be slain
xs.af.aa		קטר	root	קטר
xs.af.ab	H7001	קְטַר		[קְטַר] n.m. joint, knot
xs.af.ac	H7007	קַ֫יִט		קַ֫יִט n.[m.] summer;—abs. Dn 2:35.
xs.af.ad		קְיָם		קְיָם קַיָּם v. קום
xs.af.ae	H7030	קיתרס		קיתרס Kt, קַתָרֹס Qr, n.[m.] lyre, zither
xs.af.af		קָל		קָל v. קול
xs.ag.aa	H7066	קְנָא	root	[קְנָא] vb. acquire, buy;—Pe. Ezr 7:17
xs.ah.aa	H7113	קצא	root	קצא (√ of following [xs.ah.ab]).
xs.ah.ab	H7118	קְצָת		קְצָת n.f. end
xs.ai.aa	H7108	קְצַף	root	קְצַף vb. be wroth;—Pe. Dn 2:12.
xs.ai.ab	H7109	קְצַף		קְצַף n.[m.] wrath (of God);—abs. Ezr 7:23.
xs.ai.ac		קְצָת		קְצָת v. קצא
xs.aj.aa	H7123	קְרָא	root	[קְרָא] vb. call, read out, aloud Pe. call, proclaim read out, aloud Pe‛îl it was read Hithpe. be summoned
xs.ak.aa	H7127	קְרֵב	root	קְרֵב vb. approach Pe. when he approached Pa. offer sacrifice Haph. = Pa. bring near
xs.ak.ab	H7129	קְרָב		קְרָב n.[m.] war;—abs. Dn 7:21.
xs.ak.ac	H7149	קִרְיָה		קִרְיָה, קִרְיָא, n.f. city
xs.ak.ad	H7162	קֶ֫רֶן		קֶ֫רֶן n.f. horn
xs.ak.ae	H7170	קְרַץ		[קְרַץ] n.[m.] piece
xs.ak.af	H7187	קְשֹׁט		קְשֹׁט n.[m.] truth
xs.ak.ag		קַתְרֹס		קַתְרֹס v. קיתרס
xt.aa.aa		ראה	root	ראה
xt.aa.ab	H7299	רֵו		[רֵו] n.m. appearance
xt.aa.ac	H7217	רֵאשׁ		רֵאשׁ n.m. head head head as seat of vision = chief sum, essential content, of matters
xt.ab.aa		רבב	root	רבב
xt.ab.ab	H7229	רַב		רַב adj. great
xt.ab.ac	H7240	רִבּוֹ		רִבּוֹ n.f. myriad;—abs. Dn 7:10
xt.ab.ad	H7261	רַבְרְבָן		[רַבְרְבָן] n.m. lord, noble
xt.ac.aa	H7236	רְבָה	root	רְבָה vb. grow great Pe. grow tall and large Pa. make great
xt.ac.ab	H7238	רְבוּ		רְבוּ n.f. greatness
xt.ad.aa		רבע	root	רבע
xt.ad.ab	H0703	אַרְבַּע		אַרְבַּע, אַרְבְּעָה n.m. et f. four
xt.ad.ac	H7244	רְבִיעִי		[רְבִיעִי] adj.num.ord. fourth
xt.ad.ad		רַבְרְבִין		רַבְרְבִין v. רַב
xt.ad.ae		רַבְרְבָן		רַבְרְבָן v. רבב
xt.ae.aa	H7265	רְגַז	root	[רְגַז] vb. Haph. enrage;—Ezr 5:12
xt.ae.ab	H7266	רְגַז		רְגַז n.m. rage;—abs. Dn 3:13 (of king).
xt.ae.ac	H7271	רְגַל		[רְגַל] n.[f.] foot
xt.af.aa	H7284	רְגַשׁ	root	[רְגַשׁ] vb. be in tumult
xt.af.ab		רֵוֵהּ		רֵוֵהּ v. רֵו sub. ראה
xt.ag.aa		רוח	root	רוח
xt.ag.ab	H7308	רוּחַ		רוּחַ n.f. wind, spirit
xt.ag.ac	H7382	רֵיחַ		רֵיחַ n.f. smell;—cstr. Dn 3:27.
xt.ah.aa	H7313	רוּם	root	[רוּם] vb. rise Pe. lifted up Pō‛l. extol Haph. exalt Hithpō‛l. lift oneself up against
xt.ah.ab	H7314	רוּם		[רוּם] n.m. height
xt.ah.ac	H7328	רָז		רָז n.m. secret
xt.ah.ad	H7348	רְחוּם		רְחוּם n.pr.m. Persian official Ezr 4:8
xt.ah.ae	H7359	רַחֲמִין		רַחֲמִין n.[m.]pl.intens. compassion;—abs. Dn 2:18.
xt.ai.aa	H7365	רְחַץ	root	[רְחַץ] vb. trust;—Hithpe. Dn 3:28.
xt.aj.aa		רחק	root	רחק
xt.aj.ab	H7352	רְחִיק		[רְחִיק] adj. far;—pl. abs. Ezr 6:6
xt.aj.ac		רֵיחַ		רֵיחַ v. רוח
xt.ak.aa	H7412	רְמָא	root	[רְמָא] vb. cast, throw Pe. cast fig. throw (burden of) tribute Pe‛îl were cast were placed, set Hithpe. be cast
xt.al.aa		רעה	root	רעה
xt.al.ab	H7470	רְעוּ		[רְעוּ] n.f. good pleasure, will
xt.al.ac	H7476	רַעְיוֹן		[רַעְיוֹן] n.m. thought
xt.al.ad	H7487	רַעֲנַן		רַעֲנַן adj. flourishing;—fig. of pers. Dn 4:1
xt.am.aa	H7490	רְעַע	root	[רְעַע] vb. crush, shatter Pe. Pa.
xt.an.aa	H7512	רְפַס	root	[רְפַס] vb. tread, trample
xt.ao.aa	H7560	רְשַׁם	root	רְשַׁם vb. inscribe, sign Pe. inscribe (prob. with one’s name, i.e.) sign Pe‛îl be inscribed, written be signed
xu.aa.aa	H5443	שַׂבְּכָא		שַׂבְּכָא n.[f.] trigon, mus. instr.
xu.ab.aa	H7680	שְׂגָא	root	[שְׂגָא] vb. grow great
xu.ab.ab	H7690	שַׂגִּיא		שַׂגִּיא adj. great, much
xu.ab.ac	H3026	שָֽׂהֲדוּ		[שָֽׂהֲדוּ] n.f. testimony;—emph. Gn 31:47
xu.ac.aa	H7761	שׂוּם	root	[שׂוּם], שִׂים vb. set, make Pe. make make, appoint set, fix Pe‛îl from me a decree is made Hithpe. be made
xu.ac.ab	H7859	שְׂטַר		שְׂטַר n.m. side;—abs. Dn 7:5
xu.ad.aa	H7868	שִׂיב	root	[שִׂיב] vb. be hoary
xu.ae.aa	H7920	שְׂכַל	root	[שְׂכַל] vb. Hithpe. consider, contemplate;—Dn 7:8
xu.ae.ab	H7924	שׇׂכְלְתָנוּ		שׇׂכְלְתָנוּ n.f. insight
xu.af.aa	H8131	שְׂנָא	root	[שְׂנָא] vb. hate;—Pe. Dn 4:16
xu.af.ab	H8177	שְׂעַר		שְׂעַר n.m. hair, of head
xv.aa.aa	H7593	שְׁאֵל	root	שְׁאֵל vb. ask (v. BH [v.ag.aa]);—Pe. ask for, request inquire about, for
xv.aa.ab	H7595	שְׁאֵלָא		[שְׁאֵלָא] n.f. affair;—emph. Dn 4:14.
xv.aa.ac	H7598	שְׁאַלְתִּיאֵל		שְׁאַלְתִּיאֵל n.pr.m. (I have asked (him) of God);—first son of Jehoiachin and uncle of Zerubbabel; but Z.’s father Ezr 5:2.
xv.aa.ad	H7606	שְׁאָר		שְׁאָר n.m. rest, remainder
xv.ab.aa		שׁבב	root	שׁבב
xv.ab.ab	H7631	שְׂבִיב		[שְׂבִיב] n.[m.] flame
xv.ac.aa	H7624	שְׁבַח	root	[שְׁבַח] vb. Pa. laud, praise
xv.ac.ab	H7625	שְׁבַט		[שְׁבַט] n.m. tribe;—pl. cstr. Ezr 6:17.
xv.ad.aa	H7655	שְׁבַע	root	[שְׁבַע], only שִׁבְעָה n.f. seven
xv.ae.aa	H7662	שְׁבַק	root	[שְׁבַק] vb. leave, let alone Pe. leave roots Hithpe. be left
xv.af.aa	H7672	שְׁבַשׁ	root	[שְׁבַשׁ] vb. Hithp. be perplexed;—Dn 5:9.
xv.af.ab	H7695	שֵׁגָל		[שֵׁגָל] n.f. (royal) consort
xv.ag.aa	H7712	שְׁדַר	root	[שְׁדַר] vb. Hithpa. struggle, strive;—Dn 6:15
xv.ag.ab	H0849	אֶשְׁתַּדּוּר		אֶשְׁתַּדּוּר n.m. revolt
xv.ag.ac	H7715	שַׁדְרַךְ		שַׁדְרַךְ 13 n.pr.m. (cf. BH id.)
xv.ah.aa		שׁדת	root	שׁדת
xv.ah.ab	H8353	שֵׁת		שֵׁת, שִׁ֑ת n.m. six
xv.ah.ac	H8361	שִׁתִּין		שִׁתִּין n.indecl. sixty
xv.ai.aa	H7739	שְׁוָה	root	[שְׁוָה] vb. become like;—Dn 5:21
xv.aj.aa	H7739	שְׁוָה	root	[שְׁוָה] vb. Hithpa. be set, made;—Dn 3:29
xv.ak.aa		שׁוק	root	שׁוק
xv.ak.ab	H8243	שָׁק		[שָׁק] n.[m.] lower leg;—Dn 2:33.
xv.ak.ac	H7792	שׁוּר		[שׁוּר] n.m. wall
xv.ak.ad	H7801	שׁוּשַׁנְכָיֵא		שׁוּשַׁנְכָיֵא n.pr.gent.pl. the Susians, people of Susa Ezr 4:9
xv.al.aa	H7844	שְׁחַת	root	[שְׁחַת] vb. corrupt
xv.al.ab	H7804	שֵׁיזִב		שֵׁיזִב vb. deliver
xv.am.aa	H3319	שׁיציא	root	שׁיציא Kt, שֵׁיצִי Qr vb. bring out (to an end), finish;—Ezr 6:15
xv.an.aa		שׁכב	root	שׁכב
xv.an.ab	H4903	מִשְׁכַּב		[מִשְׁכַּב] n.[m.] couch, bed
xv.ao.aa	H7912	שְׁכַח	root	[שְׁכַח] vb. Haph. find Hithpe. be found
xv.ao.ab		שַׁכְלְלֵהּ		שַׁכְלְלֵהּ v. כלל
xv.ap.aa	H7932	שְׁכֵן	root	[שְׁכֵן] vb. dwell;— Pe. dwell, of birds Pa. causat.: of God, cause his name to dwell there.
xv.ap.ab	H4907	מִשְׁכַּן		[מִשְׁכַּן] n.[m.] abode, of God;—sf. Ezr 7:15, of Jerusalem.
xv.aq.aa		שׁלה	root	שׁלה, שׁלו
xv.aq.ab	H7954	שְׁלֵה		שְׁלֵה adj. at ease
xv.aq.ac	H7955	שָׁלוּ		שָׁלוּ n.f. neglect, remissness
xv.aq.ad	H7963	שְׁלֵוָה		[שְׁלֵוָה] n.f. ease, prosperity;—sf. Dn 4:24.
xv.ar.aa	H7972	שְׁלַח	root	שְׁלַח vb. send
xv.as.aa	H7981	שְׁלֵט	root	שְׁלֵט vb. have power, rule (BH (q.v.) late) Pe. have power upon Haph. make ruler
xv.as.ab	H7984	שִׁלְטוֹן		שִׁלְטוֹן n.m. a ruler; Dn 3:2, 3.
xv.as.ac	H7985	שׇׁלְטָן		שׇׁלְטָן n.m. dominion
xv.as.ad	H7990	שַׁלִּיט		שַׁלִּיט adj. having mastery, ruling
xv.at.aa	H8000	שְׁלֵם	root	[שְׁלֵם] vb. be complete Pe. finished, of temple Haph. God has finished it (the kingdom; brought it to an end)
xv.at.ab	H8001	שְׁלָם		שְׁלָם n.m. welfare, prosperity
xv.at.ac	H8036	שֻׁם		שֻׁם n.m. name
xv.au.aa	H8046	שְׁמַד	root	[שְׁמַד] vb. Haph. destroy;—Dn 7:26
xv.au.ab	H8065	שָׁמַ֫יִן		[שָׁמַ֫יִן] n.m.pl. heavens
xv.av.aa	H8075	שְׁמַם	root	[שְׁמַם] vb. Ethpō‛l. be appalled;—Dn 4:16.
xv.aw.aa	H8086	שְׁמַע	root	שְׁמַע vb. hear Pe. hear: = have sense of hearing Hithpe. shew oneself obedient
xv.aw.ab	H8115	שׇֽׁמְרָ֑יִן		שׇֽׁמְרָ֑יִן n.pr.loc.
xv.ax.aa		שׁמשׁ	root	שׁמשׁ
xv.ax.ab	H8122	שְׁמַשׁ		[שְׁמַשׁ] n.[m.] sun;—emph. Dn 6:15.
xv.ay.aa	H8120	שְׁמַשׁ	root	[שְׁמַשׁ] vb. Pa. minister;—Dn 7:10
xv.ay.ab	H8124	שִׁמְשַׁי		שִׁמְשַׁי n.pr.m.
xv.ay.ac		שֵׁן		שֵׁן v. שׁנן
xv.az.aa	H8133	שְׁנָא	root	[שְׁנָא] vb. change Pe. intrans. change, be changed Pa. trans. change Ithpa. be changed Haph. trans. change, alter
xv.az.ab	H8140	שְׁנָה		[שְׁנָה] n.f. year (v. BH שָׁנָה, √ I. [שָׁנָה])
xv.ba.aa		שׁנן	root	שׁנן
xv.ba.ab	H8128	שֵׁן		[שֵׁן] n.[f.] tooth
xv.ba.ac	H8160	שָׁעָה		שָׁעָה n.f. brief time, moment
xv.bb.aa	H8200	שְׁפַט	root	[שְׁפַט] vb. judge;—as n.pl. abs. Ezr 7:25
xv.bb.ab		שַׁפִּיר		שַׁפִּיר v. שׁפר
xv.bc.aa	H8214	שְׁפֵל	root	[שְׁפֵל] vb. be low
xv.bc.ab	H8215	שְׁפַל		שְׁפַל adj. low in station;—cstr. Dn 4:14.
xv.bd.aa	H8232	שְׁפַר	root	שְׁפַר vb. be fair, seemly
xv.bd.ab	H8209	שַׁפִּיר		שַׁפִּיר adj. fair, beautiful
xv.bd.ac	H8238	שְׁפַרְפָּר		[שְׁפַרְפָּר] n.[m.] dawn;—emph. Dn 6:20.
xv.bd.ad		שָׁק		שָׁק v. שׁוק
xv.be.aa	H8271	שְׁרָא	root	[שְׁרָא] vb. 1. loosen. 2. abide Pe. loosen abide Pa. begin Hithpa. joints were loosened (in fear).
xv.bf.aa		שׁרק	root	שׁרק
xv.bf.ab	H4953	מַשְׁרוֹקִי		[מַשְׁרוֹקִי] n.f. pipe
xv.bg.aa	H8330	שֹׁ֫רֶשׁ	root	[שֹׁ֫רֶשׁ] n.m. root
xv.bg.ab	H8332	שרשו		שרשו Kt, Qr שְׁרֹשִׁי n.f. uprooting, fig. banishment;—abs. Ezr 7:26.
xv.bg.ac	H8340	שֵׁשְׁבַּצַּר		שֵׁשְׁבַּצַּר n.pr.m. priest of Judah, leader of returning exiles
xv.bg.ad		שֵׁת		שֵׁת שִׁ֑ת v. שׁדת
xv.bh.aa	H8355	שְׁתָה	root	[שְׁתָה] vb. drink
xv.bh.ab	H4961	מִשְׁתֵּה		[מִשְׁתֵּה] n.m. feast;—emph. Dn 5:10.
xv.bh.ac		שִׁתִּין		שִׁתִּין v. שׁדת
xv.bh.ad	H8370	שְׁתַר בּוֹזְנַי		שְׁתַר בּוֹזְנַי n.pr.m. Pers. official
xw.aa.aa	H8406	תְּבַר	root	[תְּבַר] vb. break;—Pe. Dn 2:42
xw.aa.ab		תְּדִירָא		תְּדִירָא v. דּוּר
xw.ab.aa	H8421	תּוּב	root	[תּוּב] vb. return Pe. of brightness Haph. restore return
xw.ac.aa	H8429	תְּוַהּ	root	תְּוַהּ vb. be startled, alarmed;—Pe. Dn 3:24.
xw.ac.ab	H8450	תּוֹר		[תּוֹר] n.m. bullock
xw.ac.ac	H8460	תְּחוֹת		תְּחוֹת prep. under (BH תַּחַת)
xw.ac.ad	H8517	תְּלַג		תְּלַג n.[m.] snow;—abs. Dn 7:9
xw.ad.aa	H8532	תְּלָת	root	תְּלָת n.m., תְּלָתָה f., three
xw.ad.ab	H8531	תְּלַת		[תְּלַת] n.[m.] a third part
xw.ad.ac	H8523	תַּלְתִּי		תַּלְתִּי adj. denom. as subst. third (ruler), i.e. triumvir, Dn 5:7.
xw.ad.ad	H8523	תְּלִיתַי		[תְּלִיתַי] adj. third;—Dn 2:39
xw.ad.ae	H8533	תְּלָתִין		תְּלָתִין n.indecl. thirty
xw.ad.af	H8536	תַּמָּה		תַּמָּה adv. there
xw.ad.ag	H8540	תְּמַהּ		[תְּמַהּ] n.m. wonder, as wrought by God
xw.ae.aa		תנא	root	תנא
xw.ae.ab	H8578	תִּנְיָן		[תִּנְיָן] adj. second;—fs. Dn 7:5.
xw.ae.ac	H8579	תִּנְיָנוּת		תִּנְיָנוּת adv. the second time;—Dn 2:7.
xw.ae.ad	H8648	תְּרֵין		[תְּרֵין] n.m., תַּרְתֵּין f., two
xw.ae.ae	H8614	תִּפְתָּיֵא		תִּפְתָּיֵא Kt, –תָּאֵי Qr, n.m.pl. name of official
xw.ae.af		תַּקִּיף		תַּקִּיף v. תְּקִף
xw.ag.aa	H8625	תְּקַל	root	[תְּקַל] vb. weigh;—Pe‛îl Dn 5:27
xw.ag.ab	H8625	תְּקֵל		תְּקֵל n.[m.] shekel
xw.ah.aa	H8627	תְּקַן	root	[תְּקַן] vb. be in order;—Hoph. Dn 4:33
xw.ai.aa	H8631	תְּקֵף	root	[תְּקֵף] vb. grow strong Pe. grow arrogant, of spirit of man Pa. make strong, stringent
xw.ai.ab	H8632	תְּקָף		תְּקָף n.[m.] might;—cstr. Dn 4:27, of king.
xw.ai.ac	H8632	תְּקֹף		[תְּקֹף] n.[m.] id. [xw.ai.ab];—emph. Dn 2:37.
xw.ai.ad	H8624	תַּקִּיף		[תַּקִּיף] adj. strong, mighty
xw.ah.ae		תְּרֵין		[תְּרֵין], תַּרְתֵּין two, v. תנא.
xw.ah.af	H8651	תְּרַע		תְּרַע n.[m.] gate, door
xw.ah.ag	H8652	תָּרָע		[תָּרָע] n.m. porter, doorkeeper, in temple: pl. emph. Ezr 7:24.
xw.ah.ah	H8674	תַּתְּנַי		תַּתְּנַי n.pr.m. Pers. prefect in Syria
