strongs	word	brief_definition	full_definition
G0001	ἄλφα	the first letter of the Greek alphabet	alpha; the first letter of the Greek alphabet.
G0002	Ἀαρών, ὁ	Aaron	Aaron, son of Amram and Jochebed, brother of Moses.
G0003	Ἀβαδδών, ὁ	Abaddon	Abaddon, Destroyer (i.e. Destroying Angel) or "place of destruction" (personified).
G0004	ἀβαρής, ες	not burdensome	not burdensome, bringing no weight or oppression upon.
G0005	Ἀββά	Father	Abba, Father.
G0006	Ἄβελ, ὁ	Abel	Abel, second son of Adam and Eve, brother of Cain.
G0007	Ἀβιά, ὁ	Abijah	Abijah, (a) a king, son of Rehoboam, (b) founder of the eighth class of priests.
G0008	Ἀβιαθάρ, ὁ	Abiathar	Abiathar, a priest in King David's time.
G0009	Ἀβιληνή, ῆς, ἡ	Abilene	the Abilenian territory, the territory of Abila (in Syria), a small principality in the mountains of Damascus.
G0010	Ἀβιούδ, ὁ	Abiud	Abiud, son of Zerubbabel and father of Eliakim.
G0011	Ἀβραάμ, ὁ	Abraham	Abraham, progenitor of the Hebrew race.
G0012	ἄβυσσος, ου, ἡ	the abyss, the unfathomable depth	the abyss, unfathomable depth, an especially Jewish conception, the home of the dead and of evil spirits.
G0013	Ἅγαβος, ου, ὁ	Agabus	Agabus, a Christian prophet.
G0014	ἀγαθοεργέω	I perform good deeds	I work that which is good, perform good deeds.
G0015	ἀγαθοποιέω	I do that which is good	I do that which is good.
G0016	ἀγαθοποιΐα, ας, ἡ	the doing of that which is good	the doing of that which is good, well-doing.
G0017	ἀγαθοποιός, οῦ, ὁ	a doer of that which is good	a doer of that which is good.
G0018	ἀγαθός, ή, όν	good	intrinsically good, good in nature, good whether it be seen to be so or not, the widest and most colorless of all words with this meaning.
G0019	ἀγαθωσύνη, ης, ἡ	goodness	intrinsic goodness, especially as a personal quality, with stress on the kindly (rather than the righteous) side of goodness.
G0020	ἀγαλλίασις, εως, ἡ	exultation, exhilaration	wild joy, ecstatic delight, exultation, exhilaration.
G0021	ἀγαλλιάω	I exult, am full of joy	I exult, am full of joy.
G0022	ἄγαμος, οῦ, ὁ, ἡ	unmarried	unmarried, of a person not in a state of wedlock, whether he or she has formerly been married or not.
G0023	ἀγανακτέω	I am angry, am incensed	I am angry, incensed.
G0024	ἀγανάκτησις, εως, ἡ	indignation	feeling of anger, indignation, vexation.
G0025	ἀγαπάω	I love	I love, wish well to, take pleasure in, long for; denotes the love of reason, esteem.
G0026	ἀγάπη, ης, ἡ	love	love, benevolence, good will, esteem; plur: love-feasts.
G0027	ἀγαπητός, ή, όν	loved, beloved	loved, beloved, with two special applications: the Beloved, a title of the Messiah (Christ), as beloved beyond all others by the God who sent Him; of Christians, as beloved by God, Christ, and one another.
G0028	Ἁγάρ, ἡ	Hagar	Hagar, the servant of Sarah, concubine of Abraham.
G0029	ἀγγαρεύω	I impress, send	I impress (into my service), send (on an errand).
G0030	ἀγγεῖον, ου, τό	a vessel, flask, can	a vessel, flask.
G0030	ἄγγος, -εος, τό	a vessel	a vessel.
G0031	ἀγγελία, ας, ἡ	a message	a message.
G0032	ἄγγελος, ου, ὁ	an angel, messenger	a messenger, generally a (supernatural) messenger from God, an angel, conveying news or behests from God to men.
G0034	ἀγέλη, ης, ἡ	a flock, herd	a flock, herd.
G0035	ἀγενεαλόγητος, ον	of unrecorded genealogy	of unrecorded genealogy, whose descent cannot be traced.
G0036	ἀγενής, ές	without family, ignoble	lit: without family, hence: ignoble, base.
G0037	ἁγιάζω	I make holy, sanctify	I make holy, treat as holy, set apart as holy, sanctify, hallow, purify.
G0038	ἁγιασμός, οῦ, ὁ	sanctification, holiness	the process of making or becoming holy, set apart, sanctification, holiness, consecration.
G0040	ἅγιος, ία, ον	set apart, holy, sacred	set apart by (or for) God, holy, sacred.
G0041	ἁγιότης, ητος, ἡ	holiness	holiness, sanctity, as an abstract quality.
G0042	ἁγιωσύνη, ης, ἡ	a holy or sanctified state	a holy or sanctified state.
G0043	ἀγκάλη, ης, ἡ	an arm	an arm, especially as bent to receive a burden.
G0044	ἄγκιστρον, ου, τό	a fish-hook	a fish-hook.
G0045	ἄγκυρα, ας, ἡ	an anchor	an anchor.
G0046	ἄγναφος, ον	unshrunken, new	unshrunken, new.
G0047	ἁγνεία, ας, ἡ	purity, chastity	purity, chastity.
G0048	ἁγνίζω	I cleanse, purify	I cleanse, purify, either ceremonially, actually, or morally.
G0049	ἁγνισμός, οῦ, ὁ	purification	(ceremonial) purification.
G0050	ἀγνοέω	I do not know, am ignorant of	I do not know, am ignorant of (a person, thing, or fact), sometimes with the idea of willful ignorance.
G0051	ἀγνόημα, ατος, τό	an offence committed through ignorance	an offence committed through ignorance, an error due to (willful or culpable) ignorance.
G0052	ἄγνοια, ας, ἡ	ignorance	ignorance, inadvertence, sometimes with the idea of willful blindness.
G0053	ἁγνός, ή, όν	pure, chaste	(originally, in a condition prepared for worship), pure (either ethically, or ritually, ceremonially), chaste.
G0054	ἁγνότης, τητος, ἡ	purity, chastity	purity, chastity.
G0055	ἁγνῶς	purely, sincerely	purely, sincerely, with pure motives, honestly.
G0056	ἀγνωσία, ας, ἡ	ignorance	ignorance; specifically: willful ignorance.
G0057	ἄγνωστος, ον	unknown	unknown, unknowable.
G0058	ἀγορά, ᾶς, ἡ	market-place	market-place, forum, public place of assembly.
G0059	ἀγοράζω	I buy	I buy.
G0060	ἀγοραῖος, ον	a lounger in the market-place	a lounger in the market-place, perhaps with the idea of agitator.
G0061	ἄγρα, ας, ἡ	catching, a catch	catching, a catch.
G0062	ἀγράμματος, ον	uneducated	unlettered, illiterate, uneducated, perhaps with the narrower idea: unacquainted with Rabbinic teaching.
G0063	ἀγραυλέω	I spend the night in the open	I spend the night in the open, bivouac.
G0064	ἀγρεύω	I catch, capture	I catch, capture.
G0065	ἀγριέλαιος, ου, ἡ	a wild olive tree	a wild olive tree, oleaster.
G0066	ἄγριος, ία, ιον	wild, fierce	wild, fierce.
G0067	Ἀγρίππας, α, ὁ	Agrippa	Agrippa, i.e. Herod Agrippa II.
G0068	ἀγρός, οῦ, ὁ	a field, the country	a field, especially as bearing a crop; the country, lands, property in land, a country estate.
G0069	ἀγρυπνέω	I am awake	I am not asleep, am awake; especially: I am watchful, careful.
G0070	ἀγρυπνία, ας, ἡ	sleeplessness, watching	the state of being awake (at night), sleeplessness, watching.
G0071	ἄγω	I lead	I lead, lead away, bring (a person, or animal), guide, spend a day, go.
G0072	ἀγωγή, ῆς, ἡ	conduct	a leading, guiding; hence: mode of life, conduct.
G0073	ἀγών, ῶνος, ὁ	a contest	an (athletic) contest; hence, a struggle (in the soul).
G0074	ἀγωνία, ας, ἡ	contest, agony	(properly the feeling of the athlete before a contest), great fear, terror, of death; anxiety, agony.
G0075	ἀγωνίζομαι	I strive, contend	I am struggling, striving (as in an athletic contest or warfare); I contend, as with an adversary.
G0076	Ἀδάμ, ὁ	Adam	Adam, the first man, the first parent of the human race.
G0077	ἀδάπανος, ον	without expense, free	without expense, for which nothing has to be paid.
G0078	Ἀδδί, ὁ	Addi	Addi, son of Cosam, and father of Melchi, one of the ancestors of Jesus.
G0079	ἀδελφή, ῆς, ἡ	a sister	a sister, a woman (fellow-)member of a church, a Christian woman.
G0080	ἀδελφός, οῦ, ὁ	a brother	a brother, member of the same religious community, especially a fellow-Christian.
G0081	ἀδελφότης, τητος, ἡ	brotherhood	brotherhood (in the collective sense), the members of the Christian Church, Christendom.
G0082	ἄδηλος, ον	unseen, not obvious	unseen, not obvious, inconspicuous, indistinct.
G0083	ἀδηλότης, τητος, ἡ	uncertainty	the quality of being unseen (of disappearing), indefiniteness, uncertainty.
G0084	ἀδήλως	out of sight, uncertainly	out of sight, obscurely, inconspicuously, uncertainly, without certain aim.
G0085	ἀδημονέω	I am troubled, distressed	I feel fear, lack courage, am distressed, troubled.
G0086	ᾍδης, ου, ὁ	Hades	Hades, the unseen world.
G0087	ἀδιάκριτος, ον	unambiguous	without uncertainty, unambiguous, undivided, whole-hearted.
G0088	ἀδιάλειπτος, ον	unceasing, unremitting	unceasing, unremitting.
G0089	ἀδιαλείπτως	unceasingly	unceasingly, without remission.
G0090	ἀδιαφθορία, ας, ἡ	incorruptibility, soundness, integrity	incorruptibility, soundness, integrity, purity.
G0091	ἀδικέω	I act unjustly towards	I act unjustly towards, injure, harm.
G0092	ἀδίκημα, ατος, τό	a crime, misdeed	a legal wrong, crime (with which one is charged), misdeed, crime against God, a sin.
G0093	ἀδικία, ας, ἡ	unrighteousness	injustice, unrighteousness, hurt.
G0094	ἄδικος, ον	unjust, unrighteous	unjust, unrighteous, wicked.
G0095	ἀδίκως	unjustly	unjustly, undeservedly.
G0096	ἀδόκιμος, ον	failing to pass the test	failing to pass the test, unapproved, counterfeit.
G0097	ἄδολος, ον	pure	unadulterated, pure, guileless.
G0098	Ἀδραμυττηνός, ή, όν	belonging to Adramyttium	belonging to Adramyttium, a port in Mysia, in Asia Minor.
G0099	Ἀδρίας, ου, ὁ	the Adriatic Sea	the Hadria, a name given by sailors not merely to the Adriatic Sea, to which it properly belonged, but also to the open Mediterranean to the south-east of Italy, to the sea that lay between Malta, Italy, Greece, and Crete.
G0100	ἁδρότης, τητος, ἡ	lavishness	lavishness, lavish generosity, abundance, bounty.
G0101	ἀδυνατέω	to be impossible	to be impossible; I am unable.
G0102	ἀδύνατος, ον	incapable, impossible	of persons: incapable; of things: impossible; either the inability, or that which is impossible.
G0103	ᾄδω	I sing	I sing.
G0104	ἀεί	always	always, unceasingly, perpetually; on every occasion.
G0105	ἀετός, οῦ, ὁ	an eagle, bird of prey	an eagle, bird of prey.
G0106	ἄζυμος, ον	unleavened, the paschal feast, uncorrupted	unleavened, the paschal feast (a feast of the Hebrews); fig: uncorrupted, sincere.
G0107	Ἀζώρ, ὁ	Azor	Azor, son of Eliakim and father of Zadok, an ancestor of Jesus.
G0108	Ἄζωτος, ου, ἡ	Azotus, Ashdod	Azotus, Ashdod, a coast town of Palestine belonging to the ancient Philistia, and part of Herod's kingdom.
G0109	ἀήρ, ἀέρος, ὁ	air	air, the lower air we breathe.
G0110	ἀθανασία, ας, ἡ	immortality	immortality, imperishability, freedom from death.
G0111	ἀθέμιτος, ον	illegal, unlawful	illegal, unlawful, criminal, lawless.
G0112	ἄθεος, ον	godless	without god, without (the only true) God, godless.
G0113	ἄθεσμος, ον	lawless	lawless, unrestrained, licentious.
G0114	ἀθετέω	I annul	I annul, make of no effect, set aside, ignore, slight; I break faith with.
G0115	ἀθέτησις, εως, ἡ	nullification, abrogation	annulment, nullification, abrogation.
G0116	Ἀθῆναι, ῶν, αἱ	Athens	Athens, the intellectual capital of Greece.
G0117	Ἀθηναῖος, α, ον	Athenian	Athenian, belonging to Athens.
G0118	ἀθλέω	I compete	I engage, compete, in an (athletic) contest.
G0119	ἄθλησις, εως, ἡ	a contest	a struggling (as in an athletic contest).
G0120	ἀθυμέω	I lose heart	I lose heart, am despondent, am disheartened.
G0121	ἀθῷος, ον	guiltless	(sometimes: unpunished), guiltless, innocent.
G0122	αἴγειος, α, ον	of a goat	of a goat.
G0123	αἰγιαλός, οῦ, ὁ	sea-coast, beach	sea-coast, (sandy) beach; shore (of sea or lake), land.
G0124	Αἰγύπτιος, α, ον	Egyptian	Egyptian.
G0125	Αἴγυπτος, ου, ἡ	Egypt	Egypt.
G0126	ἀΐδιος, ον	eternal	eternal, everlasting.
G0127	αἰδώς, οῦς, ἡ	shame, modesty	shame, modesty.
G0128	Αἰθίοψ, οπος, ὁ	an Ethiopian	an Ethiopian, Abyssinian.
G0129	αἷμα, ατος, τό	blood	blood (especially as shed).
G0130	αἱματεκχυσία, ας, ἡ	a shedding or pouring forth of blood	a shedding or pouring forth of blood (in sacrifice).
G0131	αἱμορροέω	I suffer from a continual flow (oozing) of blood	I suffer from a continual flow (oozing) of blood.
G0132	Αἰνέας, α, ὁ	Aeneas	Aeneas, a citizen of Lydda.
G0133	αἴνεσις, εως, ἡ	praise	praise, commendation.
G0134	αἰνέω	I praise	I praise.
G0135	αἴνιγμα, ατος, τό	a riddle, an enigma	a riddle, an enigma.
G0136	αἶνος, ου, ὁ	praise	praise.
G0137	Αἰνών, ἡ	Aenon	Aenon; Eusebius and Jerome place this site 8 (Roman) miles south of Scythopolis near the Jordan.
G0138	αἱρέω	I choose, prefer	I choose, prefer.
G0139	αἵρεσις, εως, ἡ	a self-chosen opinion, a sect	a self-chosen opinion, a religious or philosophical sect, discord or contention.
G0140	αἱρετίζω	I choose	I choose.
G0141	αἱρετικός, ή, όν	factious	disposed to form sects, sectarian, heretical, factious.
G0142	αἴρω	I raise, lift up	I raise, lift up, take away, remove.
G0143	αἰσθάνομαι	I perceive	I perceive, understand.
G0144	αἴσθησις, εως, ἡ	perception	perception, understanding, discernment.
G0145	αἰσθητήριον, ου, τό	perceptive faculty	perceptive faculty.
G0146	αἰσχροκερδής, ες	greedy	greedy, fond of base gain.
G0147	αἰσχροκερδῶς	greedily	greedily, in a spirit of eagerness for base gain.
G0148	αἰσχρολογία, ας, ἡ	filthy speech	filthy speech, foul language.
G0150	αἰσχρός, ά, όν	base, disgraceful	base, disgraceful.
G0151	αἰσχρότης, τητος, ἡ	obscenity, indecency, baseness	obscenity, indecency, baseness.
G0152	αἰσχύνη, ης, ἡ	shame	shame, shamefacedness, shameful deeds.
G0153	αἰσχύνομαι	I am ashamed, am put to shame	I am ashamed, am put to shame.
G0154	αἰτέω	I ask, request, beg, petition	I ask, request, petition, demand.
G0155	αἴτημα, ατος, τό	a petition, request	a petition, request.
G0156	αἰτία, ας, ἡ	a cause, reason, charge	a cause, reason, excuse; a charge, accusation; guilt; circumstances, case.
G0157	αἰτίωμα, ατος, τό	a charge, accusation	a charge, accusation.
G0158	αἴτιον, ου, τό	cause, crime	cause, crime, guilt, criminality.
G0159	αἴτιος, ου, ὁ	the cause of, the originator of	the cause, author; the culprit, the accused; the crime.
G0160	αἰφνίδιος, ον	unexpected, sudden	unexpected, sudden.
G0161	αἰχμαλωσία, ας, ἡ	captivity	captivity; a captive multitude.
G0162	αἰχμαλωτεύω	I take captive	I take captive, captivate.
G0163	αἰχμαλωτίζω	I take captive, subdue, ensnare	I take captive (in war); I subdue, ensnare.
G0164	αἰχμάλωτος, ου, ὁ	a captive, prisoner	a captive (in war), a prisoner.
G0165	αἰών, ῶνος, ὁ	an age, a cycle of time	an age, a cycle (of time), especially of the present age as contrasted with the future age, and of one of a series of ages stretching to infinity.
G0166	αἰώνιος, ία, ιον	eternal, unending	age-long, and therefore: practically eternal, unending; partaking of the character of that which lasts for an age, as contrasted with that which is brief and fleeting.
G0167	ἀκαθαρσία, ας, ἡ	uncleanness, impurity	uncleanness, impurity.
G0169	ἀκάθαρτος, ον	unclean, impure	unclean, impure.
G0170	ἀκαιρέομαι	I am without a suitable opportunity	I am without a suitable opportunity.
G0171	ἀκαίρως	unseasonably	unseasonably, out of due season, inopportunely.
G0172	ἄκακος, ον	innocent, guileless, simple	innocent, guileless, simple.
G0173	ἄκανθα, ης, ἡ	a thorn-bush	a thorn-bush, prickly plant; a thorn.
G0174	ἀκάνθινος, η, ον	made of thorns	made of thorns.
G0175	ἄκαρπος, ον	unfruitful, barren	unfruitful, barren, profitless.
G0176	ἀκατάγνωστος, ον	uncondemned, unimpeachable	not open to just rebuke; irreprehensible.
G0177	ἀκατακάλυπτος, ον	not veiled, unveiled	unveiled, uncovered.
G0178	ἀκατάκριτος, ον	uncondemned	uncondemned, not yet tried.
G0179	ἀκατάλυτος, ον	indissoluble, that cannot be broken up	indissoluble, that cannot be broken up.
G0180	ἀκατάπαυστος, ον	not ceasing from, not abandoning	not ceasing from, not abandoning (giving up).
G0181	ἀκαταστασία, ας, ἡ	disturbance, upheaval, revolution	disturbance, upheaval, revolution, almost anarchy, first in the political, and thence in the moral sphere.
G0182	ἀκατάστατος, ον	unsettled, unstable	unsettled, unstable (though these are hardly strong enough equivalents), almost anarchic.
G0183	ἀκατάσχετος, ον	unrestrainable, unruly, untamable	unrestrainable, unruly, untamable.
G0184	Ἀκελδαμά	Akeldama	Akeldama (in Aramaic: field of blood).
G0185	ἀκέραιος, ον	simple, unsophisticated, innocent	(lit: unmixed) simple, unsophisticated, sincere, blameless.
G0186	ἀκλινής, ες	unbent, unyielding, resolute	unbent, unyielding, resolute, firm.
G0187	ἀκμάζω	I reach maturity, become ripe	I reach maturity, become ripe, am in full vigor.
G0188	ἀκμήν	even now	even now.
G0189	ἀκοή, ῆς, ἡ	hearing, faculty of hearing, ear	hearing, faculty of hearing, ear; report, rumor.
G0190	ἀκολουθέω	I accompany, attend, follow	I accompany, attend, follow.
G0191	ἀκούω	I hear, listen	I hear, listen, comprehend by hearing; pass: is heard, reported.
G0192	ἀκρασία, ας, ἡ	incontinence, intemperance, lack of restraint	incontinence, intemperance (in wide sense), lack of restraint.
G0193	ἀκρατής, ές	lacking self-control, inclined to excess	lacking self-control, powerless, inclined to excess.
G0194	ἄκρατος, ον	unmixed, undiluted	unmixed, undiluted, pure.
G0195	ἀκρίβεια, ας, ἡ	strictness, accuracy	strictness, accuracy, exactness, attention to detail, scrupulousness.
G0196	ἀκριβέστατος	most exact, strict	most exact, strict.
G0198	ἀκριβόω	I examine carefully, inquire strictly	I learn carefully, inquire with exactness.
G0199	ἀκριβῶς	carefully, exactly, strictly	carefully, exactly, strictly, distinctly.
G0200	ἀκρίς, ίδος, ἡ	a locust	a locust.
G0201	ἀκροατήριον, ίου, τό	auditorium, recitation hall, court room	auditorium, recitation hall, court room (for hearing cases).
G0202	ἀκροατής, οῦ, ὁ	a hearer of, a listener to	a hearer of, a listener to.
G0203	ἀκροβυστία, ας, ἡ	foreskin	(a technical word of Jewish use) foreskin, prepuce: used sometimes as a slang term by Jews, of Gentiles.
G0204	ἀκρογωνιαῖος, α, ον	in the corner, cornerstone	in the corner (of a building); subst: corner-(stone).
G0205	ἀκροθίνιον, ίου, τό	spoil, treasure	(lit: top of a heap), first-fruits, spoil, treasure (taken in war).
G0206	ἄκρον, ου, τό	the end, extremity	the end, extremity.
G0207	Ἀκύλας, ου, ὁ	Aquila	the Greek way of writing the Latin Aquila, a male proper name; the husband of Priscilla (Prisca), and a Jew, of a family belonging to (Sinope in ?) Pontus.
G0208	ἀκυρόω	I annul, make of no effect, cancel	I annul, make of no effect, cancel.
G0209	ἀκωλύτως	freely, without hindrance	(characteristic of legal documents), without hindrance, freely.
G0210	ἄκων, ἄκουσα, ἆκον	unwilling	unwilling, generally used where English would express by an adverb: unwillingly.
G0211	ἀλάβαστρον, ου, τό	an alabaster phial or bottle	a phial or bottle of perfumed ointment, usually of alabaster.
G0212	ἀλαζονεία, ας, ἡ	boasting, show, arrogant display	boasting, show, arrogant display, ostentation; plur: occasions of ostentation.
G0213	ἀλαζών, όνος, ὁ	a boaster	a boaster, one who gives one's self airs in a loud and flaunting way.
G0214	ἀλαλάζω	I cry aloud, a clanging or clashing cymbal	I cry aloud, raise a war-cry; a clanging or clashing cymbal.
G0215	ἀλάλητος, ον	unutterable, that baffles words	unutterable, that baffles words, unexpressed.
G0216	ἄλαλος, ον	unable to speak	unable to speak or articulate; speechless.
G0217	ἅλας, ατος, τό	salt	salt.
G0218	ἀλείφω	I anoint	I anoint: festivally, in homage, medicinally, or in anointing the dead.
G0219	ἀλεκτοροφωνία, ας, ἡ	cockcrow	the cockcrow, as a period of time, between midnight and 3 a.m.
G0220	ἀλέκτωρ, ορος, ὁ	a cock, rooster	a cock, rooster.
G0221	Ἀλεξανδρεύς, έως, ὁ	an Alexandrian	an Alexandrian, a native (or resident) of Alexandria in Egypt.
G0222	Ἀλεξανδρῖνος, η, ον	Alexandrian	Alexandrian, belonging to Alexandria in Egypt.
G0223	Ἀλέξανδρος, ου, ὁ	Alexander	Alexander, a name of Greek origin, (a) son of Simon of Cyrene, (b) the High Priest's kinsman, (c) an Ephesian Jew, (d) the coppersmith.
G0224	ἄλευρον, ου, τό	meal, flour	meal, flour.
G0225	ἀλήθεια, ας, ἡ	truth	truth, but not merely truth as spoken; truth of idea, reality, sincerity, truth in the moral sphere, divine truth revealed to man, straightforwardness.
G0226	ἀληθεύω	I say, speak truth, I do truth	I say (speak) truth, do truth, maintain truth (the truth).
G0227	ἀληθής, ές	unconcealed, true	unconcealed, true, true in fact, worthy of credit, truthful.
G0228	ἀληθινός, η, ον	true, real, genuine	true (lit: made of truth), real, genuine.
G0229	ἀλήθω	I grind	I grind.
G0230	ἀληθῶς	truly, really, certainly	truly, really, certainly, surely.
G0231	ἁλιεύς, έως, ὁ	a fisherman	a fisherman.
G0232	ἁλιεύω	I fish	I fish.
G0233	ἁλίζω	I salt, sprinkle with salt, keep fresh and sound	I salt, sprinkle with salt (of sacrifices or of those who offer sacrifice), keep fresh and sound, and so acceptable to God.
G0234	ἀλίσγημα, ατος, τό	pollution, perhaps a polluted thing	pollution, perhaps a polluted thing (especially of food).
G0235	ἀλλά	but, except	but, except, however.
G0236	ἀλλάσσω	I change, alter	I change, alter, exchange, transform.
G0237	ἀλλαχόθεν	from another quarter, by another way	from another place, by another way.
G0238	ἀλληγορέω	I speak allegorically	I speak allegorically.
G0239	Ἁλληλούϊα	Hallelujah, Praise the Lord	Hallelujah, Praise the Lord.
G0240	ἀλλήλων	one another	one another, each other.
G0241	ἀλλογενής, ες	of another nation, a foreigner	of another nation, a foreigner.
G0242	ἅλλομαι	I leap, bubble up	I leap, leap up; of water: I spring up, bubble up.
G0243	ἄλλος, η, ον	other, another, different	other, another (of more than two), different.
G0244	ἀλλοτριοεπίσκοπος, ου, ὁ	a prier into other men's affairs	one who meddles in things alien to his calling or in matters belonging to others; factious.
G0245	ἀλλότριος, ία, ιον	belonging to another person, foreign	belonging to another person, belonging to others, foreign, strange.
G0246	ἀλλόφυλος, ον	foreign	foreign, of another tribe or race.
G0247	ἄλλως	otherwise	otherwise, things that are otherwise.
G0248	ἀλοάω	I thresh	I thresh (wheat).
G0249	ἄλογος, ον	unreasonable, senseless	without reason, irrational; contrary to reason, absurd.
G0250	ἀλόη, ης, ἡ	aloes	aloes, the powdered fragrant aloe wood.
G0251	ἅλς, ἁλός, ὁ	salt	salt.
G0252	ἁλυκός, ή, όν	salty, saltine, bitter	salty, saltine, bitter.
G0253	ἄλυπος, ον	free from pain, grief, trouble	free from pain (grief, trouble).
G0254	ἅλυσις, εως, ἡ	a light chain	a (light) chain, bond.
G0255	ἀλυσιτελής, ές	profitless, unprofitable	profitless, unprofitable, ruinous, detrimental.
G0256	Ἀλφαίος, ου, ὁ	Alphaeus	Alphaeus; apparently two persons, (a) father of Levi, and (b) father of James.
G0257	ἅλων, ωνος, ἡ	a threshing-floor	a threshing-floor.
G0258	ἀλώπηξ, εκος, ἡ	a fox	a fox; a fox-like, crafty person.
G0259	ἅλωσις, εως, ἡ	capture, capturing	capture, capturing.
G0260	ἅμα	at the same time, along with	at the same time, therewith, along with, together with.
G0261	ἀμαθής, ές	unlearned, ignorant	unlearned, ignorant.
G0262	ἀμαράντινος, η, ον	unfading, fadeless	unfading, fadeless, enduring.
G0263	ἀμάραντος, ον	unfading	unfading, enduring.
G0264	ἁμαρτάνω	I sin	originally: I miss the mark, hence (a) I make a mistake, (b) I sin, commit a sin (against God); sometimes the idea of sinning against a fellow-creature is present.
G0265	ἁμάρτημα, ατος, τό	a fault, sin, evil deed	a fault, sin, evil deed.
G0266	ἁμαρτία, ας, ἡ	a sin	prop: missing the mark; hence: (a) guilt, sin, (b) a fault, failure (in an ethical sense), sinful deed.
G0267	ἀμάρτυρος, ον	without witness, untestified to	without witness, untestified to.
G0268	ἁμαρτωλός, ον	sinning, sinful, a sinner	sinning, sinful, depraved, detestable.
G0269	ἄμαχος, ον	not quarrelsome, peaceable	peaceable, abstaining from fighting, not contentious.
G0270	ἀμάω	I mow, reap	I mow, reap, collect.
G0271	ἀμέθυστος, ου, ἡ	amethyst	amethyst (a kind of rock crystal: the best specimens are the color of unmixed wine, whence perhaps the name), believed to stave off drunkenness.
G0272	ἀμελέω	I neglect	I neglect, am careless of, disregard.
G0273	ἄμεμπτος, ον	blameless	blameless, free from fault or defect.
G0274	ἀμέμπτως	blamelessly	blamelessly.
G0275	ἀμέριμνος, ον	free from anxiety	free from anxiety (though anxiety is rather too strong a word) or care.
G0276	ἀμετάθετος, ον	unchanged, unchangeable	unchanged, unchangeable.
G0277	ἀμετακίνητος, ον	immovable, firm	immovable, firm.
G0278	ἀμεταμέλητος, ον	not to be repented of	not to be repented of, about which no change of mind can take place, not affected by change of mind.
G0279	ἀμετανόητος, ον	unrepentant	unrepentant, impenitent.
G0280	ἄμετρος, ον	not measurable, immeasurable	not measurable, immeasurable, to a limitless degree.
G0281	ἀμήν	verily, truly, amen, so let it be	verily, truly, amen; at the end of sentences may be paraphrased by: So let it be.
G0282	ἀμήτωρ, ορος	whose mother's name is not recorded or known	(lit: motherless), whose mother's name is not recorded (or known).
G0283	ἀμίαντος, ον	undefiled, untainted	undefiled, untainted, free from contamination.
G0284	Ἀμιναδάβ, ὁ	Amminadab	Amminadab, son of Ram and father of Nahshon, one of the ancestors of Jesus.
G0285	ἄμμος, ου, ἡ	sand	sand, sandy ground.
G0286	ἀμνός, οῦ, ὁ	a lamb	a lamb (as a type of innocence, and with sacrificial connotation).
G0287	ἀμοιβή, ῆς, ἡ	a change, an exchange	a change, an exchange; hence plur: reciprocal good deeds (services), a fitting requital.
G0288	ἄμπελος, ου, ἡ	a vine	a vine, grape-vine.
G0289	ἀμπελουργός, οῦ, ὁ	a vine-dresser	a vine-dresser, gardener.
G0290	ἀμπελών, ῶνος, ὁ	a vineyard	a vineyard.
G0291	Ἀμπλίας, ου, ὁ	Ampliatus	Ampliatus (Amplias), a male member of the church at Rome, probably of the imperial household.
G0292	ἀμύνομαι	I defend	I ward off, defend myself against, resist, defend, assist.
G0293	ἀμφίβληστρον, ου, τό	a fishing net, drag-net	prop: something thrown around; a fishing-net, drag-net.
G0294	ἀμφιέννυμι	I put on, clothe	I put on, clothe.
G0295	Ἀμφίπολις, εως, ἡ	Amphipolis	Amphipolis, a leading city of Macedonia.
G0296	ἄμφοδον, ου, τό	a street, quarter, block	prop: a road around anything; the street of a village.
G0297	ἀμφότεροι, αι, α	both of two	both (of two).
G0298	ἀμώμητος, ον	without blame or fault	without blame or fault, unblemished.
G0299	ἄμωμος, ον	blameless	blameless, without blemish, unblemished, faultless.
G0300	Ἀμών, ὁ	Amon	Amon (Amos), son of Manasseh and father of Josiah, an ancestor of Jesus.
G0301	Ἀμώς, ὁ	Amos	Amos, son of Manasseh and father of Josiah, an ancestor of Jesus.
G0302	ἄν	an untranslatable word that makes a statement contingent	an untranslatable word (under the circumstances, in that case, anyhow), the general effect of which is to make a statement contingent, which would otherwise be definite: it is thus regularly used with the subjunctive mood.
G0303	ἀνά	and, apiece, by, each, every, in, through	prep. Rare in NT; prop: upwards, up; among, between; in turn; apiece, by; as a prefix: up, to, anew, back.
G0304	ἀναβαθμός, οῦ, ὁ	a step, a flight of steps	a step, a flight of steps; the well-known "stairs" leading up from the temple to the tower of Antonia at Jerusalem.
G0305	ἀναβαίνω	I go up, mount, ascend	I go up, mount, ascend; of things: I rise, spring up, come up.
G0306	ἀναβάλλω	I postpone, defer	I postpone, defer, especially: I postpone the trial of.
G0307	ἀναβιβάζω	I draw up	I draw up, as a net to shore.
G0308	ἀναβλέπω	I look up, recover my sight	I look up, recover my sight.
G0309	ἀνάβλεψις, εως, ἡ	recovery of sight	recovery of sight.
G0310	ἀναβοάω	I shout upwards, cry out, raise my voice	I shout upwards, cry out, raise my voice.
G0311	ἀναβολή, ῆς, ἡ	postponement, delay, putting off	postponement, delay, putting off.
G0312	ἀναγγέλλω	I announce, make known, report	I bring back word, report; I announce, declare.
G0313	ἀναγεννάω	I beget again, beget into a new life	I beget again, beget into a new life.
G0314	ἀναγινώσκω	I read	I read, know again, know certainly, recognize, discern.
G0315	ἀναγκάζω	I force, compel	I force, compel, constrain, urge.
G0316	ἀναγκαῖος, α, ον	necessary, essential	necessary, essential, intimate, right, proper.
G0317	ἀναγκαστῶς	by force, necessarily	by way of compulsion, unwillingly, by force, necessarily.
G0318	ἀνάγκη, ης, ἡ	necessity, constraint, compulsion	necessity, constraint, compulsion; there is need to; force, violence.
G0319	ἀναγνωρίζω	I make known to again, make to be recognized	I recognize; pass: I am made known, cause myself to be recognized.
G0320	ἀνάγνωσις, εως, ἡ	reading	recognition, reading; public reading (of the law and prophets in synagogue or church).
G0321	ἀνάγω	I lead up, put to sea, set sail	I lead up, bring up, offer, produce, put to sea, set sail.
G0322	ἀναδείκνυμι	I show forth, show clearly, proclaim, appoint	I show forth, show clearly; hence: I proclaim (a person's appointment to an office), appoint.
G0323	ἀνάδειξις, εως, ἡ	the proclamation of an appointment	the proclamation of an appointment (to an office); perhaps rather admission to membership of a society.
G0324	ἀναδέχομαι	I welcome, receive kindly, undertake	I welcome, receive kindly; I undertake, assume the responsibility of.
G0325	ἀναδίδωμι	I send up, deliver, hand over	I send up, deliver, hand over, yield.
G0326	ἀναζάω	I come to life again, revive	I come to life again, revive, regain life.
G0327	ἀναζητέω	I seek out, search for	I seek out, search for (implying the difficulty of the task).
G0328	ἀναζώννυμι	I gird up, brace up	I gird up, brace up (with a view to active exertion); a metaphor from the girding of the flowing tunic, to prevent its hampering one in active work.
G0329	ἀναζωπυρέω	I stir up the fire, fan the flame of	I stir up the fire, fan the flame of.
G0330	ἀναθάλλω	I thrive or flourish again	I thrive or flourish again, revive.
G0331	ἀνάθεμα, ατος, τό	a curse, a cursed thing	a votive offering, a thing devoted to God; a curse, the thing cursed.
G0332	ἀναθεματίζω	I curse, invoke curses	I curse, invoke curses, devote to destruction.
G0333	ἀναθεωρέω	I look at attentively, consider	I look at attentively, gaze at, consider.
G0334	ἀνάθημα, ατος, τό	an offering dedicated by a worshipper	an offering dedicated (hung up in a temple) by a worshipper; a gift or offering consecrated to God.
G0335	ἀναίδεια, ας, ἡ	shamelessness, shameless persistence	shamelessness, shameless persistence (e.g. in greed).
G0336	ἀναίρεσις, εως, ἡ	killing, slaying, murder	taking away (of life), killing, slaying, murder.
G0337	ἀναιρέω	I take up, abolish, murder	I take up, take away the life of, make an end of, murder.
G0338	ἀναίτιος, ον	guiltless	guiltless, innocent.
G0339	ἀνακαθίζω	I sit up	I sit up.
G0340	ἀνακαινίζω	I renew, restore	I make fresh again, renew, restore.
G0341	ἀνακαινόω	I renew, amend, change	I renew, make new again.
G0342	ἀνακαίνωσις, εως, ἡ	renewing	renewing; a renewal or change of heart and life.
G0343	ἀνακαλύπτω	I unveil	I unveil, uncover.
G0344	ἀνακάμπτω	I return	I bend or turn back; I return.
G0345	ἀνάκειμαι	I recline, especially at a dinner-table	I recline, especially at a dinner-table.
G0346	ἀνακεφαλαιόω	I sum up, summarize, recapitulate, gather up in one	I sum up, summarize, recapitulate, gather up in one.
G0347	ἀνακλίνω	I make to recline, I recline at a table	I lay upon, lean against, lay down, make to recline; pass: I lie back, recline.
G0349	ἀνακράζω	I shout aloud	I shout aloud, cry out.
G0350	ἀνακρίνω	I examine, inquire into	I examine, inquire into, investigate, question.
G0351	ἀνάκρισις, εως, ἡ	judicial examination, preliminary inquiry	judicial examination, preliminary inquiry.
G0352	ἀνακύπτω	I raise myself, look up	I raise myself, look up, am elated.
G0353	ἀναλαμβάνω	I take up, raise	I take up, raise; I pick up, take on board; I carry off, lead away.
G0354	ἀνάληψις, εως, ἡ	a taking up, lifting up	a taking up, lifting up.
G0355	ἀναλίσκω	I destroy, annihilate	I destroy, annihilate, expend, consume.
G0356	ἀναλογία, ας, ἡ	proportion, measure	proportion, measure, analogy.
G0357	ἀναλογίζομαι	I think upon, consider attentively	I think upon, consider attentively.
G0358	ἄναλος, ον	saltless, tasteless, flat	saltless, tasteless, flat.
G0359	ἀνάλυσις, εως, ἡ	departing, departure from this life	a loosing, departing, departure (from this life); (Probably a metaphor from the yoking and unyoking of transport animals).
G0360	ἀναλύω	I depart, return	I unloose, unloose for departure, depart, return.
G0361	ἀναμάρτητος, ον	without blame, faultless	without blame, faultless, unerring.
G0362	ἀναμένω	I await	I await (one whose coming is expected).
G0363	ἀναμιμνήσκω	I remind, admonish, remember	I remind, admonish, am reminded, remind myself; pass: I remember, recall.
G0364	ἀνάμνησις, εως, ἡ	a recalling, remembrance, memory	a recalling, remembrance, memory.
G0365	ἀνανεόω	I renew	I renew; mid: I renew myself, am renewed.
G0366	ἀνανήφω	I become sober again, recover sound sense	I become sober again, recover sound sense.
G0367	Ἀνανίας, α, ὁ	Ananias	Ananias, (a) husband of Sapphira, a member of the early church at Jerusalem, (b) a member of the church at Damascus, (c) the high priest at Jerusalem.
G0368	ἀναντίρρητος, ον	indisputable, not to be contradicted	indisputable, undeniable, not to be contradicted.
G0369	ἀναντιρρήτως	without contradiction	without contradiction, without hesitation, promptly.
G0370	ἀνάξιος, ον	unworthy, inadequate	unworthy, inadequate.
G0371	ἀναξίως	unworthily, in an unworthy manner	unworthily, in an unworthy manner.
G0372	ἀνάπαυσις, εως, ἡ	rest, cessation from labor, refreshment	rest, cessation from labor, refreshment.
G0373	ἀναπαύω	I make to rest, give rest to, rest, take my ease	I make to rest, give rest to; mid. and pass: I rest, take my ease.
G0374	ἀναπείθω	I urge by evil persuasion, I tempt	I persuade, incite, seduce, tempt.
G0375	ἀναπέμπω	I send up to a higher tribunal, I send back	I send up (to a higher tribunal), send back.
G0376	ἀνάπηρος, ον	crippled, maimed	crippled, maimed.
G0377	ἀναπίπτω	I lie down, recline, fall back upon	I lie down, recline (at a dinner-table), fall back upon (the breast of another person reclining at dinner).
G0378	ἀναπληρόω	I fill up, make up, fulfill	I fill up, make up, complete the measure of, fulfill, carry out the commands (provisions, etc.) of.
G0379	ἀναπολόγητος, ον	indefensible, inexcusable	without (ground of) defense, indefensible, inexcusable.
G0380	ἀναπτύσσω	I unroll	I unroll, roll back, unfold.
G0381	ἀνάπτω	I kindle, set on fire	I kindle, set on fire, light.
G0382	ἀναρίθμητος, ον	uncountable, innumerable	uncountable, innumerable, that cannot be numbered.
G0383	ἀνασείω	I shake up, stir up, excite	I shake up, stir up, excite.
G0384	ἀνασκευάζω	I pervert, unsettle, destroy	I pervert, subvert, dismantle, unsettle, overthrow, destroy.
G0385	ἀνασπάω	I drag up, pull up	I drag up, pull up, draw up, draw out.
G0386	ἀνάστασις, εως, ἡ	a rising again, resurrection	a rising again, resurrection.
G0387	ἀναστατόω	I turn upside down, upset, unsettle	(perhaps a political metaphor), I turn upside down, upset, unsettle.
G0388	ἀνασταυρόω	I crucify again	I impede, crucify (again).
G0389	ἀναστενάζω	I groan or sigh deeply	I groan or sigh deeply.
G0390	ἀναστρέφω	I overturn, turn upside down, return, mid. and pass: I conduct myself, live	I overturn; I turn back, return; I turn hither and thither; pass: I turn myself about; I sojourn, dwell; I conduct myself, behave, live.
G0391	ἀναστροφή, ῆς, ἡ	behavior, manner of life	dealing with other men, conduct, life, behavior, manner of life.
G0392	ἀνατάσσομαι	I arrange, draw up, compose	I arrange, draw up, compose, but perhaps: I set down from memory, restore from memory.
G0393	ἀνατέλλω	I make to rise, I rise, shine	I make to rise, I rise, shine (generally of the sun, and hence met.).
G0394	ἀνατίθημι	I lay a case before, impart, communicate, relate	I lay (a case) before, impart, communicate, declare, relate (with a view to consulting).
G0395	ἀνατολή, ῆς, ἡ	rising of the sun, the East	(a) rising of the sun, hence (b) (sing. and plur.) the quarter whence the sun rises, the East.
G0396	ἀνατρέπω	I subvert, overturn, overthrow	I overturn (lit. or met.), subvert, overthrow, corrupt.
G0397	ἀνατρέφω	I rear, bring up	I rear, bring up, nourish, educate.
G0398	ἀναφαίνω	I sight, I appear	(a) a nautical term: I sight (a place), (b) mid: I appear (as it were, out of the unseen), (c) I bring to light, make to appear.
G0399	ἀναφέρω	I carry up, lead up, offer up	(a) I carry up, lead up, (b) I offer up (on a high altar) as a sacrifice, offer up to God on high.
G0400	ἀναφωνέω	I call out, shout	I call out, shout, exclaim.
G0401	ἀνάχυσις, εως, ἡ	outpouring, excess	outpouring, excess, overflow, a pouring out.
G0402	ἀναχωρέω	I return, retire, depart, withdraw	I return, retire, withdraw, depart (underlying idea perhaps of taking refuge from danger or of going into retirement).
G0403	ἀνάψυξις, εως, ἡ	refreshing, refreshment	a refreshing, refreshment.
G0404	ἀναψύχω	I refresh, revive, comfort	I refresh, revive, comfort.
G0405	ἀνδραποδιστής, οῦ, ὁ	an enslaver, a kidnapper	an enslaver, one who forcibly enslaves, a kidnapper.
G0406	Ἀνδρέας, ου, ὁ	Andrew	Andrew, brother of Simon Peter, and one of the apostles of Jesus, belonging to Bethsaida.
G0407	ἀνδρίζομαι	I act like a man, am brave	I act like a man, am brave.
G0408	Ἀνδρόνικος, ου, ὁ	Andronicus	Andronicus, a member of the Roman church, and a kinsman or fellow-tribesman of Paul.
G0409	ἀνδροφόνος, ου, ὁ	a murderer	a murderer, man-slayer.
G0410	ἀνέγκλητος, ον	irreproachable, blameless	irreproachable, blameless.
G0411	ἀνεκδιήγητος, ον	indescribable, that cannot be thoroughly related	indescribable, that cannot be thoroughly related, inexpressible.
G0412	ἀνεκλάλητος, ον	unspeakable	unspeakable.
G0413	ἀνέκλειπτος, ον	unfailing	unfailing.
G0414	ἀνεκτός, ή, όν	endurable, tolerable	endurable, tolerable.
G0415	ἀνελεήμων, ον	without compassion, cruel	unpitying, unmerciful, without compassion, cruel.
G0416	ἀνεμίζω	I am blown with the wind	I am blown with the wind (referring to the gentler motions of the air).
G0417	ἄνεμος, ου, ὁ	the wind	the wind; fig: applied to empty doctrines.
G0418	ἀνένδεκτος, ον	impossible	impossible, inadmissible.
G0419	ἀνεξερεύνητος, ον	that cannot be searched into, inscrutable	that cannot be searched into, inscrutable, unfathomable.
G0420	ἀνεξίκακος, ον	enduring evil, patient of evil	enduring evil, patient of evil, patiently forbearing.
G0421	ἀνεξιχνίαστος, ον	incomprehensible	that cannot be explored, incomprehensible.
G0422	ἀνεπαίσχυντος, ον	having no cause to be ashamed	having no cause to be ashamed.
G0423	ἀνεπίληπτος, ον	irreproachable	irreproachable, never caught doing wrong.
G0424	ἀνέρχομαι	I come up, go up	I come up, go up, ascend.
G0425	ἄνεσις, εως, ἡ	relief, remission, indulgence, freedom, rest	relief, remission, indulgence, freedom, rest.
G0426	ἀνετάζω	I examine judicially	I examine (a person on trial, a witness) judicially (frequently by the aid of torture).
G0427	ἄνευ	without, without the cooperation or knowledge of	without, without the cooperation (or knowledge) of.
G0428	ἀνεύθετος, ον	unsuitable, inconvenient	unfitted, unsuitable, inconvenient, not well placed.
G0429	ἀνευρίσκω	I find by seeking out	I find by seeking out, discover.
G0430	ἀνέχομαι	I endure, bear with	I endure, bear with, have patience with, suffer, admit, persist.
G0431	ἀνεψιός, οῦ, ὁ	a cousin	a cousin, nephew.
G0432	ἄνηθον, ου, τό	anise, dill	anise, dill.
G0433	ἀνήκω	is due, becoming, suitable, proper	is due, becoming, suitable, proper.
G0434	ἀνήμερος, ον	not tame, fierce	not tame, fierce, savage.
G0435	ἀνήρ, ἀνδρός, ὁ	a male human being, a man	a male human being; a man, husband.
G0436	ἀνθίστημι	I take a stand against, oppose, resist	I set against; I withstand, resist, oppose.
G0437	ἀνθομολογέομαι	I confess, give thanks to	I make a mutual agreement; I confess, acknowledge, formally admit, give thanks to.
G0438	ἄνθος, ους, τό	bloom, flower	bloom, possibly a reference to the bright flowers, such as poppies (among the grass).
G0439	ἀνθρακιά, ᾶς, ἡ	a heap of burning coals	a coal-fire, a heap of burning coals.
G0440	ἄνθραξ, ακος, ὁ	a coal	coal, charcoal, a burning coal.
G0441	ἀνθρωπάρεσκος, ον	desirous of pleasing men	desirous of pleasing men, a renderer of service to human beings (as opposed to God).
G0442	ἀνθρώπινος, η, ον	belonging to human beings, human	belonging to human beings (especially as contrasted with God), human (as contrasted with divine).
G0443	ἀνθρωποκτόνος, ου, ὁ	a murderer	a murderer, man-slayer.
G0444	ἄνθρωπος, ου, ὁ	a man, one of the human race	a man, one of the human race.
G0445	ἀνθυπατεύω	to act as proconsul, be a deputy	to act as proconsul, be a deputy.
G0446	ἀνθύπατος, ου, ὁ	a proconsul	a proconsul.
G0447	ἀνίημι	I let go, loosen, release, give up, neglect	I send up, produce, send back; I let go; I relax, loosen, hence met: I give up, desist from.
G0448	ἀνέλεος, ον	without mercy	without mercy, merciless.
G0449	ἄνιπτος, ον	unwashed	unwashed, ceremonially unclean.
G0450	ἀνίστημι	I raise up, set up, rise from	I raise up, set up; I rise from among (the) dead; I arise, appear.
G0451	Ἅννα, ας, ἡ	Anna	Anna, a prophetess, who visited the infant Jesus.
G0452	Ἄννας, α, ὁ	Annas	Annas, high priest at Jerusalem.
G0453	ἀνόητος, ον	foolish, thoughtless	foolish, thoughtless.
G0454	ἄνοια, ας, ἡ	folly, madness	folly, madness, foolishness.
G0455	ἀνοίγω	I open	I open.
G0456	ἀνοικοδομέω	I rebuild, build up, build	I rebuild, build up (what has fallen or been razed to the ground), sometimes merely: I build.
G0457	ἄνοιξις, εως, ἡ	the act of opening	the act of opening.
G0458	ἀνομία, ας, ἡ	lawlessness, iniquity	lawlessness, iniquity, disobedience, sin.
G0459	ἄνομος, ον	lawless, sinful, illegal	lawless, wicked, without law.
G0460	ἀνόμως	without law	without law, lawlessly.
G0461	ἀνορθόω	I make straight again, rear again, restore	I make upright (straight) again, rear again, restore.
G0462	ἀνόσιος, ον	regarding nothing as holy	unholy, profane.
G0463	ἀνοχή, ῆς, ἡ	forbearance	forbearance, suspense or delay (of punishment), patience.
G0464	ἀνταγωνίζομαι	I resist, strive against	I resist, strive against, contend.
G0465	ἀντάλλαγμα, ατος, τό	an exchange, purchasing price	an exchange, purchasing price.
G0466	ἀνταναπληρόω	I fill up in place of someone else	I fill up in place of someone else, complete, supply.
G0467	ἀνταποδίδωμι	I give in return	I give in return, recompense.
G0468	ἀνταπόδομα, ατος, τό	a gift in return, a return, a recompense	a gift in return (for another), a return, recompense, requital.
G0469	ἀνταπόδοσις, εως, ἡ	a reward, recompense	a reward, recompense.
G0470	ἀνταποκρίνομαι	I contradict	I contradict, reply against, give a hostile answer.
G0471	ἀντεῖπον	I speak or say in opposition, I contradict	I speak or say in opposition, contradict (oppose, resist).
G0472	ἀντέχομαι	I hold fast to	trans: I hold against; intrans: I withstand; mid: I hold out against, hold firmly to, cleave to.
G0473	ἀντί	instead of, for	(a) instead of, in return for, over against, opposite, in exchange for, as a substitute for, (b) on my behalf, (c) wherefore, because.
G0474	ἀντιβάλλω	I throw at in opposition, exchange words with	I throw at in opposition, exchange (words) with, perhaps: I compare.
G0475	ἀντιδιατίθεμαι	I oppose	I set myself against, oppose.
G0476	ἀντίδικος, ου, ὁ	an opponent, adversary	an opponent (at law), an adversary.
G0477	ἀντίθεσις, εως, ἡ	opposition	a proposition, tenet, opinion advanced by one party against another; opposition.
G0478	ἀντικαθίστημι	I resist	I resist, supersede, replace, oppose.
G0479	ἀντικαλέω	I invite in return	I invite in return.
G0480	ἀντίκειμαι	I resist, oppose	I resist, oppose, withstand, lie opposite to.
G0481	ἀντικρύ	right opposite, over against	right opposite, off (nautical sense), over against.
G0482	ἀντιλαμβάνομαι	I take hold of, help, share in	I take hold of, help, share in, partake of, enjoy.
G0483	ἀντιλέγω	I speak or say in opposition, contradict	I speak or say in opposition, contradict (oppose, resist).
G0484	ἀντίληψις, εως, ἡ	help, ministration	help, ministration; one who aids.
G0485	ἀντιλογία, ας, ἡ	contradiction, contention, rebellion	contradiction, contention, rebellion.
G0486	ἀντιλοιδορέω	I abuse in return, give abuse for abuse	I abuse in return, give abuse for abuse.
G0487	ἀντίλυτρον, ου, τό	a ransom	a ransom.
G0488	ἀντιμετρέω	I measure in return, give equivalent measure	I measure in return, give equivalent measure.
G0489	ἀντιμισθία, ας, ἡ	a reward, recompense	a reward, recompense, retribution.
G0490	Ἀντιόχεια, ας, ἡ	Antioch	Antioch, (a) Antioch on the river Orontes, capital of the Province Syria, (b) "Pisidian" Antioch, not in Pisidia, but near Pisidia, in the Roman Province Galatia.
G0491	Ἀντιοχεύς, έως, ὁ	an Antiochian	an Antiochian, an inhabitant of Antioch.
G0492	ἀντιπαρέρχομαι	I pass opposite	I pass opposite, on the opposite side of the road.
G0493	Ἀντίπας, α, ὁ	Antipas	Antipas, a Christian martyr of Pergamum.
G0494	Ἀντιπατρίς, ίδος, ἡ	Antipatris	Antipatris, a town, where was a Roman colony, on the road between Caesarea and Jerusalem.
G0495	ἀντιπέραν	on the opposite side or shore	on the opposite side or shore.
G0496	ἀντιπίπτω	I fall foul of, resist, oppose	I resist, oppose, fall against or upon.
G0497	ἀντιστρατεύομαι	I campaign against, war against	I campaign against, war against.
G0498	ἀντιτάσσομαι	I set myself against, resist	I set myself against, resist (the attack of).
G0499	ἀντίτυπος, ον	typical of, representing by type or pattern	typical of, representing by type (or pattern), corresponding to, an image.
G0500	ἀντίχριστος, ου, ὁ	antichrist	antichrist, either one who puts himself in the place of, or the enemy (opponent) of the Messiah.
G0501	ἀντλέω	I draw, draw out	I draw (generally water from a deep well in the ground); perhaps: I draw out.
G0502	ἄντλημα, ατος, τό	a pail	what is drawn; a vessel or bucket to draw with.
G0503	ἀντοφθαλμέω	I face, resist	I face (lit: "I present my eye to"), resist, withstand; as nautical term: I bear up against the wind.
G0504	ἄνυδρος, ον	without water, dry	without water, dry; subst: dry places, desert.
G0505	ἀνυπόκριτος, ον	unfeigned, without hypocrisy	unfeigned, without hypocrisy, sincere.
G0506	ἀνυπότακτος, ον	unruly	not subject to rule, unruly.
G0507	ἄνω	up, above, things above, heaven	up, above, up to the top, up to the brim, things above, heaven, the heavenly region.
G0508	ἀνώγεον, ου, τό	an upper room	an upper room.
G0509	ἄνωθεν	from above, from the beginning, again	(a) from above, from heaven, (b) from the beginning, from their origin (source), from of old, (c) again, anew.
G0510	ἀνωτερικός, ή, όν	upper, higher-lying	upper, higher-lying, inland.
G0511	ἀνώτερον	higher, to a more honorable place, previously, above	higher, to a more honorable place (at the dinner table); previously, in an earlier passage (or a book), above.
G0512	ἀνωφελής, ές	useless, unprofitable	useless, unprofitable.
G0513	ἀξίνη, ης, ἡ	an axe	an axe.
G0514	ἄξιος, ία, ιον	worthy, worthy of, deserving	worthy, worthy of, deserving, comparable, suitable.
G0515	ἀξιόω	I account or treat as worthy	I account or treat as worthy.
G0516	ἀξίως	worthily, in a manner worthy of	worthily, in a manner worthy of.
G0517	ἀόρατος, ον	unseen, invisible	unseen, invisible.
G0518	ἀγγέλλω	I announce, report	I announce, report.
G0518	ἀπαγγέλλω	I report, bring a report, announce	I report (from one place to another), bring a report, announce, declare.
G0519	ἀπάγχω	I choke, strangle	I choke, strangle; mid: I strangle or hang myself.
G0520	ἀπάγω	I lead, carry, take away	I lead, carry, take away; met: I am led astray, seduced.
G0521	ἀπαίδευτος, ον	untrained, uneducated	untrained, uneducated, showing a want of training or education, ignorant.
G0522	ἀπαίρω	I take away, remove	I take away, remove; pass: I am taken away, withdrawn.
G0523	ἀπαιτέω	I ask back, ask what is my due	I ask back, ask what is my due, demand back.
G0524	ἀπαλγέω	I am past feeling, cease to care, become callous	(lit: I cease to feel [my] pain), am past feeling, cease to care (suggesting sometimes despair, sometimes recklessness), become callous, reckless.
G0525	ἀπαλλάσσω	I free from	I free (a person) from (anything), oftener in the middle voice: I am released from, am rid of (a person or thing), depart.
G0526	ἀπαλλοτριόομαι	I estrange, alienate	I estrange, alienate; pass: I am alienated from.
G0527	ἁπαλός, ή, όν	tender	soft, tender, as a shoot of a tree.
G0528	ἀπαντάω	I meet, encounter	I go to meet, meet, encounter.
G0529	ἀπάντησις, εως, ἡ	the act of meeting, to meet	the act of meeting, to meet (a phrase seemingly almost technical for the reception of a newly arrived official).
G0530	ἅπαξ	once, once for all	once, once for all.
G0531	ἀπαράβατος, ον	inviolable, unchangeable	inviolable, unchangeable.
G0532	ἀπαρασκεύαστος, ον	unprepared	unprepared.
G0533	ἀπαρνέομαι	I deny, disown, disregard	I deny, disown, repudiate (either another person or myself), disregard.
G0535	ἀπαρτισμός, οῦ, ὁ	completion, perfection.	0568
G0536	ἀπαρχή, ῆς, ἡ	the first-fruits	the first-fruits, the earliest crop of the year, hence also met., for example, of the earliest converts in a district; there is evidence in favor of rendering in some passages merely by: sacrifice, gift.
G0537	ἅπας, ασα, αν	all, the whole	all, the whole, altogether.
G0538	ἀπατάω	I deceive, lead into error	I deceive, cheat, lead into error.
G0539	ἀπάτη, ης, ἡ	deceit, deception	deceit, deception, deceitfulness, delusion.
G0540	ἀπάτωρ, ορος, τό	without father, of unknown father	without (recorded) father, of unknown father.
G0541	ἀπαύγασμα, ατος, τό	a light flashing forth, radiation, gleam	a light flashing forth (from), radiation, gleam.
G0543	ἀπείθεια, ας, ἡ	willful unbelief, obstinacy, disobedience	willful unbelief, obstinacy, disobedience.
G0544	ἀπειθέω	I disobey, rebel, am disloyal	I disobey, rebel, am disloyal, refuse conformity.
G0545	ἀπειθής, ές	unbelieving, disobedient	unbelieving, disobedient, who will not be persuaded.
G0546	ἀπειλέω	I threaten, forbid by threatening	I threaten, forbid by threatening.
G0547	ἀπειλή, ῆς, ἡ	a threatening, threat	a threatening, threat.
G0548	ἄπειμι	I am absent	I am absent.
G0549	ἄπειμι	I go away, depart	I go away, depart.
G0550	ἀπεῖπον	I renounce, disown	I renounce, disown, forbid, refuse.
G0551	ἀπείραστος, ον	untried, inexperienced, incapable of being tempted	untried, inexperienced, untempted, incapable of being tempted.
G0552	ἄπειρος, ον	inexperienced, unskillful	inexperienced, unskillful, ignorant.
G0553	ἀπεκδέχομαι	I expect eagerly, wait for eagerly	I expect eagerly, wait for eagerly, look for.
G0554	ἀπεκδύομαι	I strip, divest, renounce	I strip, divest, renounce.
G0555	ἀπέκδυσις, εως, ἡ	a putting off, casting off	a putting off (as of a garment), a casting off.
G0556	ἀπελαύνω	I drive away	I drive away.
G0557	ἀπελεγμός, οῦ, ὁ	refutation, rejection, disrepute	refutation, rejection, hence: disrepute, contempt.
G0558	ἀπελεύθερος, ου, ὁ	a freedman	a freedman, one who has been a slave but has been manumitted by his master.
G0559	Ἀπελλῆς, οῦ, ὁ	Apelles	Apelles, a Christian (man) in Rome.
G0560	ἀπελπίζω	I despair	I give up in despair, despair of; I hope to receive from or in return.
G0561	ἀπέναντι	over against, opposite, in view of, in the presence of	against, over against, opposite, in view of, in the presence of.
G0562	ἀπέραντος, ον	unaccomplished, unending, endless	unaccomplished, unending, endless.
G0563	ἀπερισπάστως	without distraction, without being distracted	without distraction, without being distracted.
G0564	ἀπερίτμητος, ον	uncircumcised, unclean	uncircumcised.
G0565	ἀπέρχομαι	I come or go away from, depart, return	I come or go away from, depart, return, arrive, go after, follow.
G0567	ἀπέχομαι	I abstain from	I abstain from, keep myself away from.
G0568	ἀπέχω	I have in full, am far, it is enough	I have in full, am far, it is enough.
G0569	ἀπιστέω	I am unfaithful, I disbelieve	I am unfaithful, disbelieve, refuse belief, prove false.
G0570	ἀπιστία, ας, ἡ	unbelief, unfaithfulness, distrust	unbelief, unfaithfulness, distrust.
G0571	ἄπιστος, ον	unbelieving, incredulous, unchristian, unbeliever	unbelieving, incredulous, unchristian; sometimes subst: unbeliever.
G0572	ἁπλότης, τητος, ἡ	simplicity, sincerity, purity	simplicity, sincerity, purity, graciousness.
G0573	ἁπλοῦς, ῆ, οῦν	single, simple, sound	single, simple, sound, perfect.
G0574	ἁπλῶς	simply, sincerely	simply, sincerely, graciously, bountifully.
G0575	ἀπό	from, away from	from, away from.
G0576	ἀποβαίνω	I go or come out of, disembark, result	I go or come out of, disembark, turn out, result, become, happen.
G0577	ἀποβάλλω	I throw away from, throw overboard	I throw away from, throw overboard, cast aside.
G0578	ἀποβλέπω	I look away from, turn my attention to	I look away from all else at one object, look steadfastly.
G0579	ἀπόβλητος, ον	worthy to be cast away, worthless	worthy to be cast away, worthless, regarded as vile.
G0580	ἀποβολή, ῆς, ἡ	a casting away, rejection, loss	a casting away, rejection, a loss.
G0581	ἀπογίνομαι	I go out of being, cease to be, die	I am away, am removed from, depart life, die.
G0582	ἀπογραφή, ῆς, ἡ	an enrollment, census-taking, record	an enrollment, census-taking, record.
G0583	ἀπογράφω	I enroll, inscribe in a register	I enroll, inscribe in a register; mid: I give my name for registration (or census-taking).
G0584	ἀποδείκνυμι	I show by proof, demonstrate, set forth	I show by proof, demonstrate, set forth, proclaim to an officer.
G0585	ἀπόδειξις, εως, ἡ	demonstration, proof	demonstration, proof; a showing off.
G0586	ἀποδεκατόω	I take off a tenth part, pay tithe	I take off (deduct) a tenth part (of my property) (and give it away), pay tithe.
G0587	ἀπόδεκτος, ον	worthy to be received, acceptable, welcome	worthy to be received (welcomed), acceptable, welcome, pleasant.
G0588	ἀποδέχομαι	I receive, welcome, entertain	I receive, welcome, entertain (with hospitality), embrace.
G0589	ἀποδημέω	I go into another country	I am away from home, go into another country, am away, am abroad.
G0590	ἀπόδημος, ον	away from home	away from home, sojourning in another country.
G0591	ἀποδίδωμι	I give back, return, sell	(a) I give back, return, restore, (b) I give, render, as due, (c) mid: I sell.
G0592	ἀποδιορίζω	I make a distinction	I make a logical distinction, make an invidious distinction.
G0593	ἀποδοκιμάζω	I reject after testing, I disqualify	I reject after testing (examination), disqualify.
G0594	ἀποδοχή, ῆς, ἡ	acceptance, appreciation, approbation	(properly: reception, welcome, of guests), acceptance, appreciation, approbation.
G0595	ἀπόθεσις, εως, ἡ	a putting off, a laying down	a putting off, a laying down.
G0596	ἀποθήκη, ης, ἡ	a repository, granary, barn, storehouse	a repository, granary, barn, storehouse.
G0597	ἀποθησαυρίζω	I store up, treasure up	I store up, treasure up.
G0598	ἀποθλίβω	I jostle	(lit: I rub), jostle, press hard, crowd.
G0599	ἀποθνῄσκω	I am dying, am about to die	I am dying, am about to die, wither, decay.
G0600	ἀποκαθίστημι	I restore, give back	I set up again, restore to its original position or condition; hence: I restore, give back.
G0601	ἀποκαλύπτω	I uncover, bring to light, reveal	I uncover, bring to light, reveal.
G0602	ἀποκάλυψις, εως, ἡ	an unveiling, uncovering, revealing	an unveiling, uncovering, revealing, revelation.
G0603	ἀποκαραδοκία, ας, ἡ	eager expectation	eager expectation.
G0604	ἀποκαταλλάσσω	I reconcile	I reconcile, change from one state of feeling to another.
G0605	ἀποκατάστασις, εως, ἡ	restitution, reestablishment, restoration	restitution, reestablishment, restoration.
G0606	ἀπόκειμαι	I have been put away, am stored, am reserved for	I have been put away, am stored, am reserved for.
G0607	ἀποκεφαλίζω	I behead	I behead.
G0608	ἀποκλείω	I shut	I shut fast, close, shut up.
G0609	ἀποκόπτω	I smite, cut off, emasculate	I smite, cut off, cut loose; mid: I emasculate, castrate, mutilate myself.
G0610	ἀπόκριμα, ατος, τό	an answer, a judicial decision	an answer, a judicial decision.
G0611	ἀποκρίνομαι	I answer, reply	I answer, reply, take up the conversation.
G0612	ἀπόκρισις, εως, ἡ	an answer, reply	an answer, reply.
G0613	ἀποκρύπτω	I hide away, conceal	I hide away, conceal, keep secret.
G0614	ἀπόκρυφος, ον	hidden away, secret	hidden away, secret, stored up.
G0615	ἀποκτείνω	I put to death, kill	I put to death, kill; fig: I abolish.
G0616	ἀποκυέω	I bring forth, give birth to	I bring forth, give birth to (a child), a medical or physical word, marking the close of pregnancy.
G0617	ἀποκυλίω	I roll away	I roll away.
G0618	ἀπολαμβάνω	I get back, receive back	(a) I get back, receive back, (b) I get (receive) as due (deserved), (c) mid: I draw aside, separate.
G0619	ἀπόλαυσις, εως, ἡ	the faculty or experience of enjoyment	the faculty or experience of enjoyment.
G0620	ἀπολείπω	I leave, leave behind, desert, am reserved	I leave, leave behind; pass: I am reserved, remain; I desert, abandon.
G0621	ἀπολείχω	I lick off, lick clean	I lick off, lick clean, lick up.
G0622	ἀπόλλυμι	I destroy, lose, am perishing	(a) I kill, destroy, (b) I lose, mid: I am perishing (the resultant death being viewed as certain).
G0623	Ἀπολλύων, ονος, ὁ	Apollyon, Destroyer	Apollyon, The Destroying One, a Greek translation of the Hebrew: Abaddon.
G0624	Ἀπολλωνία, ας, ἡ	Apollonia	Apollonia, a city of Macedonia.
G0625	Ἀπολλώς, ώ, ὁ	Apollos	Apollos, a Jew of Alexandria.
G0626	ἀπολογέομαι	I give a defense, defend myself	I give a defense, defend myself (especially in a law court): it can take an object of what is said in defense.
G0627	ἀπολογία, ας, ἡ	a verbal defense	a verbal defense (particularly in a law court).
G0628	ἀπολούω	I wash off, wash away	I wash off, mid: I wash away (my sins, in baptism).
G0629	ἀπολύτρωσις, εως, ἡ	redemption, deliverance	release effected by payment of ransom; redemption, deliverance.
G0630	ἀπολύω	I release, let go, send away, divorce	I release, let go, send away, divorce, am rid; mid: I depart.
G0631	ἀπομάσσω	I wipe off	I wipe off, wipe clean; mid: I wipe myself off.
G0632	ἀπονέμω	I apportion, render as due	I assign, apportion, render (as due).
G0633	ἀπονίπτω	I wash dirt off	I wash dirt off.
G0634	ἀποπίπτω	I fall away from, fall off	I fall away (from), fall off.
G0635	ἀποπλανάω	I cause to wander astray, have wandered away	I cause to go astray; pass: I am led astray.
G0636	ἀποπλέω	I sail away	I sail away.
G0637	ἀποπλύνω	I wash, rinse	I wash, rinse.
G0638	ἀποπνίγω	I suffocate, choke, drown, stop the growth of	(a) I suffocate, choke, drown, (b) I stop the growth of.
G0639	ἀπορέω	I am in difficulties, am at my wits end	I am at a loss, am perplexed; mid: I am in doubt.
G0640	ἀπορία, ας, ἡ	perplexity, anxiety	perplexity, anxiety, doubt.
G0641	ἀπορρίπτω	I throw away from, throw overboard	I throw away from, throw overboard.
G0642	ἀπορφανίζω	I separate from some one, bereave	I separate from some one, am bereaved.
G0643	ἀποσκευάζομαι	I prepare for a journey, depart	I prepare for a journey, depart.
G0644	ἀποσκίασμα, ατος, τό	a shadow, a faint image or copy	either a shadow cast by an object, or a faint image or copy of an object.
G0645	ἀποσπάω	I wrench away from, drag away, withdraw	lit: I wrench away from, drag away, but perhaps sometimes in the well-attested weakened sense: I am parted or withdrawn.
G0646	ἀποστασία, ας, ἡ	defection, apostasy	defection, apostasy, revolt.
G0647	ἀποστάσιον, ου, τό	repudiation, divorce	repudiation, divorce; met: bill of divorce.
G0648	ἀποστεγάζω	I unroof, take the roof off	I unroof, take the roof off.
G0649	ἀποστέλλω	I send forth, send, send away, dismiss	I send forth, send (as a messenger, commission, etc.), send away, dismiss.
G0650	ἀποστερέω	I deprive one of something, rob	I defraud, deprive of, despoil; mid: I endure deprivation; pass: I am bereft of.
G0651	ἀποστολή, ῆς, ἡ	commission, duty of apostle, apostleship	commission, duty of apostle, apostleship.
G0652	ἀπόστολος, ου, ὁ	an apostle, a messenger, an envoy, a delegate	a messenger, envoy, delegate, one commissioned by another to represent him in some way, especially a man sent out by Jesus Christ Himself to preach the Gospel; an apostle.
G0653	ἀποστοματίζω	I draw out by questioning	I draw out by questioning.
G0654	ἀποστρέφω	I turn away, restore, reject	I turn away, pervert, remove; I restore, replace; mid: I desert, reject.
G0655	ἀποστυγέω	I detest, abhor	I detest, abhor.
G0656	ἀποσυνάγωγος, ον	away from the synagogue, excommunicated	away from the synagogue, expelled from the synagogue, excommunicated.
G0657	ἀποτάσσομαι	I withdraw from, take leave of, renounce, send away	I withdraw from, take leave of, renounce, send away.
G0658	ἀποτελέω	I complete, accomplish, form fully, perfect	I complete, accomplish, form fully, perfect, bring to maturity.
G0659	ἀποτίθημι	I lay off or aside, renounce	I lay off or aside, renounce, stow away, put.
G0660	ἀποτινάσσω	I shake off	I shake off.
G0661	ἀποτίνω	I repay, pay what is due	I repay, pay what is due (by way of punishment or fine), make good.
G0662	ἀποτολμάω	I assume boldness	I assume boldness.
G0663	ἀποτομία, ας, ἡ	harshness, severity	(lit: sheerness, of a rock), abruptness, harshness, severity, rigor.
G0664	ἀποτόμως	sharply, severely	sharply, severely.
G0665	ἀποτρέπω	I turn away from, shun	I turn away from, shun.
G0666	ἀπουσία, ας, ἡ	absence	absence, deficiency, waste.
G0667	ἀποφέρω	I carry, bear away	I carry, bear away (sometimes with violence).
G0668	ἀποφεύγω	I flee from, escape	I flee from, escape.
G0669	ἀποφθέγγομαι	I speak out, declare	I speak out, declare.
G0670	ἀποφορτίζομαι	I unload, discharge	I unload, discharge.
G0671	ἀπόχρησις, εως, ἡ	using up	using up, abuse, misuse.
G0672	ἀποχωρέω	I go away, depart	I go away, depart, withdraw.
G0673	ἀποχωρίζω	I separate from	I separate from; mid: I part; pass: I am swept aside.
G0674	ἀποψύχω	I faint, breathe out life, die	I faint, breathe out life, die, am dismayed.
G0675	Ἄππιος, ου, ὁ	Appius	the township Appi Forum on the Appian Way, 43 Roman miles from Rome, was named.
G0676	ἀπρόσιτος, ον	unapproachable	unapproachable.
G0677	ἀπρόσκοπος, ον	not offending, not causing offence, blameless	(free from hurt or harm, hence) not offending, not causing offence, blameless.
G0678	ἀπροσωπολήπτως	impartially	(literary and Jewish), without any preference (undue favor, partiality) for a person.
G0679	ἄπταιστος, ον	without stumbling or falling	without stumbling or falling, sure-footed.
G0680	ἅπτομαι	I touch or handle	prop: I fasten to; I lay hold of, touch, know carnally.
G0681	ἅπτω	I kindle, light	I kindle, light.
G0682	Ἀπφία, ας, ἡ	Apphia	Apphia, a Christian lady of Colossae, either wife or sister of Philemon.
G0683	ἀπωθέω	I push or thrust away, reject	I push (thrust) away, repulse, reject, refuse.
G0684	ἀπώλεια, ας, ἡ	destruction, ruin, loss	destruction, ruin, loss, perishing; eternal ruin.
G0685	ἀρά, ᾶς, ἡ	a prayer or prayer for evil, a curse, imprecation	a prayer; more commonly: a prayer for evil, a curse, imprecation.
G0686	ἄρα	then, therefore, since	then, therefore, since.
G0687	ἆρα	a particle asking a question, expecting a negative response	a particle asking a question, to which a negative answer is expected.
G0688	Ἀραβία, ας, ἡ	Arabia	Arabia, the district south of Palestine.
G0689	Ἀράμ, ὁ	Ram	Ram, son of Hezron and father of Amminadab.
G0690	Ἄραψ, Ἄραβος, ὁ	an Arabian	an Arabian.
G0691	ἀργέω	I linger, delay, am idle	I linger, delay, am idle.
G0692	ἀργός, ή, όν	idle, lazy, thoughtless	idle, lazy, thoughtless, unprofitable, injurious.
G0693	ἀργυροῦς, ᾶ, οῦν	made of silver	made of silver.
G0694	ἀργύριον, ου, τό	silver, a shekel, money in general	silver, a piece of silver, a shekel, money in general.
G0695	ἀργυροκόπος, ου, ὁ	a silversmith	(lit: silver-cutter), a silversmith.
G0696	ἄργυρος, ου, ὁ	silver as a metal	silver as a metal.
G0697	Ἄρειος πάγος, ου, ὁ	the Areopagus	Areopagus, or Mar's Hill, an open space on a hill in Athens where the supreme court was held.
G0698	Ἀρεοπαγίτης, ου, ὁ	member of the Council of the Areopagus	member of the Council of the Areopagus, an Areopagite.
G0699	ἀρέσκεια, ας, ἡ	pleasing, willing service	pleasing, willing service.
G0700	ἀρέσκω	I please, serve	I please, with the idea of willing service rendered to others; hence almost: I serve.
G0701	ἀρεστός, ή, όν	pleasing, satisfactory, acceptable	pleasing, satisfactory, acceptable.
G0702	Ἀρέτας, α, ὁ	Aretas	Aretas IV, King of the Nabataeans.
G0703	ἀρετή, ῆς, ἡ	virtue, moral excellence, perfection	goodness, a gracious act, virtue, uprightness.
G0704	ἀρήν, ἀρνός, ὁ	a lamb	a lamb, sheep.
G0705	ἀριθμέω	I number, count	I number, count.
G0706	ἀριθμός, οῦ, ὁ	a number, total	a number, total.
G0707	Ἀριμαθαία, ας, ἡ	Arimathea	Arimathea, a place in Palestine.
G0708	Ἀρίσταρχος, ου, ὁ	Aristarchus	Aristarchus, a Christian, belonging to Thessalonica in Macedonia.
G0709	ἀριστάω	I breakfast, dine	I breakfast, dine.
G0710	ἀριστερός, ά, όν	on the left hand	on the left hand.
G0711	Ἀριστόβουλος, ου, ὁ	Aristobulus	Aristobulus, a Christian in Rome.
G0712	ἄριστον, ου, τό	breakfast or a mid-day meal	breakfast or a mid-day meal.
G0713	ἀρκετός, ή, όν	sufficient	sufficient, enough.
G0714	ἀρκέω	I am sufficient, I suffice, am content, satisfied	I keep off, assist; I suffice; pass: I am satisfied.
G0715	ἄρκος, ου, ὁ, ἡ	a bear	a bear.
G0716	ἅρμα, ατος, τό	a chariot	a chariot, vehicle.
G0717	Ἁρμαγεδών	Armageddon	Armageddon.
G0718	ἁρμόζω	I fit, join	I fit, join; mid: (the middle indicating deep personal interest) I espouse, betroth; mid: I take a wife, give in marriage.
G0719	ἁρμός, οῦ, ὁ	a joint of the body	a joint of the body.
G0720	ἀρνέομαι	I deny, repudiate	(a) I deny (a statement), (b) I repudiate (a person, or belief).
G0721	ἀρνίον, ου, τό	a lamb	(originally: a little lamb, but diminutive force was lost), a lamb.
G0722	ἀροτριάω	I plow	I plow.
G0723	ἄροτρον, ου, τό	a plow	a plow.
G0724	ἁρπαγή, ῆς, ἡ	the act of plundering, plunder, spoil	the act of plundering; plunder, spoil, robbery.
G0725	ἁρπαγμός, οῦ, ὁ	spoil, an object of eager desire, a prize	spoil, an object of eager desire, a prize.
G0726	ἁρπάζω	I seize, snatch, obtain by robbery	I seize, snatch, obtain by robbery.
G0727	ἅρπαξ, αγος, ὁ	rapacious, ravenous, a robber, an extortioner	rapacious, ravenous; a robber, an extortioner.
G0728	ἀρραβών, ῶνος, ὁ	an earnest, earnest-money	an earnest, earnest-money, a large part of the payment, given in advance as a security that the whole will be paid afterwards.
G0729	ἄραφος, ον	not sewed, seamless	not sewed, seamless.
G0730	ἄρσην, ενος, εν	male	male.
G0731	ἄρρητος, ον	not to be uttered, secret	not to be uttered (because too sacred), secret, unspeakable, unspoken.
G0732	ἄρρωστος, ον	infirm, sick, ill	infirm, sick, ill, feeble, sickly.
G0733	ἀρσενοκοίτης, ου, ὁ	a male engaging in same-gender sexual activity	a male engaging in same-gender sexual activity; a sodomite, pederast.
G0734	Ἀρτεμᾶς, ᾶ, ὁ	Artemas	Artemas, a Christian in Rome.
G0735	Ἄρτεμις, ιδος, ἡ	the Persian or Ephesian Artemis	Artemis, a goddess, worshipped principally at Ephesus, typifying fertility (she had no relation with the other Artemis, the maiden huntress, to whom corresponded the Latin Diana).
G0736	ἀρτέμων, ονος, ὁ	a foresail, set on the bow	a foresail, set on the bow.
G0737	ἄρτι	now, just now	now, just now, at this moment.
G0738	ἀρτιγέννητος, ον	newly begotten, newly born	newly begotten, newly born.
G0739	ἄρτιος, ια, ον	perfect, complete	perfect, complete, fitted, ready.
G0740	ἄρτος, ου, ὁ	bread, a loaf, food	bread, a loaf, food.
G0741	ἀρτύω	I season, flavor	prop: I arrange, make ready; I season, flavor.
G0742	Ἀρφαξάδ, ὁ	Arphaxad	Arphaxad, son of Shem, and father of Cainan.
G0743	ἀρχάγγελος, ου, ὁ	a ruler of angels, a superior angel, an archangel	a ruler of angels, a superior angel, an archangel.
G0744	ἀρχαῖος, αία, αῖον	original, primitive, ancient	original, primitive, ancient.
G0745	Ἀρχέλαος, ου, ὁ	Archelaus	Archelaus, Herod Archelaus, son and successor of Herod I, reigned over Judea from 4 B.C. to A.D. 6 and died before A.D. 18.
G0746	ἀρχή, ῆς, ἡ	ruler, beginning	(a) rule (kingly or magisterial), (b) plur: in a quasi-personal sense, almost: rulers, magistrates, (c) beginning.
G0747	ἀρχηγός, οῦ, ὁ	originator, author, founder	originator, author, founder, prince, leader.
G0748	ἀρχιερατικός, ή, όν	high priestly, to which the chief priest belongs	high priestly, to which the chief priest belongs.
G0749	ἀρχιερεύς, έως, ὁ	high priest, chief priest	high priest, chief priest.
G0750	ἀρχιποίμην, ενος, ὁ	the chief shepherd	the chief shepherd.
G0751	Ἄρχιππος, ου, ὁ	Archippus	Archippus, a Christian of Colossae.
G0752	ἀρχισυνάγωγος, ου, ὁ	a leader of the synagogue	a leader of the synagogue, a leader connected with the synagogue: sometimes there was only one, and the name was in some cases merely honorary.
G0753	ἀρχιτέκτων, ονος, ὁ	master-builder	master-builder, architect.
G0754	ἀρχιτελώνης, ου, ὁ	head of a custom-house, chief tax-gatherer	head of a custom-house, chief tax-gatherer or publican.
G0755	ἀρχιτρίκλινος, ου, ὁ	master of the feast	master of ceremonies at a dinner, master of the feast.
G0756	ἄρχομαι	I begin	I begin.
G0757	ἄρχω	I reign, rule	I reign, rule.
G0758	ἄρχων, οντος, ὁ	a ruler, prince, leader	a ruler, governor, leader, leading man; with the Jews, an official member (a member of the executive) of the assembly of elders.
G0759	ἄρωμα, ατος, τό	spice, perfume	spice, perfume.
G0760	Ἀσά, ὁ	Asa	Asa, son of Abijah and father of Jehoshaphat, king of Judah about 900 B.C. for 41 years.
G0761	ἀσάλευτος, ον	unshaken, immovable	unshaken, immovable.
G0762	ἄσβεστος, ον	inextinguishable, unquenchable	inextinguishable, unquenchable.
G0763	ἀσέβεια, ας, ἡ	impiety, irreverence, wickedness	impiety, irreverence, ungodliness, wickedness.
G0764	ἀσεβέω	I am impious, irreverent, do impiously	I am ungodly, act profanely.
G0765	ἀσεβής, ές	impious, ungodly, wicked	impious, ungodly, wicked.
G0766	ἀσέλγεια, ας, ἡ	wantonness, lewdness	(outrageous conduct, conduct shocking to public decency, a wanton violence), wantonness, lewdness.
G0767	ἄσημος, ον	undistinguished, obscure	(lit: unmarked, unstamped), undistinguished, obscure, unknown.
G0768	Ἀσήρ, ὁ	Asher	Asher, one of the sons of Jacob, and founder of one of the Twelve Tribes.
G0769	ἀσθένεια, ας, ἡ	want of strength, weakness, illness	want of strength, weakness, illness, suffering, calamity, frailty.
G0770	ἀσθενέω	I am weak, sick	I am weak (physically: then morally), I am sick.
G0771	ἀσθένημα, ατος, τό	weakness, infirmity	weakness, infirmity, doubt, hesitation.
G0772	ἀσθενής, ές	weak, infirm, sick	(lit: not strong), (a) weak (physically, or morally), (b) infirm, sick.
G0773	Ἀσία, ας, ἡ	roughly the western third of Asia Minor	the Roman province of Asia, roughly the western third of Asia Minor.
G0774	Ἀσιανός, οῦ, ὁ	belonging to the Roman province Asia	belonging to the Roman province Asia.
G0775	Ἀσιάρχης, ου, ὁ	an Asiarch	an Asiarch, an official connected with the worship of Rome and the Emperor in the Roman province Asia.
G0776	ἀσιτία, ας, ἡ	abstinence, a fast	either: lack or wheat, lack of food (the literal meaning), or: abstinence from food, a fast, loss of appetite, sea-sickness (the extended meaning).
G0777	ἄσιτος, ον	fasting	fasting, without eating.
G0778	ἀσκέω	I train, practice, exercise	I train, practice, exercise.
G0779	ἀσκός, οῦ, ὁ	a wine-skin	a wine-skin, leather bottle.
G0780	ἀσμένως	joyfully, with delight	joyfully, with delight, gladly.
G0781	ἄσοφος, ον	unskilled, unwise, foolish	unskilled, unwise, foolish.
G0782	ἀσπάζομαι	I greet, salute, pay my respects to	I greet, salute, pay my respects to, welcome.
G0783	ἀσπασμός, οῦ, ὁ	a greeting, salutation	a greeting, salutation.
G0784	ἄσπιλος, ον	unstained, undefiled	unstained, undefiled, spotless, pure.
G0785	ἀσπίς, ίδος, ἡ	an asp	an asp (hooded-snake, cobra).
G0786	ἄσπονδος, ον	implacable	implacable, "not to be bound by truce".
G0787	ἀσσάριον, ίου, τό	a small coin	a small coin equal to the tenth part of a drachma.
G0788	ἆσσον	nearer, close by	nearer, close by.
G0789	Ἄσσος, ου, ἡ	Assos	Assos, a port of Mysia, in the Roman province Asia.
G0790	ἀστατέω	I am unsettled, have no fixed abode	I am unsettled, have no fixed abode, lead a vagabond life.
G0791	ἀστεῖος, α, ον	elegant, pretty, fair, fine, beautiful	(lit: belonging to the city; then: witty, clever), elegant, pretty, fair, fine, beautiful.
G0792	ἀστήρ, έρος, ὁ	a star	a star.
G0793	ἀστήρικτος, ον	unsteady, unstable	(lit: unpropped), unsteady, unstable, unsettled.
G0794	ἄστοργος, ον	unloving, devoid of affection	unloving, devoid of affection.
G0795	ἀστοχέω	I miss the mark, miss my aim, make a false aim	I miss the mark, miss my aim, make a false aim, fail.
G0796	ἀστραπή, ῆς, ἡ	a flash of lightning, brightness, luster	a flash of lightning, brightness, luster.
G0797	ἀστράπτω	I flash, am lustrous	I flash (with, then like, lightning), am lustrous.
G0798	ἄστρον, ου, τό	a star	a star.
G0799	Ἀσύγκριτος, ου, ὁ	Asyncritus	Asyncritus, a Christian in Rome.
G0800	ἀσύμφωνος, ον	dissonant, discordant	dissonant, discordant; met: at variance.
G0801	ἀσύνετος, ον	unintelligent, unwise, undiscerning	unintelligent, without wisdom, unwise, undiscerning (implying probably moral defect).
G0802	ἀσύνθετος, ον	untrue to an agreement, treacherous	not covenanting, untrue to an agreement, treacherous.
G0803	ἀσφάλεια, ας, ἡ	safety, security, reliability	safety, security, reliability, firmness.
G0804	ἀσφαλής, ές	safe, reliable, trustworthy	(lit: unfailing), safe, reliable, trustworthy, certain, sure.
G0805	ἀσφαλίζω	I make safe	I make safe (secure, fast).
G0806	ἀσφαλῶς	safely, securely, assuredly	safely, securely, assuredly, certainly.
G0807	ἀσχημονέω	I act improperly, unseemly	I act improperly, am unseemly, behave unbecomingly (or even dishonorably); perhaps: I consider (something) unseemly.
G0808	ἀσχημοσύνη, ῆς, ἡ	unseemliness, shame, nakedness	unseemly behavior, unseemliness, indecency, shame, nakedness, an indecent (lewd) act.
G0809	ἀσχήμων, ον	unseemly, indecent	unseemly, indecent.
G0810	ἀσωτία, ας, ἡ	wantonness, profligacy	wantonness, profligacy, wastefulness.
G0811	ἀσώτως	prodigally, with prodigal living	prodigally, with prodigal living, wastefully.
G0812	ἀτακτέω	I behave disorderly	(lit: I march out of order; then: I riot, rebel), behave disorderly, neglect my duty, am careless (or idle) in habits.
G0813	ἄτακτος, ον	disorderly, slack	(lit: out of order), disorderly, slack (in performance of duty).
G0814	ἀτάκτως	in a disorderly manner	in a disorderly manner, irregularly.
G0815	ἄτεκνος, ον	childless	childless.
G0816	ἀτενίζω	I direct my gaze, look steadily	I direct my gaze, look steadily.
G0817	ἄτερ	apart from, without	apart from, without.
G0818	ἀτιμάζω	I disgrace, dishonor	I disgrace, treat disgracefully, dishonor, insult; I despise.
G0819	ἀτιμία, ας, ἡ	disgrace, dishonor	disgrace, dishonor; a dishonorable use.
G0820	ἄτιμος, ον	without honor, despised	without honor, despised.
G0821	ἀτιμόω	I dishonor, treat shamefully	I dishonor, treat shamefully.
G0822	ἀτμίς, ίδος, ἡ	breath, steam, vapor	breath, steam, vapor.
G0823	ἄτομος, ον	an indivisible part of time, a moment	(lit: that cannot be cut), an indivisible part of time, a moment.
G0824	ἄτοπος, ον	improper, unrighteous, perverse	(lit: out of place, unusual, unbecoming), improper, unrighteous, perverse.
G0825	Ἀττάλεια, ας, ἡ	Attalia	Attalia, the port of Perga in Pamphylia.
G0826	αὐγάζω	I shine forth	I flash, gleam, shine forth, appear white, bright; but perhaps: I see, see clearly, discern.
G0827	αὐγή, ῆς, ἡ	light of day	brightness, daylight, dawn.
G0828	Αὐγούστος, ου, ὁ	Augustus	Augustus, a title conferred on the first Roman Emperor, C. Iulius Octauianus, denoting sanctity (almost divinity).
G0829	αὐθάδης, ες	self-satisfied, arrogant	self-satisfied, arrogant, stubborn.
G0830	αὐθαίρετος, ον	of one's own accord	of one's own accord, self-chosen.
G0831	αὐθεντέω	I domineer over	I domineer, govern, have mastery over.
G0832	αὐλέω	I play the flute, pipe	I play the flute, pipe.
G0833	αὐλή, ῆς, ἡ	court-yard, fore-court, palace, house	court-yard, fore-court, sheep-fold; but it may be understood as: palace, house.
G0834	αὐλητής, οῦ, ὁ	a flute-player	a flute-player.
G0835	αὐλίζομαι	I lodge, pass the night	I lodge in the open, lodge, pass the night.
G0836	αὐλός, οῦ, ὁ	a flute, pipe	a flute, pipe.
G0837	αὐξάνω	I cause to increase, become greater, grow	(a) I cause to increase, become greater (b) I increase, grow.
G0838	αὔξησις, εως, ἡ	increasing, increase, growth	increasing, increase, growth.
G0839	αὔριον	tomorrow	tomorrow.
G0840	αὐστηρός, ά, όν	grim, severe, strict, exacting	grim, severe, strict, exacting, harsh, rigid.
G0841	αὐτάρκεια, ας, ἡ	self-sufficiency, independence	self-sufficiency, independence, contentment.
G0842	αὐτάρκης, ες	self-sufficient, contented, satisfied	self-sufficient, contented, satisfied, independent.
G0843	αὐτοκατάκριτος, ον	self-condemned	(perhaps a new coinage), self-condemned.
G0844	αὐτόματος, η, ον	of its own accord	of its own accord.
G0845	αὐτόπτης, ου, ὁ	an eye-witness	an eye-witness.
G0846	αὐτός, αὐτή, αὐτό	he, she, it, they, them, same	he, she, it, they, them, same.
G0847	αὐτοῦ	here, there	here, there.
G0849	αὐτόχειρ, ρος, ὁ	with one's own hand	with one's own hand.
G0850	αὐχμηρός, ά, όν	dingy, dusky, obscure, dark, funereal	(poetical, lit: dry and parched; then: squalid and rough), dingy, murky, obscure, dark, funereal.
G0851	ἀφαιρέω	I take away, smite off	I take away, smite off.
G0852	ἀφανής, ές	invisible	invisible, unseen, hidden.
G0853	ἀφανίζω	I cause to disappear, I hide, remove, disfigure	I cause to disappear, hide, remove; I disfigure (probably by leaving unwashed for a long period), destroy.
G0854	ἀφανισμός, οῦ, ὁ	disappearing, disappearance	disappearing, disappearance, obliteration.
G0855	ἄφαντος, ον	disappearing, invisible, hidden	disappearing, invisible, hidden.
G0856	ἀφεδρών, ῶνος, ὁ	a drain, latrine	a drain, latrine.
G0857	ἀφειδία, ας, ἡ	severity	severity, severe treatment.
G0858	ἀφελότης, τητος, ἡ	simplicity, sincerity	simplicity, sincerity.
G0859	ἄφεσις, εως, ἡ	deliverance, pardon, complete forgiveness	a sending away, a letting go, a release, pardon, complete forgiveness.
G0860	ἁφή, ῆς, ἡ	a band, fastening, a ligament	a band, fastening (hence, possibly: a ligament), joint.
G0861	ἀφθαρσία, ας, ἡ	indestructibility, incorruptibility, immortality	indestructibility, incorruptibility; hence: immortality.
G0862	ἄφθαρτος, ον	imperishable, incorruptible	indestructible, imperishable, incorruptible; hence: immortal.
G0863	ἀφίημι	I send away, release, remit, forgive, permit	(a) I send away, (b) I let go, release, permit to depart, (c) I remit, forgive, (d) I permit, suffer.
G0864	ἀφικνέομαι	I arrive at, reach	I arrive at, reach, come to.
G0865	ἀφιλάγαθος, ον	not loving that which is good	not loving that which is good.
G0866	ἀφιλάργυρος, ον	not loving money, not avaricious	not loving money, not avaricious.
G0867	ἄφιξις, εως, ἡ	arrival, departure	arrival, departure.
G0868	ἀφίστημι	I lead away, seduce, depart, abstain from	I make to stand away, draw away, repel, take up a position away from, withdraw from, leave, abstain from.
G0869	ἄφνω	suddenly	suddenly.
G0870	ἀφόβως	fearlessly	fearlessly, shamelessly, securely, tranquilly.
G0871	ἀφομοιόω	I assimilate, make like to	I assimilate, make like to.
G0872	ἀφοράω	I look away from	I look away from (something else) to, see distinctly.
G0873	ἀφορίζω	I rail off, separate, place apart	I rail off, separate, place apart.
G0874	ἀφορμή, ῆς, ἡ	an occasion, opportunity	(a) a starting, a start, (b) cause, occasion, opportunity.
G0875	ἀφρίζω	I foam at the mouth	I foam (at the mouth), froth.
G0876	ἀφρός, οῦ, ὁ	foam, froth	foam, froth.
G0877	ἀφροσύνη, ῆς, ἡ	want of sense, foolishness	want of sense, foolishness, impiety, wickedness.
G0878	ἄφρων, ονος, ον	senseless, foolish, inconsiderate	senseless, foolish, inconsiderate.
G0879	ἀφυπνόω	I fall asleep	I fall asleep.
G0880	ἄφωνος, ον	soundless, voiceless, speechless, dumb	soundless, voiceless, speechless, dumb.
G0881	Ἄχαζ, ὁ	Ahaz	Ahaz, son of Jotham and father of Hezekiah.
G0882	Ἀχαϊα, ας, ἡ	Achaia	the Roman Province Achaia, governed by a proconsul, and practically conterminous with modern Greece before 1912.
G0883	Ἀχαϊκός, οῦ, ὁ	Achaicus	Achaicus, a Corinthian Christian.
G0884	ἀχάριστος, ον	ungrateful	ungrateful, ungracious, unpleasing.
G0885	Ἀχείμ, ὁ	Achim	Achim, son of Zadok and father of Eliud.
G0886	ἀχειροποίητος, ον	not made by hand, not handmade	not made with hands.
G0887	ἀχλύς, ύος, ἡ	a mist, dimness	a mist, dimness, darkening.
G0888	ἀχρεῖος, ον	unprofitable, useless, unworthy	unprofitable, useless, unworthy.
G0889	ἀχρειόω	I am good for nothing	(lit: I become sour, I turn, of milk), I am good for nothing, render useless; met: I become corrupt.
G0890	ἄχρηστος, ον	unprofitable, useless	unprofitable, useless, detrimental.
G0891	ἄχρι	as far as, up to, until	as far as, up to, until, during.
G0892	ἄχυρον, ου, τό	chaff	chaff.
G0893	ἀψευδής, ές	not guilty of falsehood, truthful	not guilty of falsehood, truthful.
G0894	ἄψινθος, οῦ, ὁ	wormwood	wormwood.
G0895	ἄψυχος, ον	lifeless	lifeless, inanimate.
G0896	Βάαλ, ὁ	Baal	Baal, chief deity of the Phoenicians and other Semitic nations.
G0897	Βαβυλών, ῶνος, ἡ	Babylon	(a) Babylon, the ancient city on the Euphrates, to which the people of Jerusalem, etc., were transported, (b) hence allegorically of Rome, from the point of view of the Christian people.
G0898	βαθμός, οῦ, ὁ	a step, a stage, a position	a step (of a stairway); hence: a stage in a career, a position.
G0899	βάθος, ους, τό	depth, a depth, a deep	depth; deep water; met: fullness, immensity; an extreme degree; profundities, deep-laid plans.
G0900	βαθύνω	I deepen	I deepen, excavate.
G0901	βαθύς, εῖα, ύ	deep, early, profound	deep (lit. and met.); in the depths of the early morning, while still very early; profound.
G0902	βαΐον, ου, τό	a palm branch	a palm branch.
G0903	Βαλαάμ, ὁ	Balaam	Balaam, son of Beor of Pethor on the Euphrates, a soothsayer in the Old Testament.
G0904	Βαλάκ, ὁ	Balak	Balak, son of Zippor, King of Moab.
G0905	βαλάντιον, ου, τό	a purse, money-bag	a purse, money-bag.
G0906	βάλλω	I cast, throw, rush, put, place, drop	(a) I cast, throw, rush, (b) often, in the weaker sense: I place, put, drop.
G0907	βαπτίζω	I dip, submerge, baptize	lit: I dip, submerge, but specifically of ceremonial dipping; I baptize.
G0908	βάπτισμα, ατος, τό	the rite or ceremony of baptism	the rite or ceremony of baptism.
G0909	βαπτισμός, οῦ, ὁ	dipping, washing	dipping, washing (of a ceremonial character).
G0910	βαπτιστής, οῦ, ὁ	the baptizer, the Baptist	the baptizer, the Baptist, epithet used only of John, the son of Zechariah and Elizabeth, forerunner of Jesus.
G0911	βάπτω	I dip, dye	(a) I dip, (b) I dye.
G0912	Βαραββᾶς, ᾶ, ὁ	Barabbas	Barabbas.
G0913	Βαράκ, ὁ	Barak	Barak, one of the judges of Israel.
G0914	Βαραχίας, ου, ὁ	Barachiah	Barachiah; his identity is uncertain, perhaps father of the Zechariah killed by the Zealots in the last Jewish War.
G0915	βάρβαρος, ου, ὁ	a foreigner who speaks neither Greek nor Latin	a foreigner, one who speaks neither Greek nor Latin; as adj: foreign.
G0916	βαρέω	I weight, load, burden	I weight, load, burden, lit. and met.
G0917	βαρέως	heavily, with difficulty	heavily, with difficulty.
G0918	Βαρθολομαῖος, ου, ὁ	Bartholomew	Bartholomew, surname of Nathanael, one of the twelve apostles of Jesus.
G0919	Βαρϊησοῦς, οῦ, ὁ	Bar-Jesus	Bar-Jesus, the name of the magician and false prophet at Paphos in Cyprus; he is also called Elymas.
G0920	Βαριωνᾶς, ᾶ, ὁ	Bar-Jonas	Bar-Jonas, son of Jonas, the surname of Simon Peter.
G0921	Βαρνάβας, α, ὁ	Barnabas	Barnabas, a Cypriote Jew, uncle of John Mark; his other name was Joseph.
G0922	βάρος, ους, τό	a weight, burden	a weight, burden, lit. or met.
G0923	Βαρσαββᾶς, ᾶ, ὁ	Barsabbas	Barsabbas, son of Sabbas, a surname of Joseph and Judas.
G0924	Βαρτίμαιος, ου, ὁ	Bartimaeus	Bartimaeus, son of (?) Timaeus.
G0926	βαρύς, εῖα, ύ	heavy, weighty, burdensome	heavy, weighty, burdensome, lit. and met; violent, oppressive.
G0927	βαρύτιμος, ον	of great price	of great price.
G0928	βασανίζω	I torment, torture, buffet	I examine, as by torture; I torment; I buffet, as of waves.
G0929	βασανισμός, οῦ, ὁ	torture, torment	torture, torment.
G0930	βασανιστής, οῦ, ὁ	one who tortures, a tormentor, jailor	one who tortures, a tormentor, jailor.
G0931	βάσανος, ου, ἡ	torture, torment	torture, torment, examination by torture.
G0932	βασιλεία, ας, ἡ	kingship, sovereignty, authority, rule, kingdom	kingship, sovereignty, authority, rule, especially of God, both in the world, and in the hearts of men; hence: kingdom, in the concrete sense.
G0934	βασίλειος, ον	courtiers, palaces, a body of kings, royal	courtiers, palaces, a body of kings, royal.
G0935	βασιλεύς, έως, ὁ	a king, ruler, emperor	a king, ruler, but in some passages clearly to be translated: emperor.
G0936	βασιλεύω	I rule, reign, reign over	(a) I rule, reign, (b) I reign over.
G0937	βασιλικός, ή, όν	connected with a king, royal, regal	connected with a king, royal, regal, (a) an officer in the service of the king, (b) the king's country.
G0938	βασίλισσα, ης, ἡ	a queen	a queen.
G0939	βάσις, εως, ἡ	the foot	a step; hence: a foot.
G0940	βασκαίνω	I give the evil eye to, fascinate, bewitch, overpower	I give the evil eye to, fascinate, bewitch, overpower.
G0941	βαστάζω	I carry, carry away, bear	(a) I carry, bear, (b) I carry (take) away.
G0942	βάτος, ου, ὁ, ἡ	a thorn bush or bramble	a thorn bush or bramble.
G0943	βάτος, ου, ὁ	a "bath," a liquid measure between eight and nine gallons	a "bath," a liquid measure among the Jews, containing 72 sextarii, that is, between eight and nine gallons.
G0944	βάτραχος, ου, ὁ	a frog	a frog.
G0945	βαττολογέω	I chatter, utter empty words	I chatter, am long-winded, utter empty words, stammer, repeat.
G0946	βδέλυγμα, ατος, τό	an abominable thing, an accursed thing	an abominable thing, an accursed thing.
G0947	βδελυκτός, ή, όν	abominable, detestable	abominable, detestable.
G0948	βδελύσσομαι	I abhor, detest	I abhor, detest, loathe.
G0949	βέβαιος, α, ον	firm, steadfast, enduring	firm, steadfast, enduring, sure, certain.
G0950	βεβαιόω	I confirm, ratify	I confirm, ratify, secure, establish; pass: I guarantee.
G0951	βεβαίωσις, εως, ἡ	confirmation, ratification, establishment	confirmation, ratification, establishment.
G0952	βέβηλος, ον	profane, secular, unspiritual, godless, worldly	permitted to be trodden, accessible.
G0953	βεβηλόω	I profane	I profane, pollute, violate.
G0954	Βεελζεβούλ, ὁ	Beelzebul	Beelzebul, a name of Satan, the chief of evil spirits.
G0955	Βελίαρ, ὁ	Beliar	Belial, a demon, and in fact a name for Satan.
G0956	βέλος, ους, τό	a missile, dart, javelin	a missile, dart, javelin, arrow.
G0957	βελτίων, ον	better	better; adv: very well.
G0958	Βενιαμίν, ὁ	Benjamin	Benjamin, youngest son of Jacob, founder of one of the twelve tribes of Israel.
G0959	Βερνίκη, ης, ἡ	Bernice	Bernice, daughter of Agrippa I and Kypros, and sister of M. Julius Agrippa II.
G0960	Βέροια, ας, ἡ	Berea	Berea, a town of the province Macedonia.
G0961	Βεροιαῖος, α, ον	belonging to Berea, Berean	belonging to Berea, Berean.
G0963	Βηθανία, ας, ἡ	Bethany	(a) Bethany, the home of Lazarus, Martha, and Mary, near Jerusalem, (b) Bethany, beyond Jordan.
G0964	Βηθεσδά, ἡ	Bethesda	Bethesda, name of a pool in Jerusalem.
G0965	Βηθλεέμ, ἡ	Bethlehem	Bethlehem, a town of Judea.
G0966	Βηθσαϊδά, ἡ	Bethsaida	Bethsaida, (a) a city of Galilee, (b) a city east of the Jordan.
G0967	Βηθφαγή, ἡ	Bethphage	Bethphage, a village in the neighborhood of Jerusalem, on the Mt. of Olives.
G0968	βῆμα, ατος, τό	the space covered by a step of the foot, a tribunal	an elevated place ascended by steps, a throne, tribunal.
G0969	βήρυλλος, ου, ὁ	a beryl	a beryl, a precious stone of various colors, the best known being sea-green.
G0970	βία, ας, ἡ	force, violence	force, violence, strength.
G0971	βίαζομαι	I use force, violence, suffer violence	(a) mid: I use force, force my way, come forward violently, (b) pass: I am forcibly treated, suffer violence.
G0972	βίαιος, α, ον	strong, violent	strong, violent.
G0973	βιαστής, οῦ, ὁ	a forceful, violent man	a forceful, violent man; one who is eager in pursuit.
G0974	βιβλιδάριον, ου, τό	a little papyrus roll	a little papyrus roll.
G0975	βιβλίον, ου, τό	a papyrus roll	a papyrus roll.
G0976	βίβλος, ου, ἡ	a written book, roll, or volume	a written book, roll, or volume, sometimes with a sacred connotation.
G0977	βιβρώσκω	I eat	I eat.
G0978	βιθυνία, ας, ἡ	Bithynia	Bithynia, a Roman province, north-west of Asia Minor and south-west of the Black Sea.
G0979	βίος, ου, ὁ	life, manner of life, livelihood	(a) life, (b) manner of life; livelihood.
G0980	βιόω	I live, pass my life	I live, pass my life.
G0981	βίωσις, εως, ἡ	manner of life	manner of life.
G0982	βιωτικός, ή, όν	belonging to ordinary life	belonging to ordinary life, worldly.
G0983	βλαβερός, ά, όν	injurious, hurtful	injurious, hurtful.
G0984	βλάπτω	I hurt, injure	I hurt, injure.
G0985	βλαστάνω	I sprout, cause to sprout, make to grow up	intrans: I sprout; trans: I cause to sprout, make to grow up.
G0986	Βλάστος, ου, ὁ	Blastus	Blastus, chamberlain of King Herod Agrippa I.
G0987	βλασφημέω	I speak evil against, blaspheme	I speak evil against, blaspheme, use abusive or scurrilous language about (God or men).
G0988	βλασφημία, ας, ἡ	abusive or scurrilous language, blasphemy	abusive or scurrilous language, blasphemy.
G0989	βλάσφημος, ον	slanderous	slanderous; subst: a blasphemer.
G0990	βλέμμα, ατος, τό	look, the faculty of looking	a look, glance; sight and hearing.
G0991	βλέπω	I look, see	(primarily physical), I look, see, perceive, discern.
G0992	βλητέος, α, ον	that ought to be put	a verbal adj: one must put, that ought to be put.
G0993	Βοανεργές	Boanerges	Boanerges, "sons of thunder".
G0994	βοάω	I shout, call aloud	I shout, call aloud, proclaim.
G0995	βοή, ῆς, ἡ	a shout	a shout, cry.
G0996	βοήθεια, ας, ἡ	assistance, a help	(a) abstr: assistance, (b) concr: (a technical term of nautical language), a help.
G0997	βοηθέω	I come to the rescue of	I come to the rescue of, come to help, help.
G0998	βοηθός, οῦ, ὁ, ἡ	a helper	a helper.
G0999	βόθυνος, ου, ὁ	a pit, ditch	a pit, ditch.
G1000	βολή, ῆς, ἡ	a casting, throw	a casting, throw; in acc: as measure of distance.
G1001	βολίζω	I cast the line for sounding, I sound	I cast the line (for sounding), I sound.
G1003	Βοόζ, ὁ	Boaz	Boaz, son of Salmon and Rahab, husband of Ruth, father of Obed.
G1004	βόρβορος, ου, ὁ	mud, mire, filth	mud, mire, filth.
G1005	βορρᾶς, ᾶ, ὁ	the north wind, the North	the north wind, hence: the North.
G1006	βόσκω	I feed	I feed, pasture.
G1007	Βοσόρ, ὁ	Bosor	Bosor, father of Balaam.
G1008	βοτάνη, ῆς, ἡ	fodder, food	fodder, food, herbage.
G1009	βότρυς, υος, ὁ	a cluster of grapes	a cluster (bunch) of grapes.
G1010	βουλευτής, οῦ, ὁ	a member of a city council, of the Sanhedrin	a member of a city council, in NT of the Sanhedrin at Jerusalem.
G1011	βουλεύω	I deliberate, take counsel	I deliberate, take counsel, determine.
G1012	βουλή, ῆς, ἡ	counsel, deliberate wisdom	counsel, deliberate wisdom, decree.
G1013	βούλημα, ατος, τό	will, counsel, purpose	will, counsel, purpose.
G1014	βούλομαι	I will, intend, desire	I will, intend, desire, wish.
G1015	βουνός, οῦ, ὁ	a hillock, hill	a hillock, hill.
G1016	βοῦς, βοός, ὁ	an ox	an ox, cow, bull.
G1017	βραβεῖον, ου, τό	a prize	a prize.
G1018	βραβεύω	I rule, arbitrate	(lit: to act as arbiter in the games), I rule, arbitrate.
G1019	βραδύνω	I am slow, I delay	I am slow, I delay, tarry.
G1020	βραδυπλοέω	I sail slowly	I sail slowly.
G1021	βραδύς, εῖα, ύ	slow	slow, slow of understanding.
G1022	βραδυτής, τῆτος, ἡ	tardiness, slowness	tardiness, slowness, delay.
G1023	βραχίων, ονος, ὁ	the arm, strength	the arm, strength.
G1024	βραχύς, εῖα, ύ	short, little	short, little, few.
G1025	βρέφος, ους, τό	infant, babe	infant, babe, child in arms.
G1026	βρέχω	I moisten, rain, send rain	I moisten, rain, send rain.
G1027	βροντή, ῆς, ἡ	thunder	thunder.
G1028	βροχή, ῆς, ἡ	a heavy rain	a heavy rain.
G1029	βρόχος, ου, ὁ	a noose or snare	a noose or snare; a cord.
G1030	βρυγμός, οῦ, ὁ	a grinding or gnashing	a grinding or gnashing.
G1031	βρύχω	I grind or gnash	I grind or gnash, as with the teeth for rage or pain.
G1032	βρύω	I cause to gush forth, send forth	I cause to gush forth, send forth.
G1033	βρῶμα, ατος, τό	food of any kind	food of any kind.
G1034	βρώσιμος, ον	eatable, suitable for food	eatable, suitable for food.
G1035	βρῶσις, εως, ἡ	eating, food, a meal, rust	(a) abstr: eating, (b) food, a meal, (c) rust.
G1036	βυθίζω	I cause to sink, sink	I cause to sink; mid: I sink, submerge, drown.
G1037	βυθός, οῦ, ὁ	the deep sea	the deep sea, the bottom.
G1038	βυρσεύς, έως, ὁ	a tanner	a tanner.
G1039	βύσσινος, η, ον	of fine linen, cotton	of fine linen, cotton.
G1040	βύσσος, ου, ἡ	fine linen, cotton	fine linen, cotton.
G1041	βωμός, οῦ, ὁ	an altar	an altar, platform; a slightly-elevated spot.
G1042	Γαββαθᾶ, ἡ	Gabbatha	Gabbatha, a sort of paved square, on which the procurator had his judgment seat.
G1043	Γαβριήλ, ὁ	Gabriel	the angel Gabriel, a messenger of God.
G1044	γάγγραινα, ης, ἡ	gangrene, mortification	gangrene, mortification.
G1045	Γάδ, ὁ	Gad	Gad, one of the twelve tribes of Israel.
G1046	Γαδαρηνός, ή, όν	Gadarene, belonging to Gadara	Gadarene, belonging to Gadara (an important Hellenized town, one of the Decapolis, and south-east of the Sea of Galilee).
G1047	γάζα, ης, ἡ	treasure	treasure, treasury.
G1048	Γάζα, ης, ἡ	Gaza	Gaza, an old town in the south of Palestine, on the sea-coast.
G1049	γαζοφυλάκιον, ου, τό	a treasury	a treasury.
G1050	Γάϊος, ου, ὁ	Gaius	Gaius, (a) a Corinthian, (b) a Macedonian, (c) a citizen of Derbe, (d) an Ephesian.
G1051	γάλα, ακτος, τό	milk	milk.
G1052	Γαλάτης, ου, ὁ	a Galatian	a Galatian (meaning any inhabitant of the Roman province Galatia).
G1053	Γαλατία, ας, ἡ	Galatia	Galatia, a large Roman province in central Asia Minor, comprising the districts of Paphlagonia, Pontus Galaticus, Galatia (in the narrower sense, which some still think is intended in the NT), Phrygia Galatica, Lycaonia Galatica, Pisidia and Isaurica.
G1054	Γαλατικός, ή, όν	belonging to the province Galatia	Galatic, belonging to the province Galatia.
G1055	γαλήνη, ης, ἡ	a calm	a calm.
G1056	Γαλιλαία, ας, ἡ	Galilee	Galilee, a district towards the southern end of the Roman province Syria; the northern division of Palestine.
G1057	Γαλιλαῖος, αία, αῖον	a Galilean	a Galilean, an inhabitant of Galilee.
G1058	Γαλλίων, ωνος, ὁ	Gallio	Gallio, Lucius Iunius Gallio, who received this name by adoption into another family, but was born brother of the philosopher Seneca and originally named L. Annaeus Nouatus; proconsul of the Roman province Achaia from spring A.D. 52 to spring 53.
G1059	Γαμαλιήλ, ὁ	Gamaliel	Gamaliel, a noted Pharisee, teacher of Saul.
G1060	γαμέω	I marry	I marry, used of either sex.
G1061	γαμίσκω	I give in marriage	I give in marriage.
G1062	γάμος, ου, ὁ	a marriage, wedding, wedding-feast	a marriage, wedding, wedding-ceremony; plur: a wedding-feast.
G1063	γάρ	for	for.
G1064	γαστήρ, γαστρός, ἡ	the womb, stomach, to be pregnant	the womb, stomach; of a woman: to be with child (lit: to have [a child] in the belly).
G1065	γε	at least, indeed, really	an enclitic, emphasizing particle: at least, indeed, really, but generally too subtle to be represented in English.
G1066	Γεδεών, ὁ	Gideon	Gideon, one of the Judges of Israel.
G1067	γέεννα, ης, ἡ	Gehenna	Gehenna, and originally the name of a valley or cavity near Jerusalem, a place underneath the earth, a place of punishment for evil.
G1068	Γεθσημανῆ, ἡ	Gethsemane	Gethsemane, a small place between the brook Kidron and the Mount of Olives near Jerusalem.
G1069	γείτων, ονος, ὁ, ἡ	a neighbor	a neighbor.
G1070	γελάω	I laugh	I laugh, smile.
G1071	γέλως, ωτος, ὁ	laughter	laughter.
G1072	γεμίζω	I fill, load	I fill, load.
G1073	γέμω	I am full of	I am full of.
G1074	γενεά, ᾶς, ἡ	a generation	a generation; if repeated twice or with another time word, practically indicates infinity of time.
G1075	γενεαλογέω	I put into a genealogy, reckon my descent	I put into a genealogy, reckon my descent.
G1076	γενεαλογία, ας, ἡ	genealogy	genealogy.
G1077	γενέσια, ίων, τά	a birthday celebration	a birthday celebration.
G1078	γένεσις, εως, ἡ	birth, lineage	birth, lineage, descent.
G1079	γενετή, ῆς, ἡ	birth	birth.
G1080	γεννάω	I beget, bring forth, give birth to	I beget (of the male), (of the female) I bring forth, give birth to.
G1081	γέννημα, ατος, τό	offspring, child, fruit	offspring, child, fruit.
G1082	Γεννησαρέτ, ἡ	Gennesaret	Gennesaret, a fertile district by the lake of Tiberias, which was in consequence sometimes called the Lake of Gennesaret.
G1083	γέννησις, εως, ἡ	nativity, birth	nativity, birth.
G1084	γεννητός, ή, όν	begotten, born	begotten, born.
G1085	γένος, ους, τό	offspring, family, race, kind	offspring, family, race, nation, kind.
G1086	Γεργεσηνός, ή, όν	from Gerasene	from Gerasene.
G1087	γερουσία, ας, ἡ	body of elders	the assembly or body of elders.
G1088	γέρων, οντος, ὁ	an old man	an old man.
G1089	γεύομαι	I taste, experience	(a) I taste, (b) I experience.
G1090	γεωργέω	I work the soil, cultivate the earth	I work the soil, cultivate the earth.
G1091	γεώργιον, ου, τό	a tilled field	a tilled field, cultivation, husbandry.
G1092	γεωργός, οῦ, ὁ	a worker of the soil, husbandman, vine-dresser	a worker of the soil, husbandman, farmer, farm-laborer, vine-dresser.
G1093	γῆ, γῆς, ἡ	the earth, soil, land	the earth, soil, land, region, country, inhabitants of a region.
G1094	γῆρας, ρως, τό	old age	old age.
G1095	γηράσκω	I become old, grow old	I become old, grow old.
G1096	γίνομαι	I come into being, am born	I come into being, am born, become, come about, happen.
G1097	γινώσκω	I come to know, learn, realize	I am taking in knowledge, come to know, learn; aor: I ascertained, realized.
G1098	γλεῦκος, ους, τό	sweet wine	the unfermented juice of grapes; hence: sweet new wine.
G1099	γλυκύς, εῖα, ύ	sweet	sweet.
G1100	γλῶσσα, ης, ἡ	the tongue, a language, nation	the tongue, a language, a nation (usually distinguished by their speech).
G1101	γλωσσόκομον, ου, τό	bag, purse, box, chest	(a vernacular word), bag, purse; some prefer to take as: box, chest.
G1102	γναφεύς, έως, ὁ	a fuller, cloth-dresser	a fuller, cloth-dresser.
G1103	γνήσιος, α, ον	real, true, genuine	(lit: born in wedlock), hence: real, true, genuine; with definite article: the true, genuine element.
G1104	γνησίως	truly, genuinely, honorably, sincerely	truly, genuinely, honorably, sincerely.
G1105	γνόφος, ου, ὁ	darkness, gloom	darkness, gloom; a thick cloud.
G1106	γνώμη, ης, ἡ	opinion, counsel, judgment, intention	opinion, counsel, judgment, intention, decree.
G1107	γνωρίζω	I make known, declare, know	I make known, declare, know, discover.
G1108	γνῶσις, εως, ἡ	knowledge, doctrine, wisdom	knowledge, doctrine, wisdom.
G1109	γνώστης, ου, ὁ	one who knows, an expert	one who knows, an expert.
G1110	γνωστός, ή, όν	known, an acquaintance	known, an acquaintance.
G1111	γογγύζω	I whisper, murmur, grumble	I whisper, murmur, grumble (generally of smoldering discontent).
G1112	γογγυσμός, οῦ, ὁ	murmuring, grumbling	murmuring, grumbling.
G1113	γογγυστής, οῦ, ὁ	a murmurer, grumbler	a murmurer, grumbler.
G1114	γόης, ητος, ὁ	a conjurer, deceiver, imposter	a conjuror, juggler, sorcerer; a tricky (crafty) deceiver, imposter.
G1115	Γολγοθᾶ, ἡ	Golgotha	Golgotha, a knoll outside the wall of Jerusalem.
G1116	Γόμορρα, ας, ἡ	Gomorrah	Gomorrah, one of the destroyed cities on the Dead Sea.
G1117	γόμος, ου, ὁ	a cargo, freight	a cargo, freight.
G1118	γονεύς, έως, ὁ	a parent	a begetter, father; plur: parents.
G1119	γόνυ, ατος, τό	a knee	the knee.
G1120	γονυπετέω	I fall on my knees before, supplicate, entreat	I fall on my knees before (in supplication), supplicate, entreat.
G1121	γράμμα, ατος, τό	a letter, writings, learning	a letter of the alphabet; collectively: written (revelation); (a) a written document, a letter, an epistle, (b) writings, literature, learning.
G1122	γραμματεύς, έως, ὁ	a scribe, town-clerk, man of learning	(a) in Jerusalem, a scribe, one learned in the Jewish Law, a religious teacher, (b) at Ephesus, the town-clerk, the secretary of the city, (c) a man of learning generally.
G1123	γραπτός, ή, όν	written	written.
G1124	γραφή, ῆς, ἡ	a writing, passage of scripture, the scriptures	(a) a writing, (b) a passage of scripture; plur: the scriptures.
G1125	γράφω	I write	I write; pass: it is written, it stands written (in the scriptures).
G1126	γραώδης, ες	belonging to old women, such as old women tell	belonging to old women, such as old women tell.
G1127	γρηγορέω	I am awake, am vigilant, watch	(a) I am awake (in the night), watch, (b) I am watchful, on the alert, vigilant.
G1128	γυμνάζω	I train by physical exercise	I train by physical exercise; hence: train, in the widest sense.
G1129	γυμνασία, ας, ἡ	physical exercise	(physical) exercise, in a wide sense.
G1130	γυμνητεύω	I am poorly clad	I am poorly clad; I am habitually wearing an under-garment only.
G1131	γυμνός, ή, όν	wearing only the under-garment, bare	rarely: stark-naked; generally: wearing only the under-garment; bare, open, manifest; mere.
G1132	γυμνότης, ητος, ἡ	nakedness	nakedness.
G1133	γυναικάριον, ου, τό	a woman, a poor weak woman	a woman, with all a woman's weakness, a poor weak woman, a silly woman.
G1134	γυναικεῖος, α, ον	belonging to woman, of woman	belonging to woman, of woman, female.
G1135	γυνή, αικός, ἡ	a woman, wife, my lady	a woman, wife, my lady.
G1136	Γώγ, ὁ	Gog	Gog, in Ezekiel a king of Magog, a land of the remote north; hence, in Revelation, of a people far remote from Palestine.
G1137	γωνία, ας, ἡ	a corner, a secret place	a corner; met: a secret place.
G1138	Δαυίδ, ὁ	David	David, King of Israel.
G1139	δαιμονίζομαι	I am demon-possessed	I am possessed, am under the power of an evil-spirit or demon.
G1140	δαιμόνιον, ου, τό	an evil-spirit, demon	an evil-spirit, demon; a heathen deity.
G1141	δαιμονιώδης, ες	demon-like	demon-like, such as demons have.
G1142	δαίμων, ονος, ὁ	an evil-spirit, demon	an evil-spirit, demon.
G1143	δάκνω	I bite, backbite, harm seriously	I bite; hence: I backbite, harm seriously.
G1144	δάκρυον, ου, τό	a tear	a tear.
G1145	δακρύω	I shed tears, week	I shed tears, weep.
G1146	δακτύλιος, ου, ὁ	a finger-ring	a finger-ring.
G1147	δάκτυλος, ου, ὁ	a finger	a finger.
G1148	Δαλμανουθά, ἡ	Dalmanutha	Dalmanutha, a town or village near Magdala.
G1149	Δαλματία, ας, ἡ	Dalmatia	Dalmatia, a province of the Roman Empire, east of the Adriatic, a later name for part of what was earlier called Illyricum.
G1150	δαμάζω	I tame, subdue	I tame, subdue, involving obedience and restraint.
G1151	δάμαλις, εως, ἡ	a heifer	a heifer, young cow.
G1152	Δάμαρις, ιδος, ἡ	Damaris	Damaris, an Athenian woman.
G1153	Δαμασκηνός, ή, όν	an inhabitant of Damascus	a Damascene, an inhabitant of Damascus.
G1154	Δαμασκός, οῦ, ἡ	Damascus	Damascus.
G1155	δανείζω	I lend, borrow	I lend; mid: I borrow.
G1156	δάνειον, ου, τό	a loan, debt	a loan, debt.
G1157	δανειστής, οῦ, ὁ	a lender, creditor	a money-lender, creditor.
G1158	Δανιήλ, ὁ	Daniel	Daniel.
G1159	δαπανάω	I spend, bear expense, waste	I spend, bear expense, waste, squander.
G1160	δαπάνη, ης, ἡ	cost, expense	cost, expense.
G1161	δέ	but, on the other hand, and	a weak adversative particle, generally placed second in its clause; but, on the other hand, and.
G1162	δέησις, εως, ἡ	supplication, prayer	supplication, prayer, entreaty.
G1163	δεῖ	it is necessary, inevitable	it is necessary, inevitable; less frequently: it is a duty, what is proper.
G1164	δεῖγμα, ατος, τό	an example, type	an example, type; a thing shown.
G1165	δειγματίζω	I hold up as an example	I hold up as an example, make a show of, expose.
G1166	δείκνυμι	I point out, show	I point out, show, exhibit; met: I teach, demonstrate, make known.
G1167	δειλία, ας, ἡ	cowardice	cowardice, timidity.
G1168	δειλιάω	I shrink, am fearful	I shrink, am fearful, timid, cowardly.
G1169	δειλός, ή, όν	cowardly, timid	cowardly, timid, fearful.
G1170	δεῖνα, ὁ, ἡ, τό	so and so, such a one	so and so, such a one, where the name of the person is known but not used.
G1171	δεινῶς	vehemently, terribly	vehemently, terribly, grievously.
G1172	δειπνέω	I dine	I dine, sup, eat.
G1173	δεῖπνον, ου, τό	a dinner, an afternoon or evening meal	a dinner, an afternoon or evening meal.
G1174	δεισιδαίμων, ον	respectful of what is divine, religious	respectful of what is divine; religious, perhaps, rather than superstitious (the usual meaning).
G1175	δεισιδαιμονία, ας, ἡ	religion in general, superstition	religion in general; in a bad sense: superstition.
G1176	δέκα	ten	ten.
G1177	δεκαδύο	twelve	twelve.
G1178	δεκαπέντε	fifteen	fifteen.
G1179	Δεκάπολις, εως, ἡ	Decapolis	Decapolis, meaning a group or district of ten cities (of the Greek type) in Palestine, mostly south-east of the Lake of Tiberias; the names and number vary in ancient authorities.
G1180	δεκατέσσαρες, ων	fourteen	fourteen.
G1181	δεκάτη, ης, ἡ	a tenth part, a tithe	a tenth part, a tithe.
G1182	δέκατος, η, ον	tenth	tenth.
G1183	δεκατόω	I tithe, collect tithe from	I tithe, collect tithe from.
G1184	δεκτός, ή, όν	acceptable, accepted	acceptable, accepted.
G1185	δελεάζω	I allure, entice by a bait	I allure, entice (by a bait).
G1186	δένδρον, ου, τό	a tree	a tree.
G1187	δεξιόλαβος, ου, ὁ	one posted on the right hand, a spear-man	one posted on the right hand, a spear-man.
G1188	δεξιός, ά, όν	on the right hand, right hand, right	on the right hand, right hand, right.
G1189	δέομαι	I request, beg	I want for myself; I want, need; I beg, request, beseech, pray.
G1190	Δερβαῖος, α, ον	belonging to Derbe	Derbean, belonging to Derbe.
G1191	Δέρβη, ης, ἡ	Derbe	Derbe, a town in Lycaonia and in the southern part of the Roman province Galatia.
G1192	δέρμα, ατος, τό	a hide, skin	the skin or hide of an animal.
G1193	δερμάτινος, η, ον	made of hide, leathern	made of hide, leathern.
G1194	δέρω	I flay, flog, scourge, beat	I flay, flog, scourge, beat.
G1195	δεσμεύω	I bind, put in chains	I bind, put in chains, tie together.
G1196	δεσμέω	I bind	I bind, confine.
G1197	δέσμη, ης, ἡ	a bundle	a bundle.
G1198	δέσμιος, ου, ὁ	one bound, a prisoner	one bound, a prisoner.
G1199	δεσμός, οῦ, ὁ	a bond, chain	a bond, chain, imprisonment; a string or ligament, an impediment, infirmity.
G1200	δεσμοφύλαξ, ακος, ὁ	a keeper of a prison, a jailer	a keeper of a prison, a jailer.
G1201	δεσμωτήριον, ου, τό	a prison	a prison.
G1202	δεσμώτης, ου, ὁ	a prisoner, captive	a prisoner, captive.
G1203	δεσπότης, ου, ὁ	a lord, master, or prince	a lord, master, or prince.
G1204	δεῦρο	come, now, the present	(originally: hither, hence) (a) exclamatory: come, (b) temporal: now, the present.
G1205	δεῦτε	come hither, come, hither	come hither, come, hither, an exclamatory word.
G1206	δευτεραῖος, αία, αῖον	on the second day, on the next day	adj. where English requires an adv., on the second day, on the next day.
G1207	δευτερόπρωτος, ον	second-first	second-first, a word of uncertain meaning.
G1208	δεύτερος, α, ον	second, in the second place, for the second time	second; with the article: in the second place, for the second time.
G1209	δέχομαι	I take, receive, accept, welcome	I take, receive, accept, welcome.
G1210	δέω	I bind	I bind, tie, fasten; I impel, compel; I declare to be prohibited and unlawful.
G1211	δή	so, then, indeed, truly	(a) in a clause expressing demand: so, then, (b) indeed, (c) truly.
G1212	δῆλος, η, ον	clear, manifest, evident	clear, manifest, evident.
G1213	δηλόω	I show, make clear, reveal	I show, make clear, reveal.
G1214	Δημᾶς, ᾶ, ὁ	Demas	Demas, a helper of Paul in Rome.
G1215	δημηγορέω	I make a public speech, address a multitude	I make a public speech, address a multitude.
G1216	Δημήτριος, ου, ὁ	Demetrius	Demetrius, a silversmith of Ephesus.
G1217	δημιουργός, οῦ, ὁ	an artisan, builder	an artisan, builder, maker; one who labors for the public.
G1218	δῆμος, οῦ, ὁ	the people, multitude, rabble	properly: the people, especially citizens of a Greek city in popular assembly, but in NT, multitude, rabble.
G1219	δημόσιος, α, ον	public, publicly	public, publicly.
G1220	δηνάριον, ου, τό	a denarius	a denarius, a small Roman silver coin.
G1221	δήποτε	even at that time, whenever	even at that time, whenever.
G1222	δήπου	of course, indeed	of course, indeed, qualifying and yet strengthening the assertion.
G1223	διά	through, on account of	(a) gen: through, throughout, by the instrumentality of, (b) acc: through, on account of, by reason of, for the sake of, because of.
G1224	διαβαίνω	I cross, pass through	I cross, pass through, step across.
G1225	διαβάλλω	I slander, complain of, accuse	I thrust through, slander, complain of, accuse.
G1226	διαβεβαιόομαι	I assert emphatically	I assert emphatically.
G1227	διαβλέπω	I see through, see clearly	I see through, see clearly.
G1228	διάβολος, ον	slanderous, the Slanderer, the Devil	(adj. used often as a noun), slanderous; with the article: the Slanderer (par excellence), the Devil.
G1229	διαγγέλλω	I announce throughout, spread the news of	I announce throughout (the world), spread the news of, give notice of, teach.
G1230	διαγίνομαι	I pass, elapse time	I pass (of time); I continue through, intervene.
G1231	διαγινώσκω	I know accurately, examine, decide	I know accurately, examine, decide.
G1232	διαγνωρίζω	I tell abroad, make known	I tell abroad, make known.
G1233	διάγνωσις, εως, ἡ	judicial examination, decision	judicial examination, decision; an act of discernment.
G1234	διαγογγύζω	I murmur greatly, continue murmuring	I murmur greatly, continue murmuring.
G1235	διαγρηγορέω	I awake out of sleep, am thoroughly awake	I awake out of sleep, am thoroughly awake.
G1236	διάγω	I spend time, pass time, live	(either trans. or intrans.), I spend time, pass time, live.
G1237	διαδέχομαι	I receive in my turn	I receive in my turn, receive through another.
G1238	διάδημα, ατος, τό	a head-wreath, crown	a head-wreath, crown, diadem.
G1239	διαδίδωμι	I offer here and there, distribute, divide	I offer here and there, distribute, divide, hand over.
G1240	διάδοχος, ου, ὁ	a successor	a successor.
G1241	διαζώννυμι	I gird, tie around	I gird, tie around; mid: I gird round myself.
G1242	διαθήκη, ης, ἡ	a covenant, will, testament	(a) a covenant between two parties, (b) (the ordinary, everyday sense [found a countless number of times in papyri]) a will, testament.
G1243	διαίρεσις, εως, ἡ	division, distribution, difference, distinction	division, distribution, difference, distinction.
G1244	διαιρέω	I divide, distribute	I divide into parts, cut asunder, distribute.
G1245	διακαθαρίζω	I cleanse thoroughly	I cleanse thoroughly.
G1246	διακατελέγχομαι	I utterly refute	I effectively (utterly) refute.
G1247	διακονέω	I wait at table, serve	I wait at table (particularly of a slave who waits on guests); I serve (generally).
G1248	διακονία, ας, ἡ	waiting at table, service, ministration	waiting at table; in a wider sense: service, ministration.
G1249	διάκονος, οῦ, ὁ, ἡ	a waiter, servant, administrator	a waiter, servant; then of any one who performs any service, an administrator.
G1250	διακόσιοι, αι, α	two hundred	two hundred.
G1251	διακούω	I hear throughout, of a judicial hearing	I hear throughout, of a judicial hearing.
G1252	διακρίνω	I distinguish, discern, doubt, hesitate	I separate, distinguish, discern one thing from another; I doubt, hesitate, waver.
G1253	διάκρισις, εως, ἡ	distinguishing, deciding, passing sentence on	distinguishing; hence: deciding, passing sentence on; the act of judgment, discernment.
G1254	διακωλύω	I obstinately prevent, hinder	I obstinately prevent, hinder.
G1255	διαλαλέω	I converse together, talk of	I converse together, talk of; of conversation passing from mouth to mouth.
G1256	διαλέγομαι	I converse, address, preach, lecture	I converse, address, preach, lecture; I argue, reason.
G1257	διαλείπω	I cease, give over, give up	I cease, give over, give up.
G1258	διάλεκτος, ου, ἡ	language, speech	language, speech, conversation, manner of speaking.
G1259	διαλλάσσομαι	I become reconciled to, reconcile myself with	I change, exchange; I reconcile, change enmity for friendship.
G1260	διαλογίζομαι	I reason, debate, consider	I reason (with), debate (with), consider.
G1261	διαλογισμός, οῦ, ὁ	a calculation, reasoning, thought, plotting	a calculation, reasoning, thought, movement of thought, deliberation, plotting.
G1262	διαλύω	I break up, disperse	I break up, disperse, dissolve.
G1263	διαμαρτύρομαι	I give solemn evidence, testify solemnly	I give solemn evidence, testify (declare) solemnly.
G1264	διαμάχομαι	I strive greatly, contend fiercely	I strive greatly, contend fiercely.
G1265	διαμένω	I remain, continue	I remain, continue.
G1266	διαμερίζω	I divide up into parts, break up, distribute	I divide up into parts, break up; I distribute.
G1267	διαμερισμός, οῦ, ὁ	breaking up, discord, hostility	breaking up; discord, hostility.
G1268	διανέμω	I divide into portions, distribute	I divide into portions, distribute; pass: I am spread about.
G1269	διανεύω	I nod continually, beckon	I nod continually, beckon.
G1270	διανόημα, ατος, τό	a reasoning, thought, cogitation	a reasoning, thought, cogitation.
G1271	διάνοια, ας, ἡ	understanding, intellect, mind	understanding, intellect, mind, insight.
G1272	διανοίγω	I open fully	I open fully.
G1273	διανυκτερεύω	I spend the whole night	I spend the whole night.
G1274	διανύω	I finish, complete	I finish, complete, accomplish fully.
G1276	διαπεράω	I cross over	I cross over, pass over.
G1277	διαπλέω	I sail over	I sail over (across).
G1278	διαπονέομαι	I am greatly troubled	I am greatly troubled.
G1279	διαπορεύομαι	I journey through	I journey through (past).
G1280	διαπορέω	I am in trouble, doubt, difficulty	I am in trouble, doubt, difficulty; I am at a loss.
G1281	διαπραγματεύομαι	I gain by business	I gain by business (trading).
G1282	διαπρίω	I cut to the quick	(lit: I saw through), I cut to the quick (with indignation and envy).
G1283	διαρπάζω	I plunder, rob thoroughly	I plunder, rob thoroughly.
G1284	διαρρήσσω	I tear asunder	I tear asunder, burst, rend.
G1285	διασαφέω	I make clear, explain	I make clear, explain fully.
G1286	διασείω	I blackmail, extort from	I blackmail, extort from, intimidate.
G1287	διασκορπίζω	I scatter, winnow, disperse, waste	I scatter, winnow, disperse, waste.
G1288	διασπάω	I tear apart, burst	I tear apart, burst.
G1289	διασπείρω	I scatter like seed	I scatter (like seed), disperse.
G1290	διασπορά, ᾶς, ἡ	dispersion	lit: scattering abroad of seed by the sower, hence: dispersion, used especially of the Jews who had migrated and were scattered over the ancient world.
G1291	διαστέλλομαι	I give a commission, order	I give a commission (instructions), order; I admonish, prohibit.
G1292	διάστημα, ατος, τό	an interval of time	an interval of time, distance.
G1293	διαστολή, ῆς, ἡ	distinction, difference, separation	distinction, difference, separation.
G1294	διαστρέφω	I pervert, corrupt, oppose	I pervert, corrupt, oppose, distort.
G1295	διασώζω	I save, bring safely to	I save (rescue) through (some danger), bring safely to, escaped to.
G1296	διαταγή, ῆς, ἡ	ordaining, ordinance, disposition	ordaining, ordinance, disposition.
G1297	διάταγμα, ατος, τό	a mandate, decree	a mandate, decree, edict.
G1298	διαταράσσω	I trouble greatly, agitate	I trouble greatly, agitate.
G1299	διατάσσω	I give orders to, prescribe	I give orders to, prescribe, arrange.
G1300	διατελέω	I continue	I continue, persevere, finish.
G1301	διατηρέω	I keep safe, hold fast	I keep safe, hold fast.
G1303	διατίθεμαι	I appoint, make	(a) I appoint, make (of a covenant), (b) I make (a will).
G1304	διατρίβω	I tarry, continue, stay	I tarry, continue, stay in a place.
G1305	διατροφή, ῆς, ἡ	nourishment, food	nourishment, food.
G1306	διαυγάζω	I shine through, dawn	I shine through, dawn (of the light coming through the shadows).
G1307	διαυγής, ές	transparent	through which light passes, transparent.
G1308	διαφέρω	I carry through, differ, surpass, excel	(a) trans: I carry through, hither and thither, (b) intrans: I am different, differ, and sometimes: I surpass, excel.
G1309	διαφεύγω	I escape by flight	I escape by flight.
G1310	διαφημίζω	I report, publish abroad	I report, publish abroad.
G1311	διαφθείρω	I destroy, waste, corrupt	I destroy, waste; hence met: I corrupt.
G1312	διαφθορά, ας, ἡ	destruction, decay, corruption	destruction, decay, corruption.
G1313	διάφορος, ον	differing, different, excellent	differing, different; hence: excellent.
G1314	διαφυλάσσω	I guard carefully, protect, defend	I guard carefully, protect, defend.
G1315	διαχειρίζομαι	I lay my hands upon, slay, kill	I lay my hands upon, and so: I slay, kill.
G1316	διαχωρίζομαι	I separate myself from, part from	I separate myself from, part from, go away.
G1317	διδακτικός, ή, όν	able to teach, apt to teach	able to teach, apt to teach.
G1318	διδακτός, ή, όν	taught, instructed	taught, instructed.
G1319	διδασκαλία, ας, ἡ	instruction, teaching	instruction, teaching.
G1320	διδάσκαλος, ου, ὁ	a teacher	a teacher, master.
G1321	διδάσκω	I teach	I teach, direct, admonish.
G1322	διδαχή, ῆς, ἡ	teaching, doctrine	teaching, doctrine, what is taught.
G1323	δίδραχμον, ου, τό	a double-drachma, two drachmae	a double-drachma, two drachmae, a Greek silver coin.
G1324	Δίδυμος, ου, ὁ	the Twin, Didymus, Thomas	the Twin; Didymus, the Greek name equivalent to Thomas.
G1325	δίδωμι	I offer, give	I offer, give; I put, place.
G1326	διεγείρω	I wake out of sleep, I arouse	I wake out of sleep, arouse in general, stir up.
G1327	διέξοδος, ου, ἡ	a public spot in a city	a meeting-place of roads, a public spot in a city.
G1328	διερμηνευτής, ου, ὁ	an interpreter	an interpreter.
G1329	διερμηνεύω	I translate, interpret, explain	I translate, interpret, explain.
G1330	διέρχομαι	I pass through, spread a report	I pass through, spread (as a report).
G1331	διερωτάω	I find by inquiry	I find by inquiry.
G1332	διετής, ές	two years old	two years old, lasting two years.
G1333	διετία, ας, ἡ	two years	a period of two years, two years; according to ancient practice this means any period between one and two years.
G1334	διηγέομαι	I relate in full, describe	I relate in full, describe, narrate.
G1335	διήγησις, εως, ἡ	a narrative	a narrative.
G1336	διηνεκής, ές	continuous, continually	continuous, continually, unbroken.
G1337	διθάλασσος, ον	between two seas	between two seas, which has sea on both sides.
G1338	διϊκνέομαι	I pass through, pierce	I pass through (to), come through (to), pierce.
G1339	διΐστημι	I put apart, separate, put some distance between	I put apart, separate, put some distance between.
G1340	διϊσχυρίζομαι	I assert emphatically	I assert emphatically, lean upon.
G1341	δικαιοκρισία, ας, ἡ	just judgment	just judging, just judgment.
G1342	δίκαιος, ία, ιον	just, righteous, impartial	just; especially, just in the eyes of God; righteous; the elect (a Jewish idea).
G1343	δικαιοσύνη, ης, ἡ	justice, justness, righteousness	(usually if not always in a Jewish atmosphere), justice, justness, righteousness, righteousness of which God is the source or author, but practically: a divine righteousness.
G1344	δικαιόω	I make righteous, defend the cause of, justify	I make righteous, defend the cause of, plead for the righteousness (innocence) of, acquit, justify; hence: I regard as righteous.
G1345	δικαίωμα, ατος, τό	a thing pronounced to be just	a thing pronounced (by God) to be righteous (just, the right); or the restoration of a criminal, a fresh chance given him; a righteous deed, an instance of perfect righteousness.
G1346	δικαίως	justly, righteously	justly, righteously.
G1347	δικαίωσις, εως, ἡ	acquittal, justification	acquittal, justifying, justification, a process of absolution.
G1348	δικαστής, οῦ, ὁ	a judge	a judge.
G1349	δίκη, ης, ἡ	justice, judicial hearing, punishment	(a) (originally: custom, usage) right, justice, (b) process of law, judicial hearing, (c) execution of sentence, punishment, penalty, (d) justice, vengeance.
G1350	δίκτυον, ου, τό	a fishing-net	a fishing-net.
G1351	δίλογος, ον	double-tongued, deceitful	double-tongued, deceitful.
G1352	διό	wherefore	wherefore, on which account, therefore.
G1353	διοδεύω	I journey through, go about	I journey through, go about.
G1354	Διονύσιος, ου, ὁ	Dionysius	Dionysius, an Athenian.
G1355	διόπερ	wherefore	wherefore (emphatically), for which very reason.
G1356	διοπετής, ές	fallen from the sky	fallen from the sky.
G1357	διόρθωσις, εως, ἡ	improvement, reformation	amendment, improvement, reformation.
G1358	διορύσσω	I dig through, break through	I dig through, break through.
G1359	Διόσκουροι, ων, οἱ	the Dioscuri, Castor and Pollux	the Dioscuri, Castor and Pollux, sons of Zeus and Leda, and patrons of sailors.
G1360	διότι	on this account, because, for	on this account, because, for.
G1361	Διοτρεφής, ους, ὁ	Diotrephes	Diotrephes.
G1362	διπλοῦς, ῆ, οῦν	double, two-fold	double, two-fold.
G1363	διπλόω	I double	I double, render back double.
G1364	δίς	twice	twice, entirely, utterly.
G1365	διστάζω	I waver, doubt	I waver, doubt, hesitate.
G1366	δίστομος, ον	two-edged	(lit: twain-mouthed; hence: of a sword, as a drinker of blood), two-edged.
G1367	δισχίλιοι, αι, α	two thousand	two thousand.
G1368	διϋλίζω	I strain, put through a sieve	I strain, put through a sieve.
G1369	διχάζω	I set at variance, make to be hostile	I cut asunder; met: I set at variance, make to be hostile.
G1370	διχοστασία, ας, ἡ	division, dissension	division, dissension, standing apart.
G1371	διχοτομέω	I cut in two, scourge severely	I cut in two, perhaps: scourge severely.
G1372	διψάω	I thirst for, desire earnestly	I thirst for, desire earnestly.
G1373	δίψος, ους, τό	thirst	thirst.
G1374	δίψυχος, ον	double-minded, wavering	(lit: of two souls, of two selves), double-minded, wavering.
G1375	διωγμός, οῦ, ὁ	persecution	chase, pursuit; persecution.
G1376	διώκτης, ου, ὁ	a persecutor	a persecutor.
G1377	διώκω	I pursue, persecute	I pursue, hence: I persecute.
G1378	δόγμα, ατος, τό	a decree, edict, ordinance	a decree, edict, ordinance.
G1379	δογματίζω	I subject to regulations, decree	I subject to regulations, decree; mid: I subject myself to regulations, am decree-ridden.
G1380	δοκέω	I think, seem, appear, it seems	I think, seem, appear, it seems.
G1381	δοκιμάζω	I put to the test, prove, examine	I put to the test, prove, examine; I distinguish by testing, approve after testing; I am fit.
G1382	δοκιμή, ῆς, ἡ	a trial, proof; tried, approved character	a trial, proof; tried, approved character.
G1383	δοκίμιον, ου, τό	a test, trial, what is genuine	a test, trial, what is genuine.
G1384	δόκιμος, ον	approved, acceptable	approved, acceptable, tried.
G1385	δοκός, οῦ, ἡ	a beam	a beam or spar of timber.
G1386	δόλιος, ία, ιον	treacherous, deceitful	treacherous, deceitful, fraudulent.
G1387	δολιόω	I act deceitfully, deceive	I act deceitfully, deceive, use fraud.
G1388	δόλος, ου, ὁ	deceit, guile, treachery	deceit, guile, treachery.
G1389	δολόω	I adulterate, corrupt	I adulterate, corrupt, ensnare.
G1390	δόμα, ατος, τό	a gift	a gift, present.
G1391	δόξα, ης, ἡ	honor, renown, glory splendor	honor, renown; glory, an especially divine quality, the unspoken manifestation of God, splendor.
G1392	δοξάζω	I glorify, honor, bestow glory on	I glorify, honor, bestow glory on.
G1393	Δορκάς, άδος, ἡ	Dorcas	Dorcas, the Greek name of Tabitha.
G1394	δόσις, εως, ἡ	a giving, gift.	a giving, gift, donation.
G1395	δότης, ου, ὁ	a giver	a giver.
G1396	δουλαγωγέω	I enslave	I bring into subjection, enslave, treat as a slave.
G1397	δουλεία, ας, ἡ	slavery, bondage	slavery, bondage.
G1398	δουλεύω	I am a slave, am subject to, obey	I am a slave, am subject to, obey, am devoted.
G1399	δούλη, ης, ἡ	a female slave, bonds-maid	a female slave, bonds-maid.
G1401	δοῦλος, ου, ὁ	a male slave	(a) (as adj.) enslaved, (b) (as noun) a (male) slave.
G1402	δουλόω	I enslave	I enslave.
G1403	δοχή, ῆς, ἡ	a reception, party	a feast, banquet, reception.
G1404	δράκων, οντος, ὁ	a dragon or huge serpent	a dragon or huge serpent; met: Satan.
G1405	δράσσομαι	I take hold of, grasp	I take hold of, grasp, catch.
G1406	δραχμή, ῆς, ἡ	a drachma	a drachma, a Greek silver coin.
G1407	δρέπανον, ου, τό	a sickle	a sickle, pruning-hook.
G1408	δρόμος, ου, ὁ	a running, course, career	a running, course, career, race.
G1409	Δρούσιλλα, ης, ἡ	Drusilla	Drusilla (born A.D. 39), daughter of Herod Agrippa I.
G1410	δύναμαι	I am powerful, am able	(a) I am powerful, have (the) power, (b) I am able, I can.
G1411	δύναμις, εως, ἡ	might, power, marvelous works	(a) physical power, force, might, ability, efficacy, energy, meaning (b) plur: powerful deeds, deeds showing (physical) power, marvelous works.
G1412	δυναμόω	I empower, fill with power	I empower, fill with power, strengthen.
G1413	δυνάστης, ου, ὁ	a ruler, potentate	(lit: a man who rules by force), a ruler, potentate; also: courtier, member of the court.
G1414	δυνατέω	I am powerful, able	I am powerful, have power, am able, am mighty.
G1415	δυνατός, ή, όν	powerful, able, possible	(a) of persons: powerful, able, (b) of things: possible.
G1416	δύνω	I sink, set	I sink, set (as the sun).
G1417	δύο	two	two.
G1419	δυσβάστακτος, ον	difficult to carry	difficult to carry, oppressive.
G1420	δυσεντερία, ας, ἡ	dysentery	dysentery.
G1421	δυσερμήνευτος, ον	difficult to interpret	difficult to interpret, hard to be understood.
G1422	δύσκολος, ον	difficult	difficult, hard; of persons: hard to please.
G1423	δυσκόλως	with difficulty, hardly	with difficulty, hardly.
G1424	δυσμή, ῆς, ἡ	a setting of the sun, the West	a setting (of the sun), hence: the West.
G1425	δυσνόητος, ον	hard to understand	hard to understand.
G1426	δυσφημία, ας, ἡ	evil report, defamation	evil report, defamation, words of ill omen.
G1427	δώδεκα	twelve	twelve; the usual way in which the Twelve apostles of Jesus are referred to.
G1428	δωδέκατος, η, ον	twelfth	twelfth.
G1429	δωδεκάφυλον, ου, τό	the Twelve Tribes of Israel	the Twelve Tribes (of Israel).
G1430	δῶμα, ατος, τό	the top of the house	the roof (of a house), the top of the house.
G1431	δωρεά, ᾶς, ἡ	a free gift	a (free) gift, a gift (without repayment).
G1432	δωρεάν	as a free gift, without payment, freely	as a free gift, without payment, freely.
G1433	δωρέομαι	I give, grant, donate	I give, grant, donate.
G1434	δώρημα, ατος, τό	a gift, bounty	a gift, bounty.
G1435	δῶρον, ου, τό	a gift, present	a gift, present.
G1436	ἔα	an interjection: ho!	an interjection, Ho! Ah! Ha! It is supposed to imply surprise, fear and indignation.
G1437	ἐάν	if	if.
G1438	ἑαυτοῦ, ῆς, οῦ	himself, herself, itself	himself, herself, itself.
G1439	ἐάω	I allow, permit, leave	I allow, permit, let alone, leave.
G1440	ἑβδομήκοντα	seventy	seventy.
G1441	ἑβδομηκοντάκις	seventy times	seventy times.
G1442	ἕβδομος, η, ον	seventh	seventh.
G1443	Ἕβερ, ὁ	Eber	Eber, father of Peleg and son of Shelah.
G1444	Ἑβραϊκός, ή, όν	Hebrew	Hebrew.
G1445	Ἑβραῖος, ου, ὁ	a Hebrew	a Hebrew, particularly one who speaks Hebrew (Aramaic).
G1446	Ἑβραΐς, ΐδος, ἡ	the Hebrew language, Aramaic	the Hebrew language, or rather: Aramaic.
G1447	Ἑβραϊστί	in the Hebrew or Aramaic dialect	in the Hebrew, or rather, in the Aramaic dialect.
G1448	ἐγγίζω	I come near, approach	trans: I bring near; intrans: I come near, approach.
G1449	ἐγγράφω	I write, inscribe	I write, inscribe.
G1450	ἔγγυος, ου, ὁ, ἡ	a surety, security	a surety, security.
G1451	ἐγγύς	near	near.
G1452	ἐγγύτερον	nearer	nearer.
G1453	ἐγείρω	I wake, arouse, raise up	(a) I wake, arouse, (b) I raise up.
G1454	ἔγερσις, εως, ἡ	a waking up, resurrection	a waking up, resurrection.
G1455	ἐγκάθετος, ου, ὁ, ἡ	a spy	a spy.
G1456	ἐγκαίνια, ίων, τά	a renewal, dedication	a renewal, dedication; the feast of rededication.
G1457	ἐγκαινίζω	I consecrate, dedicate	I consecrate, dedicate, renovate.
G1458	ἐγκαλέω	I bring a charge against, accuse	I bring a charge against, accuse.
G1459	ἐγκαταλείπω	I abandon, desert	I leave in the lurch, abandon (one who is in straits), desert.
G1460	ἐγκατοικέω	I dwell in, among	I dwell in, among.
G1461	ἐγκεντρίζω	I graft in	I graft in, ingraft.
G1462	ἔγκλημα, ατος, τό	an accusation, charge	an accusation, charge.
G1463	ἐγκομβόομαι	I clothe myself	I clothe myself (originally: I tie round in a knot).
G1464	ἐγκοπή, ῆς, ἡ	an impediment, hindrance	an incision, a cutting, break; met: an interruption, a hindrance.
G1465	ἐγκόπτω	I interrupt, hinder	I interrupt, hinder.
G1466	ἐγκράτεια, ας, ἡ	self-mastery, self-control	self-mastery, self-restraint, self-control, continence.
G1467	ἐγκρατεύομαι	I exercise self-control	I exercise self-control, am continent.
G1468	ἐγκρατής, ές	self-controlled	self-controlled.
G1469	ἐγκρίνω	I count among	I count among.
G1470	ἐγκρύπτω	I hide in, mix with	I hide in, mix with.
G1471	ἔγκυος, ον	with child, pregnant	with child, pregnant.
G1472	ἐγχρίω	I rub in, anoint	I rub in, anoint.
G1473	ἐγώ	I	I, the first-person pronoun.
G1474	ἐδαφίζω	I dash to the ground	I dash to the ground, level with the ground.
G1475	ἔδαφος, ους, τό	the base, ground	the base, ground, bottom.
G1476	ἑδραῖος, αία, αῖον	firm, steadfast	sitting, seated; steadfast, firm.
G1477	ἑδραίωμα, ατος, τό	a foundation, stay, support	a foundation, stay, support.
G1478	Ἑζεκίας, ου, ὁ	Hezekiah	Hezekiah, son of Ahaz, father of Manasseh, and king of Judah (727-686 [?] B.C.).
G1479	ἐθελοθρησκεία, ας, ἡ	arbitrary worship	arbitrary worship, self-imposed worship.
G1480	ἐθίζω	I accustom	I accustom.
G1481	ἐθνάρχης, ου, ὁ	an ethnarch, tribal lord	an ethnarch, tribal lord, a subordinate ruler.
G1482	ἐθνικός, ή, όν	pagan, heathen, gentile; a Gentile, non-Jew	pagan, heathen, gentile; subst: a Gentile, non-Jew.
G1483	ἐθνικῶς	in the manner of Gentiles	in the manner of Gentiles, like the rest of the world.
G1484	ἔθνος, ους, τό	a race, people, the Gentiles	a race, people, nation; the nations, heathen world, Gentiles.
G1485	ἔθος, ους, τό	a custom	a custom, habit; an institute, rite.
G1486	εἴωθα	I am accustomed, custom, what was customary	I am accustomed, custom, what was customary.
G1487	εἰ	if	if.
G1489	εἴγε	if indeed, seeing that, unless	if indeed, seeing that, unless.
G1490	εἰ δὲ μήγε	but if not, else, otherwise	but if not, else, otherwise.
G1491	εἶδος, ους, τό	visible form, shape, appearance, kind	visible form, shape, appearance, outward show, kind, species, class.
G1492	οἶδα	I know, remember	I know, remember, appreciate.
G1493	εἰδωλεῖον, ου, τό	a temple for an image	a temple for (containing) an image (an idol).
G1494	εἰδωλόθυτος, ον	sacrificed to an image	(of meat), sacrificed to an image (or an idol).
G1495	εἰδωλολατρεία, ας, ἡ	worship or service of an image	service (worship) of an image (an idol).
G1496	εἰδωλολάτρης, ου, ὁ	a worshipper of an image	a server (worshipper) of an image (an idol).
G1497	εἴδωλον, ου, τό	an idol, false god	an idol, false god.
G1500	εἰκῇ	without purpose, in vain	without a cause, purpose; purposelessly, in vain, for nothing.
G1501	εἴκοσι	twenty	twenty.
G1502	εἴκω	I give way, yield	I give way, yield, submit.
G1503	ἔοικα	I am like, resemble	I am like, resemble.
G1504	εἰκών, όνος, ἡ	an image, likeness, bust	an image, likeness, bust.
G1505	εἰλικρίνεια, ας, ἡ	clearness, sincerity, purity	clearness, sincerity, purity.
G1506	εἰλικρινής, ές	pure, uncontaminated, sincere	(originally: unmixed), pure, uncontaminated, sincere.
G1510	εἰμί	I am, exist	I am, exist.
G1512	εἴπερ	if indeed, if so	if indeed, if so.
G1514	εἰρηνεύω	I am peaceful, keep the peace, am at peace	I am peaceful, keep the peace, am at peace.
G1515	εἰρήνη, ης, ἡ	peace, peace of mind	peace, peace of mind; invocation of peace a common Jewish farewell, in the Hebraistic sense of the health (welfare) of an individual.
G1516	εἰρηνικός, ή, όν	peaceable, disposed to peace	peaceable, disposed to peace, profitable.
G1517	εἰρηνοποιέω	I make peace, reconcile	I make peace, reconcile.
G1518	εἰρηνοποιός, όν	pacific, loving peace, a peace-maker	pacific, loving peace, a peace-maker.
G1519	εἰς	into, in, among, till, for	into, in, unto, to, upon, towards, for, among.
G1520	εἷς, μία, ἕν	one	one.
G1521	εἰσάγω	I lead in, bring in	I lead in, bring in, introduce.
G1522	εἰσακούω	I hear, listen to	I hear, listen to, heed.
G1523	εἰσδέχομαι	I welcome in	I welcome in, admit, receive.
G1524	εἴσειμι	I go in, enter	I go in, enter (originally: I shall go in).
G1525	εἰσέρχομαι	I go in, come in, enter	I go in, come in, enter.
G1528	εἰσκαλέομαι	I call in, invite	I call in (to my house), invite.
G1529	εἴσοδος, ου, ἡ	entering, entrance, entry	(act of) entering, an entrance, entry.
G1530	εἰσπηδάω	I leap into, rush into	I leap into, rush into.
G1531	εἰσπορεύομαι	I journey into, go into	I journey in(to), I go in(to), enter, intervene.
G1532	εἰστρέχω	I run in	I run in, run into.
G1533	εἰσφέρω	I lead into, bring in	I lead into, bring in, announce.
G1534	εἶτα	then, thereafter, next	then, thereafter, next (marking a fresh stage); therefore, then, furthermore.
G1535	εἴτε	and if, whether	and if, whether.
G1537	ἐκ, ἐξ	from out, out from among, from	from out, out from among, from, suggesting from the interior outwards.
G1538	ἕκαστος, η, ον	each, every one	each (of more than two), every one.
G1539	ἑκάστοτε	at every time, always	at every time, always.
G1540	ἑκατόν	one hundred	one hundred.
G1541	ἑκατονταέτης, ες	a hundred years old	a hundred years old.
G1542	ἑκατονταπλασίων, ον	a hundredfold	a hundredfold.
G1543	ἑκατοντάρχης, ου, ὁ	a centurion	a centurion of the Roman army.
G1544	ἐκβάλλω	I throw, cast, put out, banish, bring forth, produce	I throw (cast, put) out; I banish; I bring forth, produce.
G1545	ἔκβασις, εως, ἡ	a way out, escape, result	(a) a way out, escape, (b) result, issue.
G1546	ἐκβολή, ῆς, ἡ	a throwing out, a jettisoning	a throwing out, a jettisoning of cargo to lighten a ship.
G1547	ἐκγαμίζω	I give in marriage, marry	I give in marriage, marry.
G1548	ἐκγαμίσκω	I give in marriage	I give in marriage.
G1549	ἔκγονος, ον	descended, a descendant	descended, subst: a descendant.
G1550	ἐκδαπανάω	I spend completely	I spend (give out) completely, exhaust.
G1551	ἐκδέχομαι	I wait for, expect	I wait for, expect.
G1552	ἔκδηλος, ον	perfectly evident, manifest	perfectly evident, manifest.
G1553	ἐκδημέω	I go abroad, am absent	I go abroad, am absent.
G1554	ἐκδίδωμι	I give out, let, let out for my own advantage	I give out, let; middle: I let out for my own advantage.
G1555	ἐκδιηγέομαι	I narrate at length, declare	I narrate at length, declare.
G1556	ἐκδικέω	I give justice over, defend, avenge, vindicate	I give justice over, defend, avenge, vindicate.
G1557	ἐκδίκησις, εως, ἡ	a defense, vengeance, full punishment	(a) a defense, avenging, vindication, vengeance, (b) full (complete) punishment.
G1558	ἔκδικος, ον	avenging, an avenger	avenging, subst: an avenger (the word occurs frequently in the sense of a special advocate [champion] of a city).
G1559	ἐκδιώκω	I persecute, expel by persecuting	I persecute, expel by persecuting, drive out, vex, harass.
G1560	ἔκδοτος, ον	given up, delivered up	given up, delivered up.
G1561	ἐκδοχή, ῆς, ἡ	a waiting for, expectation	a waiting for, expectation.
G1562	ἐκδύω	I put off, take off, strip off	I put off, take off, strip off, with acc. of person or garment or both.
G1563	ἐκεῖ	there, yonder, thither	(a) there, yonder, in that place, (b) thither, there.
G1564	ἐκεῖθεν	thence, from that place	thence, from that place.
G1565	ἐκεῖνος, η, ο	that, that one there, yonder	that, that one there, yonder.
G1566	ἐκεῖσε	thither, there	thither, there, at that place.
G1567	ἐκζητέω	I seek out, require	I seek out, seek out after, require.
G1568	ἐκθαμβέομαι	I am greatly astonished	I am greatly astonished, am awe-struck.
G1569	ἔκθαμβος, ον	full of astonishment, amazed	full of astonishment, amazed.
G1570	ἔκθετος, ον	cast out, exposed	cast out, exposed (to the elements), abandoned.
G1571	ἐκκαθαίρω	I clean out, clean thoroughly	I clean (cleanse) out, clean thoroughly.
G1572	ἐκκαίομαι	I burn with lust	I blaze out, am inflamed.
G1573	ἐκκακέω	I am faint, am weary	I am faint, am weary.
G1574	ἐκκεντέω	I pierce through, transfix	I pierce through (or deeply), transfix.
G1575	ἐκκλάω	I break off	I break off.
G1576	ἐκκλείω	I shut out, exclude	I shut out, exclude, separate.
G1577	ἐκκλησία, ας, ἡ	an assembly, congregation, church	an assembly, congregation, church; the Church, the whole body of Christian believers.
G1578	ἐκκλίνω	I fall away from, turn away	(lit: I bend away from), I fall away from, turn away (from), deviate.
G1579	ἐκκολυμβάω	I swim out	I swim out (of the water).
G1580	ἐκκομίζω	I carry out	I carry out (of the city gate for burial).
G1581	ἐκκόπτω	I cut out, cut off	I cut out (off, away), remove, prevent.
G1582	ἐκκρεμάννυμι	I hang out, hang upon	I hang out, mid: I hang upon.
G1583	ἐκλαλέω	I speak out, disclose	I speak out, disclose, divulge.
G1584	ἐκλάμπω	I shine forth	I shine forth (out).
G1585	ἐκλανθάνομαι	I forget entirely	I forget entirely, make to forget.
G1586	ἐκλέγομαι	I choose, elect	I pick out for myself, choose, elect, select.
G1587	ἐκλείπω	I fail utterly, cease, die	I fail, die out, come to an end, am defunct.
G1588	ἐκλεκτός, ή, όν	chosen, elect, choice, select	chosen out, elect, choice, select, sometimes as subst: of those chosen out by God for the rendering of special service to Him (of the Hebrew race, particular Hebrews, the Messiah, and the Christians).
G1589	ἐκλογή, ῆς, ἡ	a choosing out, selecting, choice by God	a choosing out, selecting, choice (by God).
G1590	ἐκλύω	I am unstrung, become weak, fail	I loose, release, unloose (as a bow-string), relax, enfeeble; pass: I am faint, grow weary.
G1591	ἐκμάσσω	I wipe, wipe off thoroughly	I wipe, wipe (off) thoroughly.
G1592	ἐκμυκτηρίζω	I deride, scoff at, mock greatly	I deride, scoff at, mock greatly.
G1593	ἐκνεύω	I retire, withdraw	I escape, get clear of, deviate, withdraw.
G1594	ἐκνήφω	I return to soberness of mind	I return to soberness of mind.
G1595	ἑκούσιος, ία, ιον	willing, voluntary, spontaneous	willing, with right good will, voluntary, spontaneous.
G1596	ἑκουσίως	willingly	willingly, of one's own accord, spontaneously.
G1597	ἔκπαλαι	from of old, long since	from of old, long since.
G1598	ἐκπειράζω	I put to the test, make trial of, tempt	I put to the test, make trial of, tempt, try.
G1599	ἐκπέμπω	I send out	I send out, send forth.
G1600	ἐκπετάννυμι	I spread or stretch out	I spread (stretch) out, expand, extend.
G1601	ἐκπίπτω	I fall out, fall off, fall away, fade away, wither away	I fall out, fall off, fall away; hence in nautical language: I fall off from the straight course; of flowers: I fade away, wither away; I fall from, lose, forfeit; I am cast ashore; I am fruitless.
G1602	ἐκπλέω	I sail out, sail away	I sail out (of harbor), sail away.
G1603	ἐκπληρόω	I fill completely, fulfill in every particular	I fill completely, fulfill in every particular (to the utmost), make good.
G1604	ἐκπλήρωσις, εως, ἡ	completion, fulfillment	a completion, fulfillment, accomplishment.
G1605	ἐκπλήσσω	I am thunderstruck, astounded	I strike with panic or shock; I amaze, astonish.
G1606	ἐκπνέω	I breathe my last, expire	(lit: I breathe out), I breathe my last, expire.
G1607	ἐκπορεύομαι	I journey out, come forth	I depart from; I am voided, cast out; I proceed from, am spoken; I burst forth, flow out, am spread abroad.
G1608	ἐκπορνεύω	I am guilty of fornication	I am guilty of fornication.
G1609	ἐκπτύω	I spit upon, disdain, reject, loathe	I spit out, disdain, reject, loathe.
G1610	ἐκριζόω	I root out, root up	I root out, pluck up by the roots.
G1611	ἔκστασις, εως, ἡ	bewilderment, amazement	(properly: distraction or disturbance of mind caused by shock), bewilderment, amazement; a trance.
G1612	ἐκστρέφω	I change for the worse, corrupt, pervert	I change for the worse, corrupt, pervert.
G1613	ἐκταράσσω	I disturb greatly	I disturb (trouble) greatly (exceedingly).
G1614	ἐκτείνω	I stretch out, cast forth	I stretch out (forth), cast forth (as of an anchor), lay hands on.
G1615	ἐκτελέω	I complete, perform	I complete, bring to completion, carry out, perform.
G1616	ἐκτένεια, ας, ἡ	earnestness, strenuousness, intentness	earnestness, strenuousness, intentness, zeal.
G1617	ἐκτενέστερον	more earnestly	more earnestly.
G1618	ἐκτενής, ές	intent, constant, strenuous, intense	intent, constant, strenuous, intense; met: earnest, zealous.
G1619	ἐκτενῶς	earnestly, strenuously	earnestly, strenuously, fervently.
G1620	ἐκτίθημι	I put out or expose a child, set forth, explain	(a) I put out or expose a child, (b) mid: I set forth, expound, explain.
G1621	ἐκτινάσσω	I shake off	I shake off; mid: I shake off from myself.
G1622	ἐκτός	without, outside, except, the outside, apart from	(a) adv: (1) without, outside, beyond, (2) except, (3) subst: the outside, (b) prep: outside, apart from.
G1623	ἕκτος, η, ον	sixth	sixth.
G1624	ἐκτρέπω	I turn aside, wander, forsake	(lit: I turn out from); mid. and pass: I turn aside (from the right road), wander, forsake, and with an object: I remove from myself, shun, avoid.
G1625	ἐκτρέφω	I nourish, nurture, bring up	I nourish, nurture, bring up.
G1626	ἔκτρωμα, ατος, τό	an untimely birth	(strictly: a lifeless abortion) an untimely birth.
G1627	ἐκφέρω	I bring out, carry out	I bring out, carry out, sometimes out of the city for burial; I bring forth, bear, produce.
G1628	ἐκφεύγω	I flee out, away, I escape	I flee out, away, escape; with an acc: I escape something.
G1629	ἐκφοβέω	I terrify exceedingly	I frighten away, terrify.
G1630	ἔκφοβος, ον	greatly terrified	greatly terrified, horrified.
G1631	ἐκφύω	I put forth, cause to sprout	I put forth, cause to sprout.
G1632	ἐκχέω	I pour out, shed	I pour out (liquid or solid); I shed, bestow liberally.
G1633	ἐκχωρέω	I go out, depart from	I go out, depart from, withdraw, flee.
G1634	ἐκψύχω	I breathe my last, die, expire	I breathe my last, die, expire.
G1635	ἑκών, ἑκοῦσα, ἑκόν	willing, willingly	willing, willingly, voluntarily.
G1636	ἐλαία, ας, ἡ	an olive tree	an olive tree; the Mount of Olives.
G1637	ἔλαιον, ου, τό	olive oil	olive oil, oil.
G1638	Ἐλαιών, ῶνος, ὁ	Olive-grove, Olive-yard, the mount Olivet	Olive-grove, Olive-yard, the mount Olivet.
G1639	Ἐλαμίτης, ου, ὁ	an Elamite	an Elamite, one of a people living to the north of the Persian Gulf in the southern part of Persia.
G1640	ἐλάσσων, ον	less, smaller, inferior	less, smaller; poorer, inferior.
G1641	ἐλαττονέω	I have less, lack	I have less, lack.
G1642	ἐλαττόω	I make less, make inferior	I make less (inferior).
G1643	ἐλαύνω	I drive on, propel, row	(a) trans: I drive (on), propel, (b) intrans: I row.
G1644	ἐλαφρία, ας, ἡ	levity, fickleness	levity, fickleness, lightness.
G1645	ἐλαφρός, ά, όν	light, not burdensome	light, not burdensome.
G1646	ἐλάχιστος, ίστη, ιστον	least, smallest, very little	least, smallest, but perhaps oftener in the weaker sense: very little, very small.
G1647	ἐλαχιστότερος, α, ον	the smallest, least important	the smallest, least important.
G1648	Ἐλεάζαρ, ὁ	Eleazar	Eleazar, son of Eliud, and father of Matthan.
G1649	ἔλεγξις, εως, ἡ	rebuke, reproof, refutation	rebuke, reproof, refutation.
G1650	ἔλεγχος, ου, ὁ	a proof, persuasion, reproof	a proof, possibly: a persuasion; reproof.
G1651	ἐλέγχω	I rebuke, expose	(a) I reprove, rebuke, discipline, (b) I expose, show to be guilty.
G1652	ἐλεεινός, ή, όν	merciful, pitiful	merciful, pitiful, miserable.
G1653	ἐλεέω	I pity, have mercy on	I pity, have mercy on.
G1654	ἐλεημοσύνη, ῆς, ἡ	alms-giving, charity	abstr: alms-giving, charity; concr: alms, charity.
G1655	ἐλεήμων, ον	full of pity, merciful	full of pity, merciful, compassionate.
G1656	ἔλεος, ους, τό	pity, mercy	pity, mercy, compassion.
G1657	ἐλευθερία, ας, ἡ	freedom, liberty	freedom, liberty, especially: a state of freedom from slavery.
G1658	ἐλεύθερος, έρα, ερον	free, delivered from obligation	free, delivered from obligation.
G1659	ἐλευθερόω	I free, set free, liberate	I free, set free, liberate.
G1660	ἔλευσις, εως, ἡ	a coming, arrival, advent	a coming, arrival, advent.
G1661	ἐλεφάντινος, η, ον	made of ivory	made of ivory, subst: ivory.
G1662	Ἐλιακείμ, ὁ	Eliakim	Eliakim, son of Abiud and father of Azor; son of Melea and father of Jonam.
G1663	Ἐλιέζερ, ὁ	Eliezer	Eliezer, son of Joram and father of Joshua.
G1664	Ἐλιούδ, ὁ	Eliud	Eliud, son of Achim, and father of Eleazar.
G1665	Ἐλισάβετ, ἡ	Elisabeth	Elizabeth, mother of John the Baptizer.
G1666	Ἐλισσαῖος, ου, ὁ	Elisha	Elisha.
G1667	ἑλίσσω	I roll, roll up	I roll, roll up, fold up.
G1668	ἕλκος, ους, τό	a festering sore	a (festering) sore, a wound.
G1669	ἑλκόω	I afflict with sores	I afflict with sores; pass: I am afflicted with sores.
G1670	ἑλκύω	I drag, draw, pull, persuade	I drag, draw, pull, persuade, unsheathe.
G1671	Ἑλλάς, άδος, ἡ	Hellas, Greece	Hellas, the native name for Greece.
G1672	Ἕλλην, ηνος, ὁ	a Hellene, a Greek	a Hellene, the native word for a Greek; it is, however, a term wide enough to include all Greek-speaking (i.e. educated) non-Jews.
G1673	Ἑλληνικός, ή, όν	Greek, the Greek language	Greek, the Greek language.
G1674	Ἑλληνίς, ίδος, ἡ	a female Greek	a female Greek.
G1675	Ἑλληνιστής, ου, ὁ	a Hellenist, Grecian Jew	a Hellenist, Grecian Jew, a Greek-speaking Jew, that is one who can speak Greek only and not Hebrew (or Aramaic).
G1676	Ἑλληνιστί	in the Greek language	in the Greek language.
G1677	ἐλλογέω	I charge to, put to one's account	I charge to, put to one's account, impute.
G1678	Ἐλμωδάμ, ὁ	Elmadam	Elmadam, father of Cosam, son of Er.
G1679	ἐλπίζω	I hope, hope for, expect	I hope, hope for, expect, trust.
G1680	ἐλπίς, ίδος, ἡ	hope, expectation	hope, expectation, trust, confidence.
G1681	Ἐλύμας, ᾶ, ὁ	Elymas	Elymas, the name of the sorcerer at Paphos.
G1682	ἐλωΐ	Aramaic for my God	(Aramaic), my God.
G1683	ἐμαυτοῦ, ῆς, οῦ	of myself	of myself.
G1684	ἐμβαίνω	I embark	I step in; I go onboard a ship, embark.
G1685	ἐμβάλλω	I cast in, throw in	I cast in, throw in.
G1686	ἐμβάπτω	I dip into	I dip into.
G1687	ἐμβατεύω	I enter, set foot on	I enter, set foot on, intrude, pry into.
G1688	ἐμβιβάζω	I embark, put on board	trans: I embark, put on board, step into.
G1689	ἐμβλέπω	I look into, look upon	I look into (upon); met: I consider; I see clearly.
G1690	ἐμβριμάομαι	I snort, express indignant displeasure	I snort (with the notion of coercion springing out of displeasure, anger, indignation, antagonism), express indignant displeasure with some one; I charge sternly.
G1692	ἐμέω	I vomit forth	I vomit forth.
G1693	ἐμμαίνομαι	I am madly enraged with	I am madly enraged with.
G1694	Ἐμμανουήλ, ὁ	Emmanuel	Emmanuel, a Messianic title derived from Isaiah 7:14 = God with us.
G1695	Ἐμμαούς, ἡ	Emmaus	Emmaus, a village not far from Jerusalem.
G1696	ἐμμένω	I remain or abide in, abide by, maintain	I remain (abide) in, abide by, maintain, persevere in.
G1697	Ἐμμόρ, ὁ	Hamor	Hamor, a man whose sons sold a field at Shechem to Jacob.
G1699	ἐμός, ή, όν	mine	my, mine.
G1701	ἐμπαιγμός, οῦ, ὁ	mockery	mockery, scoffing, scorn.
G1702	ἐμπαίζω	I mock	I mock, ridicule.
G1703	ἐμπαίκτης, ου, ὁ	a mocker	a mocker, scoffer.
G1704	ἐμπεριπατέω	I walk about in a place	I walk about in a place, live among, am conversant with.
G1705	ἐμπίπλημι	I fill up, satisfy	I fill up, satisfy.
G1706	ἐμπίπτω	I fall in, am cast in	I fall in, am cast in, am involved in.
G1707	ἐμπλέκω	I enfold, entangle	I enfold, entangle; pass: I am involved in.
G1708	ἐμπλοκή, ῆς, ἡ	a plaiting, braiding	a plaiting, braiding.
G1709	ἐμπνέω	I breathe, breathe into, inhale	I breathe, breathe into, inhale.
G1710	ἐμπορεύομαι	I travel as a merchant, engage in trade	I travel as a merchant, engage in trade; I traffic in, make gain or business of.
G1711	ἐμπορία, ας, ἡ	trading, trade, trafficking, business	trading, trade, trafficking, business.
G1712	ἐμπόριον, ου, τό	market, market-house	a place of traffic, mart, market, market-house.
G1713	ἔμπορος, ου, ὁ	a merchant, trader	a merchant, trader; one on a journey.
G1714	ἐμπρήθω	I burn, set on fire, suffer inflammation	I burn, set on fire, suffer inflammation.
G1715	ἔμπροσθεν	in front, before the face	in front, before the face; sometimes made a subst. by the addition of the article: in front of, before the face of.
G1716	ἐμπτύω	I spit upon	I spit upon.
G1717	ἐμφανής, ές	manifest, visible	manifest, visible, comprehended.
G1718	ἐμφανίζω	I make visible, report against, appear before	I make visible (manifest); hence: I report (inform) against; pass: I appear before.
G1719	ἔμφοβος, ον	full of fear, terrified	full of fear, terrified.
G1720	ἐμφυσάω	I breathe into, breathe upon	I breathe into, breathe upon.
G1721	ἔμφυτος, ον	inborn, ingrown, congenital, natural	inborn, ingrown, congenital, natural, rooted, implanted.
G1722	ἐν	in, on, among	in, on, among.
G1723	ἐναγκαλίζομαι	I take in my arms	I take (fold) in my arms.
G1724	ἐνάλιος, ον	living in the sea	marine, living in the sea.
G1725	ἔναντι	before, in the presence of	before, in the presence of.
G1726	ἐναντίον	before, in the presence of, in the eyes of	before, in the presence of, in the eyes of.
G1727	ἐναντίος, α, ον	opposite, opposed, contrary, the adversary	opposite, opposed, contrary; the adversary.
G1728	ἐνάρχομαι	I begin	I begin (in), make a beginning, commence.
G1729	ἐνδεής, ές	in need, needy	in need, needy, poor.
G1730	ἔνδειγμα, ατος, τό	a plain token, sign, proof	(a thing proved, hence) a plain token (sign, proof).
G1731	ἐνδείκνυμι	I show forth	I show forth, prove.
G1732	ἔνδειξις, εως, ἡ	a showing, proof, demonstration, sign	a showing, proof, demonstration, sign, token.
G1733	ἕνδεκα, οἱ, αἱ, τά	eleven	eleven.
G1734	ἑνδέκατος, η, ον	eleventh	eleventh.
G1735	ἐνδέχομαι	I allow, it is possible	I allow, it is possible.
G1736	ἐνδημέω	I am at home	I am at home, live in a place.
G1737	ἐνδιδύσκω	I put on, clothe	(somewhat rare) (of clothing: I put on another); mid: I put on (myself).
G1738	ἔνδικος, ον	righteous, just	righteous, just.
G1739	ἐνδόμησις, εως, ἡ	the material of a building, a structure	the material of a building, a structure.
G1740	ἐνδοξάζω	I glorify	I glorify, acknowledge the glory belonging to, recognize as glorious; pass: I am glorified in.
G1741	ἔνδοξος, ον	highly esteemed, splendid, glorious	highly esteemed, splendid, glorious.
G1742	ἔνδυμα, ατος, τό	a garment, raiment	a garment, raiment, clothing.
G1743	ἐνδυναμόω	I fill with power, strengthen	I fill with power, strengthen, make strong.
G1744	ἐνδύνω	I clothe, enter, creep into	I clothe; mid: I enter, creep into.
G1745	ἔνδυσις, εως, ἡ	a putting on of clothing	a putting on of clothing.
G1746	ἐνδύω	I put on, clothe	I put on, clothe (another).
G1747	ἐνέδρα, ας, ἡ	an ambush, plot, treachery, fraud	an ambush, plot, treachery, fraud.
G1748	ἐνεδρεύω	I lie in wait for, seek to entrap, defraud, deceive	I lie in wait (ambush) for, seek to entrap (hence: I defraud, deceive).
G1749	ἔνεδρον, ου, τό	ambush	ambush.
G1750	ἐνειλέω	I wrap up, roll up in something	I wrap up, roll up in (something), wind in.
G1751	ἔνειμι	I am in, within	I am in, within.
G1752	ἕνεκεν	for the sake of, on account of, wherefore	for the sake of, on account of, on account of which, wherefore, on account of what, why.
G1753	ἐνέργεια, ας, ἡ	working, activity	working, action, productive work, activity; in the NT, confined to superhuman activity.
G1754	ἐνεργέω	I work, accomplish, am operative	I work, am operative, am at work, am made to work, accomplish; mid: I work, display activity.
G1755	ἐνέργημα, ατος, τό	a working, an effect	a working, an effect, operation.
G1756	ἐνεργής, ές	effective	effective, productive of due result, at work.
G1757	ἐνευλογέω	I bless	I bless (of God).
G1758	ἐνέχω	I am angry with, entangle	(a) I have a grudge against, am angry (with), (b) pass. or mid: I am entangled, entangle myself.
G1759	ἐνθάδε	here, in this place	here, in this place.
G1760	ἐνθυμέομαι	I meditate upon, reflect upon	I meditate upon, reflect upon, ponder.
G1761	ἐνθύμησις, εως, ἡ	inward thought, reflection, thoughts	inward thought, reflection, plur: thoughts.
G1762	ἔνι	there is in, is present	there is in, is present.
G1763	ἐνιαυτός, οῦ, ὁ	a year	a year, cycle of time.
G1764	ἐνίστημι	I place in or upon, am at hand, am present, threaten	I place in or upon; only in the intrans. tenses: I impend, am at hand, am present, threaten; as adj: present.
G1765	ἐνισχύω	I invigorate, strengthen	I invigorate, strengthen.
G1766	ἔνατος, η, ον	ninth	ninth.
G1767	ἐννέα	nine	nine.
G1768	ἐνενήκοντα	ninety	ninety.
G1769	ἐνεός, ά, όν	dumb, speechless	dumb, speechless (as with amazement).
G1770	ἐννεύω	I make a sign to by nodding	I make a sign to by nodding.
G1771	ἔννοια, ας, ἡ	thought, intention, purpose	thinking, consideration; a thought, purpose, design, intention.
G1772	ἔννομος, ον	legal, obedient to the law	(a) legal, statutory, duly constituted, (b) under the law, obedient to the law.
G1773	ἔννυχος, ον	in the night	in the night.
G1774	ἐνοικέω	I dwell in, am settled in	I dwell in, am settled (stationary) in; met: I am indwelling.
G1775	ἑνότης, ητος, ἡ	oneness, unity	oneness, unity, unanimity.
G1776	ἐνοχλέω	I disturb, cause tumult	I disturb, cause tumult, trouble, annoy.
G1777	ἔνοχος, ον	involved in, liable	involved in, held in, hence: liable, generally with dat. (or gen.) of the punishment.
G1778	ἔνταλμα, ατος, τό	an injunction, ordinance, precept	an injunction, ordinance, precept.
G1779	ἐνταφιάζω	I embalm, prepare for burial	I embalm, prepare for burial.
G1780	ἐνταφιασμός, οῦ, ὁ	embalming, preparation of a body for burial	embalming, preparation of a body for burial.
G1781	ἐντέλλομαι	I give orders, command	I give orders (injunctions, instructions, commands).
G1782	ἐντεῦθεν	hence, from this place, on this side and on that	hence, from this place, on this side and on that.
G1783	ἔντευξις, εως, ἡ	a petition, prayer, intercession	(lit: approaching the king, hence a technical term), a petition, prayer, intercession.
G1784	ἔντιμος, ον	precious, honored, honorable	(held precious, hence) precious, honored, honorable in rank.
G1785	ἐντολή, ῆς, ἡ	an ordinance, injunction, command	an ordinance, injunction, command, law.
G1786	ἐντόπιος, ία, ιον	belonging to the place, native, resident	belonging to the place, native, resident; subst: a citizen.
G1787	ἐντός	within, inside, the inside	within, inside, the inside.
G1788	ἐντρέπω	I turn to confusion, put to shame, reverence	(a) I turn to confusion, put to shame, (b) mid: I reverence, regard.
G1789	ἐντρέφω	I nourish on, am educated in	I nourish (sustain) on, am educated in.
G1790	ἔντρομος, ον	trembling through fear	trembling with fear, terrified.
G1791	ἐντροπή, ῆς, ἡ	shame	shame.
G1792	ἐντρυφάω	I revel in, live luxuriously	I revel (in), live luxuriously, riot.
G1793	ἐντυγχάνω	I meet, encounter, call upon, make a petition	(a) I meet, encounter, hence: (b) I call (upon), make a petition, make suit, supplication.
G1794	ἐντυλίσσω	I wrap up, roll round, envelop	I wrap up, roll round, envelop.
G1795	ἐντυπόω	I engrave	I engrave, imprint.
G1796	ἐνυβρίζω	I insult, outrage, treat contemptuously	I insult, outrage, treat contemptuously, mock at.
G1797	ἐνυπνιάζομαι	I dream	I dream (see visions) in my sleep.
G1798	ἐνύπνιον, ου, τό	a dream, vision	a dream, vision.
G1799	ἐνώπιον	before the face of, in the presence of	before the face of, in the presence of, in the eyes of.
G1800	Ἐνώς, ὁ	Enosh	Enosh (also Enos), son of Seth, and father of Cainan.
G1801	ἐνωτίζομαι	I take into my ear, listen to	I take into my ear, give ear to, listen to.
G1802	Ἐνώχ, ὁ	Enoch	Enoch, son of Jared and father of Methuselah.
G1803	ἕξ, οἱ, αἱ, τά	six	six.
G1804	ἐξαγγέλλω	I announce publicly, proclaim	I announce publicly, proclaim.
G1805	ἐξαγοράζω	I ransom, redeem	I buy out, buy away from, ransom; mid: I purchase out, buy, redeem, choose.
G1806	ἐξάγω	I lead out	I lead out, sometimes to death, execution.
G1807	ἐξαιρέω	I remove, choose, rescue	I take out, remove; sometimes (mid): I choose, sometimes: I rescue.
G1808	ἐξαίρω	I lift up, remove	I lift up, remove, eject.
G1809	ἐξαιτέω	I demand of, ask for	I demand of, ask for, beg earnestly for.
G1810	ἐξαίφνης	suddenly, unexpectedly	suddenly, unexpectedly.
G1811	ἐξακολουθέω	I follow after, imitate	I follow after, imitate.
G1812	ἑξακόσιοι, αι, α	six hundred	six hundred.
G1813	ἐξαλείφω	I wipe away, obliterate	I plaster, wash over; I wipe off, wipe out, obliterate.
G1814	ἐξάλλομαι	I leap up	I leap up (for joy).
G1815	ἐξανάστασις, εως, ἡ	a resurrection	a rising up and out, resurrection.
G1816	ἐξανατέλλω	I spring up out	I rise (spring) up out (of the ground).
G1817	ἐξανίστημι	I raise up, rise up	(a) in trans. tenses: I raise up, cause to grow, (b) in intrans. tenses: I rise up from.
G1818	ἐξαπατάω	I deceive thoroughly	I deceive thoroughly.
G1819	ἐξάπινα	suddenly	suddenly, unexpectedly.
G1820	ἐξαπορέομαι	I am utterly without resource, am in despair	I am utterly without resource, am in despair.
G1821	ἐξαποστέλλω	I send forth	I send away, send forth (a person qualified for a task).
G1822	ἐξαρτίζω	I completely furnish, equip, finish	(a) I fit up, completely furnish, equip, furnish, supply, (b) I accomplish, finish.
G1823	ἐξαστράπτω	I flash forth like lightning	I flash forth like lightning, gleam, am radiant.
G1824	ἐξαυτῆς	immediately, instantly	immediately, instantly, at once.
G1825	ἐξεγείρω	I raise up, arouse	I raise up, arouse.
G1826	ἔξειμι	I go out, depart	(originally: I shall go out), I go out (away), depart.
G1828	ἐξέλκω	I entice	(lit: I draw out of the right place, or I draw aside out of the right way), I entice.
G1829	ἐξέραμα, ατος, τό	vomit	vomit.
G1830	ἐξερευνάω	I search diligently, examine carefully	I search diligently, I examine carefully (minutely).
G1831	ἐξέρχομαι	I go out, come out	I go out, come out.
G1832	ἔξεστιν	it is permitted, lawful, possible	it is permitted, lawful, possible.
G1833	ἐξετάζω	I examine, question, search out	I examine, question, inquire at, search out.
G1834	ἐξηγέομαι	I explain, make declaration	I lead, show the way; met: I unfold, narrate, declare.
G1835	ἑξήκοντα, οἱ, αἱ, τά	sixty	sixty.
G1836	ἑξῆς	next in order, the next day	next in order, the next day, the following day, at the period immediately following.
G1837	ἐξηχέω	I sound out	I sound out (forth) (referring either to the clearness or to the loudness of the sound).
G1838	ἕξις, εως, ἡ	condition, state, habit	condition, state, habit, use, especially: good condition of body or soul.
G1839	ἐξίστημι	I astonish, am astonished	(lit: I remove from a standing position), (a) in trans. tenses: I astonish, amaze, (b) in intrans. tenses: I am astonished, amazed; I am out of my mind, am mad.
G1840	ἐξισχύω	I have strength for, am perfectly able	I have strength for (a difficult task), am perfectly able.
G1841	ἔξοδος, ου, ἡ	an exit, departure, death	(a) an exit, going out, departure from a place; the exodus, (b) death.
G1842	ἐξολοθρεύω	I destroy utterly, annihilate	I destroy utterly, annihilate, exterminate, root out.
G1843	ἐξομολογέω	I consent fully, confess	(a) I consent fully, agree out and out, (b) I confess, admit, acknowledge (cf. the early Hellenistic sense of the middle: I acknowledge a debt), (c) I give thanks, praise.
G1844	ἐξορκίζω	I adjure, put to oath	I adjure, put to oath; I exorcise.
G1845	ἐξορκιστής, οῦ, ὁ	an exorcist	an exorcist, a caster out of evil spirits by the use of names or spells.
G1846	ἐξορύσσω	I dig out, gouge	(a) I dig out, hence: I open up, (b) I gouge.
G1847	ἐξουδενόω	I ignore, despise	I set at naught, ignore, despise.
G1848	ἐξουθενέω	I ignore, despise	I set at naught, ignore, despise.
G1849	ἐξουσία, ας, ἡ	power, authority, weight	(a) power, authority, weight, especially: moral authority, influence, (b) in a quasi-personal sense, derived from later Judaism, of a spiritual power, and hence of an earthly power.
G1850	ἐξουσιάζω	I exercise authority	I exercise (wield) power (authority), pass: I am ruled, am held under authority.
G1851	ἐξοχή, ῆς, ἡ	eminence, distinction	eminence, distinction, excellence.
G1852	ἐξυπνίζω	I wake out of sleep	I wake out of sleep.
G1853	ἔξυπνος, ον	roused out of sleep	roused out of sleep.
G1854	ἔξω	without, outside	without, outside.
G1855	ἔξωθεν	from without, outside	(a) from outside, from without, (b) outside, both as adj. and prep; with article: the outside.
G1856	ἐξωθέω	I drive out, expel, propel	I drive out, expel, propel, thrust out; I drive out of the sea, drive on shore.
G1857	ἐξώτερος, α, ον	outmost, outer	outmost, outer, external.
G1858	ἑορτάζω	I keep a feast	I take part in a festival, keep a feast (allegorically).
G1859	ἑορτή, ῆς, ἡ	a festival, feast	a festival, feast, periodically recurring.
G1860	ἐπαγγελία, ας, ἡ	a promise	a promise.
G1861	ἐπαγγέλλομαι	I promise, profess	I promise, profess.
G1862	ἐπάγγελμα, ατος, τό	a promise	a promise.
G1863	ἐπάγω	I bring upon	I bring upon; met: I cause to be imputed to.
G1864	ἐπαγωνίζομαι	I contend earnestly for	I contend earnestly for.
G1865	ἐπαθροίζω	I gather together, crowd upon, press around	I gather together, pass: I crowd upon (some one), press around.
G1866	Ἐπαίνετος, ου, ὁ	Epaenetus	Epaenetus, a Christian of Rome.
G1867	ἐπαινέω	I praise, commend	I praise, commend, applaud.
G1868	ἔπαινος, ου, ὁ	commendation, praise	commendation, praise, approval.
G1869	ἐπαίρω	I raise, lift up	I raise, lift up.
G1870	ἐπαισχύνομαι	I am ashamed	I am ashamed, am ashamed of.
G1871	ἐπαιτέω	I beg, ask alms	I beg, am a beggar, ask alms.
G1872	ἐπακολουθέω	I follow close after, endorse	I follow close after, accompany, dog; I imitate, pursue, am studious of.
G1873	ἐπακούω	I listen to, hear favorably	I listen to, hear favorably.
G1874	ἐπακροάομαι	I listen to, hear	I listen to, hear, hearken to.
G1875	ἐπάν	after, when	after, when, as soon as.
G1876	ἐπάναγκες	necessarily	necessarily; as subst: necessary things.
G1877	ἐπανάγω	I put out, go up	(a) nautical: I put out (from the shore), (lit: I take up a ship on to the high seas), (b) I go up, possibly: I go up again, return.
G1878	ἐπαναμιμνήσκω	I remind	I remind, possibly: I remind again.
G1879	ἐπαναπαύομαι	I rest upon, rely on, trust in	I rest upon, rely on, trust in.
G1880	ἐπανέρχομαι	I return, come back again	I return, come back again.
G1881	ἐπανίστημι	I rise up against	intrans. tenses: I rise up against.
G1882	ἐπανόρθωσις, εως, ἡ	correction, reformation	correction, reformation, setting straight (right) again.
G1883	ἐπάνω	on the top, above, superior to	(a) adv: on the top, above, (b) prep: on the top of, above, over, on, above, more than, superior to.
G1884	ἐπαρκέω	I aid, relieve, do service, render help	I aid, relieve, do service, render help, am strong enough for.
G1885	ἐπαρχία, ας, ἡ	sphere of duty, province	sphere of duty, province.
G1886	ἔπαυλις, εως, ἡ	a farm, estate, dwelling	a farm, estate, dwelling, habitation.
G1887	ἐπαύριον	tomorrow	tomorrow.
G1888	αὐτόφωρος, ον	in the very act	in the very act.
G1889	Ἐπαφρᾶς, ᾶ, ὁ	Epaphras	Epaphras, Epaphroditus, a Colossian Christian, in captivity with Paul in Rome.
G1890	ἐπαφρίζω	I foam out	I foam out (a metaphor from the seaweed and refuse borne on the crest of waves), vomit forth.
G1891	Ἐπαφρόδιτος, ου, ὁ	Epaphroditus	Epaphras, Epaphroditus, a Colossian Christian, in captivity with Paul in Rome.
G1892	ἐπεγείρω	I arouse, stimulate, excite against	I arouse, stimulate, excite against.
G1893	ἐπεί	after, for, since, otherwise	of time: when, after; of cause: since, because; otherwise: else.
G1894	ἐπειδή	when, since	of time: when, now, after that; of cause: seeing that, forasmuch as.
G1895	ἐπειδήπερ	since	since, forasmuch as.
G1896	ἐπεῖδεν	I looked upon, regarded	I looked upon, regarded.
G1897	ἐπείπερ	since indeed, seeing that	since indeed, seeing that.
G1898	ἐπεισαγωγή, ῆς, ἡ	bringing in, introduction, importation	bringing in (besides or in addition), introduction, importation.
G1899	ἔπειτα	then, thereafter, afterwards	then, thereafter, afterwards.
G1900	ἐπέκεινα	beyond	beyond, on yonder side.
G1901	ἐπεκτείνομαι	I strain after	I strain after, stretch forward.
G1902	ἐπενδύομαι	I put on over	I have on over (as a garment); mid: I put on myself in addition.
G1903	ἐπενδύτης, ου, ὁ	a coat, outer wrap	a coat, outer wrap or tunic.
G1904	ἐπέρχομαι	I approach, overtake, attack	I come to, arrive, come on, come upon, attack.
G1905	ἐπερωτάω	I interrogate, question, demand of	I interrogate, question, demand of.
G1906	ἐπερώτημα, ατος, τό	inquiry, request, appeal	inquiry, request, appeal, demand; a profession, pledge.
G1907	ἐπέχω	I hold forth, pay attention, note, delay	(a) trans: I hold forth, (b) intrans: I mark, pay attention (heed), note; I delay, stay, wait.
G1908	ἐπηρεάζω	I insult, treat wrongfully, molest	I insult, treat wrongfully, molest, revile.
G1909	ἐπί	on, to, against, on the basis of, at	on, to, against, on the basis of, at.
G1910	ἐπιβαίνω	I step on, mount, board	(a) I set foot on, step on, (b) I mount (a horse), board (a vessel).
G1911	ἐπιβάλλω	I throw upon, lay, strike upon	(a) I throw upon, cast over, (b) I place upon, (c) I lay, (d) intrans: I strike upon, rush.
G1912	ἐπιβαρέω	I burden	I put a burden on, am burdensome.
G1913	ἐπιβιβάζω	I place upon	I place upon (a horse, mule).
G1914	ἐπιβλέπω	I look with favor on	I look with favor on, regard.
G1915	ἐπίβλημα, ατος, τό	a patch on a garment	a patch on a garment.
G1916	ἐπιβοάω	I cry out to or against	I cry out to or against.
G1917	ἐπιβουλή, ῆς, ἡ	a plot, design against	a plot, design against.
G1918	ἐπιγαμβρεύω	I marry a deceased brother's wife	I take to wife after, marry a deceased brother's wife.
G1919	ἐπίγειος, ον	earthly	(a) on the earth, belonging to the earth (as opposed to the sky), (b) in a spiritual sense, belonging to the earthly sphere, earthly (as opposed to heavenly).
G1920	ἐπιγίνομαι	I arise, spring up	I arise, spring up, arrive, come on.
G1921	ἐπιγινώσκω	I come to know, discern, recognize	I come to know by directing my attention to him or it, I perceive, discern, recognize; aor: I found out.
G1922	ἐπίγνωσις, εως, ἡ	knowledge, discernment, recognition	knowledge of a particular point (directed towards a particular object); perception, discernment, recognition, intuition.
G1923	ἐπιγραφή, ῆς, ἡ	an inscription, title	an inscription, title, label.
G1924	ἐπιγράφω	I write upon, inscribe	I write upon, inscribe, imprint a mark on.
G1925	ἐπιδείκνυμι	I show, prove	I show, display, point out, indicate; I prove, demonstrate.
G1926	ἐπιδέχομαι	I accept, admit, welcome	I accept, admit, welcome.
G1927	ἐπιδημέω	I sojourn, am resident	I sojourn, am resident (temporarily, in a foreign city).
G1928	ἐπιδιατάσσομαι	I furnish with additions	I make an additional testamentary disposition, I furnish with additions.
G1929	ἐπιδίδωμι	I hand in, give up, give way	(a) trans: I hand in, give up, (b) intrans: I give way (to the wind).
G1930	ἐπιδιορθόω	I put in order	I set in order besides, put in order, correct.
G1931	ἐπιδύω	I sink, set	I sink, set, set during, go down.
G1932	ἐπιείκεια, ας, ἡ	considerateness, forbearance, fairness	considerateness, forbearance, fairness, gentleness, mildness.
G1933	ἐπιεικής, ές	gentle, mild, forbearing, fair, reasonable	gentle, mild, forbearing, fair, reasonable, moderate.
G1934	ἐπιζητέω	I seek after, desire, search for	I seek after, desire, search for, make inquiries about.
G1935	ἐπιθανάτιος, ον	at the point of death, condemned to death	at the point of death, condemned to death.
G1936	ἐπίθεσις, εως, ἡ	laying on	a laying on; an attack, assault.
G1937	ἐπιθυμέω	I long for, covet, lust after	I long for, covet, lust after, set the heart upon.
G1938	ἐπιθυμητής, οῦ, ὁ	an eager desirer of	an eager desirer of.
G1939	ἐπιθυμία, ας, ἡ	desire, eagerness for, inordinate desire, lust	desire, eagerness for, inordinate desire, lust.
G1940	ἐπικαθίζω	I sit upon	I sit upon, cause to sit upon.
G1941	ἐπικαλέω	I call by an additional name, appeal to	(a) I call (name) by a supplementary (additional, alternative) name, (b) mid: I call upon, appeal to, address.
G1942	ἐπικάλυμμα, ατος, τό	a covering, cloak, pretext	a covering, cloak, veil, pretext.
G1943	ἐπικαλύπτω	I cover up	I put a cover on, cover up.
G1944	ἐπικατάρατος, ον	accursed	on whom a curse has been invoked, accursed, doomed to destruction.
G1945	ἐπίκειμαι	I lie upon, am insistent	(a) dat: I am placed upon, am laid upon, lie upon, am imposed; I press upon, (b) absol: I press hard, am insistent, insist.
G1946	Ἐπικούρειος, ου, ὁ	an Epicurean	an Epicurean, one who holds the tenets of Epicurus.
G1947	ἐπικουρία, ας, ἡ	help, aid	succor (against foes), help, aid, assistance.
G1948	ἐπικρίνω	I decree, give sentence	I decree, give sentence, decide.
G1949	ἐπιλαμβάνομαι	I seize, take hold of	I lay hold of, take hold of, seize (sometimes with beneficent, sometimes with hostile, intent).
G1950	ἐπιλανθάνομαι	I forget, neglect	I forget, neglect.
G1951	ἐπιλέγω	I call, choose for myself, am named	I call; mid: I choose for myself; pass: I am named.
G1952	ἐπιλείπω	I fail, fall short	I fail, fall short.
G1953	ἐπιλησμονή, ῆς, ἡ	forgetfulness	forgetfulness, oblivion.
G1954	ἐπίλοιπος, ον	remaining, that is left over	remaining, that is left over, still left.
G1955	ἐπίλυσις, εως, ἡ	solution, explanation, interpretation	solution, explanation, interpretation; release.
G1956	ἐπιλύω	I explain, interpret, decide	I loose, release; I solve, settle, explain, interpret, decide.
G1957	ἐπιμαρτυρέω	I testify earnestly	I testify earnestly, bear witness to.
G1958	ἐπιμέλεια, ας, ἡ	care, attention	care, attention.
G1959	ἐπιμελέομαι	I take care of, attend to	I take care of, attend to.
G1960	ἐπιμελῶς	carefully, diligently	carefully, diligently.
G1961	ἐπιμένω	I remain, tarry, persist in	(a) I remain, tarry, (b) I remain in, persist in.
G1962	ἐπινεύω	I nod to, assent	I nod to, assent to, consent.
G1963	ἐπίνοια, ας, ἡ	thought, purpose	thought, purpose, design, intent.
G1964	ἐπιορκέω	I take an oath, swear falsely	I take an oath, swear falsely.
G1965	ἐπίορκος, ον	perjured	perjured, sworn falsely.
G1966	ἐπιοῦσα, ης, ἡ	the next day	the next day.
G1967	ἐπιούσιος, ον	for the morrow, necessary, sufficient	for the morrow, necessary, sufficient.
G1968	ἐπιπίπτω	I fall upon, press upon	I fall upon, press upon, light upon, come over.
G1969	ἐπιπλήσσω	I rebuke, chide, reprove	I rebuke, chide, reprove, strike at.
G1971	ἐπιποθέω	I long for, strain after, desire greatly	I long for, strain after, desire greatly, have affection for.
G1972	ἐπιπόθησις, εως, ἡ	eager longing, desire	eager longing (desire), strong affection.
G1973	ἐπιπόθητος, ον	longed for, missed	longed for, missed, greatly desired.
G1974	ἐπιποθία, ας, ἡ	longing, eager desire	longing, eager desire.
G1975	ἐπιπορεύομαι	I journey to	I travel, journey (to).
G1976	ἐπιρράπτω	I sew on	I sew (on).
G1977	ἐπιρρίπτω	I throw upon, cast upon	I throw (cast) (upon), as of cares.
G1978	ἐπίσημος, ον	notable, conspicuous	notable, conspicuous.
G1979	ἐπισιτισμός, οῦ, ὁ	provision, nourishment, food	provision, nourishment, food.
G1980	ἐπισκέπτομαι	I look upon, visit, look out, select	I look upon, visit, look out, select.
G1981	ἐπισκηνόω	I raise a tent over, dwell	I raise a tent (over), dwell, spread a tabernacle over.
G1982	ἐπισκιάζω	I overshadow, envelop	I overshadow, envelop.
G1983	ἐπισκοπέω	I exercise oversight, care for	I exercise oversight, care for, visit.
G1984	ἐπισκοπή, ῆς, ἡ	visitation of judgment, oversight	(a) visitation (of judgment), (b) oversight, supervision, overseership.
G1985	ἐπίσκοπος, ου, ὁ	overseer, supervisor, ruler	(used as an official title in civil life), overseer, supervisor, ruler, especially used with reference to the supervising function exercised by an elder or presbyter of a church or congregation.
G1986	ἐπισπάομαι	I become uncircumcised	(lit: I draw over), mid: I become as uncircumcised.
G1987	ἐπίσταμαι	I know, understand	I know, know of, understand.
G1988	ἐπιστάτης, ου, ὁ	master, teacher	master, teacher, chief, commander.
G1989	ἐπιστέλλω	I write, send by letter to.	2182
G1990	ἐπιστήμων, ον	skillful, experienced	skillful, experienced, knowing.
G1991	ἐπιστηρίζω	I prop up, uphold, confirm	I prop up, uphold, support, confirm, make stronger.
G1992	ἐπιστολή, ῆς, ἡ	a letter, dispatch, epistle	a letter, dispatch, epistle, message.
G1993	ἐπιστομίζω	I muzzle, silence	I muzzle, silence, stop the mouth.
G1994	ἐπιστρέφω	I turn back to	(a) trans: I turn (back) to (towards), (b) intrans: I turn (back) (to [towards]); I come to myself.
G1995	ἐπιστροφή, ῆς, ἡ	a turning to God	a turning (to God), conversion.
G1996	ἐπισυνάγω	I collect, gather together	I collect, gather together, assemble.
G1997	ἐπισυναγωγή, ῆς, ἡ	a gathering together	a gathering (collecting) together, assembling.
G1998	ἐπισυντρέχω	I run together to	I run together again.
G1999	ἐπισύστασις, εως, ἡ	a gathering, concourse, tumult	a gathering, concourse, tumult.
G2000	ἐπισφαλής, ές	dangerous, likely to fall	dangerous, likely to fall.
G2001	ἐπισχύω	I persist, insist	I persist, insist, am more urgent.
G2002	ἐπισωρεύω	I heap up, obtain a multitude of	I heap up, obtain a multitude of.
G2003	ἐπιταγή, ῆς, ἡ	instruction, command, order, authority	instruction, command, order, authority.
G2004	ἐπιτάσσω	I give order, command	I give order, command, charge.
G2005	ἐπιτελέω	I complete, accomplish, perfect	I complete, accomplish, perfect.
G2006	ἐπιτήδειος, α, ον	necessary	necessary, suitable, fit.
G2007	ἐπιτίθημι	I put, place upon, lay on	I put, place upon, lay on; I add, give in addition.
G2008	ἐπιτιμάω	I rebuke, chide, admonish, warn	(a) I rebuke, chide, admonish, (b) I warn.
G2009	ἐπιτιμία, ας, ἡ	punishment	punishment, penalty.
G2010	ἐπιτρέπω	I allow, permit	I turn to, commit, entrust; I allow, yield, permit.
G2011	ἐπιτροπή, ῆς, ἡ	commission, full power	power to decide, authority, commission.
G2012	ἐπίτροπος, ου, ὁ	a steward, guardian	(a) (procurator) a steward, (b) (tutor) a guardian (appointed for an "infant" [under 14 perhaps] by the father or by a magistrate).
G2013	ἐπιτυγχάνω	I attain, obtain, acquire	I attain, obtain, acquire.
G2014	ἐπιφαίνω	I appear, shine upon	I appear (as of a light in the heavens or from the heavens), shine upon.
G2015	ἐπιφάνεια, ας, ἡ	appearing, manifestation	appearing, manifestation, glorious display.
G2016	ἐπιφανής, ές	manifest, glorious, illustrious	manifest, glorious, illustrious.
G2017	ἐπιφαύω	I shine upon, give light to	I shine upon, give light to.
G2018	ἐπιφέρω	I bring forward against	I bring forward (against), impose, inflict.
G2019	ἐπιφωνέω	I call out, shout	I call out, shout, clamor at.
G2020	ἐπιφώσκω	I dawn, am near commencing	I dawn, am near commencing.
G2021	ἐπιχειρέω	I take in hand, attempt	I take in hand, attempt.
G2022	ἐπιχέω	I pour upon	I pour upon.
G2023	ἐπιχορηγέω	I supply, provide	I supply, provide (perhaps lavishly), furnish.
G2024	ἐπιχορηγία, ας, ἡ	supply, provision, equipment	supply, provision, equipment, support.
G2025	ἐπιχρίω	I spread on, anoint	I spread on, anoint.
G2026	ἐποικοδομέω	I build upon a foundation	I build upon (above) a foundation.
G2027	ἐποκέλλω	I force forward, run aground	I force forward, run (a ship) aground.
G2028	ἐπονομάζω	I name, impose a name on	I name, impose a name on; pass: am named.
G2029	ἐποπτεύω	I am an eyewitness of, behold	I am an eyewitness of, behold, look upon.
G2030	ἐπόπτης, ου, ὁ	an eyewitness	an eyewitness, spectator, looker-on.
G2031	ἔπος, ους, τό	a word, so to speak	a word, so to speak.
G2032	ἐπουράνιος, ον	heavenly, celestial	heavenly, celestial, in the heavenly sphere, the sphere of spiritual activities; met: divine, spiritual.
G2033	ἑπτά, οἱ, αἱ, τά	seven	seven.
G2034	ἑπτάκις	seven times	seven times.
G2035	ἑπτακισχίλιοι, αι, α	seven thousand	seven thousand.
G2037	Ἔραστος, ου, ὁ	Erastus	Erastus, steward of Corinth, a Christian.
G2038	ἐργάζομαι	I word, trade, do	I work, trade, perform, do, practice, commit, acquire by labor.
G2039	ἐργασία, ας, ἡ	working, activity, trade, performance	working, activity, work, service, trade, business, gains of business, performance, practice.
G2040	ἐργάτης, ου, ὁ	a field-laborer, workman	a field-laborer; then: a laborer, workman in general.
G2041	ἔργον, ου, τό	work, labor, action, deed	work, task, employment; a deed, action; that which is wrought or made, a work.
G2042	ἐρεθίζω	I stir up, provoke	I stir up, arouse to anger, provoke, irritate, incite.
G2043	ἐρείδω	I stick fast	I stick fast, prop, fix firmly.
G2044	ἐρεύγομαι	I utter, declare	(lit: I belch forth, hence) I utter, declare.
G2045	ἐρευνάω	I search diligently	I search diligently, examine.
G2046	ἐρεῶ	I say, speak	(denoting speech in progress), (a) I say, speak; I mean, mention, tell, (b) I call, name, especially in the pass., (c) I tell, command.
G2047	ἐρημία, ας, ἡ	a desert place	a desert place, desert, uninhabited region.
G2048	ἔρημος, ον	deserted, desolate, a desert	as an adj: deserted, desolate, waste; hence: the desert, to the east and south of Palestine; of a person: deserted, abandoned, desolate.
G2049	ἐρημόω	I destroy, strip, rob	(a) I make desolate, bring to desolation, destroy, waste, (b) of a person: I strip, rob.
G2050	ἐρήμωσις, εως, ἡ	desolation, devastation	a desolation, devastation.
G2051	ἐρίζω	I contend, dispute	I contend, dispute, wrangle, strive.
G2052	ἐριθεία, ας, ἡ	ambition, rivalry	(the seeking of followers and adherents by means of gifts, the seeking of followers, hence) ambition, rivalry, self-seeking; a feud, faction.
G2053	ἔριον, ου, τό	wool	wool.
G2054	ἔρις, ιδος, ἡ	contention, strife	contention, strife, wrangling.
G2055	ἐρίφιον, ου, τό	a goat, kid	a goat, kid.
G2056	ἔριφος, ου, ὁ	a goat	a goat.
G2057	Ἑρμᾶς, ᾶ, ὁ	Hermas	Hermas, a Roman Christian.
G2058	ἑρμηνεία, ας, ἡ	translation, interpretation	translation, interpretation, explanation.
G2059	ἑρμηνεύω	I translate, interpret	(a) I translate, explain, (b) I interpret the meaning of.
G2060	Ἑρμῆς, οῦ, ὁ	Hermes	(a) Hermes, the messenger and herald of the Greek gods, or rather the corresponding Lycaonian deity, (b) Hermes, a Roman Christian.
G2061	Ἑρμογένης, ους, ὁ	Hermogenes	Hermogenes, a man of Rome.
G2062	ἑρπετόν, οῦ, τό	a creeping creature, reptile	a creeping creature, reptile, especially a serpent.
G2063	ἐρυθρός, ά, όν	red	red.
G2064	ἔρχομαι	I come, go	I come, go.
G2065	ἐρωτάω	I ask, question, request	(a) I ask (a question), question, (b) I request, make a request to, pray.
G2066	ἐσθής, ῆτος, ἡ	clothing, raiment	clothing, raiment, vestment, robe.
G2067	ἔσθησις, εως, ἡ	clothing, a garment	clothing, a garment.
G2068	ἐσθίω	I eat	I eat, partake of food; met: I devour, consume (e.g. as rust does).
G2069	Ἐσλί, ὁ	Esli	Esli, son of Naggai and father of Nahum.
G2072	ἔσοπτρον, ου, τό	a mirror	a mirror, looking-glass (made of highly polished metal).
G2073	ἑσπέρα, ας, ἡ	evening	evening.
G2074	Ἑσρώμ, ὁ	Hezron	Hezron, son of Perez, father of Ram.
G2078	ἔσχατος, η, ον	last, at the last, finally	last, at the last, finally, till the end.
G2079	ἐσχάτως	to be at the extremity	extremely, utterly; to be at the extremity, to be "in extremis," to be at the last grasp.
G2080	ἔσω	within, inside	within, inside, with verbs either of rest or of motion; prep: within, to within, inside.
G2081	ἔσωθεν	from within, inside	(a) from within, from inside, (b) within, inside; with the article: the inner part, the inner element, (c) the mind, soul.
G2082	ἐσώτερος, α, ον	inner	inner; with the article: the part that is within.
G2083	ἑταῖρος, ου, ὁ	a companion, comrade	a companion, comrade, friend.
G2084	ἑτερόγλωσσος, ον	speaking another language	speaking another language; subst: one who speaks another language.
G2085	ἑτεροδιδασκαλέω	I teach different things	I teach different things, that is, different from the true or necessary teaching.
G2086	ἑτεροζυγέω	I am yoked with one different from myself	I am yoked with one different from myself, unequally yoked.
G2087	ἕτερος, α, ον	another, different	(a) of two: another, a second, (b) other, different, (c) one's neighbor.
G2088	ἑτέρως	otherwise, differently	otherwise, differently.
G2089	ἔτι	still, yet, even now	(a) of time: still, yet, even now, (b) of degree: even, further, more, in addition.
G2090	ἑτοιμάζω	I make ready, prepare	I make ready, prepare.
G2091	ἑτοιμασία, ας, ἡ	preparation, readiness	foundation, firm footing; preparation, readiness.
G2092	ἕτοιμος, η, ον	ready, prepared	ready, prepared.
G2093	ἑτοίμως	readily	readily.
G2094	ἔτος, ους, τό	a year	a year.
G2095	εὖ	well, well done	well, well done, good, rightly; also used as an exclamation.
G2096	Εὔα, ας, ἡ	Eve	Eve, the first woman; wife of first man Adam.
G2097	εὐαγγελίζω	I bring good news, preach good tidings	I bring good news, preach good tidings, with or without an object, expressing either the persons who receive the good news or the good news itself (the good news being sometimes expressed as a person).
G2098	εὐαγγέλιον, ου, τό	the good news, the gospel	the good news of the coming of the Messiah, the gospel; the gen. after it expresses sometimes the giver (God), sometimes the subject (the Messiah, etc.), sometimes the human transmitter (an apostle).
G2099	εὐαγγελιστής, οῦ, ὁ	an evangelist, bearer of good tidings	an evangelist, a missionary, bearer of good tidings.
G2100	εὐαρεστέω	I please	I give pleasure to, please (perhaps with the added idea of: rendering good service to).
G2101	εὐάρεστος, ον	acceptable, well-pleasing	acceptable, well-pleasing (especially to God), grateful.
G2102	εὐαρέστως	acceptably	acceptably, in a well-pleasing way.
G2103	Εὔβουλος, ου, ὁ	Eubulus	Eubulus, a Christian with Paul in Rome.
G2104	εὐγενής, ές	of noble birth, noble	(a) of noble birth, of high birth, (b) noble in nature.
G2105	εὐδία, ας, ἡ	good weather	fair weather, good weather.
G2106	εὐδοκέω	I am resolved, well-pleased	I am well-pleased, think it good, am resolved.
G2107	εὐδοκία, ας, ἡ	good-will, favor	(a) good-will (good-pleasure), favor, feeling of complacency of God to man, (b) good-pleasure, satisfaction, happiness, delight of men.
G2108	εὐεργεσία, ας, ἡ	good action, kind service	good action, well-doing, benefiting, kind service.
G2109	εὐεργετέω	I do good deeds, benefit	I do good deeds, perform kind service, benefit.
G2110	εὐεργέτης, ου, ὁ	a benefactor	a benefactor, well-doer.
G2111	εὔθετος, ον	suitable, fit, useful	suitable, fit, useful.
G2112	εὐθέως	immediately, soon	immediately, soon, at once.
G2113	εὐθυδρομέω	I run a straight course	I run a straight course.
G2114	εὐθυμέω	I am cheerful	I keep up spirit, am cheerful, am of good courage.
G2115	εὔθυμος, ον	cheerful, having good courage	cheerful, having good courage.
G2116	εὐθύνω	I make straight, guide, steer	(a) I make straight (of the direction, not the surface, of a road), (b) I guide, steer.
G2117	εὐθύς, εῖα, ύ	straight, immediately	adj: (a) straight of direction, as opposed to crooked, (b) upright; adv: immediately.
G2118	εὐθύτης, ητος, ἡ	straightness, uprightness	straightness, uprightness.
G2119	εὐκαιρέω	I have a good opportunity, have leisure	I have a good (favorable) opportunity, have leisure; I devote my leisure to.
G2120	εὐκαιρία, ας, ἡ	a convenient time, opportunity	a convenient time, opportunity.
G2121	εὔκαιρος, ον	timely, suitable	opportune, timely, suitable; perhaps sometimes: holiday, festival.
G2122	εὐκαίρως	in season, conveniently	opportunely, in season, conveniently.
G2123	εὐκοπώτερον	easier	easier.
G2124	εὐλάβεια, ας, ἡ	reverence, piety	reverence, fear of God, piety.
G2125	εὐλαβέομαι	I fear, am anxious	I fear, am anxious, am cautious; I reverence.
G2126	εὐλαβής, ές	cautious, pious	(lit: handling well, hence) cautious, circumspect; hence: God-fearing, pious.
G2127	εὐλογέω	I bless	(lit: I speak well of) I bless; pass: I am blessed.
G2128	εὐλογητός, ή, όν	worthy of praise, blessed	(used only of God), blessed (as entitled to receive blessing from man), worthy of praise.
G2129	εὐλογία, ας, ἡ	adulation, praise, blessing	adulation, praise, blessing, gift.
G2130	εὐμετάδοτος, ον	willingly sharing, ready to impart	willingly sharing, ready to impart, generous.
G2131	Εὐνίκη, ῆς, ἡ	Eunice	Eunice, mother of Timothy.
G2132	εὐνοέω	I have good-will	I am favorable, am kindly-disposed.
G2133	εὔνοια, ας, ἡ	good-will	good-will, kindliness; enthusiasm.
G2134	εὐνουχίζω	emasculate, castrate	I make into a eunuch, emasculate, castrate.
G2135	εὐνοῦχος, ου, ὁ	a eunuch, keeper of the bed-chamber	(a) a chamberlain, keeper of the bed-chamber of an eastern potentate, eunuch, (b) a eunuch, castrated person, or one who voluntarily abstains from marriage.
G2136	Εὐοδία, ας, ἡ	Euodia	Euodia, or rather Euhodia, a Christian woman of Philippi.
G2137	εὐοδόω	I cause to prosper, have a happy journey	I cause to prosper, pass: I have a happy (successful) journey, hence: I prosper.
G2138	εὐπειθής, ές	compliant	compliant, ready to obey.
G2139	εὐπερίστατος, ον	easily encircling	easily surrounding, encircling, easily distracted.
G2140	εὐποιΐα, ας, ἡ	doing of good	good-doing, doing of good.
G2141	εὐπορέω	I have means, am prosperous	I have means, am prosperous, enjoy plenty.
G2142	εὐπορία, ας, ἡ	wealth, gain	wealth, gain, plenty.
G2143	εὐπρέπεια, ας, ἡ	beauty, gracefulness	beauty, gracefulness, comeliness.
G2144	εὐπρόσδεκτος, ον	well-received, acceptable	well-received, acceptable, welcome, pleasing.
G2145	εὐπρόσεδρος, ον	devoted	constantly attending to, devoted.
G2146	εὐπροσωπέω	I make a fair outward appearance	I look well, make a fair show (a good outward appearance, and so win good opinion).
G2147	εὑρίσκω	I find	I find, learn, discover, especially after searching.
G2148	Εὐροκλύδων, ωνος, ὁ	an east-north-east wind	an east-north-east wind.
G2149	εὐρύχωρος, ον	broad, spacious	broad, spacious, wide.
G2150	εὐσέβεια, ας, ἡ	piety, godliness	piety (towards God), godliness, devotion, godliness.
G2151	εὐσεβέω	I am dutiful, pious	I am dutiful, pious, show piety towards, worship.
G2152	εὐσεβής, ές	pious, God-fearing	pious, God-fearing, devout.
G2153	εὐσεβῶς	piously, religiously	piously, religiously.
G2154	εὔσημος, ον	with clear meaning, intelligible	with clear meaning, intelligible, clear to the understanding.
G2155	εὔσπλαγχνος, ον	tender-hearted, merciful	tender-hearted, merciful, compassionate.
G2156	εὐσχημόνως	becomingly, decorously	becomingly, decorously, decently.
G2157	εὐσχημοσύνη, ῆς, ἡ	decorum, becomingness	decorum, becomingness, embellishment.
G2158	εὐσχήμων, ον	comely, honorable	(a) comely, seemly, decorous, (b) of honorable position (in society), wealthy, influential.
G2159	εὐτόνως	vehemently, powerfully	vehemently, powerfully, vigorously.
G2160	εὐτραπελία, ας, ἡ	low jesting, ribaldry	low jesting, ribaldry.
G2161	Εὔτυχος, ου, ὁ	Eutychus	Eutychus, a young hearer of Paul at Troas.
G2162	εὐφημία, ας, ἡ	commendation, good report	commendation, good report, praise.
G2163	εὔφημος, ον	well reported of, spoken in a kindly spirit	well reported of, spoken in a kindly spirit, laudable, reputable.
G2164	εὐφορέω	I bear well, bring a good harvest	I bear well, bring a good harvest, yield abundantly.
G2165	εὐφραίνω	I cheer, am glad, make merry	I cheer, make glad; generally mid. or pass: I am glad, make merry, revel, feast.
G2166	Εὐφράτης, ου, ὁ	the Euphrates	the Euphrates, boundary river of the province Syria.
G2167	εὐφροσύνη, ης, ἡ	joy, gladness	joy, gladness, rejoicing.
G2168	εὐχαριστέω	I thank, give thanks	I thank, give thanks; pass. 3 sing: is received with thanks.
G2169	εὐχαριστία, ας, ἡ	thankfulness, gratitude	thankfulness, gratitude; giving of thanks, thanksgiving.
G2170	εὐχάριστος, ον	thankful, grateful	thankful, grateful.
G2171	εὐχή, ῆς, ἡ	a prayer, vow	a prayer comprising a vow; a prayer, vow.
G2172	εὔχομαι	I pray, wish	I pray, wish.
G2173	εὔχρηστος, ον	useful, serviceable	useful, serviceable, very profitable.
G2174	εὐψυχέω	I am of good cheer	I am of good cheer.
G2175	εὐωδία, ας, ἡ	a sweet smell	a sweet smell, fragrance.
G2176	εὐώνυμος, ον	on the left-hand side, left	(lit: well-named, to avoid the evil omen attaching to the left), on the left-hand side, left.
G2177	ἐφάλλομαι	I leap upon	I leap upon, assault.
G2178	ἐφάπαξ	once, once for all	once, once for all; at once.
G2180	Ἐφέσιος, α, ον	Ephesian	Ephesian, of Ephesus.
G2181	Ἔφεσος, ου, ἡ	Ephesus	Ephesus, a coast city, capital of the Roman province Asia.
G2182	ἐφευρετής, οῦ, ὁ	an inventor, contriver, discoverer	an inventor, contriver, discoverer.
G2183	ἐφημερία, ας, ἡ	a class of priests	a class of priests who served for a stated number of days.
G2184	ἐφήμερος, ον	for the day, daily	for the day, daily, necessary for every day.
G2185	ἐφικνέομαι	I come to, reach as far as	I come to, reach as far as.
G2186	ἐφίστημι	I stand by, am urgent, befall one, impend	I stand by, am urgent, befall one (as of evil), am at hand, impend.
G2187	Ἐφραΐμ, ὁ	Ephraim	Ephraim, a city.
G2188	ἐφφαθά	be opened up	(Aramaic, meaning) be opened up.
G2189	ἔχθρα, ας, ἡ	enmity, hostility	enmity, hostility, alienation.
G2190	ἐχθρός, ά, όν	hated, hostile, an enemy	hated, hostile; subst: an enemy.
G2191	ἔχιδνα, ης, ἡ	a serpent, snake, viper	a serpent, snake, viper.
G2192	ἔχω	I have, hold, possess	I have, hold, possess.
G2193	ἕως	until, as far as	(a) conj: until, (b) prep: as far as, up to, as much as, until.
G2194	Ζαβουλών, ὁ	Zebulon	Zebulon, one of the sons of Jacob, and founder of one of the twelve tribes.
G2195	Ζακχαῖος, ου, ὁ	Zacchaeus	Zacchaeus, a Jewish tax-gatherer.
G2196	Ζαρά, ὁ	Zerah	Zerah, son of Judah and Tamar.
G2197	Ζαχαρίας, ου, ὁ	Zechariah	Zechariah, (a) a priest referred to as a son of Jehoiada, (b) another priest, father of John the Baptist.
G2198	ζάω	I live	I live, am alive.
G2199	Ζεβεδαῖος, ου, ὁ	Zebedee	Zebedee, father of the apostles James and John.
G2200	ζεστός, ή, όν	boiling hot	boiling hot; met: fervent.
G2201	ζεῦγος, ους, τό	a yoke, team, pair	a yoke, team; hence: a pair.
G2202	ζευκτηρία, ας, ἡ	a band, fastening	a band, fastening.
G2203	Ζεύς, Διός, Δία (acc.), ὁ	Zeus	Zeus, the Greek god of the sky in all its manifestations, corresponding to the Roman Jupiter and to the leading god of the native Lycaonians.
G2204	ζέω	I burn in spirit	(lit: I boil, am boiling), I burn (in spirit), am fervent.
G2205	ζῆλος, ου, ὁ	eagerness, zeal, rivalry	(a) eagerness, zeal, enthusiasm, (b) jealousy, rivalry.
G2206	ζηλόω	I am jealous, eager for	(a) intrans: I am jealous, (b) trans: I am jealous of, with acc. of a person; I am eager for, am eager to possess, with acc. of a thing.
G2207	ζηλωτής, οῦ, ὁ	a zealot	one who is eagerly devoted to a person or a thing, a zealot.
G2209	ζημία, ας, ἡ	damage, loss	damage, loss, detriment.
G2210	ζημιόω	I inflict loss upon, punish	I inflict loss (damage) upon, fine, punish, sometimes with the acc. of the penalty, even when the verb is passive.
G2211	Ζηνᾶς, ᾶν, ὁ	Zenas	Zenas, a lawyer in Rome.
G2212	ζητέω	I seek, search for, desire	I seek, search for, desire, require, demand.
G2213	ζήτημα, ατος, τό	a question, dispute	a question, subject of inquiry, dispute.
G2214	ζήτησις, εως, ἡ	a question, debate, controversy	a question, debate, controversy; a seeking, search.
G2215	ζιζάνιον, ου, τό	spurious wheat, darnel	spurious wheat, darnel; a plant that grows in Palestine which resembles wheat in many ways but is worthless.
G2216	Ζοροβάβελ, ὁ	Zerubbabel	Zerubbabel, son of Shealtiel (Salathiel) and father of Abiud and Rhesa.
G2217	ζόφος, ου, ὁ	darkness, murkiness	darkness, murkiness, gloom.
G2218	ζυγός, οῦ, ὁ	a yoke, heavy burden, pair of scales	a yoke; hence met: (a Jewish idea) of a heavy burden, comparable to the heavy yokes resting on the bullocks' necks; a balance, pair of scales.
G2219	ζύμη, ης, ἡ	leaven, ferment	leaven, ferment, both lit. and met.
G2220	ζυμόω	I leaven, ferment	I leaven, ferment.
G2221	ζωγρέω	I capture alive	I capture alive, capture for life, enthrall.
G2222	ζωή, ῆς, ἡ	life	life, both of physical (present) and of spiritual (particularly future) existence.
G2223	ζώνη, ῆς, ἡ	a girdle, belt, purse	a girdle, belt, waistband; because the purse was kept there, also: a purse.
G2224	ζώννυμι	I gird	I gird, put on the girdle, especially as preparatory to active work.
G2225	ζωογονέω	I preserve alive	I preserve alive (lit: bring to birth), save.
G2226	ζῷον, ου, τό	an animal	an animal, living creature.
G2227	ζῳοποιέω	I make to live	I make that which was dead to live, cause to live, quicken.
G2228	ἤ	or, than	or, than.
G2229	ἦ	truly, surely	truly, surely.
G2230	ἡγεμονεύω	I govern	I govern.
G2231	ἡγεμονία, ας, ἡ	rule, authority	rule, authority, sovereignty; a reign.
G2232	ἡγεμών, όνος, ὁ	a governor	a leader, guide; a commander; a governor (of a province); plur: leaders.
G2233	ἡγέομαι	I lead, think	(a) I lead, (b) I think, am of opinion, suppose, consider.
G2234	ἡδέως	gladly, pleasantly	gladly, pleasantly, with pleasure.
G2235	ἤδη	now, already	already; now at length, now after all this waiting.
G2236	ἥδιστα	most gladly, pleasantly	most gladly, most pleasantly.
G2237	ἡδονή, ῆς, ἡ	pleasure, lust, strong desire	pleasure, a pleasure, especially sensuous pleasure; a strong desire, passion.
G2238	ἡδύοσμον, ου, τό	mint, peppermint	mint, peppermint.
G2239	ἦθος, ους, τό	habit, manner, custom, morals	habit, manner, custom, morals.
G2240	ἥκω	I have come, am present	I have come, am present, have arrived.
G2241	Ἠλί	Eli	Eli, my God (Hebrew).
G2242	Ἡλί, ὁ	Heli	Heli, an ancestor of Jesus.
G2243	Ἠλίας, ου, ὁ	Elijah	Elijah, the prophet.
G2244	ἡλικία, ας, ἡ	age, stature	age, term of life; full age, maturity; stature.
G2245	ἡλίκος, η, ον	of what size, how much	of which size, of what size, how small, how much.
G2246	ἥλιος, ου, ὁ	the sun, sunlight	the sun, sunlight.
G2247	ἧλος, ου, ὁ	a nail	a nail.
G2250	ἡμέρα, ας, ἡ	a day	a day, the period from sunrise to sunset.
G2251	ἡμέτερος, α, ον	our, our own	our, our own.
G2253	ἡμιθανής, ές	half-dead	half-dead.
G2255	ἥμισυς, εια, υ	half	half.
G2256	ἡμιώριον, ου, τό	half an hour	half an hour.
G2259	ἡνίκα	when, whenever	when, whenever, at which time.
G2260	ἤπερ	than	than.
G2261	ἤπιος, α, ον	placid, gentle	placid, gentle, mild.
G2262	Ἤρ, ὁ	Er	Er, son of Joshua and father of Elmadam.
G2263	ἤρεμος, ον	quiet, tranquil	quiet, tranquil.
G2264	Ἡρῴδης, ου, ὁ	Herod	Herod; four persons are called by this name: Herod the Great, Herod Antipas, Herod Agrippa, and Herod Agrippa the younger.
G2265	Ἡρῳδιανοί, ῶν, οἱ	the Herodians, the partisans of Herod Antipas	the Herodians, the partisans of Herod (Antipas).
G2266	Ἡρῳδιάς, άδος, ἡ	Herodias	Herodias (died after A.D. 40), daughter of Aristobulus and granddaughter of Herod I, wife, first, of her uncle Herod, second, of his half-brother, her uncle Herod Antipas.
G2267	Ἡρῳδίων, ωνος, ὁ	Herodion	Herodion, a Christian in Rome, a relative of Paul.
G2268	Ἠσαΐας, ου, ὁ	Isaiah	Isaiah, the prophet.
G2269	Ἠσαῦ, ὁ	Esau	Esau, elder son of Isaac the patriarch, brother of Jacob.
G2270	ἡσυχάζω	I rest, am silent, live quietly	I rest from work, cease from altercation, am silent, live quietly.
G2271	ἡσυχία, ας, ἡ	quietness, silence	quietness, stillness, silence.
G2272	ἡσύχιος, α, ον	quiet, tranquil	quiet, tranquil, peaceful.
G2273	ἤτοι	or of course	whether.
G2274	ἡττάομαι	I am defeated, made inferior	I am defeated, am overcome, am made inferior.
G2275	ἥττημα, ατος, τό	a defeat, failure	defect, loss, defeat, failure, shortcoming.
G2276	ἧττων, ον	lesser, inferior, weaker	lesser, inferior, weaker.
G2278	ἠχέω	I make a sound, sound when struck	I make a sound, give forth a sound, sound (when struck); I roar (as the sea).
G2279	ἦχος, ου, ὁ	a sound, rumor	(a) a sound, noise, (b) a rumor, report.
G2280	Θαδδαῖος, ου, ὁ	Thaddaeus	Thaddaeus, one of the twelve apostles.
G2281	θάλασσα, ης, ἡ	the sea, lake	(a) the sea, in contrast to the land, (b) a particular sea or lake, e.g. the sea of Galilee (Tiberias), the Red Sea.
G2282	θάλπω	I cherish, nourish	(properly: I warm, then) I cherish, nourish, foster, comfort.
G2283	Θάμαρ, ἡ	Tamar	Tamar, mother of Perez and Zerah by Judah, son of Jacob.
G2284	θαμβέω	I amaze	I amaze; pass: I am amazed (almost terrified).
G2285	θάμβος, ους, τό	astonishment	astonishment, amazement (allied to terror or awe).
G2286	θανάσιμος, ον	deadly, mortal	deadly, mortal, fatal.
G2287	θανατηφόρος, ον	death-bringing, deadly	death-bringing, deadly.
G2288	θάνατος, ου, ὁ	death	death, physical or spiritual.
G2289	θανατόω	I put to death, subdue	I put to death, subdue; pass: I am in danger of death, am dead to, am rid of, am parted from.
G2290	θάπτω	I bury	I bury.
G2291	Θάρα, ὁ	Terah	Terah, the father of Abraham.
G2292	θαρρέω	I am courageous, of good cheer	I am courageous, confident, of good cheer.
G2293	θαρσέω	be of good cheer	I am of good courage, good cheer, am bold.
G2294	θάρσος, ους, τό	courage	courage, confidence.
G2295	θαῦμα, ατος, τό	a marvel, wonder	(a) concr: a marvel, wonder, (b) abstr: wonder, amazement.
G2296	θαυμάζω	I wonder, admire	(a) intrans: I wonder, marvel, (b) trans: I wonder at, admire.
G2297	θαυμάσιος, α, ον	wonderful	wonderful, admirable; subst: a wonder.
G2298	θαυμαστός, ή, όν	wonderful, marvelous	to be wondered at, wonderful, marvelous.
G2299	θεά, ᾶς, ἡ	a goddess	a goddess.
G2300	θεάομαι	I see, behold, contemplate, visit	I see, behold, contemplate, look upon, view; I see, visit.
G2301	θεατρίζω	I make a public show of	I make a public show of, expose to public shame.
G2302	θέατρον, ου, τό	a theatre, spectacle	(a) a theatre, a semi-circular stone building, generally open to the sky, (b) a spectacle, show.
G2303	θεῖον, ου, τό	brimstone, sulfur	brimstone, sulfur.
G2304	θεῖος, α, ον	divine	divine; subst: the Deity.
G2305	θειότης, ητος, ἡ	divinity	divinity, divine nature.
G2306	θειώδης, ες	of brimstone, sulfurous	of brimstone, sulfurous.
G2307	θέλημα, ατος, τό	will, wish, desire	an act of will, will; plur: wishes, desires.
G2308	θέλησις, εως, ἡ	a willing, will	a willing, will.
G2309	θέλω	I will, wish, desire	I will, wish, desire, am willing, intend, design.
G2310	θεμέλιος, ον	belonging to the foundation	(properly, an adj: belonging to the foundation), a foundation stone.
G2311	θεμελιόω	I found, lay the foundation	I found, lay the foundation (lit. and met.).
G2312	θεοδίδακτος, ον	taught by God	taught by God, divinely instructed.
G2313	θεομαχέω	I fight against God	I fight against God.
G2314	θεομάχος, ον	fighting against God	fighting against God.
G2315	θεόπνευστος, ον	God-breathed, inspired by God	God-breathed, inspired by God, due to the inspiration of God.
G2316	θεός, οῦ, ὁ	God, a god	(a) God, (b) a god, generally.
G2317	θεοσέβεια, ας, ἡ	reverence for God	reverence for God, fear of God, godliness, piety.
G2318	θεοσεβής, ές	devout, pious	devout, pious, God-fearing.
G2319	θεοστυγής, ές	hating God, hateful to God	hating God, hateful to God.
G2320	θεότης, ητος, ἡ	deity, Godhead	deity, Godhead.
G2321	Θεόφιλος, ου, ὁ	Theophilus	Theophilus, a friend of Luke of equestrian rank, to whom the Gospel and Acts are dedicated.
G2322	θεραπεία, ας, ἡ	care, attention, healing	care, attention, especially medical attention (treatment); hence almost: healing; meton: those who render service.
G2323	θεραπεύω	I care for, attend, serve, heal	I care for, attend, serve, treat, especially of a physician; hence: I heal.
G2324	θεράπων, οντος, ὁ	a servant, attendant	a servant, attendant, minister.
G2325	θερίζω	I reap, gather	I reap, gather, harvest.
G2326	θερισμός, οῦ, ὁ	reaping, harvest	reaping, harvest; met: the harvest, crop.
G2327	θεριστής, οῦ, ὁ	a reaper, harvester	a reaper, harvester.
G2328	θερμαίνω	I warm	I warm; mid: I warm myself.
G2329	θέρμη, ης, ἡ	heat	heat.
G2330	θέρος, ους, τό	summer	summer.
G2331	Θεσσαλονικεύς, έως, ὁ	Thessalonian	a Thessalonian.
G2332	Θεσσαλονίκη, ης, ἡ	Thessalonica	Thessalonica (modern Saloniki), an important city of the Roman province Macedonia.
G2333	Θευδᾶς, ᾶ, ὁ	Theudas	Theudas, a Jewish pretender of date about 4 B.C., otherwise unknown.
G2334	θεωρέω	I behold, look at, experience	I look at, gaze, behold; I see, experience, discern; I partake of.
G2335	θεωρία, ας, ἡ	a sight, spectacle	a sight, spectacle.
G2336	θήκη, ῆς, ἡ	a scabbard, sheath, receptacle	a repository, receptacle; a case, sheath, scabbard.
G2337	θηλάζω	I give suck, suck	(a) I give suck, (b) I suck.
G2338	θῆλυς, εια, υ	female	female.
G2339	θήρα, ας, ἡ	hunting, entrapping	hunting, entrapping; prey, game; a net, means of capture.
G2340	θηρεύω	I hunt, seek to catch	I hunt, seek to catch or entrap; met: I lay hold of.
G2341	θηριομαχέω	I fight with wild beasts	I fight with wild beasts (i.e. wild beasts in human form); met: I am exposed to fierce hostility.
G2342	θηρίον, ου, τό	a wild beast, animal	properly: a wild beast, hence: any animal; met: a brute.
G2343	θησαυρίζω	I store up, treasure up, save	I store up, treasure up, save, lay up.
G2344	θησαυρός, οῦ, ὁ	a treasure, store	a store-house for precious things; hence: a treasure, a store.
G2345	θιγγάνω	I touch, handle	I touch, handle, injure, harm.
G2346	θλίβω	I make narrow, persecute, press hard	(a) I make narrow (strictly: by pressure); I press upon, (b) I persecute, press hard.
G2347	θλῖψις, εως, ἡ	persecution, affliction, distress	persecution, affliction, distress, tribulation.
G2348	θνῄσκω	I am dying, am dead	I die, am dying, am dead.
G2349	θνητός, ή, όν	mortal	mortal, subject to death.
G2350	θορυβέω	I disturb greatly, terrify, strike with panic	I disturb greatly, terrify, strike with panic; mid: I show agitation of mind.
G2351	θόρυβος, ου, ὁ	confused noise, riot, disturbance	(a) din, hubbub, confused noise, outcry, (b) riot, disturbance.
G2352	θραύω	I crush, break, shatter	I crush, break, shatter; met: I break down.
G2353	θρέμμα, ατος, τό	cattle	(lit: a nursling, hence probably) plur: cattle.
G2354	θρηνέω	I wail, lament	intrans: I lament, wail; trans: I bewail.
G2355	θρῆνος, ου, ὁ	wailing, lamentation	wailing, lamentation, dirge.
G2356	θρησκεία, ας, ἡ	ritual worship, religion	(underlying sense: reverence or worship of the gods), worship as expressed in ritual acts, religion.
G2357	θρῆσκος, ον	religious	(refers probably to a careful observance of religious restrictions), religious (probably in a limited sense), devout.
G2358	θριαμβεύω	I lead around, make a spectacle of	(properly: I lead one as my prisoner in a triumphal procession, hence) I lead around, make a show (spectacle) of, cause to triumph.
G2359	θρίξ, τριχός, ἡ	a hair	hair (of the head or of animals).
G2360	θροέω	I disturb, agitate	I disturb, agitate; pass: I am troubled, alarmed.
G2361	θρόμβος, ου, ὁ	a clot, large drop	a clot, large drop (of blood).
G2362	θρόνος, ου, ὁ	a throne, seat	a (king's) throne, seat; meton: power, dominion; a potentate.
G2363	Θυάτειρα, ων, τά	Thyatira	Thyatira, a city of the old district Lydia, in the Roman province Asia.
G2364	θυγάτηρ, τρός, ἡ	a daughter	a daughter; hence (Hebraistic?), of any female descendent, however far removed; even of one unrelated: my young lady.
G2365	θυγάτριον, ου, τό	a little daughter	a little (young) daughter.
G2366	θύελλα, ης, ἡ	a storm, tempest	a storm, tempest, whirlwind.
G2367	θύϊνος, η, ον	of the citron tree	of the sandarach (so-called citron) tree.
G2368	θυμίαμα, ατος, τό	incense	incense.
G2369	θυμιατήριον, ου, τό	altar of incense	(ordinarily: censer, but) either the altar of incense, or the shovel, on which the high-priest poured the coals, when he entered the Holy of Holies on the Day of Atonement.
G2370	θυμιάω	I burn incense	I burn incense.
G2371	θυμομαχέω	I am furiously angry with	(lit: I fight desperately, hence) I am furiously angry with.
G2372	θυμός, οῦ, ὁ	an outburst of passion, wrath	an outburst of passion, wrath.
G2373	θυμόω	I provoke to anger, am full of angry passion	I provoke to anger; pass: I am wroth or very angry.
G2374	θύρα, ας, ἡ	a door, opportunity	(a) a door, (b) met: an opportunity.
G2375	θυρεός, οῦ, ὁ	a large shield	the heavy oblong Roman shield.
G2376	θυρίς, ίδος, ἡ	a window-sill	a small opening, window.
G2377	θυρωρός, οῦ, ὁ, ἡ	a door-keeper, porter	a door-keeper, porter.
G2378	θυσία, ας, ἡ	a sacrifice	abstr. and concr: sacrifice; a sacrifice, offering.
G2379	θυσιαστήριον, ου, τό	an altar	an altar (for sacrifice).
G2380	θύω	I sacrifice, kill	I sacrifice, generally an animal; hence: I kill.
G2381	Θωμᾶς, ᾶ, ὁ	Thomas	Thomas, also called Didymus, one of the Twelve.
G2382	θώραξ, ακός, ὁ	a breast-plate	a breast-plate, corslet, cuirass.
G2383	Ἰάειρος, ου, ὁ	Jairus	Jairus, a Jewish ruler of the synagogue.
G2384	Ἰακώβ, ὁ	Jacob	(Hebrew), Jacob, (a) the patriarch, son of Isaac, (b) father of Joseph, the husband of Mary.
G2385	Ἰάκωβος, ου, ὁ	James	James, (a) the Small, son of Alphaeus, and one of the Twelve, (b) half-brother of Jesus, (c) father (?) of Jude, (d) son of Zebedee, and brother of John, one of the Twelve, killed A.D. 44.
G2386	ἴαμα, ατος, τό	healing, curing	healing, curing, remedy.
G2387	Ἰαμβρῆς, ου, ὁ	Jambres	Jambres, a sorcerer at the court of the Pharaoh.
G2388	Ἰαννά, ὁ	Jannai	Jannai, an ancestor of Jesus; Jannai was the son of Joseph, and father of Melchi.
G2389	Ἰαννῆς, ου, ὁ	Jannes	Jannes, a sorcerer at the court of the Pharaoh.
G2390	ἰάομαι	I heal	I heal, generally of the physical, sometimes of spiritual, disease.
G2391	Ἰαρέδ, ὁ	Jared	(Hebrew), Jared, son of Mahalalel and father of Enoch.
G2392	ἴασις, εως, ἡ	a cure, healing	a cure, healing.
G2393	ἴασπις, ιδος, ἡ	jasper	jasper; a precious stone.
G2394	Ἰάσων, ονος, ὁ	Jason	Jason, a Christian of Thessalonica, perhaps the same as the "relative" of Paul.
G2395	ἰατρός, οῦ, ὁ	a physician	a physician.
G2396	ἴδε	See! Lo! Behold! Look!	See! Lo! Behold! Look!.
G2397	ἰδέα, ας, ἡ	form, outward appearance	form, outward appearance.
G2398	ἴδιος, α, ν	one's own, private, personal	one's own, belonging to one, private, personal; one's own people, one's own family, home, property.
G2399	ἰδιώτης, ου, ὁ	an amateur, layman	(unofficial, hence) an amateur, an unprofessional man, a layman; an ungifted person.
G2400	ἰδού	See! Lo! Behold! Look!	See! Lo! Behold! Look!.
G2401	Ἰδουμαία, ας, ἡ	Idumea, Edom	Idumea, Edom, a district of Arabia, immediately south of Judea.
G2402	ἱδρώς, ῶτος, ὁ	sweat, perspiration	sweat, perspiration.
G2403	Ἰεζάβελ, ἡ	Jezebel	Jezebel, name given to a false prophetess of Thyatira, possibly borrowed from the name of Ahab's wife, queen of Israel.
G2404	Ἱεράπολις, εως, ἡ	Hierapolis	Hierapolis, a city of the Lycus valley in Phrygia, near Laodicea and Colossae.
G2405	ἱερατεία, ας, ἡ	the duty of a priest	the duty (office) of a priest, priesthood.
G2406	ἱεράτευμα, ατος, τό	the act or office of priesthood	the act or office of priesthood.
G2407	ἱερατεύω	I serve as priest	I serve as priest.
G2408	Ἰερεμίας, ου, ὁ	Jeremiah	Jeremiah, Hebrew prophet.
G2409	ἱερεύς, έως, ὁ	a priest	a priest, one who offers sacrifice to a god (in Jewish and pagan religions; of Christians only met.).
G2410	Ἰεριχώ, ἡ	Jericho	Jericho, a city a little north of the Dead Sea.
G2411	ἱερόν, οῦ, τό	a temple	a temple, either the whole building, or specifically the outer courts, open to worshippers.
G2412	ἱεροπρεπής, ές	suitable to a sacred character, reverent	suitable to a sacred character, reverent.
G2413	ἱερός, ά, όν	sacred, holy	sacred, holy, set apart.
G2414	Ἱεροσόλυμα, ατος, τά, ἡ	Jerusalem	the Greek form of the Hebrew name: Jerusalem.
G2415	Ἱεροσολυμίτης, ου, ὁ	an inhabitant of Jerusalem	an inhabitant of Jerusalem.
G2416	ἱεροσυλέω	I commit sacrilege	I commit sacrilege, rob a temple.
G2417	ἱερόσυλος, ον	robbing temples, sacrilegious	robbing temples, but possibly simply: sacrilegious.
G2418	ἱερουργέω	I minister in holy things	I minister in holy things.
G2419	Ἱερουσαλήμ, ἡ	Jerusalem	(Aramaic form), Jerusalem, the capital of Palestine: hence Judaism, and allegorically, Christendom, the Christian Church.
G2420	ἱερωσύνη, ης, ἡ	the priestly office	the abstract notion of the priestly office.
G2421	Ἰεσσαί, ὁ	Jesse	(Hebrew), Jesse, son of Obed, and father of King David.
G2422	Ἰεφθάε, ὁ	Jephthah	(Hebrew), Jephthah, one of the Judges of Israel.
G2423	Ἰεχονίας, ου, ὁ	Jechoniah	(Hebrew), Jechoniah, son of Josiah and father of Salathiel.
G2424	Ἰησοῦς, οῦ, ὁ	Jesus	Jesus; the Greek form of Joshua; Jesus, son of Eliezer; Jesus, surnamed Justus.
G2425	ἱκανός, ή, όν	sufficient, worthy, many, much	(a) considerable, sufficient, of number, quantity, time, (b) of persons: sufficiently strong (good, etc.), worthy, suitable, with various constructions, (c) many, much.
G2426	ἱκανότης, ητος, ἡ	sufficiency, ability, power	sufficiency, ability, power, fitness.
G2427	ἱκανόω	I make sufficient	I make sufficient, render fit, qualify.
G2428	ἱκετηρία, ας, ἡ	supplication, entreaty	(originally: the olive branch held in the hand of the suppliant), supplication, entreaty.
G2429	ἰκμάς, άδος, ἡ	moisture	moisture.
G2430	Ἰκόνιον, ου, τό	Iconium	Iconium, a Phrygian city of the Roman province Galatia (modern Konia).
G2431	ἱλαρός, ά, όν	joyous, cheerful	joyous, cheerful, not grudging.
G2432	ἱλαρότης, ητος, ἡ	cheerfulness	cheerfulness, graciousness.
G2433	ἱλάσκομαι	I have mercy on, forgive	(a) I have mercy on, show favor to, (b) trans. with object of sins: I forgive, pardon.
G2434	ἱλασμός, οῦ, ὁ	a propitiation, atoning sacrifice	a propitiation (of an angry god), atoning sacrifice.
G2435	ἱλαστήριον, ου, τό	a sin offering, covering	(a) a sin offering, by which the wrath of the deity shall be appeased; a means of propitiation, (b) the covering of the ark, which was sprinkled with the atoning blood on the Day of Atonement.
G2436	ἵλεως	propitious, forgiving	propitious, forgiving, merciful.
G2437	Ἰλλυρικόν, οῦ, τό	Illyricum	Illyricum, a Roman province, afterwards called Dalmatia, bounded by Pannonia on the north, Macedonia on the south, Moesia on the east, and the Adriatic Sea on the west.
G2438	ἱμάς, άντος, ὁ	a thong, strap	a thong, strap, (a) for binding a man who is to be flogged, (b) for fastening a sandal or shoe.
G2439	ἱματίζω	I clothe	I clothe, provide clothing for; pass: I am clothed.
G2440	ἱμάτιον, ου, τό	outer garment	a long flowing outer garment, tunic.
G2441	ἱματισμός, οῦ, ὁ	raiment, clothing	a collective word: raiment, clothing.
G2442	ὁμείρομαι	I long for, love fervently	I desire earnestly, long for; I have a strong affection for, love fervently.
G2443	ἵνα	in order that, so that	in order that, so that.
G2445	Ἰόππη, ης, ἡ	Joppa	Joppa, a coast town of Judea, west-north-west of Jerusalem.
G2446	Ἰορδάνης, ου, ὁ	the Jordan	the Jordan, a great river flowing due south and bounding Galilee, Samaria, and Judea on the east.
G2447	ἰός, οῦ, ὁ	poison, rust	poison, rust; an arrow.
G2448	Ἰούδα, ὁ	Judah, Judas, Jude	Judah, Judas, Jude.
G2449	Ἰουδαία, ας, ἡ	Judea	Judea, a Roman province, capital Jerusalem.
G2450	Ἰουδαΐζω	I live as a Jew	I live as a Jew (in religion, ceremonially).
G2451	Ἰουδαϊκός, ή, όν	Jewish, Judaic	Jewish, Judaic.
G2452	Ἰουδαϊκῶς	in the manner of Jews	in the manner of Jews (religiously, ceremonially).
G2453	Ἰουδαῖος, αία, αῖον	Jewish	Jewish.
G2454	Ἰουδαϊσμός, οῦ, ὁ	the Jewish religion, Judaism	the Jewish religion, Judaism.
G2455	Ἰούδας, α, ὁ	Judah, Judas, Jude	Judah, Judas, Jude.
G2456	Ἰουλία, ας, ἡ	Julia	Julia, a Roman Christian, probably a slave or freed from the Imperial household.
G2457	Ἰούλιος, ου, ὁ	Julius	Julius, a Roman centurion on special service.
G2458	Ἰουνιᾶς, ᾶ, ὁ	Junia	Junia, Junias, a Roman Christian.
G2459	Ἰοῦστος, ου, ὁ	Justus	Justus, (a) a surname of Joseph Barsabbas, one of the two nominated to fill Judas' place as apostle, (b) Titius Justus, a Corinthian Christian, (c) surname of Jesus, a Christian with Paul in Rome.
G2460	ἱππεύς, έως, ὁ	a mounted soldier	a horse-soldier, a mounted soldier, a cavalryman.
G2462	ἵππος, ου, ὁ	a horse	a horse.
G2463	ἶρις, ιδος, ἡ	a rainbow	a rainbow or halo.
G2464	Ἰσαάκ, ὁ	Isaac	(Hebrew), Isaac, the patriarch.
G2465	ἰσάγγελος, ον	like the angels	equal to or like the angels.
G2466	Ἰσαχάρ, ὁ	Issachar	Issachar, a proper name.
G2469	Ἰσκαριώτης, ου, ὁ	Iscariot, a man of Kerioth	Iscariot, surname of Judas.
G2470	ἴσος, η, ον	equal, identical	equal, equivalent, identical.
G2471	ἰσότης, ητος, ἡ	equality	equality; equality of treatment, fairness.
G2472	ἰσότιμος, ον	equally privileged, equal	equally privileged, equal in honor.
G2473	ἰσόψυχος, ον	like-minded	like-minded, of the same mind or spirit.
G2474	Ἰσραήλ, ὁ	Israel	(Hebrew), Israel, surname of Jacob, then the Jewish people, the people of God.
G2475	Ἰσραηλίτης, ου, ὁ	an Israelite	an Israelite, one of the chosen people of Israel, a Jew.
G2476	ἵστημι	I cause to stand, stand	trans: (a) I make to stand, place, set up, establish, appoint; mid: I place myself, stand, (b) I set in balance, weigh; intrans: (c) I stand, stand by, stand still; met: I stand ready, stand firm, am steadfast.
G2477	ἱστορέω	I get acquainted with, visit	I get acquainted with, visit.
G2478	ἰσχυρός, ά, όν	strong, mighty, powerful	strong (originally and generally of physical strength); mighty, powerful, vehement, sure.
G2479	ἰσχύς, ύος, ἡ	strength, power	strength (absolutely), power, might, force, ability.
G2480	ἰσχύω	I am strong, able	I have strength, am strong, am in full health and vigor, am able; meton: I prevail.
G2481	ἴσως	perhaps	perhaps, equally; it may be that.
G2482	Ἰταλία, ας, ἡ	Italy	Italy.
G2483	Ἰταλικός, ή, όν	Italian	Italian.
G2484	Ἰτουραῖος, α, ον	Ituraean	Ituraean, an adjective applied to a district also called Trachonitis, about 60 miles east of the Sea of Galilee, and partly inhabited by the nomad tribe called Ituraeans.
G2485	ἰχθύδιον, ου, τό	a little fish	a small fish.
G2486	ἰχθύς, ύος, ὁ	a fish	a fish.
G2487	ἴχνος, ους, τό	a track, footstep	a track, footstep.
G2488	Ἰωάθαμ, ὁ	Jotham	Jotham, son of Uzziah and father of Ahaz.
G2489	Ἰωάννα, ας, ἡ	Joanna	(Hebrew), Joanna, Johanna, wife of Chuza, Herod's steward.
G2490	Ἰωανάν, ὁ	Joanan	Joanan, a proper name.
G2491	Ἰωάννης, ου, ὁ	John	John: the Baptist, the apostle, a member of the Sanhedrin, or John Mark.
G2492	Ἰώβ, ὁ	Job	(Hebrew), Job, the hero of the book of that name in the Old Testament.
G2493	Ἰωήλ, ὁ	Joel	Joel, the Hebrew prophet.
G2494	Ἰωνάν, ὁ	Jonam	(Hebrew), Jonam, an ancestor of Jesus.
G2495	Ἰωνᾶς, ᾶ, ὁ	Jonah	(Hebrew), Jonah, the Hebrew prophet.
G2496	Ἰωράμ, ὁ	Joram, Jehoram	(Hebrew), Joram, Jehoram, son of Jehoshaphat and father of Uzziah.
G2497	Ἰωρείμ, ὁ	Jorim	(Hebrew), Jorim, an ancestor of Jesus.
G2498	Ἰωσαφάτ, ὁ	Jehoshaphat	(Hebrew), Jehoshaphat, king of Judah, son of Asaph, father of Joram, an ancestor of Jesus.
G2499	Ἰωσῆ	gen. of Joses	(Hebrew), gen. case of Joses (a) son of Eliezer, (b) son of Mary, brother of Jesus, (c) surnamed Barnabas (also called Joseph).
G2500	Ἰωσῆς, ῆτος, ὁ	Joses	(Hebrew), Joses (a) son of Eliezer, (b) son of Mary, half-brother of Jesus, (c) surnamed Barnabas (also called Joseph).
G2501	Ἰωσήφ, ὁ	Joseph	Joseph, a proper name.
G2502	Ἰωσίας, ου, ὁ	Josiah	(Hebrew), Josiah, king of Judah.
G2503	ἰῶτα, τό	a small letter of the Greek alphabet	iota, a small letter of the Greek alphabet, used in the NT (like yod, the Hebrew or rather Aramaic letter which was the smallest of all) to indicate the smallest part.
G2504	κἀγώ	I also, I too	I also, I too, but I.
G2505	καθά	as	just as.
G2506	καθαίρεσις, εως, ἡ	taking down, destroying	taking down, razing, destroying.
G2507	καθαιρέω	I take down, depose, destroy	(a) I take down, pull down, depose, destroy.
G2508	καθαίρω	I cleanse, purify, prune	I cleanse, purify, prune.
G2509	καθάπερ	even as	even as, just as.
G2510	καθάπτω	I lay hold of, fasten on to	I lay hold of, fasten on to, seize, attack.
G2511	καθαρίζω	I make clean	I cleanse, make clean, literally, ceremonially, or spiritually, according to context.
G2512	καθαρισμός, οῦ, ὁ	cleansing, purifying, purification	cleansing, purifying, purification, literal, ceremonial, or moral; met: expiation.
G2513	καθαρός, ά, όν	clean, pure, unstained	clean, pure, unstained, either literally or ceremonially or spiritually; guiltless, innocent, upright.
G2514	καθαρότης, ητος, ἡ	cleanness, purity	cleanness, purity.
G2515	καθέδρα, ας, ἡ	a seat, chair	a seat, chair.
G2516	καθέζομαι	I am sitting, sit, am seated	I am sitting, sit down, am seated.
G2517	καθεξῆς	in order, just after	in order, in succession, in the time immediately after, just after.
G2518	καθεύδω	I sleep, am sleeping	I sleep, am sleeping.
G2519	καθηγητής, ου, ὁ	a leader, teacher, guide	a leader, teacher, guide, master.
G2520	καθήκω	it is fitting	I come down, come to; I am unfit, proper.
G2521	κάθημαι	I sit, am seated	I sit, am seated, enthroned; I dwell, reside.
G2522	καθημερινός, ή, όν	daily	daily, day-by-day.
G2523	καθίζω	I set, make to sit	(a) trans: I make to sit; I set, appoint, (b) intrans: I sit down, am seated, stay.
G2524	καθίημι	I let down	I send, let down, lower.
G2525	καθίστημι	I set, establish, appoint, conduct	I set down, bring down to a place; I set in order, appoint, make, constitute.
G2526	καθό	as, according as	according to which thing, as, according as.
G2527	καθόλου	entirely, at all	one the whole, in general, altogether.
G2528	καθοπλίζω	I arm completely	I arm completely.
G2529	καθοράω	I see clearly	I see clearly, perceive, discern.
G2530	καθότι	according as, because	(a) in proportion as, according as, (b) because.
G2531	καθώς	just as, as	according to the manner in which, in the degree that, just as, as.
G2532	καί	and, even, also, namely	and, even, also, namely.
G2533	Καϊάφας, ᾶ, ὁ	Caiaphas	Caiaphas, Jewish high priest.
G2535	Κάϊν, ὁ	Cain	(Hebrew), Cain, son of Adam and Eve and brother of Abel.
G2536	Καϊνάν, ὁ	Cainan	(Hebrew), Cainan, one of the ancestors of Jesus.
G2537	καινός, ή, όν	fresh, new	fresh, new, unused, novel.
G2538	καινότης, ητος, ἡ	freshness, newness	freshness, newness, novelty.
G2539	καίπερ	although	although, though.
G2540	καιρός, οῦ, ὁ	fitting season, opportunity, time	fitting season, season, opportunity, occasion, time.
G2541	Καῖσαρ, αρος, ὁ	Caesar	Caesar, a surname of the gens Iulia, which became practically synonymous with the Emperor for the time being; in the Gospels it always refers to Tiberias.
G2542	Καισάρεια, ας, ἡ	Caesarea	Two cities of Palestine: one in Galilee (Caesarea Philippi), the other on the coast of the Mediterranean.
G2543	καίτοι	and yet, although	and yet, although, though.
G2544	καίτοιγε	and yet, although	and yet, although, indeed.
G2545	καίω	I ignite, light, burn	I ignite, light, burn, lit. and met; I consume with fire.
G2546	κἀκεῖ	and there, and yonder	and there, and yonder, there also.
G2547	κἀκεῖθεν	and thence, and from there	and thence, and from there; and then afterwards.
G2548	κἀκεῖνος, η, ο	and he, she, it, and that	and he, she, it, and that.
G2549	κακία, ας, ἡ	evil, wickedness, malice	(a) evil (i.e. trouble, labor, misfortune), (b) wickedness, (c) vicious disposition, malice, spite.
G2550	κακοήθεια, ας, ἡ	evil-mindedness	evil-mindedness, malignity, malevolence.
G2551	κακολογέω	I speak evil of, curse	I speak evil of, curse, revile, abuse.
G2552	κακοπάθεια, ας, ἡ	suffering	experience of evil, suffering, distress, affliction, perseverance.
G2553	κακοπαθέω	I suffer evil, endure affliction	I suffer evil, endure affliction.
G2554	κακοποιέω	I do harm, do wrong	I do harm, do wrong, do evil, commit sin.
G2555	κακοποιός, όν	an evil-doer	doing evil; subst: an evil-doer.
G2556	κακός, ή, όν	bad, evil	bad, evil, in the widest sense.
G2557	κακοῦργος, ον	a criminal	(lit: an evil-worker), a criminal.
G2558	κακουχέω	I treat evilly	I treat evilly, hurt, torment.
G2559	κακόω	I treat badly	I treat badly, afflict, embitter, make angry.
G2560	κακῶς	badly, evilly	badly, evilly, wrongly.
G2561	κάκωσις, εως, ἡ	affliction, ill-treatment	affliction, ill-treatment, oppression, misery.
G2562	καλάμη, ῆς, ἡ	stubble	stubble, straw, the stalk.
G2563	κάλαμος, ου, ὁ	a reed, reed-pen	a reed; a reed-pen, reed-staff, measuring rod.
G2564	καλέω	I call, invite, name	(a) I call, summon, invite, (b) I call, name.
G2565	καλλιέλαιος, οῦ, ἡ	a cultivated olive tree	a cultivated olive tree.
G2566	κάλλιον	very well	very well.
G2567	καλοδιδάσκαλος, ου, ὁ, ἡ	a teacher of that which is noble	a teacher of that which is noble (honorable) and good.
G2569	καλοποιέω	I act uprightly	I do well, act honorably, do what is right.
G2570	καλός, ή, όν	beautiful, good, worthy	beautiful, as an outward sign of the inward good, noble, honorable character; good, worthy, honorable, noble, and seen to be so.
G2571	κάλυμμα, ατος, τό	a veil	a covering, especially a covering of head and face, a veil.
G2572	καλύπτω	I veil, hide, conceal, envelop	I veil, hide, conceal, envelop.
G2573	καλῶς	well, nobly, rightly	well, nobly, honorably, rightly.
G2574	κάμηλος, ου, ὁ, ἡ	a camel	a camel or dromedary.
G2575	κάμινος, ου, ἡ	a furnace	a furnace, oven, kiln.
G2576	καμμύω	I close	I close, shut the eyes.
G2577	κάμνω	I am weary, ill	I work, am weary, am sick.
G2578	κάμπτω	I bend, bow	I bend, bow.
G2579	κἄν	and if, even if	and if, even if, even, at least.
G2580	Κανᾶ, ἡ	Cana	Cana, a town in Galilee.
G2581	Κανανίτης, ου, ὁ	a Canaanite	a Canaanite.
G2582	Κανδάκη, ης, ἡ	Candace	Candace, a proper name; the Candace, a dynastic name for queens of the Ethiopians in Abyssinia.
G2583	κανών, όνος, ὁ	rule, regulation, province	(lit: a level, ruler), a rule, regulation, rule of conduct or doctrine, (b) a measured (defined) area, province.
G2584	Καπερναούμ, ἡ	Capernaum	Capernaum, a town of Galilee.
G2585	καπηλεύω	I hawk, trade in	I hawk, trade in, deal in for purposes of gain.
G2586	καπνός, οῦ, ὁ	smoke	smoke.
G2587	Καππαδοκία, ας, ἡ	Cappadocia	Cappadocia, a large Roman province in the central eastern part of Asia Minor.
G2588	καρδία, ας, ἡ	the heart, inner life, intention	lit: the heart; mind, character, inner self, will, intention, center.
G2589	καρδιογνώστης, ου, ὁ	a knower of the inner life	a knower of the inner life (character, hearts).
G2590	καρπός, οῦ, ὁ	fruit, result, gain	(a) fruit, generally vegetable, sometimes animal, (b) met: fruit, deed, action, result, (c) profit, gain.
G2591	Κάρπος, ου, ὁ	Carpus	Carpus, a Christian of Troas.
G2592	καρποφορέω	I bear fruit	I bear fruit.
G2593	καρποφόρος, ον	fruitful	fruitful.
G2594	καρτερέω	I persevere, endure	I persevere, endure, am steadfast, patient.
G2595	κάρφος, ους, τό	a dry stalk, chip of wood	a dry stalk, chip of wood, twig, splinter, chaff.
G2596	κατά	down from, against, according to, throughout, during	gen: against, down from, throughout, by; acc: over against, among, daily, day-by-day, each day, according to, by way of.
G2597	καταβαίνω	I go down, come down	I go down, come down, either from the sky or from higher land, descend.
G2598	καταβάλλω	I cast, lay down	(a) mid: I lay, of a foundation, (b) met: I cast down, prostrate.
G2599	καταβαρέω	I burden, oppress	I burden, oppress, weigh down.
G2600	κατάβασις, εως, ἡ	descent	descent.
G2601	καταβιβάζω	I bring down, cause to go down	I bring down, cast down, cause to go down.
G2602	καταβολή, ῆς, ἡ	a foundation, depositing, sowing	(a) foundation, (b) depositing, sowing, deposit, technically used of the act of conception.
G2603	καταβραβεύω	I decide against, condemn	of the umpire in a contest: I decide against, take part against, condemn (perhaps with the idea of assumption, officialism).
G2604	καταγγελεύς, έως, ὁ	a reporter, herald	a reporter, announcer, proclaimer, herald.
G2605	καταγγέλλω	I declare openly, preach	I declare openly, proclaim, preach, laud, celebrate.
G2606	καταγελάω	I laugh at, ridicule	I laugh at, ridicule.
G2607	καταγινώσκω	I condemn, blame	I condemn, blame.
G2608	κατάγνυμι	I break in pieces	I break down (in pieces), crush, break into.
G2609	κατάγω	I lead down, bring down	I lead down, bring down, either from a high place on land or to a lower (or actually to the sea-coast), or from the high seas to land.
G2610	καταγωνίζομαι	I subdue	I subdue (in warfare); I struggle against, conquer, overcome.
G2611	καταδέω	I bind up	I bind up, bandage.
G2612	κατάδηλος, ον	quite clear	quite clear, evident.
G2613	καταδικάζω	I condemn	I condemn, pass sentence upon.
G2614	καταδιώκω	I hunt down, follow closely	I hunt down, follow closely.
G2615	καταδουλόω	I enslave	I enslave.
G2616	καταδυναστεύω	I overpower, quell, treat harshly	I overpower, quell, treat harshly.
G2617	καταισχύνω	I shame, disgrace, put to utter confusion	I shame, disgrace, bring to shame, put to utter confusion, frustrate.
G2618	κατακαίω	I burn up, consume entirely	I burn up, consume entirely.
G2619	κατακαλύπτω	I veil, cover the head	I veil, cover the head.
G2620	κατακαυχάομαι	I boast against	I boast against, exult over.
G2621	κατάκειμαι	I recline, am lying ill	I recline (at table); more often: I keep my bed, am lying ill (in bed).
G2622	κατακλάω	I break in pieces	I break in pieces, break up.
G2623	κατακλείω	I shut up, confine	I shut up, confine.
G2624	κατακληρονομέω	I give as an inheritance	I give as an inheritance, distribute by lot.
G2625	κατακλίνω	I recline, cause to recline	I cause to recline at table; mid. and pass: I recline at table.
G2626	κατακλύζω	I flood over, overwhelm	I flood over, overwhelm, inundate.
G2627	κατακλυσμός, οῦ, ὁ	a deluge, flood	a deluge, flood.
G2628	κατακολουθέω	I follow after	I follow after.
G2629	κατακόπτω	I beat, wound	I cut up, cut in pieces, mangle, wound.
G2630	κατακρημνίζω	I cast down headlong	I cast down headlong, throw over a precipice.
G2631	κατάκριμα, ατος, τό	punishment following condemnation	punishment following condemnation, penal servitude, penalty.
G2632	κατακρίνω	I condemn	I condemn, judge worthy of punishment.
G2633	κατάκρισις, εως, ἡ	the act of condemnation	condemnation, censure.
G2634	κατακυριεύω	I exercise authority over, overpower	I exercise authority over, overpower, master.
G2635	καταλαλέω	I speak evil of	I speak evil of, rail at, slander.
G2636	καταλαλιά, ας, ἡ	evil-speaking, backbiting, detraction	evil-speaking, backbiting, detraction, slander.
G2637	κατάλαλος, ον	slanderous, back-biting	slanderous, back-biting; subst: a railer, defamer.
G2638	καταλαμβάνω	I seize tight hold of, overtake, comprehend	(a) I seize tight hold of, arrest, catch, capture, appropriate, (b) I overtake, (c) mid. aor: I perceived, comprehended.
G2639	καταλέγω	I enter in a list, register	I enter in a list, register, enroll.
G2640	κατάλειμμα, ατος, τό	a remnant, small residue	a remnant, small residue.
G2641	καταλείπω	I leave behind, abandon	I leave behind, desert, abandon, forsake; I leave remaining, reserve.
G2642	καταλιθάζω	I stone down, stone to death	I stone down, stone to death, overwhelm with stones.
G2643	καταλλαγή, ῆς, ἡ	reconciliation	reconciliation, restoration to favor.
G2644	καταλλάσσω	I reconcile	I change, exchange, reconcile.
G2645	κατάλοιπος, ον	left behind, the remainder	left behind; the rest, the remainder.
G2646	κατάλυμα, ατος, τό	an inn, lodging-place	an inn, lodging-place.
G2647	καταλύω	I break up, overthrow, unharness, find a lodging	(lit: I loosen thoroughly), (a) trans: I break up, overthrow, destroy, both lit. and met., (b) I unyoke, unharness a carriage horse or pack animal; hence: I put up, lodge, find a lodging.
G2648	καταμανθάνω	I understand, consider carefully	I understand, take in a fact about, consider carefully.
G2649	καταμαρτυρέω	I give evidence against	I give evidence (bear witness) against.
G2650	καταμένω	I wait, stay, remain, abide	I wait, stay (with), remain, abide, dwell.
G2651	καταμόνας	alone, apart, in private	along, apart, in private.
G2652	κατάθεμα, ατος, τό	a curse, an accursed thing	a curse, an accursed thing.
G2653	καταθεματίζω	I curse, devote to destruction	I curse, devote to destruction.
G2654	καταναλίσκω	I consume utterly	I use up, spend, consume (as with fire).
G2655	καταναρκάω	I burden, encumber	(properly a medical term: I stupefy, hence) I burden, encumber.
G2656	κατανεύω	I nod, make a sign	I nod, make a sign, beckon.
G2657	κατανοέω	I understand, perceive, consider	I take note of, perceive, consider carefully, discern, detect, make account of.
G2658	καταντάω	I come down, arrive at, reach	(a) I come down, either from high land to lower (or actually to the sea-coast), or from the high seas to the coast; hence met: I arrive at, reach (my destination), (b) of property: I come down (descend) by inheritance to an heir.
G2659	κατάνυξις, εως, ἡ	deep sleep, stupor	deep sleep, torpor, insensibility, stupor.
G2660	κατανύσσομαι	I am pierced, stung	met: I am pierced, stung, smitten.
G2661	καταξιόω	I deem worthy	I deem (count) worthy.
G2662	καταπατέω	I trample under foot	I trample down, trample under foot (lit. and met.), spurn.
G2663	κατάπαυσις, εως, ἡ	resting, rest	(in the Old Testament of the rest attained by the settlement in Canaan), resting, rest, dwelling, habitation.
G2664	καταπαύω	I rest, cause to rest	(a) trans: I cause to rest, bring to rest; I cause to refrain, (b) intrans: I rest.
G2665	καταπέτασμα, ατος, τό	a veil, curtain	(lit: that which is spread out downwards, that which hangs down), a curtain, veil, of that which separated the Holy of Holies from the outer parts of the temple at Jerusalem, also of an outer curtain at the entrance to the Holy Place in the same temple.
G2666	καταπίνω	I swallow, devour, destroy	I drink down, swallow, devour, destroy, consume.
G2667	καταπίπτω	I fall down	I fall down, fall prostrate.
G2668	καταπλέω	I sail down	I sail down (from the high seas to the shore).
G2669	καταπονέω	I ill-treat	I exhaust by labor or suffering, wear out, overpower, oppress.
G2670	καταποντίζω	I sink in the sea, am drowned	I sink in the sea, pass: I drown, am submerged.
G2671	κατάρα, ας, ἡ	a curse, cursing	cursing; a curse; meton: a doomed one.
G2672	καταράομαι	I curse	I curse.
G2673	καταργέω	I bring to naught, sever, abolish	(a) I make idle (inactive), make of no effect, annul, abolish, bring to naught, (b) I discharge, sever, separate from.
G2674	καταριθμέω	I number among	I number among, count with.
G2675	καταρτίζω	I fit together, prepare	(a) I fit (join) together; met: I compact together, (b) act. and mid: I prepare, perfect, for his (its) full destination or use, bring into its proper condition (whether for the first time, or after a lapse).
G2676	κατάρτισις, εως, ἡ	a perfecting	a perfecting, making fit.
G2677	καταρτισμός, ου, ὁ	a perfecting	a bringing to a condition of fitness, perfecting.
G2678	κατασείω	I shake, wave, beckon	I shake (the hand) up and down, wave; intrans: I beckon for silence.
G2679	κατασκάπτω	I dig down under, demolish	I dig down under, demolish, undermine.
G2680	κατασκευάζω	I build, prepare, make	I build, construct, prepare, make ready.
G2681	κατασκηνόω	I encamp, tabernacle, dwell	I encamp, take up my quarters, tabernacle, pitch my tent, dwell.
G2682	κατασκήνωσις, εως, ἡ	a dwelling-place	a dwelling-place.
G2683	κατασκιάζω	I overshadow	I overshadow.
G2684	κατασκοπέω	I spy out, plot against	I view closely, inspect, spy out.
G2685	κατάσκοπος, ου, ὁ	a spy	a spy, scout.
G2686	κατασοφίζομαι	I circumvent by trickery	I deal craftily with, outwit.
G2687	καταστέλλω	I appease, restrain	I let down, lower; I keep down, restrain, pacify.
G2688	κατάστημα, ατος, τό	behavior, conduct	behavior, conduct, deportment, demeanor.
G2689	καταστολή, ῆς, ἡ	garb, dress, attire	garb, clothing, dress, attire.
G2690	καταστρέφω	I overturn, overthrow	I overturn, overthrow.
G2691	καταστρηνιάω	I grow wanton towards	I grow wanton towards.
G2692	καταστροφή, ῆς, ἡ	overthrow, destruction	overthrow, destruction, material or spiritual.
G2693	καταστρώννυμι	I scatter on the ground	I strew or spread over; I lay low, overthrow.
G2694	κατασύρω	I drag down	I pull down, drag away.
G2695	κατασφάζω	I slaughter	I slaughter, kill off, slay.
G2696	κατασφραγίζω	I seal and thus close	I seal up, secure with a seal.
G2697	κατάσχεσις, εως, ἡ	a possession	a possession, holding fast.
G2698	κατατίθημι	I lay down, deposit	(a) I lay down, deposit, (b) mid: I lay down or deposit a favor, with the view of receiving one in return, seek favor.
G2699	κατατομή, ῆς, ἡ	a mutilation, spoiling	a mutilation, spoiling.
G2701	κατατρέχω	I run down	I run down.
G2702	καταφέρω	I bring down, oppress	I bear down, overpower; I give a vote or verdict, bring charges.
G2703	καταφεύγω	I flee for refuge	I flee for refuge (implying that the refuge is reached); aor. indicates moment of arrival.
G2704	καταφθείρω	I destroy, corrupt	I destroy, corrupt.
G2705	καταφιλέω	I kiss affectionately	I kiss affectionately.
G2706	καταφρονέω	I despise, scorn	I despise, scorn, and show it by active insult, disregard.
G2707	καταφρονητής, οῦ, ὁ	a despiser	a despiser, scorner.
G2708	καταχέω	I pour over	I pour (down) upon.
G2709	καταχθόνιος, ον	under the earth, subterranean	under the earth, subterranean, infernal.
G2710	καταχράομαι	I use up	I use to the full, use up.
G2711	καταψύχω	I cool, refresh	I cool, refresh.
G2712	κατείδωλος, ον	full of images of idols	full of images of idols, grossly idolatrous.
G2713	κατέναντι	opposite, in front of	opposite, in front (of), over against.
G2714	κατενώπιον	before the face of	before the face of, over against.
G2715	κατεξουσιάζω	I have power over	I have (exercise) power (authority) over.
G2716	κατεργάζομαι	I work out, produce, accomplish	I effect by labor, achieve, work out, bring about.
G2718	κατέρχομαι	I come down	I come down from sky to earth, or from high land to lower land (or to the coast), or from the high seas to the shore.
G2719	κατεσθίω	I eat till it is finished	I eat up, eat till it is finished, devour, squander, annoy, injure.
G2720	κατευθύνω	I make straight, direct	(a) I make straight, (b) met: I put in the right way, direct.
G2721	κατεφίστημι	I rush, assault	I rush, assault, rise up against.
G2722	κατέχω	I hold fast, bind, restrain	(a) I hold fast, bind, arrest, (b) I take possession of, lay hold of, (c) I hold back, detain, restrain, (d) I hold a ship, keep its head.
G2723	κατηγορέω	I accuse, charge, prosecute	I accuse, charge, prosecute.
G2724	κατηγορία, ας, ἡ	a charge, accusation	an accusation, charge.
G2725	κατήγορος, ου, ὁ	a prosecutor, accuser	an accuser, prosecutor.
G2726	κατήφεια, ας, ἡ	a downcast countenance, gloom, dejection	a downcast countenance as a sign of sorrow, gloominess, gloom, dejection.
G2727	κατηχέω	I instruct orally	I instruct orally, teach, inform.
G2728	κατιόω	I rust	I rust; pass: I am rusted, tarnished.
G2729	κατισχύω	I prevail against, overpower, am able	I prevail against, overpower, get the upper hand.
G2730	κατοικέω	I dwell in, settle in, inhabit	I dwell in, settle in, am established in (permanently), inhabit.
G2731	κατοίκησις, εως, ἡ	dwelling, abode, habitation	a dwelling, abode, habitation.
G2732	κατοικητήριον, ου, τό	a habitation, dwelling-place	a habitation, dwelling-place, abode.
G2733	κατοικία, ας, ἡ	a dwelling, habitation	a dwelling, habitation, settlement.
G2734	κατοπτρίζομαι	I mirror, reflect	I mirror, reflect.
G2735	κατόρθωμα, ατος, τό	anything happily and successfully accomplished	anything happily and successfully accomplished, a beneficial and worthy deed.
G2736	κάτω	down, below, lower, under, less	(a) down, below, also: downwards, (b) lower, under, less, of a length of time.
G2737	κατώτερος, α, ον	lower	lower.
G2738	καῦμα, ατος, τό	burning heat, heat	burning heat, heat.
G2739	καυματίζω	I burn, scorch	I burn, scorch.
G2740	καῦσις, εως, ἡ	a burning up	a burning up, being burned.
G2741	καυσόω	I burn up	I burn with great heat.
G2742	καύσων, ῶνος, ὁ	a scorching heat, hot wind	a scorching heat, hot wind.
G2743	καυτηριάζω	I cauterize, sear	I cauterize, burn with a hot iron; hence met: I sear.
G2744	καυχάομαι	I boast, glory	I boast; I glory (exult) proudly.
G2745	καύχημα, ατος, τό	a boasting	a boasting; a ground of boasting (glorying, exultation).
G2746	καύχησις, εως, ἡ	the act of boasting, exultation	the act of boasting, glorying, exultation.
G2747	Κεγχρεαί, ας, ἡ	Cenchreae	Cenchreae, the port of Corinth on the Saronic Gulf.
G2748	Κεδρών, ὁ	Kidron	Kidron, a valley near Jerusalem.
G2749	κεῖμαι	I lie, recline, am laid	I lie, recline, am placed, am laid, set, specially appointed, destined.
G2750	κειρία, ας, ἡ	a bandage, grave clothes	a kind of girdle made of cords; a bandage, grave clothes.
G2751	κείρω	I shear, cut the hair of	I shear, cut the hair of; mid: I cut my own hair, have my hair cut.
G2752	κέλευσμα, ατος, τό	a word of command, a call	a word of command, a call, an arousing outcry.
G2753	κελεύω	I command, order	I command, order, direct, bid.
G2754	κενοδοξία, ας, ἡ	vainglory, empty pride	vainglory, empty pride.
G2755	κενόδοξας, ον	vainglorious	vainglorious, boastful.
G2756	κενός, ή, όν	empty, vain, hollow	(a) empty, (b) met: empty (in moral content), vain, ineffective, foolish, worthless, (c) false, unreal, pretentious, hollow.
G2757	κενοφωνία, ας, ἡ	empty disputing, worthless babble	empty disputing, worthless babble.
G2758	κενόω	I empty, deprive of content, make unreal	(a) I empty, (b) I deprive of content, make unreal.
G2759	κέντρον, ου, τό	a sting, goad	a sting, goad; met: of death.
G2760	κεντυρίων, ῶνος, ὁ	a centurion	a centurion, an officer commanding about a hundred infantry in the Roman army.
G2761	κενῶς	falsely, in vain	falsely, in vain, to no purpose.
G2762	κεραία, ας, ἡ	an apostrophe	a little hook, an apostrophe on letters of the alphabet, distinguishing them from other little letters, or a separation stroke between letters.
G2763	κεραμεύς, έως, ὁ	a potter	a potter.
G2764	κεραμικός, ή, όν	of clay, made by a potter	of clay, made by a potter, earthen.
G2765	κεράμιον, ου, τό	a pitcher, earthen vessel	a pitcher, earthen vessel, jar.
G2766	κέραμος, ου, ὁ	a tile, the roof	a tile; practically: the roof.
G2767	κεράννυμι	I mix, pour out for drinking	I mix, mingle, pour out for drinking.
G2768	κέρας, ατος, τό	a horn	(a) a horn, (b) a horn-like projection at the corner of an altar, (c) a horn as a symbol of power.
G2769	κεράτιον, ου, τό	a husk of the carob	a husk (pod) of the carob.
G2770	κερδαίνω	I gain, win, avoid loss	I gain, acquire, win (over), avoid loss.
G2771	κέρδος, ους, τό	gain, advantage	gain, advantage, profit.
G2772	κέρμα, ατος, τό	a small coin	a small coin; plur: small change.
G2773	κερματιστής, οῦ, ὁ	a money-changer	properly: a changer of large into smaller coins, a money-changer.
G2774	κεφάλαιον, ου, τό	the chief matter, a sum of money	(a) the chief matter, the main point, (b) a sum of money.
G2775	κεφαλαιόω	I wound in the head	I wound in the head.
G2776	κεφαλή, ῆς, ἡ	the head	(a) the head, (b) met: a corner stone, uniting two walls; head, ruler, lord.
G2777	κεφαλίς, ίδος, ἡ	a roll, volume	(lit: little head, then: the knob at the end of the wooden core of a roll of papyrus, then) a roll, volume, division (of a book).
G2778	κῆνσος, ου, ὁ	a poll-tax	a poll-tax.
G2779	κῆπος, ου, ὁ	a garden	a garden, any place planted with trees and herbs.
G2780	κηπουρός, οῦ, ὁ	a gardener	a gardener, garden-keeper.
G2781	κηρίον, ου, τό	a honeycomb	a honeycomb.
G2782	κήρυγμα, ατος, τό	a proclamation, preaching	a proclamation, preaching.
G2783	κῆρυξ, υκος, ὁ	a herald, preacher	a herald, preacher, proclaimer.
G2784	κηρύσσω	I proclaim, herald, preach	I proclaim, herald, preach.
G2785	κῆτος, ους, τό	a sea monster, huge fish	a sea monster, huge sea fish, whale.
G2786	Κηφᾶς, ᾶ, ὁ	Cephas	Cephas (Aramaic for rock), the new name given to Simon Peter, the apostle.
G2787	κιβωτός, οῦ, ἡ	an ark	(properly: a wooden box, hence) the Ark, in which Noah sailed; the Ark of the Covenant.
G2788	κιθάρα, ας, ἡ	a harp	a harp, lyre.
G2789	κιθαρίζω	I play on the harp	intrans. and trans: I play on the harp, I harp, with acc. of the tune.
G2790	κιθαρῳδός, ου, ὁ	a harpist	a harpist, one who sings with harp as accompaniment.
G2791	Κιλικία, ας, ἡ	Cilicia	Cilicia, a Roman province between the Taurus range of mountains and the coast in the south-east corner of Asia Minor, linked up with the province of Syria.
G2792	κινάμωμον, ου, τό	cinnamon	(a Semitic word) cinnamon.
G2793	κινδυνεύω	I am in danger	I am in danger or peril.
G2794	κίνδυνος, ου, ὁ	danger, peril, risk	danger, peril, risk.
G2795	κινέω	I move, stir, excite	I set in motion, move, remove, excite, stir up.
G2796	κίνησις, εως, ἡ	a moving, stirring	a moving, stirring.
G2797	Κίς, ὁ	Kish	Kish, the father of Saul.
G2798	κλάδος, ου, ὁ	a branch	a young tender shoot, then: a branch; met: of descendants.
G2799	κλαίω	I weep, weep for, mourn	I weep, weep for, mourn, lament.
G2800	κλάσις, εως, ἡ	a breaking	a breaking.
G2801	κλάσμα, ατος, τό	a fragment	a fragment, broken piece.
G2802	Κλαῦδη, ης, ἡ	Cauda, Clauda	Cauda, Clauda, an island twenty-three miles south of the western end of Crete.
G2803	Κλαυδία, ας, ἡ	Claudia	Claudia, a Christian woman in Rome; probably a freedwoman of the imperial household.
G2804	Κλαύδιος, ου, ὁ	Claudius	(a) Claudius, the fourth of the Roman Emperors, Tiberius Claudius Caesar Augustus Germanicus, who ruled A.D. 41-54, (b) Claudius Lysias, a tribune at Jerusalem.
G2805	κλαυθμός, οῦ, ὁ	weeping, lamentation	weeping, lamentation, crying.
G2806	κλάω	I break	I break (in pieces), break bread.
G2807	κλεῖς, κλειδός, ἡ	a key	a key.
G2808	κλείω	I shut, shut up	I shut, shut up.
G2809	κλέμμα, ατος, τό	a theft	a theft.
G2810	Κλεοπᾶς, ᾶ, ὁ	Cleopas	Cleopas, one of the two companions of the risen Jesus from Jerusalem to Emmaus.
G2811	κλέος, ους, τό	glory, fame, praise	glory, fame, praise; rumor, report, credit.
G2812	κλέπτης, ου, ὁ	a thief	a thief.
G2813	κλέπτω	I steal	I steal.
G2814	κλῆμα, ατος, τό	a branch, shoot	a branch, shoot, twig.
G2815	Κλήμης, μεντος, ὁ	Clement	Clement, a fellow-worker of Paul in Rome.
G2816	κληρονομέω	I inherit, obtain	I inherit, obtain (possess) by inheritance, acquire.
G2817	κληρονομία, ας, ἡ	an inheritance	an inheritance, an heritage, regularly the gift of God to His chosen people, in the Old Testament: the Promised Land, in NT a possession viewed in one sense as present, in another as future; a share, participation.
G2818	κληρονόμος, ου, ὁ	an heir, inheritor	an heir, an inheritor.
G2819	κλῆρος, ου, ὁ	a lot, portion	(a) a lot, (b) a portion assigned; hence: a portion of the people of God assigned to one's care, a congregation.
G2820	κληρόω	I make a heritage	I cast lots, choose by lot, assign by lot, assign a portion, receive a share.
G2821	κλῆσις, εως, ἡ	a calling, summons	a calling, invitation; in the NT, always of a divine call.
G2822	κλητός, ή, όν	called, summoned	called, invited, summoned by God to an office or to salvation.
G2823	κλίβανος, ου, ὁ	an oven, furnace	an oven, furnace.
G2824	κλίμα, ατος, τό	a territory	a small geographical division, district, or territory.
G2825	κλίνη, ης, ἡ	a couch, bed, mat, bier	a couch, bed, portable bed or mat, a couch for reclining at meals, possibly also a bier.
G2826	κλινίδιον, ου, τό	a couch or litter	a couch or litter of a sick person.
G2827	κλίνω	I rest, recline, make to yield	trans: I rest, recline; I bend, incline; I cause to give ground, make to yield; intrans: I decline, approach my end.
G2828	κλισία, ας, ἡ	a dining couch, group of diners	properly: a dining couch; hence: a group of diners.
G2829	κλοπή, ῆς, ἡ	thieving, theft	thieving, theft.
G2830	κλύδων, ῶνος, ὁ	rough water	rough water, a wave, billow, surge.
G2831	κλυδωνίζομαι	I am tossed by waves	I am tossed by waves, met: I am tossed to and fro.
G2832	Κλωπᾶς, ᾶ, ὁ	Clopas	Clopas, husband of one Mary, who stood by the cross.
G2833	κνήθω	I rub, tickle	I rub, tickle, scratch; pass: I itch.
G2834	Κνίδος, ου, ἡ	Cnidus	Cnidus, a town on the coast of Caria (south-west Asia Minor) near the island of Cos.
G2835	κοδράντης, ου, ὁ	the smallest Roman copper coin	a "quadrans," the smallest Roman copper coin, a quarter of an "as," the sixteenth part of a "sesterius".
G2836	κοιλία, ας, ἡ	belly, womb, the inner man	belly, abdomen, heart, a general term covering any organ in the abdomen, e.g. stomach, womb; met: the inner man.
G2837	κοιμάομαι	I fall asleep, am asleep	I fall asleep, am asleep, sometimes of the sleep of death.
G2838	κοίμησις, εως, ἡ	repose, taking rest	repose, taking rest, sleep.
G2839	κοινός, ή, όν	common, shared, unclean	(a) common, shared, (b) Hebraistic use: profane; dirty, unclean, unwashed.
G2840	κοινόω	I make unclean, regard as unclean	I make unclean, pollute, desecrate, mid: I regard (treat) as unclean.
G2841	κοινωνέω	I share, communicate, have fellowship with	(a) I share, communicate, contribute, impart, (b) I share in, have a share of, have fellowship with.
G2842	κοινωνία, ας, ἡ	participation, communion, fellowship	(lit: partnership) (a) contributory help, participation, (b) sharing in, communion, (c) spiritual fellowship, a fellowship in the spirit.
G2843	κοινωνικός, ή, όν	willing to share	willing to share, sociable, ready to communicate, beneficent.
G2844	κοινωνός, οῦ, ὁ, ἡ	a sharer, partner	a sharer, partner, companion.
G2845	κοίτη, ης, ἡ	a bed, marriage bed	(a) a bed, (b) a marriage bed; plur: repeated (immoral) sexual intercourse.
G2846	κοιτών, ῶνος, ὁ	a bed-chamber	a bed-chamber.
G2847	κόκκινος, η, ον	crimson	crimson, scarlet, dyed with Kermes (coccum), the female coccus of the Kermes oak.
G2848	κόκκος, ου, ὁ	a kernel, grain	a kernel, grain, seed.
G2849	κολάζω	I chastise, punish	I chastise, curtail, punish; mid: I cause to be punished.
G2850	κολακεία, ας, ἡ	flattery	flattery, with a view to advantage or gain.
G2851	κόλασις, εως, ἡ	chastisement, punishment	chastisement, punishment, torment, perhaps with the idea of deprivation.
G2852	κολαφίζω	I strike with the fist, maltreat	I strike with the fist, buffet; hence: I mistreat violently.
G2853	κολλάω	I glue, cleave, keep company with	(lit: I glue); hence: mid. and pass: I join myself closely, cleave, adhere (to), I keep company (with), of friendly intercourse.
G2854	κολλούριον, ου, τό	eye-salve	eye-salve.
G2855	κολλυβιστής, ου, ὁ	a money-changer	a money-changer, who changed heathen into Jewish money, for payment into the Temple treasury.
G2856	κολοβόω	I cut short, shorten	(lit: I maim, mutilate), I cut short, shorten, abbreviate.
G2857	Κολοσσαί, ῆς, ἡ	Colossae	Colossae, a town of the Roman province Asia, in the Lycus valley, near Laodicea and Hierapolis.
G2859	κόλπος, ου, ὁ	bosom, bosom of a garment, a bay, gulf	(a) sing. and plur: bosom; (sinus) the overhanging fold of the garment used as a pocket, (b) a bay, gulf.
G2860	κολυμβάω	I swim	(properly: I dive, hence) I swim.
G2861	κολυμβήθρα, ας, ἡ	a pool, swimming-place	(lit: a diving or swimming place), a pool.
G2862	κολωνία, ας, ἡ	a colony, garrison city	a colony, a city settlement of Roman (soldier) citizens; a garrison city.
G2863	κομάω	I wear the hair long	I wear the hair long, allow the hair to grow out.
G2864	κόμη, ης, ἡ	hair, long hair	hair, long hair.
G2865	κομίζω	I bring, receive, recover	(a) act: I convey, bring, carry, (b) mid: I receive back, receive what has belonged to myself but has been lost, or else promised but kept back, or: I get what has come to be my own by earning, recover.
G2866	κομψότερον	in better health	in better health.
G2867	κονιάω	I whitewash	I whitewash, plaster over.
G2868	κονιορτός, ου, ὁ	dust	dust.
G2869	κοπάζω	I cease, drop	I abate, cease raging, am stilled.
G2870	κοπετός, οῦ, ὁ	lamentation	beating of the breast or head in lamentation, lamentation.
G2871	κοπή, ῆς, ἡ	slaughter	slaughter, smiting in battle.
G2872	κοπιάω	I grow weary, toil	(a) I grow weary, (b) I toil, work with effort (of bodily and mental labor alike).
G2873	κόπος, ου, ὁ	trouble, toil, labor	(a) trouble, (b) toil, labor, laborious toil, involving weariness and fatigue.
G2874	κοπρία, ας, ἡ	manure	manure; a dung-hill.
G2875	κόπτω	I cut off, mourn	(a) I cut, cut off, strike, smite, (b) mid: I beat my breast or head in lamentation, lament, mourn, sometimes with acc. of person whose loss is mourned.
G2876	κόραξ, ός, ὁ	a raven	a raven, crow.
G2877	κοράσιον, ου, τό	a girl, little girl	a little girl, a young girl; a girl, maiden.
G2878	κορβᾶν	a gift, offering	a gift, offering, anything consecrated to God.
G2879	Κορέ, ὁ	Korah	(Hebrew) Korah.
G2880	κορέννυμι	I fill, feed full	I fill, sate, glut, feed full, satisfy.
G2881	Κορίνθιος, ου, ὁ	Corinthian	Corinthian, of Corinth.
G2882	Κόρινθος, ου, ἡ	Corinth	Corinth, in north-east Peloponnese, the capital of the Roman province Achaia.
G2883	Κορνήλιος, ου, ὁ	Cornelius	Cornelius, a centurion of the Roman army, stationed at Caesarea.
G2884	κόρος, ου, ὁ	a dry measure, 120 gallons	(Hebrew) a (dry) measure, equivalent to 120 gallons.
G2885	κοσμέω	I put into order, adorn	I put into order; I decorate, deck, adorn.
G2886	κοσμικός, ή, όν	earthly, worldly	earthly, worldly (belonging to the present earthly world as opposed to the heavenly and future).
G2887	κόσμιος, ία, ον	orderly, virtuous	orderly, virtuous, decent, modest, well-ordered.
G2888	κοσμοκράτωρ, ορος, ὁ	ruler of this world	ruler of this world, that is, of the world as asserting its independence of God; used of the angelic or demonic powers controlling the sublunary world.
G2889	κόσμος, ου, ὁ	the world, universe	the world, universe; worldly affairs; the inhabitants of the world; adornment.
G2890	Κούαρτος, ου, ὁ	Quartus	Quartus, a Christian, brother of Erastus the Corinthian.
G2891	κοῦμι	arise	(Aramaic) arise, stand up.
G2892	κουστωδία, ας, ἡ	a guard	a guard, watch.
G2893	κουφίζω	I lighten	I lighten, make light.
G2894	κόφινος, ου, ὁ	a large basket	a large basket.
G2895	κράβαττος, ου, ὁ	a bed, mattress, mat	a bed, mattress, mat of a poor man.
G2896	κράζω	I cry aloud, shriek	I cry aloud, shriek.
G2897	κραιπάλη, ης, ἡ	drunken dissipation	drunken dissipation, surfeiting.
G2898	κρανίον, ου, τό	a skull	a skull.
G2899	κράσπεδον, ου, τό	the fringe, edge	the fringe, edge, corner, tassel.
G2900	κραταιός, ά, όν	strong, powerful	strong, powerful, mighty.
G2901	κραταιόω	I strengthen, confirm, grow strong	I strengthen, confirm; pass: I grow strong, become strong.
G2902	κρατέω	I lay hold of, obtain	I am strong, mighty, hence: I rule, am master, prevail; I obtain, take hold of; I hold, hold fast.
G2903	κράτιστος, η, ον	most excellent	most excellent, an official epithet, used in addressing a Roman of high rank, and in the second century one of equestrian (as distinguished from senatorial) rank.
G2904	κράτος, ους, τό	dominion, strength, power	dominion, strength, power; a mighty deed.
G2905	κραυγάζω	I cry aloud, shout	I cry aloud, shout, exclaim.
G2906	κραυγή, ῆς, ἡ	a shout, clamor, outcry	(a) a shout, cry, clamor, (b) outcry, clamoring against another.
G2907	κρέας, έως, τό	flesh, kinds of flesh	flesh; plur: pieces of flesh, kinds of flesh.
G2908	κρείσσων, ον	stronger, more excellent	stronger, more excellent.
G2909	κρείττων, ον	stronger, more excellent	stronger, more excellent.
G2910	κρεμάννυμι	I hang up, suspend	I hang, hang up, suspend; mid: I am hanging, hang.
G2911	κρημνός, οῦ, ὁ	a crag, precipice	a crag, precipice, steep bank.
G2912	Κρής, ητός, ὁ	a Cretan	a Cretan, an inhabitant of Crete.
G2913	Κρήσκης, κεντος, ὁ	Crescens	Crescens, a Christian, coadjutor of Paul.
G2914	Κρήτη, ης, ἡ	Crete	Crete.
G2915	κριθή, ῆς, ἡ	barley	barley.
G2916	κρίθινος, η, ον	made of barley	made of barley.
G2917	κρίμα, ατος, τό	a judgment, verdict, lawsuit	(a) a judgment, a verdict; sometimes implying an adverse verdict, a condemnation, (b) a case at law, a lawsuit.
G2918	κρίνον, ου, τό	a lily	a lily growing wild, variously identified with the red anemone, the whole lily, the sword lily.
G2919	κρίνω	I judge, decide, think good	(a) I judge, whether in a law-court or privately: sometimes with cognate nouns emphasizing the notion of the verb, (b) I decide, I think (it) good.
G2920	κρίσις, εως, ἡ	judging, divine judgment	judging, judgment, decision, sentence; generally: divine judgment; accusation.
G2921	Κρίσπος, ου, ὁ	Crispus	Crispus, ruler of the synagogue at Corinth, converted and baptized by Paul.
G2922	κριτήριον, ου, τό	criterion, a law-court	criterion; a law-court; a law-case before an arbiter; a cause, controversy.
G2923	κριτής, ου, ὁ	a judge	a judge, magistrate, ruler.
G2924	κριτικός, ή, όν	able to judge	critical, able to judge or discern.
G2925	κρούω	I knock	I knock, beat a door with a stick, to gain admittance.
G2926	κρύπτη, ης, ἡ	a cellar, vault	a cellar, vault, hidden place, crypt.
G2927	κρυπτός, ή, όν	hidden, secret	hidden, secret; as subst: the hidden (secret) things (parts), the inward nature (character).
G2928	κρύπτω	I hide, conceal, lay up	I hide, conceal, lay up.
G2929	κρυσταλλίζω	I am clear as crystal	I am clear as crystal, brilliant like crystal.
G2930	κρύσταλλος, ου, ὁ	crystal	crystal.
G2931	κρυφῇ	in secret, secretly	in secret, secretly.
G2932	κτάομαι	I win, get, buy, possess	(a) I acquire, win, get, purchase, buy, (b) I possess, win mastery over.
G2933	κτῆμα, ατος, τό	a field, property	a piece of landed property, a field; plur: possessions, property, possibly landed property, property in land.
G2934	κτῆνος, ους, τό	a beast of burden	a beast of burden (generally, a horse or mule) either for riding or for carrying loads on its back, or for yoking to a cart or carriage.
G2935	κτήτωρ, ορος, ὁ	a possessor, owner	a possessor, owner.
G2936	κτίζω	I create, form, shape, make	I create, form, shape, make, always of God.
G2937	κτίσις, εως, ἡ	creation, creature, institution	(often of the founding of a city), (a) abstr: creation, (b) concr: creation, creature, institution; always of Divine work, (c) an institution, ordinance.
G2938	κτίσμα, ατος, τό	a created thing, creature	a created thing, a creature.
G2939	κτίστης, ου, ὁ	a founder, creator, God	(often of the founder of a city), creator, God.
G2940	κυβεία, ας, ἡ	trickery, sleight	(lit: playing with dice, gaming, hence) trickery, sleight.
G2941	κυβέρνησις, εως, ἡ	governing, government	(lit: steering, piloting), governing, government.
G2942	κυβερνήτης, ου, ὁ	a steersman, pilot	a steersman, pilot; met: a guide, governor.
G2943	κυκλόθεν	in a circle round	in a circle round, round about.
G2944	κυκλόω	I encircle, besiege, surround	I encircle, besiege, surround.
G2945	κύκλος, ου, ὁ	a circle	a circle, ring.
G2946	κύλισμα, ατος, τό	rolling, wallowing	a place of wallowing.
G2947	κυλίω	I roll	I roll, roll along, wallow.
G2948	κυλλός, ή, όν	crippled, lame	crippled, lame, especially in the hands.
G2949	κῦμα, ατος, τό	a wave	a wave, surge, billow.
G2950	κύμβαλον, ου, τό	a cymbal	a cymbal.
G2951	κύμινον, ου, τό	cumin	cumin, a plant used as a spice.
G2952	κυνάριον, ου, τό	a little dog	a little dog, a house dog.
G2953	Κύπριος, ου, ὁ	a Cypriote, belonging to Cyprus	a Cypriote, belonging to Cyprus.
G2954	Κύπρος, ου, ἡ	Cyprus	Cyprus.
G2955	κύπτω	I bend, stoop down	I bend, stoop down, bow the head.
G2956	Κυρηναῖος, ου, ὁ	belonging to Cyrene, a Cyrenaean	belonging to Cyrene, a Cyrenaean.
G2957	Κυρήνη, ης, ἡ	Cyrene	Cyrene, a district west of Egypt on the Mediterranean coast, forming with Crete a Roman province.
G2958	Κυρήνιος, ου, ὁ	Quirinius	Cyrenius or Quirinius, governor of Syria.
G2959	κυρία, ας, ἡ	a lady	a lady.
G2960	κυριακός, ή, όν	of the Lord	of the Lord, special to the Lord.
G2961	κυριεύω	I have authority, rule over	I have authority, rule over.
G2962	κύριος, ου, ὁ	lord, Lord, master, sir	lord, master, sir; the Lord.
G2963	κυριότης, τητος, ἡ	lordship, domination, dignity	(a) abstr: lordship, (b) concr: divine or angelic lordship, domination, dignity, usually with reference to a celestial hierarchy.
G2964	κυρόω	I ratify, confirm	I ratify, confirm, make valid, reaffirm, assure.
G2965	κύων, κυνός, ὁ, ἡ	a dog	a dog, universally despised in the East.
G2966	κῶλον, ου, τό	a limb, bodies	a limb, member of a body; fig: a corpse, carcass.
G2967	κωλύω	I prevent, hinder	I prevent, debar, hinder; with infin: from doing so and so.
G2968	κώμη, ης, ἡ	a village	a village, country town.
G2969	κωμόπολις, εως, ἡ	a large village	a large village, a city which in constitution has only the status of a village; a country town.
G2970	κῶμος, ου, ὁ	a feasting, reveling	a feasting, reveling, carousal.
G2971	κώνωψ, ωπος, ὁ	a gnat, mosquito	a gnat, mosquito, referred to proverbially as something small.
G2972	Κῶς, ῶ, ἡ	Cos	Cos, an island in the Aegean Sea, south-west of Asia Minor.
G2973	Κωσάμ, ὁ	Cosam	Cosam, son of Elmadam and father of Addi.
G2974	κωφός, ή, όν	dumb, deaf	(lit: blunted) dumb, dull, deaf.
G2975	λαγχάνω	I obtain by lot, cast lots	(a) I obtain (receive) by lot, my lot (turn) is, (b) I draw lots.
G2976	Λάζαρος, ου, ὁ	Lazarus, Eliezer	Lazarus, Eliezer, (a) the beggar, (b) the brother of Martha and Mary, of Bethany.
G2977	λάθρᾳ	secretly	secretly, privately.
G2978	λαῖλαψ, απος, ἡ	a sudden storm, squall	a sudden storm, squall, whirlwind, hurricane.
G2979	λακτίζω	I kick	I kick.
G2980	λαλέω	I speak, say	(I talk, chatter in classical Greek, but in NT a more dignified word) I speak, say.
G2981	λαλιά, ας, ἡ	speech, talk, dialect	(in classical Greek: babble, chattering) speech, talk; manner of speech, dialect.
G2982	λιμά	why	(Hebrew), why.
G2983	λαμβάνω	I receive, take	(a) I receive, get, (b) I take, lay hold of.
G2984	Λάμεχ, ὁ	Lamech	(Hebrew), Lamech, son of Methuselah and father of Noah.
G2985	λαμπάς, άδος, ἡ	a torch, lamp, lantern	a torch, lamp, lantern.
G2986	λαμπρός, ά, όν	shining, magnificent, bright	shining, magnificent, bright, splendid.
G2987	λαμπρότης, τητος, ἡ	splendor, brightness	splendor, brightness, brilliancy.
G2988	λαμπρῶς	magnificently, sumptuously	magnificently, sumptuously, splendidly.
G2989	λάμπω	I shine	I shine, give light.
G2990	λανθάνω	I am hidden, escape notice	I am hidden (concealed), lie hid, escape notice, sometimes with acc. of person from whom concealment takes place; I do so and so unconsciously, unknown to myself, I shut my eyes to so and so.
G2991	λαξευτός, ή, όν	hewn out of the rock	hewn out of the rock.
G2992	λαός, οῦ, ὁ	a people, the crowd	(a) a people, characteristically of God's chosen people, first the Jews, then the Christians, (b) sometimes, but rarely, the people, the crowd.
G2993	Λαοδικεία, ας, ἡ	Laodicea	Laodicea, a city in the Lycos valley in the Roman province Asia, near Colossae and Hierapolis.
G2994	Λαοδικεύς, έως, ὁ	a Laodicean	a Laodicean, an inhabitant of Laodicea.
G2995	λάρυγξ, υγγος, ὁ	the throat	the throat, gullet.
G2996	Λασαία, ας, ἡ	Lasea	Lasea, a city in Crete, about the middle of the south coast.
G2997	λάσκω	I burst asunder with a loud noise	I burst asunder with a loud noise.
G2998	λατομέω	I hew stones	I hew stones, cut stones.
G2999	λατρεία, ας, ἡ	service, worship	service rendered to God, perhaps simply: worship.
G3000	λατρεύω	I serve, worship	I serve, especially God, perhaps simply: I worship.
G3001	λάχανον, ου, τό	an herb, garden plant	an herb, garden plant, vegetable.
G3002	Λεββαῖος, ου, ὁ	Lebbaeus	Lebbaeus, a pet-name for Thaddaeus, one of the twelve apostles of Jesus; the full form of the name is not known.
G3003	λεγεών, ῶνος, ἡ	a legion, very large number	properly: a division of the Roman army, numbering about 6,000 infantry with additional cavalry; hence: a very large number; a legion.
G3004	λέγω	I say, speak	(denoting speech in progress), (a) I say, speak; I mean, mention, tell, (b) I call, name, especially in the pass., (c) I tell, command.
G3005	λεῖμμα, ατος, τό	a remnant, remainder	a remnant, remainder.
G3006	λεῖος, α, ον	smooth, level	smooth, level, plain.
G3007	λείπω	I am wanting, am left behind	(earlier: I leave behind, abandon), (a) I am wanting, (b) mid: e.g. with gen: I come behind (in a race), am left behind in, fall short of (some standard), am wanting in.
G3008	λειτουργέω	I minister, serve publicly	I act in the public service, render service, minister, in the widest sense, of some special public religious service, but also of the service of priests and Levites.
G3009	λειτουργία, ας, ἡ	a charitable gift, public service	a charitable gift, public service in the widest sense; service as of priest or Levite ritual.
G3010	λειτουργικός, ή, όν	ministering	given to serving (ministration), ministering.
G3011	λειτουργός, ου, ὁ	a minister, servant	a minister, servant, of an official character; of priests and Levites.
G3012	λέντιον, ου, τό	a towel, apron	a towel, apron, coarse cloth.
G3013	λεπίς, ίδος, ἡ	a scale, scaly substance	a scale, a scaly substance thrown off from the body.
G3014	λέπρα, ας, ἡ	leprosy	leprosy.
G3015	λεπρός, οῦ, ὁ	a leper	a leprous person, a leper.
G3016	λεπτόν, οῦ, τό	a small piece of money	a small piece of money, probably the smallest piece of money.
G3017	Λευΐ, ὁ	Levi	(Hebrew), Levi, (a) an ancestor of Jesus, (b) another ancestor of Jesus, (c) third son of Jacob, the patriarch, and founder of a tribe named after him, (d) son of Alphaeus, and called Matthew, a revenue officer and one of the twelve apostles of Jesus.
G3018	Λευΐς, ὁ	Levi	(Hebrew), Levi, son of Alphaeus, the publican.
G3019	Λευΐτης, ου, ὁ	a Levite	a Levite, properly a man of the tribe of Levi; hence: a priest's assistant, an under priest, as the members of that tribe were charged with this duty.
G3020	Λευϊτικός, ή, όν	Levitical	belonging to the tribe of Levi; Levitical.
G3021	λευκαίνω	I whiten	I whiten, make white.
G3022	λευκός, ή, όν	white, bright	white, bright, brilliant.
G3023	λέων, οντος, ὁ	a lion	a lion.
G3024	λήθη, ῆς, ἡ	forgetfulness	forgetfulness, oblivion.
G3025	ληνός, οῦ, ὁ, ἡ	a winepress	a trough, vat, winepress.
G3026	λῆρος, ου, ὁ	folly, nonsense, idle talk	folly, nonsense, idle talk.
G3027	λῃστής, οῦ, ὁ	a robber, brigand, bandit	a robber, brigand, bandit.
G3028	λῆψις, εως, ἡ	a receiving	a receiving.
G3029	λίαν	very, very much, exceedingly	very; very much, exceedingly, greatly.
G3030	λίβανος, ου, ὁ	incense	(Semitic word), frankincense, incense.
G3031	λιβανωτός, οῦ, ὁ	a censer	a censer.
G3032	Λιβερτῖνος, ου, ὁ	a freedman	a freedman, one of the class of manumitted slaves; a synagogue at Jerusalem appears to have been reserved for them.
G3033	Λιβύη, ης, ἡ	Libya, Africa	Libya, Africa (in the modern sense).
G3034	λιθάζω	I stone	I stone, pelt with stones.
G3035	λίθινος, η, ον	made of stone	made of stone.
G3036	λιθοβολέω	I stone, cast stones at	I stone, cast stones (at), kill by stoning.
G3037	λίθος, ου, ὁ	a stone	a stone; met: of Jesus as the chief stone in a building.
G3038	λιθόστρωτον, ου, τό	a mosaic pavement	(adj: paved with stone), a mosaic pavement.
G3039	λικμάω	I crush to powder	I crush to powder, scatter like chaff.
G3040	λιμήν, ένος, ὁ	a harbor, port	a harbor, port, haven.
G3041	λίμνη, ης, ἡ	a lake	a lake.
G3042	λιμός, οῦ, ὁ, ἡ	a famine, hunger	a famine, hunger.
G3043	λίνον, ου, τό	flax, linen	flax, linen.
G3044	Λῖνος, ου, ὁ	Linus	Linus, a Christian in Rome.
G3045	λιπαρός, ά, όν	rich, sumptuous	(lit: fat), rich, sumptuous.
G3046	λίτρα, ας, ἡ	a Roman pound	a Roman pound, of about twelve ounces.
G3047	λίψ, λιβός, ὁ	the south-west wind	the south-west wind, and thus the quarter from which it comes.
G3048	λογία, ας, ἡ	a collection, collecting	a collection, collecting (of money), particularly of an irregular local contribution for religious purposes.
G3049	λογίζομαι	I reckon, count, decide	I reckon, count, charge with; reason, decide, conclude; think, suppose.
G3050	λογικός, ή, όν	reasonable, rational, metaphorical	(a) reasonable, rational, (b) metaphorical, as contrasted with the literal.
G3051	λόγιον, ου, τό	divine communication	plur: oracles, divine responses or utterances (it can include the entire Old Testament).
G3052	λόγιος, α, ον	eloquent	eloquent, gifted with learning.
G3053	λογισμός, οῦ, ὁ	reasoning, thinking	reasoning, thinking; a conception, device.
G3054	λογομαχέω	I contend about words	I contend about words.
G3055	λογομαχία, ας, ἡ	contention about words	contention about words, an unprofitable controversy.
G3056	λόγος, ου, ὁ	a word, speech, divine utterance, analogy	a word, speech, divine utterance, analogy.
G3057	λόγχη, ης, ἡ	a lance, spear	a lance, spear.
G3058	λοιδορέω	I revile, abuse	I revile a person to his face, abuse insultingly.
G3059	λοιδορία, ας, ἡ	reviling, abuse	reviling, abuse.
G3060	λοίδορος, ου, ὁ	a railer, reviler, abuser	a railer, reviler, abuser.
G3061	λοιμός, οῦ, ὁ	a pestilence	(a) a pestilence, (b) a pestilent fellow.
G3062	λοιπός, ή, όν	left, left behind, the remainder	left, left behind, the remainder, the rest, the others.
G3063	λοιπόν	finally, from now on, henceforth, beyond that	finally, from now on, henceforth, beyond that.
G3064	λοιποῦ	from now on, henceforth, finally	from now on, henceforth, finally.
G3065	Λουκᾶς, ᾶ, ὁ	Lucas, Luke	Lucas, Luke, Christian physician and writer of the Third Gospel and Acts.
G3066	Λούκιος, ου, ὁ	Lucius	Lucius, (a) of Cyrene, an early Christian, in the church of Antioch, by some identified with the evangelist Luke, (b) a Christian with Paul at Corinth, by some identified with (a).
G3067	λουτρόν, οῦ, τό	a bath, washing, baptism	a bath (of water, not the vessel), water for washing, washing.
G3068	λούω	I wash, bathe	(lit. or merely ceremonially), I wash, bathe (the body); mid: of washing, bathing one's self; met: I cleanse from sin.
G3069	Λύδδα, Λύδδης, ἡ	Lydda, Diospolis, Lod	Lydda, Diospolis, Lod (modern Ludd), a city on the way to Joppa within a day's journey of Jerusalem.
G3070	Λυδία, ας, ἡ	Lydia	Lydia, a lady resident of Philippi, native of Thyatira in Lydia (Asia Minor), and engaged in the clothing trade.
G3071	Λυκαονία, ας, ἡ	Lycaonia	Lycaonia, the country of the Lykaones, a district of Asia Minor, comprised within the Roman province Galatia and including the cities of Derbe and Lystra.
G3072	Λυκαονιστί	in the Lycaonian language	in the Lycaonian language.
G3073	Λυκία, ας, ἡ	Lycia	Lycia, a small Roman province on the south coast of Asia Minor.
G3074	λύκος, ου, ὁ	a wolf, jackal	a wolf, of perhaps a jackal; often applied to persons of wolfish proclivities.
G3075	λυμαίνομαι	I ravage, harry, devastate	I outrage, maltreat, corrupt, defile.
G3076	λυπέω	I pain, grieve, vex	I pain, grieve, vex.
G3077	λύπη, ης, ἡ	pain, grief	pain, grief, sorrow, affliction.
G3078	Λυσανίας, ου, ὁ	Lysanias	Lysanias, tetrarch of Abilene.
G3079	Λυσίας, ου, ὁ	Claudius Lysias	Claudius Lysias, a Roman tribune of the soldiers in Jerusalem.
G3080	λύσις, εως, ἡ	dissolution, release	dissolution, release; a loosing, divorce.
G3081	λυσιτελέω	it profits	it is advantageous to, it profits.
G3082	Λύστρα, ας, ἡ, ων, τά	Lystra	Lystra, a Lycaonian city in the southern part of the Roman province Galatia.
G3083	λύτρον, ου, τό	a ransom, an offering of expiation	the purchasing money for manumitting slaves, a ransom, the price of ransoming; especially the sacrifice by which expiation is effected, an offering of expiation.
G3084	λυτρόω	I ransom, liberate, deliver	I release on receipt of ransom; mid: I redeem, release by paying ransom, liberate.
G3085	λύτρωσις, εως, ἡ	liberation, deliverance, release	(in the Old Testament: ransoming from imprisonment for debt, or from slavery, release from national misfortune, etc.), liberation, deliverance, release.
G3086	λυτρωτής, οῦ, ὁ	a redeemer, liberator	a redeemer, liberator, deliverer.
G3087	λυχνία, ας, ἡ	a lamp-stand	a lamp-stand.
G3088	λύχνος, ου, ὁ	a lamp	a lamp.
G3089	λύω	I loose, untie, release, destroy	(a) I loose, untie, release, (b) met: I break, destroy, set at naught, contravene; I break up a meeting, annul.
G3090	Λωΐς, ΐδος, ἡ	Lois	Lois, grandmother of Timothy.
G3091	Λώτ, ὁ	Lot	(Hebrew), Lot, nephew of Abraham.
G3092	Μαάθ, ὁ	Maath	(Hebrew), Maath, an ancestor of Jesus.
G3093	Μαγδαλά, ἡ	Magdala	Magdala, Magadan, a proper name.
G3094	Μαγδαληνή, ῆς, ἡ	Magdalene	Magdalene, a woman of Magdala.
G3095	μαγεία, ας, ἡ	magic	magic.
G3096	μαγεύω	I practice sorcery or magic	I practice sorcery or magic.
G3097	μάγος, ου, ὁ	a sorcerer, magician, wizard	a sorcerer, a magician, a wizard.
G3098	Μαγώγ, ὁ	Magog	(Hebrew), Magog, sometimes as name of a people, sometimes as name of a country in the Old Testament, probably the Scythians; hence: used in apocalyptic literature.
G3099	Μαδιάμ, ἡ	Midian	(Hebrew), Midian, generally taken to mean or to include the peninsula of Sinai.
G3100	μαθητεύω	I make disciples, make into disciples	I make a disciple of, train in discipleship; pass: I am trained, discipled, instructed.
G3101	μαθητής, οῦ, ὁ	a learner, disciple, pupil	a learner, disciple, pupil.
G3102	μαθήτρια, ας, ἡ	a female disciple	a female disciple, female Christian.
G3103	Μαθουσάλα, ὁ	Methuselah	(Hebrew) Methuselah, son of Enoch and father of Lamech.
G3104	Μαϊνάν, ὁ	Menna, Mainan	Menna, Mainan, a proper name.
G3105	μαίνομαι	I am raving mad	I am raving mad, speak as a madman.
G3106	μακαρίζω	I deem happy	I bless, pronounce blessed or happy.
G3107	μακάριος, α, ον	happy, blessed	happy, blessed, to be envied.
G3108	μακαρισμός, οῦ, ὁ	regarding as happy, blessed, or enviable	regarding as happy, blessed, or enviable.
G3109	Μακεδονία, ας, ἡ	Macedonia	(Hebrew), Macedonia, a Roman province north of Achaia (Greece).
G3110	Μακεδών, όνος, ὁ	a Macedonian	a Macedonian, an inhabitant of the Roman province Macedonia.
G3111	μάκελλον, ου, τό	a meat-market	a meat-market, marketplace.
G3112	μακράν	far away	at a distance, far away, remote, alien.
G3113	μακρόθεν	from a distance	from a (long) distance, afar.
G3114	μακροθυμέω	I suffer long, have patience, am forbearing	I suffer long, have patience, am forbearing, perseverance.
G3115	μακροθυμία, ας, ἡ	patience, forbearance	patience, forbearance, longsuffering.
G3116	μακροθύμως	patiently	with longsuffering, patiently.
G3117	μακρός, ά, όν	long, distant	long, distant, far; of long duration.
G3118	μακροχρόνιος, ον	long-lived	long-timed, long-lived.
G3119	μαλακία, ας, ἡ	weakness, illness	weakness, illness, sickness.
G3120	μαλακός, ή, όν	soft, effeminate	(a) soft, (b) of persons: soft, delicate, effeminate.
G3121	Μαλελεήλ, ὁ	Mahalaleel, Maleleel	Mahalaleel or Maleleel, one of the ancestors of Jesus.
G3122	μάλιστα	most of all, especially	most of all, especially.
G3123	μᾶλλον	more, rather	more, rather.
G3124	Μάλχος, ου, ὁ	Malchus	Malchus, a servant of the high-priest at Jerusalem.
G3125	μάμμη, ης, ἡ	a grandmother	a grandmother.
G3126	μαμωνᾶς, ᾶ, ὁ	riches, money, possessions	(Aramaic), riches, money, possessions, property.
G3127	Μαναήν, ὁ	Manaen	(Graecized form of Aramaic Menahem), Manaen, probably a member of Herod Antipas' court.
G3128	Μανασσῆς, ῆ, ὁ	Manasseh	(Hebrew), Manasseh, (a) son of Joseph, founder of a tribe of Israel, (b) son of Hezekiah and father of Amon (Amos).
G3129	μανθάνω	I learn, ascertain	I learn; with adj. or nouns: I learn to be so and so; with acc. of person who is the object of knowledge; aor. sometimes: to ascertain.
G3130	μανία, ας, ἡ	raving madness	raving madness, frenzy, insanity.
G3131	μάννα, τό	manna	(Hebrew), manna, the supernatural food eaten by the Israelites in the desert: of spiritual food.
G3132	μαντεύομαι	I practice soothsaying	I divine, practice soothsaying, suggesting the fraud involved in the practice.
G3133	μαραίνω	I die, wither	pass: I die, wither (like the grass).
G3134	μαρὰν ἀθά	our Lord cometh	(Aramaic), either: Our Lord hath come, or: Our Lord cometh (will come, is at hand).
G3135	μαργαρίτης, ου, ὁ	a pearl	a pearl.
G3136	Μάρθα, ας, ἡ	Martha	Martha, sister of Mary and Lazarus of Bethany.
G3137	Μαρία, ας, ἡ	Mary, Miriam	Mary, Miriam, (a) the mother of Jesus, (b) of Magdala, (c) sister of Martha and Lazarus, (d) wife of Cleopas, (e) mother of John Mark, (f) a Christian woman in Rome.
G3138	Μάρκος, ου, ὁ	Mark	Mark, who also had the Hebrew name John, son of Mary, nephew of Barnabas, coadjutor of Barnabas, Paul, and Peter.
G3139	μάρμαρος, ου, ὁ, ἡ	marble	marble.
G3140	μαρτυρέω	I witness, testify	I witness, bear witness, give evidence, testify, give a good report.
G3141	μαρτυρία, ας, ἡ	witness, evidence, testimony	witness, evidence, testimony, reputation.
G3142	μαρτύριον, ου, τό	witness, evidence, testimony	witness, evidence, testimony, proof.
G3143	μαρτύρομαι	I call to witness, testify, solemnly charge	(properly: I call (summon) to witness, and then absolutely) I testify, protest, asseverate; I conjure, solemnly charge.
G3144	μάρτυς, υρος, ὁ	a witness	a witness; an eye- or ear-witness.
G3145	μασσάομαι	I bite, gnaw	I bite, gnaw, chew.
G3146	μαστιγόω	I flog, scourge	I flog, scourge, the victim being strapped to a pole or frame; met: I chastise.
G3147	μαστίζω	I flog, scourge	I flog, scourge, whip.
G3148	μάστιξ, ιγος, ἡ	a scourge, lash, sufferings	(a) a scourge, lash, of leathern thongs with pieces of metal sewn up in them, (b) met: severe pains (sufferings), disease.
G3149	μαστός, οῦ, ὁ	a breast, pap	the breast, pap.
G3150	ματαιολογία, ας, ἡ	foolish talking	vain speaking, foolish talking.
G3151	ματαιολόγος, ου, ὁ	a vain, empty talker	a vain, empty talker.
G3152	μάταιος, αία, αιον	vain, unproductive, godless	vain, unreal, ineffectual, unproductive; practically: godless.
G3153	ματαιότης, τητος, ἡ	vanity, purposelessness	vanity, emptiness, unreality, purposelessness, ineffectiveness, instability, frailty; false religion.
G3154	ματαιόω	I become vain	I become vain or foolish, am perverted.
G3155	μάτην	in vain	in vain, in an unreal way, to no purpose.
G3156	Ματθαῖος, ου, ὁ	Matthew	Matthew.
G3157	Ματθάν, ὁ	Matthan	Matthan.
G3158	Ματθάτ, ὁ	Matthat	Matthat, an ancestor of Jesus.
G3159	Ματθίας, α, ὁ	Matthias	Matthias.
G3160	Ματταθά, ὁ	Mattatha	Mattatha.
G3161	Ματταθίας, ου, ὁ	Mattathias	Mattathias, an ancestor of Jesus.
G3162	μάχαιρα, ας, ἡ	a sword	a sword.
G3163	μάχη, ης, ἡ	strife, contention, quarrel	(earlier: a battle, conflict, hence) in the sphere of words, etc: strife, contention, quarrel.
G3164	μάχομαι	I engage in battle, fight, strive	I engage in battle, fight; hence: I strive, contend, dispute.
G3166	μεγαλαυχέω	I boast, am arrogant, vaunt	I boast, am arrogant, vaunt.
G3167	μεγαλεῖος, εία, εῖον	grand, magnificent	grand, magnificent, splendid.
G3168	μεγαλειότης, τητος, ἡ	majesty	(divine) majesty or magnificence, glory.
G3169	μεγαλοπρεπής, ές	magnificent, superb, transcendent	magnificent, superb, transcendent, majestic.
G3170	μεγαλύνω	I enlarge, magnify, extol	(a) I enlarge, lengthen, (b) I increase, magnify, extol.
G3171	μεγάλως	greatly	greatly, very much, vehemently.
G3172	μεγαλωσύνη, ης, ἡ	majesty	(divine) majesty, greatness.
G3173	μέγας, μεγάλη, μέγα	large, great	large, great, in the widest sense.
G3174	μέγεθος, ους, τό	greatness, vastness	greatness, vastness.
G3175	μεγιστάν, ᾶνος, ὁ	a great one, a lord	a great one, a lord; a courtier, satrap, nobleman.
G3177	μεθερμηνεύω	I translate, interpret	I translate (from one language into another), interpret.
G3178	μέθη, ης, ἡ	drunkenness	deep drinking, drunkenness.
G3179	μεθίστημι	I move out of its place, transfer	I cause to change its place, move out of its place; I translate, transfer, remove.
G3180	μεθοδεία, ας, ἡ	scheming, craftiness	(a way of search after something, an inquiry; a method), scheming, craftiness, deceit.
G3181	μεθόριον, ου, τό	confine, border	confine, border, boundary.
G3182	μεθύσκω	I make drunk	I make drunk; pass: I become drunk.
G3183	μέθυσος, ου, ὁ	a drunkard	a drunkard.
G3184	μεθύω	I am drunk	I am intoxicated with wine, am drunk.
G3185	μεῖζον	greater, greatest	greater, greatest.
G3186	μειζότερος, α, ον	greater	greater.
G3187	μείζων	greater, greatest	greater, greatest.
G3188	μέλαν, ανος, τό	ink	ink.
G3189	μέλας, αινα, αν	black	black.
G3190	Μελεᾶς, ᾶ, ὁ	Melea	Melea, one of the ancestors of Jesus.
G3191	μελετάω	I devise, plan	I devise, plan; practice, exercise myself in, study, ponder.
G3192	μέλι, ιτος, τό	honey	honey.
G3193	μελίσσιος, α, ον	coming from bees	belonging to bees, coming from bees.
G3194	Μελίτη, ης, ἡ	Melita, Malta	Melita, now Malta.
G3195	μέλλω	I am about to	I intend, am about to; I delay, linger.
G3196	μέλος, ους, τό	a limb, member	a bodily organ, limb, member.
G3197	Μελχί, ὁ	Melchi	Melchi, one of the ancestors of Jesus.
G3198	Μελχισεδέκ, ὁ	Melchizedek	Melchizedek, king and priest of Salem.
G3199	μέλει	it is a care, it concerns	it is a care, it is an object of anxiety, it concerns.
G3200	μεμβράνα, ης, ἡ	a parchment leaf	a parchment leaf, perhaps for notes.
G3201	μέμφομαι	I blame, censure	I blame, censure, find fault.
G3202	μεμψίμοιρος, ον	discontented, complaining	blaming one's lot or destiny, discontented, complaining.
G3303	μέν	truly, indeed	an untranslatable particle, generally answered by "de", each of the two introducing a clause intended to be contrasted with the other.
G3304	μενοῦνγε	nay rather	nay rather; indeed, truly, really.
G3305	μέντοι	indeed, yet, however	(a) indeed, really, (b) yet, however, nevertheless.
G3306	μένω	I remain, abide	I remain, abide, stay, wait; with acc: I wait for, await.
G3307	μερίζω	I divide, part, share	I divide into parts, divide, part, share, distribute; mid: I share, take part in a partitioning; I distract.
G3308	μέριμνα, ης, ἡ	care, worry, anxiety	care, worry, anxiety.
G3309	μεριμνάω	I am anxious, distracted	I am over-anxious; with acc: I am anxious about, distracted; I care for.
G3310	μερίς, ίδος, ἡ	a part, portion	(a) a part, division of a country, (b) a share, portion.
G3311	μερισμός, οῦ, ὁ	a distribution, separation	(a) a distributing, a distribution, (b) a parting, dividing, severance, separation.
G3312	μεριστής, οῦ, ὁ	a divider, distributor	a divider, partitioner, distributor.
G3313	μέρος, ους, τό	a part, portion	a part, portion, share.
G3314	μεσημβρία, ας, ἡ	the South	(lit: midday, hence, the position of the sun at midday), the South.
G3315	μεσιτεύω	I mediate, interpose	I mediate, interpose, give bail.
G3316	μεσίτης, ου, ὁ	a mediator, go-between	(a) a mediator, intermediary, (b) a go-between, arbiter, agent of something good.
G3317	μεσονύκτιον, ου, τό	midnight	midnight, the middle of the period between sunset and sunrise.
G3318	Μεσοποταμία, ας, ἡ	Mesopotamia	Mesopotamia, the Country between the (two) Rivers, i.e. the Euphrates and the Tigris.
G3319	μέσος, η, ον	middle, in the middle	middle, in the middle, between, in the midst of.
G3320	μεσότοιχον, ου, τό	a middle wall, partition wall	a middle wall, partition wall, barrier.
G3321	μεσουράνημα, ατος, τό	the middle of heaven	mid-heaven, the middle of heaven, the zenith.
G3322	μεσόω	I am in the middle	I am in the middle, am advanced midway.
G3323	Μεσσίας, ου, ὁ	Messiah	Messiah, the Anointed One.
G3324	μεστός, ή, όν	full	full, filled with.
G3325	μεστόω	I fill	I fill.
G3326	μετά	with, after	(a) gen: with, in company with, (b) acc: (1) behind, beyond, after, of place, (2) after, of time, with nouns, neut. of adjectives.
G3327	μεταβαίνω	I leave, depart, remove, pass over	I change my place (abode), leave, depart, remove, pass over.
G3328	μεταβάλλω	I change, change my mind	I change; mid: I change my mind.
G3329	μετάγω	I turn about, change the position of	(usually: transfer, transport, and met: to a better mind), I turn about, change the position of; pass: I am brought back.
G3330	μεταδίδωμι	I share, impart	(lit: I offer by way of change, offer so that a change of owner is produced), I share; sometimes merely: I impart, bestow.
G3331	μετάθεσις, εως, ἡ	change, transformation, removal	(a) change, transformation, (b) removal.
G3332	μεταίρω	I change my position, depart, remove	I change my position, depart, remove.
G3333	μετακαλέω	I send for	mid: I summon to myself, send for.
G3334	μετακινέω	I move away, dislodge	trans: I move away, dislodge, remove.
G3335	μεταλαμβάνω	I share in, partake of	(a) with gen: I take a share (part) of, share in, partake of, (b) with acc: I take after (later) or take instead.
G3336	μετάληψις, εως, ἡ	participation, sharing in	participation, sharing in, receiving.
G3337	μεταλλάσσω	I change, transform, alter	I change, transform, alter, exchange.
G3338	μεταμέλομαι	I change my mind	(lit: I change one care or interest for another), I change my mind (generally for the better), repent, regret.
G3339	μεταμορφόω	I change the form, transform	I transform, transfigure.
G3340	μετανοέω	I repent, change my mind	I repent, change my mind, change the inner man (particularly with reference to acceptance of the will of God), repent.
G3341	μετάνοια, ας, ἡ	repentance, a change of mind	repentance, a change of mind, change in the inner man.
G3342	μεταξύ	meanwhile, afterwards, between	meanwhile, afterwards, between.
G3343	μεταπέμπω	I send for, summon	I send for, summon.
G3344	μεταστρέφω	I turn, change, corrupt, pervert	I turn, change, corrupt, pervert.
G3345	μετασχηματίζω	I change the outward appearance, transfigure, adapt	I change the outward appearance (the dress, the form of presentment) of something, transfigure; I adapt.
G3346	μετατίθημι	I transfer, desert, change	(a) I transfer, mid: I go over to another party, desert, (b) I change.
G3347	μετέπειτα	afterwards	afterwards.
G3348	μετέχω	I participate in, share	I have a share of, participate in, share, partake of, am a member of.
G3349	μετεωρίζομαι	I am anxious	I am suspended, anxious.
G3350	μετοικεσία, ας, ἡ	change of abode, migration, deportation	change of abode, migration, deportation.
G3351	μετοικίζω	I transport, cause to migrate	I transport, cause to migrate, remove.
G3352	μετοχή, ῆς, ἡ	sharing, partnership, fellowship	sharing, partnership, fellowship.
G3353	μέτοχος, ου, ὁ	a sharer, partner	a sharer, partner, associate.
G3354	μετρέω	I measure, estimate	I measure (out), estimate.
G3355	μετρητής, οῦ, ὁ	a measure, amphora	a measure, amphora, about 39.39 liters or 8.75 gallons.
G3356	μετριοπαθέω	I bear gently with, have compassion	I bear gently with, have compassion.
G3357	μετρίως	moderately, greatly	moderately, greatly, exceedingly.
G3358	μέτρον, ου, τό	a measure, measuring rod	a measure, whether lineal or cubic; a measuring rod.
G3359	μέτωπον, ου, τό	the forehead	the forehead, front.
G3360	μέχρι	as far as, until	as far as, until, even to.
G3361	μή	not, lest	not, lest.
G3365	μηδαμῶς	by no means, not at all	by no means, not at all.
G3366	μηδέ	and not, not even	and not, not even, neither...nor.
G3367	μηδείς, μηδεμία, μηδέν	no one, nothing	no one, none, nothing.
G3368	μηδέποτε	not at any time, never	not at any time, never.
G3369	μηδέπω	not yet	not yet.
G3370	Μῆδος, ου, ὁ	a Mede	a Mede, a Median, from east of Assyria.
G3371	μηκέτι	no longer	no longer, no more.
G3372	μῆκος, ους, τό	length	length.
G3373	μηκύνω	I lengthen	I lengthen, extend, grow.
G3374	μηλωτή, ῆς, ἡ	a sheepskin	a sheep's (sometimes pig's) hide, sheepskin.
G3375	μήν	certainly	assuredly, certainly.
G3376	μήν, μηνός, ὁ	a month	a (lunar) month.
G3377	μηνύω	I reveal, inform	(a) I reveal, make known (in a law court), I lay information, inform, (b) I make known, point out.
G3379	μήποτε	lest at any time, lest, perhaps	lest at any time, lest; then weakened: whether perhaps, whether at all; in a principal clause: perhaps.
G3380	μήπω	not yet	not yet.
G3381	μήπως	lest in any way, lest perhaps	lest in any way, lest perhaps.
G3382	μηρός, οῦ, ὁ	the thigh	the thigh.
G3383	μήτε	nor, neither, not even	nor, neither, not even, neither...nor.
G3384	μήτηρ, μητρός, ἡ	a mother	a mother.
G3385	μήτι	if not, unless	if not, unless, whether at all.
G3388	μήτρα, ας, ἡ	the womb	the womb.
G3389	μητραλῴας, ου, ὁ	a matricide	a matricide, smiter of his mother.
G3392	μιαίνω	I stain, pollute, defile	I stain, pollute, defile, corrupt.
G3393	μίασμα, ατος, τό	pollution, defilement	pollution, defilement; a stain.
G3394	μιασμός, οῦ, ὁ	the act of pollution, defilement	the act of pollution, defilement.
G3395	μίγμα, ατος, τό	a mixture	a mixture.
G3396	μίγνυμι	I mix, mingle	I mix, mingle.
G3397	μικρόν, ου, τό	a little, little while	a little, little while.
G3398	μικρός, ά, όν	little, small	little, small.
G3399	Μίλητος, ου, ἡ	Miletus	Miletus, a city on the coast of the Roman province Asia.
G3400	μίλιον, ου, τό	a Roman mile	a Roman mile, measuring 1478.5 meters or 5820.9 feet.
G3401	μιμέομαι	I imitate	I imitate, follow.
G3402	μιμητής, οῦ, ὁ	an imitator	an imitator, follower.
G3403	μιμνήσκομαι	I remember, recall	I remember, call to mind, recall, mention.
G3404	μισέω	I hate, detest	I hate, detest, love less, esteem less.
G3405	μισθαποδοσία, ας, ἡ	reward, due punishment	(lit: repayment of price or payment of price due), reward, due punishment.
G3406	μισθαποδότης, ου, ὁ	a rewarder	a rewarder.
G3407	μίσθιος, ου, ὁ	a paid worker	a paid worker, hired servant, hireling (contrasted with a slave).
G3408	μισθός, οῦ, ὁ	wages, reward	(a) pay, wages, salary, (b) reward, recompense, punishment.
G3409	μισθόω	I hire out, hire, engage	I hire out, mid: I hire, engage.
G3410	μίσθωμα, ατος, τό	a rented house	a rented house, hired dwelling.
G3411	μισθωτός, οῦ, ὁ	a hired servant	a hired servant, hireling.
G3412	Μιτυλήνη, ης, ἡ	Mitylene	Mitylene, the capital of the island of Lesbos in the northern Aegean sea.
G3413	Μιχαήλ, ὁ	Michael	Michael, an archangel.
G3414	μνᾶ, ᾶς, ἡ	a mina	a mina, a Greek monetary unit equal to 100 drachma.
G3415	μνάομαι	I remember, recollect	I remember, recollect.
G3416	Μνάσων, ωνος, ὁ	Mnason	Mnason, an early Christian, native of Cyprus, resident at a place between Caesarea and Jerusalem.
G3417	μνεία, ας, ἡ	remembrance, recollection	remembrance, recollection, mention; commemoration.
G3418	μνῆμα, ατος, τό	a tomb, monument	a tomb, monument, memorial.
G3419	μνημεῖον, ου, τό	a tomb, sepulcher	a tomb, sepulcher, monument.
G3420	μνήμη, ης, ἡ	memory, remembrance, mention	memory, remembrance, mention.
G3421	μνημονεύω	I remember, make mention of	I remember, hold in remembrance, make mention of.
G3422	μνημόσυνον, ου, τό	reminder, memorial, remembrance offering	reminder, memorial; a remembrance offering.
G3423	μνηστεύω	I ask in marriage	I ask in marriage; pass: I am betrothed.
G3424	μογγιλάλος, ου, ὁ	one speaking with difficulty, a stammerer	one speaking with difficulty, a stammerer.
G3425	μόγις	with difficulty, scarcely, hardly	with difficulty; scarcely, hardly.
G3426	μόδιος, ου, ὁ	a dry measure, nearly two English gallons	a dry measure, nearly two English gallons.
G3428	μοιχαλίς, ίδος, ἡ	an adulteress	(a) an adulteress (that is, a married woman who commits adultery), (b) Hebraistically: extended to those who worship any other than the true God.
G3429	μοιχάομαι	I commit adultery	I commit adultery, not only of a married woman but of a married man.
G3430	μοιχεία, ας, ἡ	adultery	adultery.
G3431	μοιχεύω	I commit adultery	I commit adultery (of a man with a married woman, but also of a married man).
G3432	μοιχός, οῦ, ὁ	an adulterer	an adulterer, that is, a man who is guilty with a married woman.
G3433	μόλις	with difficulty, hardly	with difficulty, hardly, scarcely.
G3434	Μολόχ, ὁ	Moloch	Moloch, a god worshipped by several Semitic peoples.
G3435	μολύνω	I soil, stain, pollute, defile	I soil, stain, pollute, defile, lit. and met.
G3436	μολυσμός, οῦ, ὁ	staining, defilement, pollution	staining, defilement, pollution.
G3437	μομφή, ῆς, ἡ	a complaint, fault	a complaint, fault, blame.
G3438	μονή, ῆς, ἡ	lodging, dwelling-place, room	lodging, dwelling-place, room, abode, mansion.
G3439	μονογενής, ές	only, only-begotten, unique	only, only-begotten; unique.
G3440	μόνον	alone, but, only	alone, but, only.
G3441	μόνος, η, ον	only, solitary, desolate	only, solitary, desolate.
G3442	μονόφθαλμος, ον	one-eyed	one-eyed, with one eye only.
G3443	μονόω	I leave alone	I leave alone (solitary), forsake.
G3444	μορφή, ῆς, ἡ	form, shape, outward appearance	form, shape, outward appearance.
G3445	μορφόω	I form, fashion, shape	I form, fashion, shape, mold.
G3446	μόρφωσις, εως, ἡ	form, outline	form, outline, semblance.
G3447	μοσχοποιέω	I make a model of a calf	I make an image of a calf.
G3448	μόσχος, ου, ὁ, ἡ	a calf	a calf, heifer, young bull.
G3449	μόχθος, ου, ὁ	wearisome labor, toil, hardship	wearisome labor, toil, hardship.
G3451	μουσικός, ή, όν	skilled in music, a musician	skilled in music; subst: a musician, singer.
G3452	μυελός, οῦ, ὁ	marrow	marrow.
G3453	μυέω	I initiate, instruct	I initiate, instruct; pass: I am disciplined, learn (a lesson).
G3454	μῦθος, ου, ὁ	an idle tale, fable	an idle tale, fable, fanciful story.
G3455	μυκάομαι	I bellow, roar	I bellow, roar.
G3456	μυκτηρίζω	I sneer at, disdain	(properly: I turn up the nose as a sign of contempt), I sneer at, disdain.
G3457	μυλικός, ή, όν	belonging to a mill	belonging to a mill.
G3458	μύλος, ου, ὁ	a millstone	a millstone, mill.
G3459	μυλών, ῶνος, ὁ	a mill-house	a mill-house, the place where grain was ground.
G3460	Μύρα, ων, τά	Myra	Myra, a port in Lycia, south-west Asia Minor.
G3461	μυριάς, άδος, ἡ	a myriad, ten thousand	a myriad, group of ten thousand, a ten thousand.
G3462	μυρίζω	I anoint	I anoint.
G3463	μυρίοι, ίαι, ία	ten thousand, innumerable	ten thousand; also used for a very large number, innumerable.
G3464	μύρον, ου, τό	anointing-oil, ointment	anointing-oil, ointment.
G3465	Μυσία, ας, ἡ	Mysia	Mysia, a country in the north-west of the Roman province Asia (and of Asia Minor).
G3466	μυστήριον, ου, τό	anything hidden, a mystery	a mystery, secret, of which initiation is necessary; in the NT: the counsels of God, once hidden but now revealed in the Gospel or some fact thereof; the Christian revelation generally; particular truths or details of the Christian revelation.
G3467	μυωπάζω	I blink, see dimly	I am short-sighted, blink, see dimly.
G3468	μώλωψ, ωπος, ὁ	a bruise, stripe	a bruise, stripe, left on the body by scourging.
G3469	μωμάομαι	I blame, slander	I blame, find fault with, slander.
G3470	μῶμος, ου, ὁ	a blemish, disgrace	a blemish, disgrace; blame.
G3471	μωραίνω	I make foolish, taint, make useless	(a) I make foolish, turn to foolishness, (b) I taint, and thus: I am tasteless, make useless.
G3472	μωρία, ας, ἡ	folly, absurdity	folly, absurdity, foolishness.
G3473	μωρολογία, ας, ἡ	foolish talking	foolish talking.
G3474	μωρός, ά, όν	stupid, foolish	(a) adj: stupid, foolish, (b) noun: a fool.
G3475	Μωσῆς, έως, ὁ	Moses	Moses; met: the books of Moses, the Pentateuch.
G3476	Ναασσών, ὁ	Nahshon	Nahshon, son of Amminadab and father of Salmon, and one of the ancestors of Jesus.
G3477	Ναγγαί, ὁ	Naggai	Naggai, one of the ancestors of Jesus.
G3478	Ναζαρέτ, ἡ	Nazareth	Nazareth, a city of Galilee, where Jesus lived before His ministry.
G3479	Ναζαρηνός, ή, όν	of Nazareth	of Nazareth, a Nazarene.
G3480	Ναζωραῖος, ου, ὁ	Nazarene	a Nazarene, an inhabitant of Nazareth.
G3481	Ναθάν, ὁ	Nathan	Nathan, son of David, and an ancestor of Jesus.
G3482	Ναθαναήλ, ὁ	Nathanael	Nathanael, of Cana in Galilee, an early disciple, probably to be identified with Bartholomew.
G3483	ναί	yes, certainly, even so	yes, certainly, even so.
G3484	Ναΐν, ἡ	Nain	Nain, a city south-west of the Sea of Galilee.
G3485	ναός, οῦ, ὁ	a temple, shrine	a temple, a shrine, that part of the temple where God himself resides.
G3486	Ναούμ, ὁ	Nahum	Nahum, an ancestor of Jesus.
G3487	νάρδος, ου, ἡ	spikenard, a perfume	spikenard, a perfume made originally from a plant growing on the Himalayas.
G3488	Νάρκισσος, ου, ὁ	Narcissus	Narcissus, a resident of Rome.
G3489	ναυαγέω	I am shipwrecked, ruined	(a) I am shipwrecked; so (b) fig: I come to ruin.
G3490	ναύκληρος, ου, ὁ	a master of a ship	a captain (master) of a ship, ship-owner.
G3491	ναῦς, νεώς, ἡ	a ship, vessel	a ship, vessel.
G3492	ναύτης, ου, ὁ	a sailor	a sailor, seaman.
G3493	Ναχώρ, ὁ	Nahor	Nahor, one of the ancestors of Jesus.
G3494	νεανίας, ου, ὁ	a young man, youth	a young man, youth; a man in his prime (used even of a man of 40).
G3495	νεανίσκος, ου, ὁ	a young man	a young man, youth, an attendant.
G3496	Νεάπολις, εως, ἡ	Neapolis	Neapolis, a city of Thrace.
G3497	Νεεμάν, ὁ	Naaman	Naaman.
G3498	νεκρός, ά, όν	dead, a corpse	(a) adj: dead, lifeless, subject to death, mortal, (b) noun: a dead body, a corpse.
G3499	νεκρόω	I put to death, render weak	lit. and met: I put to death, make as dead; I render weak, impotent.
G3500	νέκρωσις, εως, ἡ	putting to death, lifeless condition	(a) putting to death, (b) dead or lifeless condition.
G3501	νέος, α, ον	young, new, fresh	(a) young, youthful, (b) new, fresh.
G3502	νεοσσός, οῦ, ὁ	a young bird, young one	a young bird, nestling; a young one.
G3503	νεότης, τητος, ἡ	youth, youthfulness	youth, youthfulness.
G3504	νεόφυτος, ον	newly-planted, recent convert	(lit: newly-planted), newly converted to Christianity, recent convert.
G3506	νεύω	I nod, make a sign	I nod, make a sign, beckon.
G3507	νεφέλη, ης, ἡ	a cloud	a cloud.
G3508	Νεφθαλείμ, ὁ	Naphtali	Naphtali, son of Jacob, founder of a tribe which occupied territory.
G3509	νέφος, ους, τό	a cloud, multitude, great company	a cloud; met: a dense crowd, a multitude, great company.
G3510	νεφρός, οῦ, ὁ	a kidney as a general emotional center	a kidney (as a general emotional center), the reins.
G3511	νεωκόρος, ου, ὁ, ἡ	temple-warden	(lit: temple-sweeper), temple-warden; an honorary title.
G3512	νεωτερικός, ή, όν	youthful, juvenile	associated with youth, youthful, juvenile.
G3513	νή	swearing by	of affirmative swearing: by, with acc. of person or thing sworn by.
G3514	νήθω	I spin	I spin.
G3515	νηπιάζω	I am childish, infantile	I am childlike, childish, infantile.
G3516	νήπιος, α, ον	an infant, child, unlearned	unlearned, unenlightened; noun: an infant, child.
G3517	Νηρεύς, έως, ὁ	Nereus	Nereus, a Christian in Rome.
G3518	Νηρί, ὁ	Neri	Neri, an ancestor of Jesus.
G3519	νησίον, ου, τό	a little island	a little island, an islet.
G3520	νῆσος, ου, ἡ	an island	an island.
G3521	νηστεία, ας, ἡ	fasting, the day of atonement	fasting, the day of atonement.
G3522	νηστεύω	I fast	I fast, abstain from food.
G3523	νῆστις, ιος, ὁ, ἡ	fasting, without food	fasting, not eating.
G3524	νηφαλέος, α, ον	sober, temperate	sober, not intoxicated (with wine), temperate, vigilant.
G3525	νήφω	I am calm, vigilant, sober	(lit: I am sober), I am calm (vigilant), circumspect.
G3526	Νίγερ, ὁ	Niger	Niger, a proper name.
G3527	Νικάνωρ, ορος, ὁ	Nicanor	Nicanor, a proper name.
G3528	νικάω	I conquer, overcome	I conquer, am victorious, overcome, prevail, subdue.
G3529	νίκη, ης, ἡ	victory	victory, a victorious principle.
G3530	Νικόδημος, ου, ὁ	Nicodemus	Nicodemus, a member of the Sanhedrin.
G3531	Νικολαΐτης, ου, ὁ	a Nicolaitan	a Nicolaitan, possibly a follower of Nicolaus (a heretic at Ephesus).
G3532	Νικόλαος, ου, ὁ	Nicolaus	Nicolaus, a proper name.
G3533	Νικόπολις, εως, ἡ	Nicopolis	Nicopolis, a city of Macedonia.
G3534	νῖκος, ους, τό	victory	victory.
G3535	Νινευΐ, ἡ	Nineveh	Nineveh, a city on the Tigris in Assyria.
G3536	Νινευίτης, ου, ὁ	a Ninevite	a Ninevite, an inhabitant of Nineveh, a city on the Tigris in Assyria.
G3537	νιπτήρ, ῆρος, ὁ	a basin	a basin for washing hands or feet.
G3538	νίπτω	I wash	I wash; mid. I wash my own (hands, etc.).
G3539	νοέω	I understand, consider	I understand, think, consider, conceive, apprehend; aor. possibly: realize.
G3540	νόημα, ατος, τό	a thought, design, the mind	a thought, purpose, design; the mind; the heart, soul, feelings.
G3541	νόθος, η, ον	illegitimate, bastard	illegitimate, base-born.
G3542	νομή, ῆς, ἡ	pasturage, growth	(a) pasture, pasturage, (b) met: growth, increase.
G3543	νομίζω	I think, suppose	I practice, hold by custom; I deem, think, consider, suppose.
G3544	νομικός, ή, όν	about law, one learned in the Law	(a) adj: connected with law, about law, (b) noun: a lawyer, one learned in the Law, one learned in the Old Testament.
G3545	νομίμως	lawfully	lawfully, rightfully.
G3546	νόμισμα, ατος, τό	money, coin	money, coin.
G3547	νομοδιδάσκαλος, ου, ὁ	a teacher and interpreter of the Mosaic Law	a teacher and interpreter of the Mosaic Law.
G3548	νομοθεσία, ας, ἡ	lawgiving, legislation	lawgiving, legislation.
G3549	νομοθετέω	I ordain, enact	(a) I ordain, lay down, give the sanction of law to, enact, (b) I base legally, regulate, direct.
G3550	νομοθέτης, ου, ὁ	a law-giver, legislator	a law-giver, legislator.
G3551	νόμος, ου, ὁ	a law, the Mosaic Law	usage, custom, law; in NT: of law in general, plur: of divine laws; of a force or influence impelling to action; of the Mosaic law; meton: of the books which contain the law, the Pentateuch, the Old Testament scriptures in general.
G3552	νοσέω	I am diseased	I am diseased, hence of mental or spiritual disease.
G3553	νόσημα, ατος, τό	a trouble, disease	a trouble, disease, sickness.
G3554	νόσος, ου, ἡ	a disease, malady	a disease, malady, sickness.
G3555	νοσσιά, ᾶς, ἡ	a brood of young birds	a brood of young birds.
G3556	νοσσίον, ου, τό	a nestling, the young of birds	a nestling, the young of birds.
G3557	νοσφίζω	I rob, purloin	I rob; mid: I set apart for myself, appropriate for my own benefit, purloin.
G3558	νότος, ου, ὁ	the south wind, the South	the south wind, the South.
G3559	νουθεσία, ας, ἡ	a warning, admonition	a warning, admonition, counsel.
G3560	νουθετέω	I admonish, warn, counsel	I admonish, warn, counsel, exhort.
G3561	νουμηνία, ας, ἡ	the new moon as a festival	the new moon, first of the month.
G3562	νουνεχῶς	wisely, discreetly	wisely, discreetly, reasonably, sensibly.
G3563	νοῦς, νοός, νοΐ, νοῦν, ὁ	the mind, reasoning faculty	the mind, the reason, the reasoning faculty, intellect.
G3564	Νυμφᾶς, ᾶ, ὁ	Nymphas	Nymphas, a proper name.
G3565	νύμφη, ης, ἡ	a bride, daughter-in-law	(a) a bride, young wife, young woman, (b) a daughter-in-law.
G3566	νυμφίος, ου, ὁ	a bridegroom	a bridegroom.
G3567	νυμφών, ῶνος, ὁ	a bridal chamber	a bridal chamber.
G3568	νῦν	now, already, at present	adv. (a) of time: just now, even now; just at hand, immediately, (b) of logical connection: now then, (c) in commands and appeals: at this instant.
G3570	νυνί	now, already, at present	adv. (a) of time: just now, even now; just at hand, immediately, (b) of logical connection: now then, (c) in commands and appeals: at this instant.
G3571	νύξ, νυκτός, ἡ	the night, night-time	the night, night-time.
G3572	νύσσω	I prick, pierce, stab	I prick, pierce.
G3573	νυστάζω	I nod in sleep, am drowsy, slumber	I nod in sleep, am drowsy, slumber.
G3574	νυχθήμερον, ου, τό	twenty-four hours	a night and day, twenty-four hours.
G3575	Νῶε, ὁ	Noah	(Hebrew) Noah.
G3576	νωθρός, ά, όν	dull, sluggish	blunt, dull, hence spiritually; sluggish, remiss, slack.
G3577	νῶτος, ου, ὁ	the back of men or animals	the back (of men or animals).
G3578	ξενία, ας, ἡ	lodging, hospitality	lodging, hospitality.
G3579	ξενίζω	I entertain a stranger, I startle	(a) I entertain a stranger, (b) I startle, bewilder.
G3580	ξενοδοχέω	I entertain strangers	I entertain strangers, practice hospitality.
G3581	ξένος, η, ον	new, novel, a foreigner	alien, new, novel; noun: a guest, stranger, foreigner.
G3582	ξέστης, ου, ὁ	a Roman measure, pitcher	a Roman measure, a pitcher or cup of any size.
G3583	ξηραίνω	I dry up, parch, ripen	I dry up, parch, am ripened, wither, waste away.
G3584	ξηρός, ά, όν	dry, withered, dry land	dry, withered; noun: dry land.
G3585	ξύλινος, η, ον	wooden	wooden.
G3586	ξύλον, ου, τό	a staff, cross, anything made of wood	anything made of wood, a piece of wood, a club, staff; the trunk of a tree, used to support the cross-bar of a cross in crucifixion.
G3587	ξυράω	I shave	I shave, shear, cut off the hair.
G3588	ὁ, ἡ, τό	the	the, the definite article.
G3589	ὀγδοήκοντα	eighty	eighty.
G3590	ὄγδοος, η, ον	eighth	the eighth, one of eight, with seven others.
G3591	ὄγκος, ου, ὁ	a weight, burden	(properly: bulk, mass, hence) a weight, burden, encumbrance.
G3592	ὅδε, ἥδε, τόδε	this here, this	this here, this, that, he, she, it.
G3593	ὁδεύω	I journey, travel	I journey, travel.
G3594	ὁδηγέω	I lead, guide	I lead, guide; met: I instruct, teach.
G3595	ὁδηγός, οῦ, ὁ	a leader, guide	a leader, guide; met: an instructor, teacher.
G3596	ὁδοιπορέω	I travel, pursue a way	I travel, pursue a way, journey.
G3597	ὁδοιπορία, ας, ἡ	a journey, travel	a journey, journeying, travel.
G3598	ὁδός, οῦ, ἡ	a way, road, journey	a way, road, journey, path.
G3599	ὀδούς, όντος, ὁ	a tooth	a tooth.
G3600	ὀδυνάω	I torment, pain	I torment, pain; mid. and pass: I am tormented, pained; I suffer acute pain, physical or mental.
G3601	ὀδύνη, ης, ἡ	pain, distress	pain, sorrow, distress, of body or mind.
G3602	ὀδυρμός, οῦ, ὁ	lamentation, wailing	lamentation, wailing, mourning, sorrow.
G3604	Ὀζίας, ου, ὁ	Uzziah	Uzziah, son of Joram and father of Jotham, and king of Judah from about 785 to 746 B.C., an ancestor of Jesus.
G3605	ὄζω	I stink, am offensive	I stink, am offensive.
G3606	ὅθεν	whence, wherefore	(a) whence, from which place, (b) wherefore.
G3607	ὀθόνη, ης, ἡ	a linen cloth, sheet	a linen cloth, a sheet, sail.
G3608	ὀθόνιον, ου, τό	a linen bandage	a linen bandage, a wrapping.
G3609	οἰκεῖος, α, ον	of one's family, domestic	of one's family, domestic, intimate.
G3610	οἰκέτης, ου, ὁ	a household servant	a household servant.
G3611	οἰκέω	I inhabit, dwell	I inhabit, dwell, indwell.
G3612	οἴκημα, ατος, τό	a prison	a prison cell.
G3613	οἰκητήριον, ου, τό	a dwelling-place, habitation	a dwelling-place, habitation, abode.
G3614	οἰκία, ας, ἡ	a house, household	a house, household, dwelling; meton: goods, property, means.
G3615	οἰκειακός, ή, όν	one of a family	one of a family, whether child or servant.
G3616	οἰκοδεσποτέω	I manage a household	I manage a household.
G3617	οἰκοδεσπότης, ου, ὁ	a head of a household	a head of a household.
G3618	οἰκοδομέω	I build, build up, edify	I erect a building, build; fig. of the building up of character: I build up, edify, encourage.
G3619	οἰκοδομή, ῆς, ἡ	the act of building, a building, edification	(a) the act of building, (b) a building, (c) met: spiritual advancement, edification.
G3621	οἰκονομέω	I am a steward	I am a steward, manage a household.
G3622	οἰκονομία, ας, ἡ	stewardship	management of household affairs, stewardship, administration.
G3623	οἰκονόμος, ου, ὁ	a steward	a household manager, a steward, guardian.
G3624	οἶκος, ου, ὁ	a house, household	(a) a house, the material building, (b) a household, family, lineage, nation.
G3625	οἰκουμένη, ης, ἡ	the inhabited (Roman) world	(properly: the land that is being inhabited, the land in a state of habitation), the inhabited world, that is, the Roman world, for all outside it was regarded as of no account.
G3626	οὐκουρός, οῦ, ὁ, ἡ	a housekeeper	a keeper-at-home, a housekeeper.
G3627	οἰκτείρω	I pity, have compassion on	I pity, have compassion on.
G3628	οἰκτιρμός, οῦ, ὁ	pity, compassion	pity, compassion, favor, grace, mercy.
G3629	οἰκτίρμων, ον	compassionate, merciful	compassionate, merciful.
G3630	οἰνοπότης, ου, ὁ	an excessive wine-drinker	an excessive wine-drinker.
G3631	οἶνος, ου, ὁ	wine	wine.
G3632	οἰνοφλυγία, ας, ἡ	drunkenness	drunkenness, debauchery.
G3633	οἴμαι	I think, suppose	I think, suppose, expect, imagine.
G3634	οἵος, α, ον	of what kind, such as	of what kind, such as.
G3635	ὀκνέω	I delay, hesitate, am slow	I delay, hesitate, am slow.
G3636	ὀκνηρός, ά, όν	slothful, backward	slothful, backward, hesitating; of things: irksome.
G3637	ὀκταήμερος, ον	belonging to the eighth day	of or belonging to the eighth day, eight days old.
G3638	ὀκτώ	eight	eight.
G3639	ὄλεθρος, ου, ὁ	ruin, doom, destruction	ruin, doom, destruction, death.
G3640	ὀλιγόπιστος, ον	of little faith	of little faith.
G3641	ὀλίγος, η, ον	small, brief, few, soon	(a) especially in plur: few, (b) in sing: small; hence, of time: short, of degree: light, slight, little.
G3642	ὀλιγόψυχος, ον	faint-hearted	faint-hearted, of small courage.
G3643	ὀλιγωρέω	I despise, make light of	I despise, hold in low esteem, make light of.
G3644	ὀλοθρευτής, οῦ, ὁ	a destroyer	a destroyer.
G3645	ὀλοθρεύω	I destroy	I destroy, cause to perish.
G3646	ὁλοκαύτωμα, ατος, τό	a whole burnt offering	a whole burnt offering.
G3647	ὁλοκληρία, ας, ἡ	perfect soundness	perfect soundness, completeness.
G3648	ὁλόκληρος, ον	complete in every part, sound, perfect	complete in every part, sound, perfect, entire.
G3649	ὀλολύζω	I howl, lament loudly	I howl, lament loudly, cry aloud, bewail.
G3650	ὅλος, η, ον	all, the whole, entire	all, the whole, entire, complete.
G3651	ὁλοτελής, ές	perfect, complete	perfect, complete, all.
G3652	Ὀλυμπᾶς, ᾶ, ὁ	Olympas	Olympas, a Christian man in Rome.
G3653	ὄλυνθος, ου, ὁ	an unripe fig	an unripe fig, one which, not ripening in due time, grows through the winter and falls off in the spring.
G3654	ὅλως	wholly, altogether, not at all	wholly, altogether, actually, really; with negative: not at all.
G3655	ὄμβρος, ου, ὁ	a violent rain	a violent rain, a shower.
G3656	ὁμιλέω	I associate with, talk with	I consort with, associate with, commune with; particularly, I talk (converse) with.
G3657	ὁμιλία, ας, ἡ	intercourse, companionship, conversation	intercourse, companionship, conversation, association.
G3659	ὄμμα, ατος, τό	an eye	an eye.
G3660	ὀμνύω	I swear, take an oath	I swear, take an oath, promise with an oath.
G3661	ὁμοθυμαδόν	with one mind, unanimously	with one mind, unanimously, with one accord, at the same time.
G3662	ὁμοιάζω	I am like, resemble	I am like, resemble.
G3663	ὁμοιοπαθής, ές	of like feelings	of like feelings, having similar passions and feelings, of like infirmities.
G3664	ὅμοιος, οία, οιον	like, similar to	like, similar to, resembling, of equal rank.
G3665	ὁμοιότης, τητος, ἡ	likeness, resemblance	likeness, resemblance.
G3666	ὁμοιόω	I make like, liken, compare	I make like, liken; I compare.
G3667	ὁμοίωμα, ατος, τό	a likeness, form, similitude	(originally: a thing made like something else), a likeness, or rather: form; a similitude.
G3668	ὁμοίως	in like manner	in like manner, similarly, in the same way, equally.
G3669	ὁμοίωσις, εως, ἡ	making like, likeness	making like, likeness, resemblance.
G3670	ὁμολογέω	I confess, profess, acknowledge, praise	(a) I promise, agree, (b) I confess, (c) I publicly declare, (d) a Hebraism, I praise, celebrate.
G3671	ὁμολογία, ας, ἡ	a profession, confession	a profession, confession.
G3672	ὁμολογουμένως	admittedly	admittedly, without controversy.
G3673	ὁμότεχνος, ον	of the same trade or craft	of the same trade or craft.
G3674	ὁμοῦ	together	together, at the same place and time.
G3675	ὁμόφρων, ον	of one mind	of one mind (intent, purpose), like-minded.
G3676	ὅμως	yet, nevertheless	yet, nevertheless, even.
G3677	ὄναρ, ατος, τό	a dream	a dream.
G3678	ὀνάριον, ου, τό	a young ass	a young ass.
G3679	ὀνειδίζω	I reproach, revile, upbraid	I reproach, revile, upbraid.
G3680	ὀνειδισμός, οῦ, ὁ	reproach, reviling	reproach, reviling.
G3681	ὄνειδος, ους, τό	reproach, disgrace	reproach, disgrace.
G3682	Ὀνήσιμος, ου, ὁ	Onesimus	(originally adj: useful, hence the play upon words in Philemon 10, 11, and very common as slave name), Onesimus, a slave of Philemon, a Christian of Colossae.
G3683	Ὀνησίφορος, ου, ὁ	Onesiphorus	Onesiphorus, a Christian of the province of Asia.
G3684	ὀνικός, ή, όν	pertaining to an ass	pertaining to an ass.
G3685	ὀνίνημι	I help, profit, have joy of	I profit, benefit, help; mid: I have profit, derive benefit.
G3686	ὄνομα, ατος, τό	name, character, reputation	name, character, fame, reputation.
G3687	ὀνομάζω	I give a name to, mention	I give a name to, mention, call upon the name of.
G3688	ὄνος, ου, ὁ, ἡ	a donkey, an ass	a donkey, an ass.
G3689	ὄντως	really, truly	really, truly, actually.
G3690	ὄξος, ους, τό	vinegar, sour wine	vinegar, sour wine mixed with water, a common drink of Roman soldiers.
G3691	ὀξύς, εῖα, ύ	sharp, swift, eager	(a) sharp, (b) swift, eager.
G3692	ὀπή, ῆς, ἡ	a crevice, cave	a crevice (in a rock), a cave, an opening, hole.
G3693	ὄπισθεν	from behind, after	from behind, after.
G3694	ὀπίσω	behind, after	behind, after; back, backwards.
G3695	ὁπλίζω	I arm, equip	I make ready, arm, equip.
G3696	ὅπλον, ου, τό	an instrument, arms, weapons	an instrument; plur: arms, weapons.
G3697	ὁποῖος, οία, οῖον	of what kind or manner	of what kind or manner, of what sort.
G3698	ὁπότε	when	when.
G3699	ὅπου	where, whither	where, whither, in what place.
G3700	ὀπτάνομαι	I appear, am seen	I appear, am seen (by), let myself be seen (by).
G3701	ὀπτασία, ας, ἡ	a vision, supernatural appearance	a vision, supernatural appearance.
G3702	ὀπτός, ή, όν	roasted, broiled	roasted, broiled.
G3703	ὀπώρα, ας, ἡ	autumn, autumnal fruits	autumn, autumnal fruits.
G3704	ὅπως	how, in order that, so that	how, in order that, so that, that.
G3705	ὅραμα, ατος, τό	a spectacle, vision	a spectacle, vision, that which is seen.
G3706	ὅρασις, εως, ἡ	a sight, vision, appearance	a sight, vision, appearance.
G3707	ὁρατός, ή, όν	visible	visible.
G3708	ὁράω	I see, look upon, experience	I see, look upon, experience, perceive, discern, beware.
G3709	ὀργή, ῆς, ἡ	anger, wrath, passion	anger, wrath, passion; punishment, vengeance.
G3710	ὀργίζω	I irritate, provoke, am angry	I irritate, provoke, am angry.
G3711	ὀργίλος, η, ον	prone to anger	prone to anger, passionate.
G3712	ὀργυιά, ᾶς, ἡ	a fathom, about five or six feet	a fathom, about five or six feet.
G3713	ὀρέγω	I stretch forth, long for	I stretch forth, mid: I hanker after, long for, am eager for, aspire to.
G3714	ὀρεινός, ή, όν	mountainous, hilly	mountainous, hilly, the hill-country.
G3715	ὄρεξις, εως, ἡ	strong desire, lust	strong desire, lust, appetite.
G3716	ὀρθοποδέω	I walk in a straight course, walk uprightly	I walk in a straight course, walk uprightly.
G3717	ὀρθός, ή, όν	upright, straight	upright, straight, direct.
G3718	ὀρθοτομέω	I cut straight, handle correctly	I cut straight; met: I handle correctly, teach rightly.
G3719	ὀρθρίζω	I rise early, come in the morning	I rise early, come in the morning.
G3721	ὄρθριος, ία, ιον	early in the morning	early in the morning.
G3722	ὄρθρος, ου, ὁ	early dawn, day-break	early dawn, day-break.
G3723	ὀρθῶς	rightly	rightly.
G3724	ὁρίζω	I define, determine, appoint, decree	I separate, mark off by boundaries; I determine, appoint, designate.
G3725	ὅριον, ου, τό	districts, territory	the boundaries of a place, hence: districts, territory.
G3726	ὁρκίζω	I adjure by, charge solemnly by	I adjure by, charge solemnly by.
G3727	ὅρκος, ου, ὁ	an oath	an oath.
G3728	ὁρκωμοσία, ας, ἡ	the taking of an oath, an oath	the taking of an oath, an oath.
G3729	ὁρμάω	I rush	I rush, hasten on.
G3730	ὁρμή, ῆς, ἡ	a rush, violent assault	a rush, violent assault, impulse.
G3731	ὅρμημα, ατος, τό	a rushing on, impulse	a rushing on, impulse, violence.
G3732	ὄρνεον, ου, τό	a bird	a bird, fowl.
G3733	ὄρνις, ιθος, ὁ, ἡ	a bird, fowl, hen	a bird, fowl, hen.
G3734	ὁροθεσία, ας, ἡ	a setting of boundaries, definite limit	a setting of boundaries, definite limit; plur: bounds.
G3735	ὄρος, ους, τό	a mountain	a mountain, hill.
G3736	ὀρύσσω	I dig, dig out	I dig, dig out, excavate.
G3737	ὀρφανός, ή, όν	bereaved, an orphan	bereaved, an orphan, fatherless, desolate.
G3738	ὀρχέομαι	I dance	I dance.
G3739	ὅς, ἥ, ὅ	who, which, what, that	who, which, what, that.
G3740	ὁσάκις	as often as	as often as, as many times as.
G3741	ὅσιος, ία, ιον	holy, pious	holy, pious, godly, beloved of God.
G3742	ὁσιότης, τητος, ἡ	holiness, godliness, piety	holiness, godliness, piety.
G3743	ὁσίως	piously	religiously, piously.
G3744	ὀσμή, ῆς, ἡ	an odor	a smell, odor, savor.
G3745	ὅσος, η, ον	how much, how great, how many	how much, how great, how many, as great as, as much.
G3746	ὅσπερ, ἥπερ, ὅπερ	the very one who	the very one who.
G3747	ὀστέον, ου, τό	a bone	a bone.
G3748	ὅστις, ἥτις, ὅτι	whosoever, whichsoever, whatsoever	whosoever, whichsoever, whatsoever.
G3749	ὀστράκινος, η, ον	made of earth	made of clay, earthen.
G3750	ὄσφρησις, εως, ἡ	the sense of smell	the sense of smell, smelling.
G3751	ὀσφύς, ύος, ἡ	the loins	the loins.
G3752	ὅταν	when, whensoever	when, whenever.
G3753	ὅτε	when	when, at which time.
G3754	ὅτι	that, since, because	that, since, because; may introduce direct discourse.
G3755	ὅτου	until	until.
G3756	οὐ	no, not	no, not.
G3757	οὗ	where, whither, when	where, whither, when, in what place.
G3758	οὐά	ah!, aha!	ah!, aha!, derisive.
G3759	οὐαί	woe!, alas!	woe!, alas!, uttered in grief or denunciation.
G3760	οὐδαμῶς	by no means	by no means, not at all.
G3761	οὐδέ	neither, nor, not even	neither, nor, not even, and not.
G3762	οὐδείς, οὐδεμία, οὐδέν	no one, none, nothing	no one, none, nothing.
G3763	οὐδέποτε	never	never.
G3764	οὐδέπω	not yet, never before	not yet, never before.
G3765	οὐκέτι	no longer, no more	no longer, no more.
G3766	οὐκοῦν	not therefore	therefore, so then.
G3767	οὖν	therefore, then	therefore, then.
G3768	οὔπω	not yet	not yet.
G3769	οὐρά, ᾶς, ἡ	a tail	a tail.
G3770	οὐράνιος, ον	heavenly	in heaven, belonging to heaven, heavenly, from heaven.
G3771	οὐρανόθεν	from heaven	from heaven, from the sky.
G3772	οὐρανός, οῦ, ὁ	the sky, the heaven	heaven, (a) the visible heavens: the atmosphere, the sky, the starry heavens, (b) the spiritual heavens.
G3773	Οὐρβανός, οῦ, ὁ	Urbanus	Urbanus, a Christian in Rome, fellow-worker of Paul.
G3774	Οὐρίας, ου, ὁ	Uriah	Uriah, husband of Bathsheba the mother of Solomon.
G3775	οὖς, ὠτός, τό	the ear	(a) the ear, (b) met: the faculty of perception.
G3776	οὐσία, ας, ἡ	property, wealth	property, wealth, substance.
G3777	οὔτε	and not, neither, nor	and not, neither, nor.
G3778	οὗτος, αὕτη, τοῦτο	this, he, she, it	this; he, she, it.
G3779	οὕτως	thus, so, in this manner	thus, so, in this manner.
G3780	οὐχί	by no means, not at all	by no means, not at all.
G3781	ὀφειλέτης, ου, ὁ	a debtor, sinner	(a) a debtor, one who owes, one who is indebted, (b) one who has sinned against another (an Aramaism), a sinner.
G3782	ὀφειλή, ῆς, ἡ	a debt, duty	a debt, a duty, what is due.
G3783	ὀφείλημα, ατος, τό	a debt, offense, sin	a debt, offense, sin.
G3784	ὀφείλω	I owe, ought	I owe, ought.
G3785	ὄφελον	O that! I wish! Would that!	O that! I wish! Would that!, followed by indicative.
G3786	ὄφελος, ους, τό	advantage, gain, profit	advantage, gain, profit, help.
G3787	ὀφθαλμοδουλεία, ας, ἡ	service rendered only while the master watches	eye-service; service rendered only while the master watches.
G3788	ὀφθαλμός, οῦ, ὁ	the eye	the eye; fig: the mind's eye.
G3789	ὄφις, εως, ὁ	a serpent	a serpent, snake; used of the devil or Satan.
G3790	ὀφρῦς, ύος, ἡ	the brow, a ridge	the brow, a ridge (of a mountain).
G3791	ὀχλέω	I trouble, torment, worry	I trouble, torment, worry, vex.
G3792	ὀχλοποιέω	I gather a crowd	I gather a crowd, make a riot.
G3793	ὄχλος, ου, ὁ	a crowd	a crowd, mob, the common people.
G3794	ὀχύρωμα, ατος, τό	a fortress, strong defense	a fortress, strong defense, stronghold.
G3795	ὀψάριον, ου, τό	a little fish	a little fish.
G3796	ὀψέ	late, in the evening	late, in the evening.
G3797	ὄψιμος, ον	late in the year	late, latter.
G3798	ὄψιος, α, ον	late	late, evening.
G3799	ὄψις, εως, ἡ	the features, outward appearance	(a) the face, countenance, (b) the features, outward appearance.
G3800	ὀψώνιον, ου, τό	pay, wages	pay, wages, salary, reward.
G3802	παγιδεύω	I ensnare, entrap	I ensnare, entrap, entangle.
G3803	παγίς, ίδος, ἡ	a snare, trap	a snare, trap (especially for catching birds) hence, met: stratagem, device, wile.
G3804	πάθημα, ατος, τό	suffering, passion	(a) suffering, affliction, (b) passion, emotion, (c) an undergoing, an enduring.
G3805	παθητός, ή, όν	destined to suffer	destined to suffer.
G3806	πάθος, ους, τό	suffering, emotion, depraved passion, lust	suffering, emotion, depraved passion, lust.
G3807	παιδαγωγός, οῦ, ὁ	a boy's guardian or tutor	a boy's guardian or tutor, a slave who had charge of the life and morals of the boys of a family, not strictly a teacher.
G3808	παιδάριον, ου, τό	a little boy, lad	a little boy, lad.
G3809	παιδεία, ας, ἡ	discipline	discipline; training and education of children, hence: instruction; chastisement, correction.
G3810	παιδευτής, οῦ, ὁ	an instructor	an instructor, trainer; almost: a chastiser.
G3811	παιδεύω	I discipline, educate, train, chastise	(a) I discipline, educate, train, (b) more severely: I chastise.
G3812	παιδιόθεν	from childhood	from childhood, from early boyhood.
G3813	παιδίον, ου, τό	a little child, an infant	a little child, an infant, little one.
G3814	παιδίσκη, ης, ἡ	a female slave, maidservant, maid.	a female slave, maidservant, maid, young girl.
G3815	παίζω	I play, sport	I play, sport (includes singing and dancing), play in the manner of children.
G3816	παῖς, παιδός, ὁ, ἡ	a boy or girl child	(a) a male child, boy, (b) a male slave, servant; thus: a servant of God, especially as a title of the Messiah, (c) a female child, girl.
G3817	παίω	I strike, smite	I strike, smite, sting.
G3819	πάλαι	of old, long ago	of old, long ago, in times past, former.
G3820	παλαιός, ά, όν	old, ancient, worn out	old, ancient, not new or recent.
G3821	παλαιότης, τητος, ἡ	oldness, obsoleteness	oldness, obsoleteness.
G3822	παλαιόω	I make old, declare obsolete	I make old, declare obsolete; pass: I grow old, become obsolete.
G3823	πάλη, ης, ἡ	a wrestling, struggle	wrestling, a wrestling bout; hence: a struggle, fight, conflict, contest.
G3824	παλιγγενεσία, ας, ἡ	a new birth, regeneration	a new birth, regeneration, renewal.
G3825	πάλιν	again, further, on the other hand	again, back, once more, further, on the other hand.
G3826	παμπληθεί	all at once, all together	all at once, all together.
G3827	πάμπολυς, παμπόλλη, πάμπολυ	very great	very great, very much.
G3828	Παμφυλία, ας, ἡ	Pamphylia	Pamphylia, a Roman province on the south coast of Asia Minor.
G3829	πανδοχεῖον, ου, τό	an inn	an inn, khan, hotel.
G3830	πανδοχεύς, έως, ὁ	an innkeeper	an innkeeper, landlord, host.
G3831	πανήγυρις, εως, ἡ	a festival assembly	a festival assembly.
G3832	πανοικί	with one's whole household or family	with one's whole household or family.
G3833	πανοπλία, ας, ἡ	complete armor	complete armor, panoply.
G3834	πανουργία, ας, ἡ	cunning, craftiness	shrewdness, skill; hence: cunning, craftiness.
G3835	πανοῦργος, ον	cunning, crafty	cunning, crafty, skilful, clever.
G3836	πανταχόθεν	from all sides	from all sides, from all parts.
G3837	πανταχοῦ	everywhere	everywhere, in all places.
G3838	παντελής, ές	complete, forever, entirely	complete, entire, perfect, through all time.
G3839	πάντῃ	in every way	in every way, entirely, everywhere.
G3840	πάντοθεν	from all sides	from all sides, on all sides.
G3841	παντοκράτωρ, ορος, ὁ	ruler of the universe	ruler of all, ruler of the universe, the almighty.
G3842	πάντοτε	always, at all times	always, at all times, ever.
G3843	πάντως	entirely, in every way, certainly	wholly, entirely, in every way, by all means, certainly.
G3844	παρά	from, in the presence of	gen: from; dat: beside, in the presence of; acc: alongside of.
G3845	παραβαίνω	I transgress	I transgress, violate, depart, desert.
G3846	παραβάλλω	I compare, arrive	I compare, arrive, land.
G3847	παράβασις, εως, ἡ	a transgression	a transgression, overstepping, deviation.
G3848	παραβάτης, ου, ὁ	a transgressor	a transgressor, law-breaker.
G3849	παραβιάζομαι	I urge, constrain by entreaties	I urge, press, constrain by entreaties.
G3850	παραβολή, ῆς, ἡ	a parable, comparison	(a) a comparison, (b) a parable, often of those uttered by our Lord, (c) a proverb, an adage.
G3851	παραβουλεύομαι	I expose myself to danger, am reckless	I expose myself to danger; I am adventuresome, reckless.
G3852	παραγγελία, ας, ἡ	a command, charge	a command, charge, injunction; a precept, rule of living.
G3853	παραγγέλλω	I notify, command, charge	I notify, command, charge, entreat solemnly.
G3854	παραγίνομαι	I appear, come, arrive at	(a) I come on the scene, appear, come, (b) with words expressing destination: I present myself at, arrive at, reach.
G3855	παράγω	I pass by, depart, pass away	I pass by, depart, pass away.
G3856	παραδειγματίζω	I put to open shame	I put to open shame, make a public example of, put to disgrace.
G3857	παράδεισος, ου, ὁ	Paradise	Paradise.
G3858	παραδέχομαι	I receive, accept, acknowledge	I receive, accept, acknowledge.
G3859	παραδιατριβή, ῆς, ἡ	useless debate	useless debate.
G3860	παραδίδωμι	I hand over, deliver, betray	I hand over, pledge, hand down, deliver, commit, commend, betray, abandon.
G3861	παράδοξος, ον	unexpected, strange, wonderful	unexpected, strange, wonderful, astonishing.
G3862	παράδοσις, εως, ἡ	an instruction, tradition	an instruction, tradition.
G3863	παραζηλόω	I make jealous	I make jealous, provoke to jealously, provoke to anger.
G3864	παραθαλάσσιος, ία, ιον	by the sea	by the sea.
G3865	παραθεωρέω	I overlook, neglect	I look past, overlook, neglect.
G3866	παραθήκη, ης, ἡ	anything committed to one's charge	a deposit, anything committed to one's charge or trust.
G3867	παραινέω	I admonish, advise, exhort	I admonish, advise, exhort.
G3868	παραιτέομαι	I make excuse, refuse, reject	I beg off, make excuse, deprecate, refuse, reject, decline, shun, avoid.
G3869	παρακαθίζω	I sit down beside	I sit down beside, set beside.
G3870	παρακαλέω	I summon, entreat, admonish, comfort	(a) I send for, summon, invite, (b) I beseech, entreat, beg, (c) I exhort, admonish, (d) I comfort, encourage, console.
G3871	παρακαλύπτω	I hide, conceal, veil	I hide, conceal, veil.
G3873	παράκειμαι	I am present with, rest with	I am at hand, am present with, rest with.
G3874	παράκλησις, εως, ἡ	exhortation, entreaty, encouragement, comfort	a calling for, summons, hence: (a) exhortation, (b) entreaty, (c) encouragement, joy, gladness, (d) consolation, comfort.
G3875	παράκλητος, ου, ὁ	an advocate, comforter, helper, Paraclete	(a) an advocate, intercessor, (b) a consoler, comforter, helper, (c) Paraclete.
G3876	παρακοή, ῆς, ἡ	disobedience	disobedience, imperfect hearing.
G3877	παρακολουθέω	I accompany, follow closely, investigate	I accompany, follow closely, characterize, both lit. and met.; I investigate.
G3878	παρακούω	I refuse to hear, disobey, disregard	(a) I hear carelessly or incidentally, or I pretend not to hear, (b) I refuse to hear; I disobey, disregard.
G3879	παρακύπτω	I stoop, peer in, look down	I stoop, peer in, look down, look intently.
G3880	παραλαμβάνω	I take, receive	I take from, receive from, or: I take to, receive (apparently not used of money), admit, acknowledge; I take with me.
G3881	παραλέγομαι	I coast along, sail along	I coast along, sail along.
G3882	παράλιος, ον	on the coast	adjacent to the sea, on the coast.
G3883	παραλλαγή, ῆς, ἡ	a change, variation	a change, variation, mutation.
G3884	παραλογίζομαι	I deceive, beguile	I deceive, beguile, reason falsely, mislead.
G3885	παραλυτικός, ή, όν	afflicted with paralysis	afflicted with paralysis.
G3886	παραλύω	I relax, enfeeble	I relax, enfeeble, weaken.
G3887	παραμένω	I remain by, abide with	I remain by, abide with; met: I persevere in.
G3888	παραμυθέομαι	I encourage, comfort, console	I encourage, comfort, console, exhort.
G3889	παραμυθία, ας, ἡ	encouragement, comfort	encouragement, comfort, consolation, exhortation.
G3890	παραμύθιον, ου, τό	comfort, consolation	comfort, consolation, an exhortation, persuasion, encouragement.
G3891	παρανομέω	I act contrary to law	I act contrary to law.
G3892	παρανομία, ας, ἡ	a transgression	a transgression, violation of law.
G3893	παραπικραίνω	I embitter, provoke, irritate	I embitter, provoke, irritate.
G3894	παραπικρασμός, οῦ, ὁ	a provocation, irritation	a provocation, irritation, rebellion.
G3895	παραπίπτω	I fall away	I fall away, fall back (into the unbelieving and godless ways of the old time).
G3896	παραπλέω	I sail past	I sail past (without stopping there).
G3897	παραπλήσιον	near to, nearly	near to, nearly.
G3898	παραπλησίως	similarly, in like manner	similarly, in like manner, likewise.
G3899	παραπορεύομαι	I go past	I go past, pass by, pass along by.
G3900	παράπτωμα, ατος, τό	a falling away, sin	a falling away, lapse, slip, false step, trespass, sin.
G3901	παραρρέω	I am lost, perish, drift away	(lit: I flow past, glide past, hence) I am lost, perish, or merely: I drift away (fall away) from duty.
G3902	παράσημος, ον	marked with	marked with; a figure-head.
G3903	παρασκευάζω	I prepare	I prepare; mid: I prepare, make preparations.
G3904	παρασκευή, ῆς, ἡ	the day before the Sabbath	the day of preparation, the day before the Sabbath, Friday.
G3905	παρατείνω	I extend, prolong	I extend, prolong, continue.
G3906	παρατηρέω	I watch	I watch, observe scrupulously.
G3907	παρατήρησις, εως, ἡ	observation	observation, careful watching.
G3908	παρατίθημι	I set before, serve, entrust to	(a) I set (especially a meal) before, serve, (b) act. and mid: I deposit with, entrust to, (c) I bring forward, quote as evidence.
G3909	παρατυγχάνω	I chance to meet	I come by chance, chance to meet.
G3910	παραυτίκα	immediate	adv. with force of adj: present, immediate, for the moment.
G3911	παραφέρω	I turn aside, carry away, remove	I turn aside, carry away, remove, cause to pass away; pass: I am misled, seduced.
G3912	παραφρονέω	I am out of my senses	I am out of my senses, am beside myself.
G3913	παραφρονία, ας, ἡ	madness, folly	madness, folly.
G3914	παραχειμάζω	I pass the winter	I pass the winter.
G3915	παραχειμασία, ας, ἡ	wintering	wintering, spending the winter.
G3916	παραχρῆμα	instantly, immediately	instantly, immediately, on the spot.
G3917	πάρδαλις, εως, ἡ	a leopard, panther	a leopard, panther.
G3918	πάρειμι	I am present, am near	I am present, am near; I have come, arrived.
G3919	παρεισάγω	I bring in secretly	I bring in secretly, am at hand.
G3920	παρείσακτος, ον	brought in secretly	brought in secretly, surreptitious.
G3921	παρεισδύω	I enter secretly	I enter secretly, come in by stealth.
G3922	παρεισέρχομαι	I enter secretly	I enter secretly, come in from the side.
G3923	παρεισφέρω	I contribute besides	I contribute besides, bring in besides, smuggle in.
G3924	παρεκτός	besides, outside, without	(a) adv. used as adj: besides, outside, without, left over, in addition, (b) prep: apart from, except.
G3925	παρεμβολή, ῆς, ἡ	a camp, barracks, army in battle array	a camp, fort, castle, barracks, army in battle array.
G3926	παρενοχλέω	I trouble	I trouble, cause disturbance to, annoy, harass.
G3927	παρεπίδημος, ον	residing in a strange country, a stranger	residing in a strange country; subst: a stranger, sojourner.
G3928	παρέρχομαι	I pass by	I pass by, pass away, pass out of sight; I am rendered void, become vain, neglect, disregard.
G3929	πάρεσις, εως, ἡ	overlooking	overlooking, suspension, remission of punishment for.
G3930	παρέχω	I offer, provide	act. and mid: I offer, provide, confer, afford, give, bring, show, cause.
G3931	παρηγορία, ας, ἡ	solace, consolation	solace, consolation, comfort.
G3932	παρθενία, ας, ἡ	virginity	virginity.
G3933	παρθένος, ου, ὁ, ἡ	a virgin	a maiden, virgin; extended to men who have not known women.
G3934	Πάρθος, ου, ὁ	a Parthian	a Parthian, an inhabitant of the country beyond the eastern boundary of the Roman Empire between the Caspian Sea and the Persian Gulf.
G3935	παρίημι	I neglect, omit, slacken	(a) I let pass, neglect, omit, disregard, (b) I slacken, loosen; pass: I am wearied.
G3936	παρίστημι	I bring, present, come up to and stand by	I bring, present, prove, come up to and stand by, am present.
G3937	Παρμενᾶς, ᾶ, ὁ	Parmenas	Parmenas, one of the original seven deacons at Jerusalem.
G3938	πάροδος, ου, ἡ	a passing by or through	a passing by or through.
G3939	παροικέω	I sojourn	I sojourn, dwell in as a stranger.
G3940	παροικία, ας, ἡ	a sojourning	a sojourning, a dwelling in a strange land.
G3941	πάροικος, ον	a stranger, foreigner	foreign, alien, subst: a foreigner, sojourner.
G3942	παροιμία, ας, ἡ	an allegory, proverb	a cryptic saying, an allegory; a proverb, figurative discourse.
G3943	πάροινος, ον	given to wine, drunken	given to wine, drunken, quarrelsome.
G3944	παροίχομαι	I pass away time	I pass away time.
G3945	παρομοιάζω	I resemble	I resemble, am like.
G3946	παρόμοιος, α, ον	like, similar	like, similar.
G3947	παροξύνω	I provoke, irritate	I arouse anger, provoke, irritate.
G3948	παροξυσμός, οῦ, ὁ	incitement, irritation	stimulation, provocation, irritation, angry dispute.
G3949	παροργίζω	I provoke to anger, exasperate	I provoke to anger, exasperate.
G3950	παροργισμός, οῦ, ὁ	exasperation, wrath	exasperation, wrath, irritation, indignation.
G3951	παροτρύνω	I stir up, incite	I stir up, incite, urge on.
G3952	παρουσία, ας, ἡ	presence, a coming, arrival, advent	(a) presence, (b) a coming, an arrival, advent, especially of the second coming of Christ.
G3953	παροψίς, ίδος, ἡ	a bowl, dish, platter	prop: a dainty side-dish; meton: a plate, dish, platter.
G3954	παρρησία, ας, ἡ	freedom, confidence	freedom, openness, especially in speech; boldness, confidence.
G3955	παρρησιάζομαι	I speak freely, boldly	I speak freely, boldly; I am confident.
G3956	πᾶς, πᾶσα, πᾶν	all, the whole, every kind of	all, the whole, every kind of.
G3957	πάσχα, τό	the feast of Passover, the Passover lamb	the feast of Passover, the Passover lamb.
G3958	πάσχω	I am acted upon, suffer	I am acted upon in a certain way, either good or bad; I experience ill treatment, suffer.
G3959	Πάταρα, ων, τά	Patara	Patara, a town on the coast of the Roman province Lycia.
G3960	πατάσσω	I strike	I smite, strike (as with a sword), smite to death, afflict.
G3961	πατέω	I tread, trample upon	I tread, trample upon.
G3962	πατήρ, πατρός, ὁ	father, Father, ancestor	father, (Heavenly) Father, ancestor, elder, senior.
G3963	Πάτμος, ου, ἡ	Patmos	Patmos, a small rocky island in the Aegean sea, south-west of Ephesus.
G3964	πατρολῴας, ου, ὁ	a murderer of his father	a patricide, a murderer of his father.
G3965	πατριά, ᾶς, ἡ	a family, tribe	lineage, ancestry; a family, tribe.
G3966	πατριάρχης, ου, ὁ	a patriarch	a patriarch, head or founder of a family.
G3967	πατρικός, ή, όν	paternal, ancestral	ancestral, paternal, belonging to the fathers (ancestors).
G3968	πατρίς, ίδος, ἡ	fatherland	fatherland, one's native place.
G3969	Πατρόβας, α, ὁ	Patrobas	Patrobas, a Christian in Rome.
G3970	πατροπαράδοτος, ον	inherited	handed down by (from) one's ancestors, inherited.
G3971	πατρῷος, α, ον	hereditary	hereditary, received from fathers.
G3972	Παῦλος, ου, ὁ	Paul	Paul, Paulus.
G3973	παύω	I cause to cease	(a) act: I cause to cease, restrain, hinder, (b) mid: I cease, stop, leave off.
G3974	Πάφος, ου, ἡ	Paphos	Paphos, a city at the western end of Cyprus.
G3975	παχύνω	I fatten	I fatten, thicken; pass. fig: I become stupid, dull, unfeeling.
G3976	πέδη, ης, ἡ	a shackle	a shackle, fetter for the feet.
G3977	πεδινός, ή, όν	level	level, low-lying, flat.
G3978	πεζεύω	I travel on foot	I travel on foot, by land.
G3979	πεζῇ	on foot	on foot, by land.
G3980	πειθαρχέω	I obey one in authority	I obey one in authority, conform to advice, obey, follow.
G3981	πειθός, ή, όν	persuasive	persuasive, enticing, skilful.
G3982	πείθω	I persuade, urge	I persuade, urge.
G3983	πεινάω	I am hungry, needy	I am hungry, needy, desire earnestly.
G3984	πεῖρα, ας, ἡ	a trial, experiment	a trial, experiment, attempt.
G3985	πειράζω	I try, tempt, test	I try, tempt, test.
G3986	πειρασμός, οῦ, ὁ	trial, testing, temptation	(a) trial, probation, testing, being tried, (b) temptation, (c) calamity, affliction.
G3987	πειράω	I try, attempt	mid: I try, attempt, endeavor.
G3988	πεισμονή, ῆς, ἡ	persuasion, conviction	persuasion, conviction, a yielding to persuasion.
G3989	πέλαγος, ους, τό	the sea, the deep	the sea, the deep.
G3990	πελεκίζω	I behead	I behead (with an axe).
G3991	πέμπτος, η, ον	the fifth	the fifth.
G3992	πέμπω	I send	I send, transmit, permit to go, put forth.
G3993	πένης, ητος, ὁ	poor	one who works for his living; a laborer, poor man.
G3994	πενθερά, ᾶς, ἡ	a mother-in-law	a mother-in-law.
G3995	πενθερός, οῦ, ὁ	a father-in-law	a father-in-law.
G3996	πενθέω	I mourn, lament	I mourn, lament, feel guilt.
G3997	πένθος, ους, τό	mourning, sorrow	mourning, sorrow, sadness, grief.
G3998	πενιχρός, ά, όν	poor, needy	poor, needy.
G3999	πεντάκις	five times	five times.
G4000	πεντακισχίλιοι, αι, α	five thousand	five thousand.
G4001	πεντακόσιοι, αι, α	five hundred	five hundred.
G4002	πέντε, οἱ, αἱ, τά	five	five.
G4003	πεντεκαιδέκατος, η, ον	fifteenth	the fifteenth.
G4004	πεντήκοντα, οἱ, αἱ, τά	fifty	fifty.
G4005	πεντηκοστή, ῆς, ἡ	Pentecost	Pentecost, a feast of the Jews, the fiftieth day after Passover.
G4006	πεποίθησις, εως, ἡ	confidence, trust	confidence, trust, reliance.
G4008	πέραν	over, beyond	over, on the other side, beyond.
G4009	πέρας, ατος, τό	a boundary, limit, an end	(a) a boundary, limit, extremity, (b) an end, conclusion.
G4010	Πέργαμος, ου, ἡ	Pergamum	Pergamum, an important city of the Roman province Asia.
G4011	Πέργη, ης, ἡ	Perga	Perga, a city on the river Cestrus in the Roman province Pamphylia.
G4012	περί	about, concerning, around	(a) gen: about, concerning, (b) acc: around.
G4013	περιάγω	I lead about, go about	I lead or carry about (or around), go about, traverse.
G4014	περιαιρέω	I strip off, cast off	(a) I strip off, strip from, take away, (b) I cast off, cut adrift, cast loose.
G4015	περιαστράπτω	I flash around like lightning	I flash (gleam) around like lightning.
G4016	περιβάλλω	I cast around, clothe	I cast around, wrap a garment about, put on; hence mid: I put on to myself, clothe myself, dress; I draw (a line).
G4017	περιβλέπομαι	I look around on, survey	I look around on, survey.
G4018	περιβόλαιον, ου, τό	a wrapper, mantle, veil	a wrapper, mantle, veil, cloak, covering.
G4019	περιδέω	I bind around	I bind (tie) around.
G4020	περιεργάζομαι	I overdo, am a busybody	I overdo, am a busybody, waste my labor about (a thing).
G4021	περίεργος, ον	a busybody, curious, magical	of persons: over-careful; curious, meddling, a busy-body; of things: over-wrought; superfluous; curious, uncanny; subst: curious arts, magic.
G4022	περιέρχομαι	I move about, make a circuit, tack	I go around, move about, visit; I make a circuit, tack (as a ship).
G4023	περιέχω	I contain, seize	(a) I contain (of a book containing subject matter); hence: it stands (has its content) thus, (b) I encompass, surround, get hold of, seize.
G4024	περιζώννυμι	I gird round	I gird round; mid: I gird myself, generally for active work or travel.
G4025	περίθεσις, εως, ἡ	a putting around	a putting around or on (as of ornaments).
G4026	περιΐστημι	I stand around, avoid, shun	in intrans. act. tenses: I stand around; mid: I avoid, shun.
G4027	περικάθαρμα, ατος, τό	refuse, filth	refuse, offscouring, filth.
G4028	περικαλύπτω	I cover up	I cover up, cover round about, veil round, blindfold.
G4029	περίκειμαι	I surround, am surrounded with	I lie about, surround; I am encompassed, surrounded, or clothed with, am in submission to.
G4030	περικεφαλαία, ας, ἡ	a helmet	a helmet.
G4031	περικρατής, ές	having full power over, mastering	having full power over, mastering, gaining control over.
G4032	περικρύπτω	I conceal, hide	I conceal, hide (by putting something around it).
G4033	περικυκλόω	I encircle, surround	I encircle, surround, encompass.
G4034	περιλάμπω	I shine around	I shine around.
G4035	περιλείπω	I leave behind	I leave behind; pass: I am left behind, remain, survive.
G4036	περίλυπος, ον	very sorrowful	very sorrowful, greatly grieved.
G4037	περιμένω	I wait for	I wait for, await.
G4038	πέριξ	round about	round about, neighboring.
G4039	περιοικέω	I dwell around	I dwell around, am neighboring to.
G4040	περίοικος, ον	a neighbor	dwelling around; subst: a neighbor.
G4041	περιούσιος, ον	costly, specially chosen	costly, treasured, select, specially chosen.
G4042	περιοχή, ῆς, ἡ	a passage of Scripture	a section or passage of Scripture.
G4043	περιπατέω	I walk, conduct my life	I walk, hence Hebraistically (in an ethical sense): I conduct my life, live.
G4044	περιπείρω	I pierce through	I put on a spit; met: I pierce, wound deeply.
G4045	περιπίπτω	I fall into the midst of	I fall into the midst of, am involved in, happen upon a place.
G4046	περιποιέω	I acquire, purchase	I acquire, earn, purchase, make my own, preserve alive.
G4047	περιποίησις, εως, ἡ	obtaining, possessing, possession	acquiring, obtaining, possessing, possession, ownership.
G4048	περιρρήγνυμι	I tear off	I tear off, as of garments.
G4049	περισπάω	I distract, trouble greatly	I distract, trouble greatly.
G4050	περισσεία, ας, ἡ	abundance	abundance, superfluity.
G4051	περίσσευμα, ατος, τό	abundance	abundance, overflow.
G4052	περισσεύω	I exceed, am left over	(a) intrans: I exceed the ordinary (the necessary), abound, overflow; am left over, (b) trans: I cause to abound.
G4053	περισσός, ή, όν	abundant, greater, vehemently, advantage	more, greater, excessive, abundant, exceedingly, vehemently; noun: preeminence, advantage.
G4055	περισσότερος, τέρα, τερον	greater, more	greater, more, even more, more abundantly.
G4057	περισσῶς	greatly, exceedingly	greatly, exceedingly, abundantly, vehemently.
G4058	περιστερά, άς, ἡ	a dove	a dove, pigeon.
G4059	περιτέμνω	I circumcise	I cut around, circumcise.
G4060	περιτίθημι	I put around, bestow	I place or put around, clothe; fig: I bestow, confer.
G4061	περιτομή, ῆς, ἡ	circumcision	circumcision.
G4062	περιτρέπω	I turn, change	I turn round, turn, change.
G4063	περιτρέχω	I run around	I run around.
G4064	περιφέρω	I carry around, am driven to and fro	I carry around; pass: I am driven to and fro.
G4065	περιφρονέω	I look down upon, despise	I look down upon, despise.
G4066	περίχωρος, ον	neighboring	neighboring; subst: the neighboring country, neighboring inhabitants.
G4067	περίψημα, ατος, τό	scrapings, offscourings	scrapings, offscourings, wiped-off filth.
G4068	περπερεύομαι	I boast	I boast, vaunt myself.
G4069	Περσίς, ίδος, ἡ	Persis	Persis, name of a Christian lady in Rome.
G4070	πέρυσι	last year	last year, a year ago.
G4071	πετεινόν, οῦ, τό	a bird	a bird, fowl.
G4072	πέτομαι	I fly	I fly.
G4073	πέτρα, ας, ἡ	rock	a rock, ledge, cliff, cave, stony ground.
G4074	Πέτρος, ου, ὁ	Peter	Peter, a Greek name meaning "rock".
G4075	πετρώδης, ες	rocky, stony	rocky, stony.
G4076	πήγανον, ου, τό	rue, a plant used for flavoring food	rue, a plant used for flavoring or garnishing food.
G4077	πηγή, ῆς, ἡ	a fountain, spring, well	a fountain, spring, well, issue, flow.
G4078	πήγνυμι	I pitch a tent	I fasten, pitch a tent.
G4079	πηδάλιον, ου, τό	the rudder of a ship	the rudder of a ship.
G4080	πηλίκος, η, ον	how large, how great	how large, how great.
G4081	πηλός, οῦ, ὁ	clay, mud	clay, mud.
G4082	πήρα, ας, ἡ	a sack, wallet	a sack, wallet for carrying provisions.
G4083	πῆχυς, εως, ὁ	a cubit	a cubit, about a foot and a half.
G4084	πιάζω	I lay hold of	I lay hold of, apprehend, catch, arrest.
G4085	πιέζω	I press down	I press down, press together, as in a measure.
G4086	πιθανολογία, ας, ἡ	persuasive speech	persuasive speech.
G4087	πικραίνω	I embitter	I make bitter, embitter; pass: I grow angry or harsh.
G4088	πικρία, ας, ἡ	bitterness	bitterness, harshness, hence met: an embittered (resentful) spirit.
G4089	πικρός, ά, όν	bitter, acrid, malignant	bitter, acrid, malignant.
G4090	πικρῶς	bitterly	bitterly.
G4091	Πιλᾶτος, ου, ὁ	Pilate	Pilate.
G4092	πίμπρημι	I am inflamed, I swell	I swell, am inflamed.
G4093	πινακίδιον, ου, τό	a tablet for writing	a tablet for writing.
G4094	πίναξ, ακος, ἡ	a plate, platter	a plate, platter, disc, dish.
G4095	πίνω	I drink, imbibe	I drink, imbibe.
G4096	πιότης, τητος, ἡ	fatness	fatness, as of the olive; richness.
G4097	πιπράσκω	I sell	I sell; pass: I am a slave to, am devoted to.
G4098	πίπτω	I fall, fall under	I fall, fall under (as under condemnation), fall prostrate.
G4099	Πισιδία, ας, ἡ	Pisidia	Pisidia, a country of Asia Minor, being the south-western part of the Roman province Galatia.
G4100	πιστεύω	I believe, have faith in	I believe, have faith in, trust in; pass: I am entrusted with.
G4101	πιστικός, ή, όν	genuine, pure	genuine, pure (of ointment), trustworthy.
G4102	πίστις, εως, ἡ	faith, belief, trust	faith, belief, trust, confidence; fidelity, faithfulness.
G4103	πιστός, ή, όν	trustworthy, faithful, believing	trustworthy, faithful, believing.
G4104	πιστόω	I convince, give assurance to	I convince, establish, give assurance to; pass: I am assured of.
G4105	πλανάω	I lead astray, deceive	I lead astray, deceive, cause to wander.
G4106	πλάνη, ης, ἡ	a wandering, error	a wandering; fig: deceit, delusion, error, sin.
G4107	πλανήτης, ου, ὁ	a wanderer	a wanderer.
G4108	πλάνος, ον	misleading, a deceiver	adj: misleading, deceiving, wandering; as subst: a deceiver, imposter.
G4109	πλάξ, πλακός, ἡ	a tablet, flat surface	a tablet, flat surface.
G4110	πλάσμα, ατος, τό	a thing formed or fashioned	a thing formed or fashioned.
G4111	πλάσσω	I form, mould	I form, mould, as a potter his clay.
G4112	πλαστός, ή, όν	formed, molded, feigned	formed, molded; fig: feigned, made up, counterfeit.
G4113	πλατεῖα, ας, ἡ	a street	a street, public square, broad way.
G4114	πλάτος, ους, τό	breadth	breadth.
G4115	πλατύνω	I enlarge	I enlarge, make broad; met: of the growth of tenderness and love.
G4116	πλατύς, εῖα, ύ	broad	broad, wide; subst: a street.
G4117	πλέγμα, ατος, τό	braided hair, anything interwoven	braided hair, anything interwoven.
G4118	πλεῖστος, η, ον	the greatest, the most	the greatest, the most, very great.
G4119	πλείων, εῖον	more, greater	more, greater, of higher value.
G4120	πλέκω	I weave together, plait	I weave together, plait, twist, braid.
G4121	πλεονάζω	I abound, increase	I have more than enough; I abound, increase.
G4122	πλεονεκτέω	I take advantage of	I take advantage of, overreach, defraud.
G4123	πλεονέκτης, ου, ὁ	a covetous person	a covetous or avaricious person; one desirous of having more.
G4124	πλεονεξία, ας, ἡ	covetousness, avarice	covetousness, avarice, aggression, desire for advantage.
G4125	πλευρά, ᾶς, ἡ	the side of the body	the side of the body.
G4126	πλέω	I sail	I sail, travel by sea, voyage.
G4127	πληγή, ῆς, ἡ	a blow, stripe, wound	a blow, stripe, wound; an affliction, plague.
G4128	πλῆθος, ους, τό	a multitude	a multitude, crowd, great number, assemblage.
G4129	πληθύνω	I increase, multiply	I increase, multiply.
G4130	πλήθω	I fill	I fill, fulfill, complete.
G4131	πλήκτης, ου, ὁ	a contentious person	a striker, contentious person, brawler.
G4132	πλημμύρα, ας, ἡ	a flood	a flood.
G4133	πλήν	however, nevertheless	however, nevertheless, but, except that, yet.
G4134	πλήρης, ες	full	full, abounding in, complete, completely occupied with.
G4135	πληροφορέω	I carry out fully, fully convince	(lit: I carry full), (a) I complete, carry out fully, (b) I fully convince, satisfy fully, (c) I fully believe.
G4136	πληροφορία, ας, ἡ	full assurance	full assurance, conviction, confidence.
G4137	πληρόω	I fill, fulfill, complete	I fill, fulfill, complete.
G4138	πλήρωμα, ατος, τό	fullness, fulfillment, completion	(a) a fill, fullness; full complement; supply, patch, supplement, (b) fullness, filling, fulfillment, completion.
G4139	πλησίον	near, nearby, a neighbor	near, nearby, a neighbor.
G4140	πλησμονή, ῆς, ἡ	satisfaction, indulgence	satisfaction, indulgence.
G4141	πλήσσω	I strike, smite	I strike, smite.
G4142	πλοιάριον, ου, τό	a little boat	(a little boat, hence) a boat.
G4143	πλοῖον, ου, τό	a ship, vessel	a ship, vessel, boat.
G4144	πλόος, οῦς	a voyage	a voyage, sailing.
G4145	πλούσιος, α, ον	rich	rich, abounding in, wealthy; subst: a rich man.
G4146	πλουσίως	richly, abundantly	richly, abundantly.
G4147	πλουτέω	I become rich	I become rich, am rich, abound in.
G4148	πλουτίζω	I make rich	I make rich, cause to abound in, enrich.
G4149	πλοῦτος, ου, ὁ	riches, wealth	riches, wealth, abundance, materially or spiritually.
G4150	πλύνω	I wash	I wash.
G4151	πνεῦμα, ατος, τό	wind, breath, spirit	wind, breath, spirit.
G4152	πνευματικός, ή, όν	spiritual	spiritual.
G4153	πνευματικῶς	spiritually	spiritually, in a spiritual way; from a spiritual point of view.
G4154	πνέω	I blow	I blow, breathe, as the wind.
G4155	πνίγω	I choke, strangle	I choke, throttle, strangle; hence: I drown.
G4156	πνικτός, ή, όν	strangled	strangled (i.e. killed without letting out the blood).
G4157	πνοή, ῆς, ἡ	breath, wind	(a) breath, (b) gust, breeze, wind.
G4158	ποδήρης, ες	a long robe	reaching to the feet (of a garment).
G4159	πόθεν	whence	whence, from what place.
G4160	ποιέω	I do, make	(a) I make, manufacture, construct, (b) I do, act, cause.
G4161	ποίημα, ατος, τό	a thing made	a thing made, a work, workmanship.
G4162	ποίησις, εως, ἡ	a doing	a doing, making, performance.
G4163	ποιητής, οῦ, ὁ	a doer, performer, poet	(a) a "maker," poet, (b) a doer, carrier out, performer.
G4164	ποικίλος, η, ον	various, of different colors	various, of different colors, diverse, various.
G4165	ποιμαίνω	I shepherd, tend	I shepherd, tend, herd; hence: I rule, govern.
G4166	ποιμήν, ένος, ὁ	a shepherd	a shepherd; hence met: of the feeder, protector, and ruler of a flock of men.
G4167	ποίμνη, ης, ἡ	a flock	a flock (of sheep or goats).
G4168	ποίμνιον, ου, τό	a little flock	a little flock.
G4169	ποῖος, α, ον	of what sort	of what sort.
G4170	πολεμέω	I make war, contend	I make war, contend, fight, battle.
G4171	πόλεμος, ου, ὁ	a war, battle, strife	a war, battle, strife.
G4172	πόλις, εως, ἡ	a city	a city, the inhabitants of a city.
G4173	πολιτάρχης, ου, ὁ	a ruler of a city	a ruler of a city, city magistrate.
G4174	πολιτεία, ας, ἡ	citizen body, citizenship	(a) commonwealth, polity; citizen body, (b) (the Roman) citizenship, citizen-rights, franchise.
G4175	πολίτευμα, ατος, τό	a state, commonwealth	a state, commonwealth.
G4176	πολιτεύομαι	I live the life of a citizen	I live the life of a citizen, live.
G4177	πολίτης, ου, ὁ	a citizen	a citizen, fellow-citizen.
G4178	πολλάκις	many times, often	many times, often, frequently.
G4179	πολλαπλασίων, ον	many times more, manifold	many times more, manifold.
G4180	πολυλογία, ας, ἡ	much-speaking	much-speaking, loquacity.
G4181	πολυμερῶς	in many parts	in many parts (one at one time, another at another, and so on).
G4182	πολυποίκιλος, ον	much varied, manifold	much varied, manifold.
G4183	πολύς, πολλή, πολύ	much, many, often	much, many; often.
G4184	πολύσπλαγχνος, ον	very compassionate	very compassionate, of great mercy.
G4185	πολυτελής, ές	very costly, very precious	very costly, very precious, of great value.
G4186	πολύτιμος, ον	of great value	of great value, very costly, very precious.
G4187	πολυτρόπως	in many ways	in many ways.
G4188	πόμα, ατος, τό	drink	drink.
G4189	πονηρία, ας, ἡ	wickedness, iniquities	wickedness, iniquities.
G4190	πονηρός, ά, όν	evil, bad, wicked	evil, bad, wicked, malicious, slothful.
G4191	πονηρότερα	more wicked	more wicked.
G4192	πόνος, ου, ὁ	labor, pain	(a) labor, toil, (b) pain, anguish, distress, suffering.
G4193	Ποντικός, ή, όν	belonging to Pontus	belonging to Pontus.
G4194	Πόντιος, ου, ὁ	Pontius	Pontius.
G4195	Πόντος, ου, ὁ	Pontus	Pontus, a Roman province in the north of Asia Minor, bordering on the Black Sea, governed along with Bithynia.
G4196	Πόπλιος, ου, ὁ	Publius	Publius, a governor of Malta.
G4197	πορεία, ας, ἡ	a journey, pursuit, undertaking	a journey, pursuit, undertaking, progress.
G4198	πορεύομαι	I travel, journey, go	I travel, journey, go, die.
G4199	πορθέω	I lay waste, destroy	I lay waste, destroy, ravage, harass.
G4200	πορισμός, οῦ, ὁ	a source of gain	a source of gain, livelihood.
G4201	Πόρκιος, ου, ὁ	Porcius	Porcius, the middle (gentile) name of the procurator Festus.
G4202	πορνεία, ας, ἡ	fornication, idolatry	fornication, whoredom; met: idolatry.
G4203	πορνεύω	I fornicate, practice idolatry	I fornicate; met: I practice idolatry.
G4204	πόρνη, ης, ἡ	a prostitute	a prostitute; met: an idolatrous community.
G4205	πόρνος, ου, ὁ	a fornicator	a fornicator, man who prostitutes himself.
G4206	πόρρω	far, far off	far, far off, at a distance.
G4207	πόρρωθεν	from afar, far off	from afar, far off, from a distance.
G4208	πορρωτέρω	farther, beyond	farther, beyond.
G4209	πορφύρα, ας, ἡ	a purple garment	a purple garment, indicating power or wealth.
G4210	πορφυροῦς, ᾶ, οῦν	purple	purple.
G4211	πορφυρόπωλις, ιδος, ἡ	a female seller of purple cloth	a female seller of purple cloth.
G4212	ποσάκις	how often	how often, how many times.
G4213	πόσις, εως, ἡ	drink	drinking, drink, beverage.
G4214	πόσος, η, ον	how much, how great, how many	how much, how great, how many.
G4215	ποταμός, οῦ, ὁ	a river, torrent	a river, torrent, stream.
G4216	ποταμοφόρητος, ον	carried away by a stream	carried away by a stream.
G4217	ποταπός, ή, όν	of what kind	of what kind, of what manner.
G4218	ποτέ	at one time or other	at one time or other, at some time, formerly.
G4219	πότε	when, at what time	when, at what time.
G4220	πότερος, α, ον	which of two, whether	which of two, whether.
G4221	ποτήριον, ου, τό	a drinking cup	a drinking cup, the contents of the cup; fig: the portion which God allots.
G4222	ποτίζω	I cause to drink, give to drink	I cause to drink, give to drink; irrigate, water.
G4223	Ποτίολοι, ων, οἱ	Puteoli	Puteoli, the great harbor for traffic with Alexandria on the Bay of Naples.
G4224	πότος, ου, ὁ	a drinking, carousing	a drinking, carousing.
G4225	πού	somewhere	where, somewhere, anywhere; with numerals: somewhere about.
G4226	ποῦ	where, whither	where, in what place.
G4227	Πούδης, δεντος, τό	Pudens	Pudens, a Christian man in Rome.
G4228	πούς, ποδός, ὁ	the foot	the foot.
G4229	πρᾶγμα, ατος, τό	a thing done, a matter	a thing done, a deed, action; a matter, an affair.
G4230	πραγματεία, ας, ἡ	a business, an occupation	a business, an occupation, affair, transaction.
G4231	πραγματεύομαι	I transact business, trade	I transact business, trade.
G4232	πραιτώριον, ου, τό	the official residence of the procurator	the palace at Jerusalem occupied by the Roman governor, or the quarters of the praetorian guard in Rome.
G4233	πράκτωρ, ορος, ὁ	an officer employed to execute judicial sentences	an officer employed to execute judicial sentences.
G4234	πρᾶξις, εως, ἡ	an action, deeds, function	(a) a doing, action, mode of action; plur: deeds, acts, (b) function, business.
G4235	πρᾷος, α, ον	mild, gentle	mild, gentle, meek, kind.
G4236	πρᾳότης, τητος, ἡ	mildness, gentleness	mildness, gentleness, meekness, kindness.
G4237	πρασιά, ᾶς, ἡ	a company formed into divisions	a company formed into divisions (like garden-beds).
G4238	πράσσω	I do, fare, require	I do, perform, accomplish; be in any condition, i.e. I fare; I exact, require.
G4239	πραΰς, πραεῖα, πραΰ	mild, gentle	mild, gentle.
G4240	πρᾳΰτης, τητος, ἡ	mildness, gentleness	mildness, gentleness.
G4241	πρέπω	it becomes, is fitting to	it becomes, is fitting to, is right.
G4242	πρεσβεία, ας, ἡ	an embassy, delegation	an embassy, delegation, eldership.
G4243	πρεσβεύω	I am aged, act as an ambassador	I am aged, act as an ambassador.
G4244	πρεσβυτέριον, ου, τό	an assembly of elders	an assembly of elders, the Sanhedrin, officers of the church assembly, presbytery.
G4245	πρεσβύτερος, α, ον	elder	elder, usually used as subst.; an elder, a member of the Sanhedrin, an elder of a Christian assembly.
G4246	πρεσβύτης, ου, ὁ	an old man	an old man, an ambassador.
G4247	πρεσβῦτις, ιδος, ἡ	an old woman	an old woman.
G4248	πρηνής, ές	falling headlong	falling headlong, prone.
G4249	πρίζω	I saw, saw through	I saw, saw through.
G4250	πρίν	formerly, before	formerly, before.
G4251	Πρίσκα, ης, ἡ	Prisca, Priscilla	Prisca, Priscilla, the former being the more correct and formal name, the latter a diminutive and more familiar; a Roman lady, probably of good birth, wife of the Jewish Christian Aquila.
G4252	Πρίσκιλλα, ης, ἡ	Prisca, Priscilla	Prisca, Priscilla, the former being the more correct and formal name, the latter a diminutive and more familiar; a Roman lady, probably of good birth, wife of the Jewish Christian Aquila.
G4253	πρό	before	(a) of place: before, in front of, (b) of time: before, earlier than.
G4254	προάγω	I lead forth, go before	(a) trans: I lead forth; in the judicial sense, into court, (b) intrans. and trans: I precede, go before, (c) intrans: I go too far.
G4255	προαιρέω	I propose, purpose	I propose; mid: I propose to myself, purpose.
G4256	προαιτιάομαι	I make a prior accusation	I make a prior accusation.
G4257	προακούω	I hear beforehand	I hear beforehand.
G4258	προαμαρτάνω	I sin previously	I sin previously.
G4259	προαύλιον, ου, τό	a porch	a porch, court before a building, vestibule.
G4260	προβαίνω	I go forward	I go forward, advance.
G4261	προβάλλω	I put forth	I thrust forward, put forth (as of branches), produce.
G4262	προβατικός, ή, όν	pertaining to sheep	pertaining to sheep.
G4263	πρόβατον, ου, τό	a sheep	a sheep.
G4264	προβιβάζω	I urge forward	I lead forward, lead on; met: I induce, incite, urge.
G4265	προβλέπομαι	I provide, foresee	I provide, foresee.
G4266	προγίνομαι	I happen previously	I happen (come about) previously.
G4267	προγινώσκω	I know beforehand	I know beforehand, foreknow.
G4268	πρόγνωσις, εως, ἡ	foreknowledge	foreknowledge, previous determination.
G4269	πρόγονος, ου, ὁ	an ancestor	an ancestor.
G4270	προγράφω	I write previously	(a) I write previously (aforetime); I write above (already), (b) I depict or portray openly, (c) I designate beforehand.
G4271	πρόδηλος, ον	evident	manifest to all, evident, very clear.
G4272	προδίδωμι	I give before, betray	I give before, give forth, betray.
G4273	προδότης, ου, ὁ	a betrayer	a betrayer, traitor.
G4274	πρόδρομος, ου, ὁ, ἡ	a precursor, forerunner	a precursor, forerunner, advance guard.
G4275	προείδω	I see beforehand	I see beforehand, am mindful.
G4276	προελπίζω	I hope before	I hope before, am the first to hope.
G4277	προέπω	I say previously, predict	I say previously, predict, proclaim, foretell.
G4278	προενάρχομαι	I begin before	I begin before.
G4279	προεπαγγέλλομαι	I promise beforehand	I promise beforehand.
G4280	προερέω	I say already, predict	I say already, predict, foretell.
G4281	προέρχομαι	I go before, precede	I go forward, go on, advance; I go before, precede.
G4282	προετοιμάζω	I prepare beforehand, predestine	I prepare or appoint beforehand, predestine.
G4283	προευαγγελίζομαι	I preach the gospel beforehand	I preach the gospel beforehand, foretell good tidings.
G4284	προέχω	I excel, surpass	trans: I hold before; mid: I excuse myself; intrans: I project, excel, surpass, have preeminence.
G4285	προηγέομαι	I lead onward by example	I lead onward by example, go before, prefer.
G4286	πρόθεσις, εως, ἡ	the show-bread, predetermination	a setting forth, the show-bread; predetermination, purpose.
G4287	προθεσμία, ας, ἡ	appointed before	appointed before; a previously-appointed time.
G4288	προθυμία, ας, ἡ	inclination, readiness	inclination, readiness, eagerness, willingness, promptness.
G4289	πρόθυμος, ον	eager, ready, willing	eager, ready, willing, prompt.
G4290	προθύμως	readily	readily, eagerly, with a ready mind, cheerfully.
G4291	προΐστημι	I rule	I preside, rule over, give attention to, direct, maintain, practice diligently.
G4292	προκαλέομαι	I provoke, stimulate	I provoke, stimulate, challenge, call out.
G4293	προκαταγγέλλω	I announce beforehand, promise	I announce beforehand, promise, predict.
G4294	προκαταρτίζω	I prepare beforehand	I prepare or complete beforehand.
G4295	πρόκειμαι	I am set before	I am set (placed, put) before, am already there.
G4296	προκηρύσσω	I preach beforehand	I announce or preach beforehand, announce by herald.
G4297	προκοπή, ῆς, ἡ	progress, advancement	progress, advancement.
G4298	προκόπτω	I advance, make progress	(originally of the pioneer cutting his way through brushwood), I advance, progress, make progress.
G4299	πρόκριμα, ατος, τό	a prejudgment, prejudice	a prejudgment, prejudice, partiality, preference.
G4300	προκυρόω	I establish before	I establish or ratify before.
G4301	προλαμβάνω	I take before, anticipate, am overtaken	I take before, anticipate; pass: I am caught or overtaken, taken by surprise.
G4302	προλέγω	I forewarn	I tell (say) beforehand, forewarn, declare, tell plainly.
G4303	προμαρτύρομαι	I predict	I predict, testify or protest beforehand.
G4304	προμελετάω	I meditate beforehand, prepare	I meditate beforehand, prepare, get up, premeditate.
G4305	προμεριμνάω	I am anxious beforehand	I am anxious beforehand, ponder beforehand.
G4306	προνοέω	I provide for	I take thought for beforehand, provide for, practice.
G4307	πρόνοια, ας, ἡ	forethought, foresight	forethought, foresight, provision for, providence.
G4308	προοράω	I foresee	I see beforehand, foresee, see previously, am mindful of; mid: I pay regard to, set before me.
G4309	προορίζω	I foreordain, predetermine	I foreordain, predetermine, mark out beforehand.
G4310	προπάσχω	I suffer previously	I suffer previously.
G4311	προπέμπω	I send forward, accompany	I send forward, accompany, equip for a journey.
G4312	προπετής, ές	impulsive, rash, reckless	impulsive, rash, reckless.
G4313	προπορεύομαι	I precede, pass on before	I precede, pass on before, go before.
G4314	πρός	to, towards, with	to, towards, with.
G4315	προσάββατον, ου, τό	the day before the Sabbath	the day before the Sabbath.
G4316	προσαγορεύω	I address by name, designate	I address by name, designate, accost.
G4317	προσάγω	I bring near, approach	I bring to, bring near; I come to or towards, approach.
G4318	προσαγωγή, ῆς, ἡ	approach, access	approach, access, admission.
G4319	προσαιτέω	I beg	I beg, ask earnestly, ask for in addition.
G4320	προσαναβαίνω	I go up to, come up to	I go up to, come up to, go up further.
G4321	προσαναλίσκω	I spend in addition	I spend in addition.
G4322	προσαναπληρόω	I supply	I fill up by adding to, supply.
G4323	προσανατίθημι	I consult with	I consult with, communicate, impart.
G4324	προσαπειλέω	I utter additional threats	I utter additional threats.
G4325	προσδαπανάω	I spend in addition	I spend in addition.
G4326	προσδέομαι	I want more	I want more, need in addition.
G4327	προσδέχομαι	I expect, welcome, accept	(a) I await, expect, (b) I receive, welcome (originally: to my house), (c) I accept.
G4328	προσδοκάω	I expect, await	I expect, wait for, await, think, anticipate.
G4329	προσδοκία, ας, ἡ	expectation, waiting	expectation, waiting.
G4330	προσεάω	I permit one to approach	I permit one to approach, permit further.
G4331	προσεγγίζω	I approach	I approach, come near to.
G4332	προσεδρεύω	I wait upon, minister to	I wait upon, minister to, have charge of.
G4333	προσεργάζομαι	I gain	I gain, produce in addition.
G4334	προσέρχομαι	I come near, consent to	I come up to, come to, come near (to), approach, consent (to).
G4335	προσευχή, ῆς, ἡ	prayer, a place for prayer	(a) prayer (to God), (b) a place for prayer (used by Jews, perhaps where there was no synagogue).
G4336	προσεύχομαι	I pray, pray for	I pray, pray for, offer prayer.
G4337	προσέχω	I pay attention to, devote myself to	(a) I attend to, pay attention to, (b) I beware, am cautious, (c) I join, devote myself to.
G4338	προσηλόω	I nail to	I fasten with nails, nail to.
G4339	προσήλυτος, ου, ὁ	a proselyte	(lit: that has come to), a proselyte, that is a non-Jew, who has been circumcised and has adopted the Jews' religion.
G4340	πρόσκαιρος, ον	temporary	for a season, temporary.
G4341	προσκαλέω	I summon	I call to myself, summon.
G4342	προσκαρτερέω	I persist	I persist, persevere in, continue steadfast in; I wait upon.
G4343	προσκαρτέρησις, εως, ἡ	perseverance	perseverance.
G4344	προσκεφάλαιον, ου, τό	a pillow or cushion	a pillow or cushion.
G4345	προσκληρόω	I assign by lot, allot	I assign by lot, allot, associate with, follow as a disciple.
G4346	πρόσκλησις, εως, ἡ	partiality	partiality, an inclination towards.
G4347	προσκολλάω	I join closely, cleave to	(lit: I glue one thing to another), I join (unite) closely, cleave (to), follow as an adherent.
G4348	πρόσκομμα, ατος, τό	a stumbling-block	a stumbling-block, an occasion for falling, a moral embarrassment.
G4349	προσκοπή, ῆς, ἡ	a cause of stumbling	a cause of stumbling, offense, shock.
G4350	προσκόπτω	I stumble	I stumble, strike the foot against, beat upon, take offense at.
G4351	προσκυλίω	I roll to	I roll to, roll up against.
G4352	προσκυνέω	I worship	I go down on my knees to, do obeisance to, worship.
G4353	προσκυνητής, οῦ, ὁ	a worshipper	a worshipper.
G4354	προσλαλέω	I speak to	I speak to, converse with.
G4355	προσλαμβάνω	I take to myself, welcome	(a) I take to myself, (b) I take aside, (c) I welcome.
G4356	πρόσληψις, εως, ἡ	a receiving	a receiving, a taking to one's self, acceptance.
G4357	προσμένω	I remain, persist in	I remain; I abide in, remain in, persist in, adhere to.
G4358	προσορμίζω	I anchor at a place	I anchor at a place.
G4359	προσοφείλω	I owe in addition	I owe besides (in addition).
G4360	προσοχθίζω	I am displeased with	I am displeased or offended with.
G4361	πρόσπεινος, ον	very hungry	very hungry.
G4362	προσπήγνυμι	I fasten to	I fasten to, applied to Christ's being fastened to the cross.
G4363	προσπίπτω	I fall down before, beat against	(a) I fall down before, (b) I beat against, rush violently upon.
G4364	προσποιέω	I pretend, regard	I pretend, regard, make a show of.
G4365	προσπορεύομαι	I approach	I come to, approach.
G4366	προσρήγνυμι	I dash against	I dash against, as waves.
G4367	προστάσσω	I instruct, command, appoint	(a) I instruct, command, (b) I appoint, assign.
G4368	προστάτις, ιδος, ἡ	a female guardian, protector	a female guardian, protector, patroness.
G4369	προστίθημι	I put to, add, do again	I place (put) to, add; I do again.
G4370	προστρέχω	I run to	I run to.
G4371	προσφάγιον, ου, τό	anything eaten with bread	anything eaten with bread, especially fish or meat.
G4372	πρόσφατος, ον	recent, new	(originally: newly slaughtered, freshly killed), recent, new.
G4373	προσφάτως	recently	recently, lately, newly.
G4374	προσφέρω	I bring to, offer	(a) I bring to, (b) characteristically: I offer (of gifts, sacrifices, etc).
G4375	προσφιλής, ές	pleasing, acceptable	pleasing, acceptable, grateful.
G4376	προσφορά, άς, ἡ	an offering, sacrifice	an offering, sacrifice.
G4377	προσφωνέω	I call to, summon	I call to, summon; I call (out) to, address, give a speech to, harangue.
G4378	πρόσχυσις, εως, ἡ	a sprinkling	a pouring upon, an effusion, a sprinkling.
G4379	προσψαύω	I touch lightly	I touch lightly.
G4380	προσωποληπτέω	I show partiality	I favor specially, show partiality.
G4381	προσωπολήπτης, ου, ὁ	one who shows partiality	one who shows partiality.
G4382	προσωποληψία, ας, ἡ	partiality, favoritism	partiality, favoritism.
G4383	πρόσωπον, ου, τό	the face, countenance, surface	the face, countenance, surface.
G4385	προτείνω	I stretch out, tie up	I stretch out, tie up (for scourging), extend before.
G4386	πρότερον	formerly, before	formerly, before.
G4387	πρότερος, α, ον	former, before	former, before, formerly.
G4388	προτίθεμαι	I purpose, design beforehand	I purpose, design beforehand, determine.
G4389	προτρέπω	I encourage, exhort	I encourage, exhort, persuade.
G4390	προτρέχω	I outrun	I run before, outrun, run in advance.
G4391	προϋπάρχω	I have been already	I have been already, have been previously.
G4392	πρόφασις, εως, ἡ	a pretext, an excuse	a pretext, an excuse.
G4393	προφέρω	I produce	I bring forth, produce.
G4394	προφητεία, ας, ἡ	prophecy	prophecy, prophesying; the gift of communicating and enforcing revealed truth.
G4395	προφητεύω	I foretell, prophesy	I foretell, prophesy; I set forth matter of divine teaching by special faculty.
G4396	προφήτης, ου, ὁ	a prophet, poet	a prophet, poet; a person gifted at expositing divine truth.
G4397	προφητικός, ή, όν	prophetic	prophetic, uttered by a prophet.
G4398	προφῆτις, ιδος, ἡ	a prophetess	a prophetess.
G4399	προφθάνω	I anticipate	I anticipate, forestall.
G4400	προχειρίζομαι	I appoint, choose, elect	I appoint, choose, elect, take into hand.
G4401	προχειροτονέω	I designate beforehand	I choose or appoint beforehand.
G4402	Πρόχορος, ου, ὁ	Prochorus	Prochorus, one of the seven original deacons at Jerusalem.
G4403	πρύμνα, ης, ἡ	the stern of a ship	the stern of a ship.
G4404	πρωΐ	early in the morning, at dawn	early in the morning, at dawn.
G4405	πρωΐα, ας, ἡ	early morning	early morning.
G4406	πρώϊμος, η, ον	dawning, early	dawning, early.
G4407	πρωϊνός, ή, όν	belonging to the morning	belonging to the morning, early.
G4408	πρῴρα, ας, ἡ	the prow of a ship	the prow of a ship.
G4409	πρωτεύω	I have preeminence, am chief	I have preeminence, am chief, am first.
G4410	πρωτοκαθεδρία, ας, ἡ	a chief seat	a chief (most honorable) seat.
G4411	πρωτοκλισία, ας, ἡ	the chief place at a banquet	the chief place at a banquet or table.
G4412	πρῶτον	first, before	first, in the first place, before, formerly.
G4413	πρῶτος, η, ον	first, before	first, before, principal, most important.
G4414	πρωτοστάτης, ου, ὁ	a leader, chief	one who stands in the front rank, hence: a leader, ringleader, chief.
G4415	πρωτοτόκια, ων, τά	the birthright	the birthright, the rights of the first-born.
G4416	πρωτότοκος, ον	first-born	first-born, eldest.
G4417	πταίω	I stumble, fall, sin	I stumble, fall, sin, err, transgress.
G4418	πτέρνα, ης, ἡ	the heel	the heel.
G4419	πτερύγιον, ου, τό	an extremity, battlement, parapet	an extremity, battlement, parapet, apex.
G4420	πτέρυξ, υγος, ἡ	a wing	a wing, pinion.
G4421	πτηνός, ή, όν	winged	winged; subst: a bird, fowl.
G4422	πτοέω	I terrify, scare	I terrify, scare, strike with panic.
G4423	πτόησις, εως, ἡ	terror, consternation	terror, consternation, dismay.
G4424	Πτολεμαΐς, ΐδος, ἡ	Ptolemais	Ptolemais, a coast city of Phoenicia, midway between Tyre and Caesarea.
G4425	πτύον, ου, τό	a simple wooden pitchfork	a simple wooden pitchfork; a winnowing-shovel or fan.
G4426	πτύρω	I frighten, terrify	I frighten, terrify.
G4427	πτύσμα, ατος, τό	spittle	spittle, saliva.
G4428	πτύσσω	I fold, roll up	I fold, roll up (as a scroll).
G4429	πτύω	I spit	I spit.
G4430	πτῶμα, ατος, τό	a carcass, corpse	a fall; a carcass, corpse, dead body.
G4431	πτῶσις, εως, ἡ	a falling, a fall	a falling, a fall, ruin.
G4432	πτωχεία, ας, ἡ	beggary, poverty	beggary, poverty, destitution.
G4433	πτωχεύω	I am in poverty	I am in poverty, am a beggar.
G4434	πτωχός, ή, όν	poor, destitute	poor, destitute, spiritually poor, either in a good sense (humble devout persons) or bad.
G4435	πυγμή, ῆς, ἡ	the fist	the fist.
G4436	Πύθων, ωνος, ὁ	a divining spirit	a divining spirit, Python, called after the Pythian serpent said to have guarded the oracle at Delphi and been slain by Apollo.
G4437	πυκνός, ή, όν	frequent, often	frequent, often, much.
G4438	πυκτεύω	I box	I box, am a boxer.
G4439	πύλη, ης, ἡ	a door, gate	a gate.
G4440	πυλών, ῶνος, ὁ	a large gate, a gateway, porch	a large gate; a gateway, porch, vestibule.
G4441	πυνθάνομαι	I ask, inquire	I ask, inquire, ascertain by inquiry, understand.
G4442	πῦρ, πυρός, τό	fire, trials	fire; the heat of the sun, lightning; fig: strife, trials; the eternal fire.
G4443	πυρά, ᾶς, ἡ	a fire	a fire, pile of burning fuel.
G4444	πύργος, ου, ὁ	a tower, fortified structure	a tower, fortified structure.
G4445	πυρέσσω	I am sick with a fever	I am sick with a fever.
G4446	πυρετός, οῦ, ὁ	a fever	a fever, scorching heat.
G4447	πύρινος, η, ον	fiery, glittering	fiery, glittering.
G4448	πυρόω	I burn, am purified by fire	pass: I burn, am set on fire, am inflamed; glow with heat, am purified by fire.
G4449	πυρράζω	I am red	I am red, fire-colored.
G4450	πυρός, ά, όν	red, fire-colored	red, fire-colored.
G4451	πύρωσις, εως, ἡ	a burning, trial, fiery test	a burning, trial, fiery test.
G4453	πωλέω	I sell	I sell, exchange, barter.
G4454	πῶλος, ου, ὁ	a colt, young ass	a colt, young ass, foal.
G4455	πώποτε	at any time, ever	at any time, ever.
G4456	πωρόω	I harden, render callous	I harden, render callous, petrify.
G4457	πώρωσις, εως, ἡ	hardness of heart	hardness of heart, obtuseness.
G4459	πῶς	how, in what manner	how, in what manner, by what means.
G4460	Ῥαάβ, ἡ	Rahab	Rahab, a Canaanitess, who rescued the Hebrew spies at Jericho.
G4461	ῥαββί	Rabbi, my master, teacher	Rabbi, my master, teacher; a title of respect often applied to Christ.
G4462	ῥαββουνί	Rabbi, my master	Rabbi, my master, teacher; a title of respect often applied to Christ.
G4463	ῥαβδίζω	I beat with rods, scourge	I beat with rods, scourge.
G4464	ῥάβδος, ου, ἡ	a rod, staff	a rod, staff, staff of authority, scepter.
G4465	ῥαβδοῦχος, ου, ὁ	a lictor, Roman officer	a holder of the rods, a lictor, Roman officer, judge.
G4466	Ῥαγαῦ, ὁ	Ragau, Reu	Ragau (or Reu), an ancestor of Jesus.
G4467	ῥᾳδιούργημα, ατος, τό	an act of villainy	a careless action, an act of villainy.
G4468	ῥᾳδιουργία, ας, ἡ	craftiness, villainy	craftiness, villainy, recklessness, wickedness.
G4469	ῥακά	empty, foolish	empty, foolish.
G4470	ῥάκος, ους, τό	a piece of cloth	a piece of cloth, a remnant torn off.
G4471	Ῥαμά, ἡ	Rama	Rama, a place in Ephraim, two hours north of Jerusalem.
G4472	ῥαντίζω	I sprinkle	I sprinkle, cleanse ceremonially by sprinkling.
G4473	ῥαντισμός, οῦ, ὁ	sprinkling, purification	sprinkling, purification.
G4474	ῥαπίζω	I slap, strike	I slap, strike, smite with the hand.
G4475	ῥάπισμα, ατος, τό	a slap	a slap, blow on the cheek with the open hand.
G4476	ῥαφίς, ίδος, ἡ	a needle	a needle.
G4477	Ῥαχάβ, ἡ	Rahab	Rahab, a Canaanitess, who rescued the Hebrew spies at Jericho.
G4478	Ῥαχήλ, ἡ	Rachel	Rachel, younger wife of the patriarch Jacob.
G4479	Ῥεβέκκα, ας, ἡ	Rebecca	Rebecca, wife of the patriarch Isaac.
G4480	ῥέδα, ης, ἡ	a chariot	a chariot.
G4481	Ῥεμφάν, ὁ	Rephan, Saturn	Rephan, the Saturn of later mythology.
G4482	ῥέω	I flow	I flow, overflow with.
G4484	Ῥήγιον, ου, τό	Rhegium	Rhegium, a city in the south-west corner of Italy opposite Sicily (modern Reggio).
G4485	ῥῆγμα, ατος, τό	a ruin	what is broken, a ruin.
G4486	ῥήγνυμι, ῥήσσω	I break, break forth	I rend, break asunder; I break forth (into speech); I throw or dash down.
G4487	ῥῆμα, ατος, τό	a thing spoken	a thing spoken, (a) a word or saying of any kind, as command, report, promise, (b) a thing, matter, business.
G4488	Ῥησά, ὁ	Rhesa	Rhesa, an ancestor of Jesus.
G4489	ῥήτωρ, ορος, ὁ	an orator	an orator, public speaker, advocate.
G4490	ῥητῶς	in so many words	expressly, explicitly, in so many words.
G4491	ῥίζα, ης, ἡ	a root, that which comes from the root	a root, shoot, source; that which comes from the root, a descendent.
G4492	ῥιζόω	I root, fix by the root	I cause to take root; met: I plant, fix firmly, establish.
G4493	ῥιπή, ῆς, ἡ	a glance, twinkle (of the eye)	a glance, twinkle or flash of the eye; a rush of wind or flame; any rapid movement.
G4494	ῥιπίζω	I toss to and fro	I toss to and fro, fan, blow.
G4495	ῥιπτέω	I throw away	I throw off or away, cast, hurl.
G4496	ῥίπτω	I throw, cast, toss	I throw, cast, toss, set down; pass: I am dispersed.
G4497	Ῥοβοάμ, ὁ	Rehoboam	Rehoboam, son of Solomon, and King of Israel.
G4498	Ῥόδη, ης, ἡ	Rhoda	Rhoda, a maidservant in the house of John Mark's mother at Jerusalem.
G4499	Ῥόδος, ου, ἡ	Rhodes	Rhodes, an island in the Aegean sea, south-west of Asia Minor.
G4500	ῥοιζηδόν	with a great noise	with a great noise, with a rushing sound.
G4501	ῥομφαία, ας, ἡ	a sword, piercing grief	a sword, scimitar; fig: war, piercing grief.
G4502	Ῥουβίμ, ὁ	Reuben	Reuben, eldest son of the patriarch Jacob and founder of a tribe.
G4503	Ῥούθ, ἡ	Ruth	Ruth, wife of Boaz and mother of Obed.
G4504	Ῥοῦφος, ου, ὁ	Rufus	Rufus, a Christian man in Rome, probably to be identified with the brother of Alexander and son of Simon of Cyrene.
G4505	ῥύμη, ης, ἡ	a street, lane	a narrow street or lane in a town or city.
G4506	ῥύομαι	I rescue	I rescue, deliver (from danger or destruction).
G4507	ῥυπαρία, ας, ἡ	filth, pollution	filth, pollution, defilement.
G4508	ῥυπαρός, ά, όν	filthy, defiled	filthy, defiled, dirty.
G4509	ῥύπος, ου, ὁ	filth, dirt	filth, filthiness, dirt, squalor.
G4510	ῥυπαρεύομαι	I am filthy	I am filthy; hence (morally): I am stained with sin.
G4511	ῥύσις, εως, ἡ	a flowing, an issue	a flowing, an issue.
G4512	ῥυτίς, ίδος, ἡ	a wrinkle, spiritual defect	a wrinkle; fig: a spiritual defect, flaw.
G4513	Ῥωμαϊκός, ή, όν	Roman, Latin	Roman, Latin.
G4514	Ῥωμαῖος, α, ον	Roman, a Roman citizen	Roman; subst: a Roman citizen.
G4515	Ῥωμαϊστί	in the Latin language	in the Latin language.
G4516	Ῥώμη, ης, ἡ	Rome	Rome, the famous city on the Tiber, the capital of the Roman Empire.
G4517	ῥώννυμι	I strengthen, farewell	I strengthen, render firm; imperative at the end of letters: farewell.
G4518	σαβαχθανί	thou hast forsaken me	thou hast forsaken me.
G4519	σαβαώθ	hosts, armies	hosts, armies.
G4520	σαββατισμός, οῦ, ὁ	a Sabbath rest	a keeping of the Sabbath, a Sabbath rest.
G4521	σάββατον, ου, τό	the Sabbath, a week	the Sabbath, a week.
G4522	σαγήνη, ης, ἡ	a fishing-net	a fishing-net.
G4523	Σαδδουκαῖος, ου, ὁ	a Sadducee	a Sadducee, a member of the aristocratic party among the Jews, from whom the high-priests were almost invariably chosen.
G4524	Σαδώκ, ὁ	Zadok	Zadok, an ancestor of Jesus.
G4525	σαίνω	I move, disturb	I fawn upon, flatter, beguile; pass: I am perturbed.
G4526	σάκκος, ου, ὁ	sack-cloth	sack-cloth, a sign of mourning.
G4527	Σαλά, ὁ	Sala	Sala, the name of two of the ancestors of Jesus.
G4528	Σαλαθιήλ, ὁ	Salathiel	Salathiel, son of Jechoniah.
G4529	Σαλαμίς, ῖνος, ἡ	Salamis	Salamis, a city at the eastern end of Cyprus.
G4531	σαλεύω	I shake, excite	I shake, excite, disturb in mind, stir up, drive away.
G4532	Σαλήμ, ἡ	Salem	Salem, doubtless identical with Jerusalem.
G4533	Σαλμών, ὁ	Salmon	Salmon, son of Nahshon and father of Boaz.
G4534	Σαλμώνη, ης, ἡ	Salmone	Salmone, a promontory on the east of Crete.
G4535	σάλος, ου, ὁ	the tossing of the sea in a tempest	the tossing of the sea in a tempest; agitation, rolling.
G4536	σάλπιγξ, ιγγος, ἡ	a trumpet	a trumpet, the sound of a trumpet.
G4537	σαλπίζω	I sound a trumpet	I sound a trumpet.
G4538	σαλπιστής, οῦ, ὁ	a trumpeter	a trumpeter.
G4539	Σαλώμη, ης, ἡ	Salome	Salome, wife of Zebedee and mother of James and John, the apostles.
G4540	Σαμάρεια, ας, ἡ	Samaria	Samaria, a small district of Palestine, bounded by Galilee on the north, and by Judaea on the south, and taking its name from the city of Samaria, the ancient capital of the kingdom of (northern) Israel.
G4541	Σαμαρείτης, ου, ὁ	a Samaritan	a Samaritan.
G4542	Σαμαρεῖτις, ιδος, ἡ	a Samaritan woman	a Samaritan woman.
G4543	Σαμοθρᾴκη, ης, ἡ	Samothrace	Samothrace, an island south of the province of Thrace.
G4544	Σάμος, ου, ἡ	Samos	Samos, an island in the Aegean sea off the coast of Asia Minor, near Ephesus and Miletus.
G4545	Σαμουήλ, ὁ	Samuel	Samuel, a Hebrew prophet.
G4546	Σαμψών, ὁ	Samson	Samson, one of the Judges of Israel.
G4547	σανδάλιον, ου, τό	a sandal	a sandal.
G4548	σανίς, ίδος, ἡ	a plank, board	a plank, board.
G4549	Σαούλ, ὁ	Saul	Saul, (a) the first king of Israel, (b) the Hebrew name of the Apostle to the Gentiles.
G4550	σαπρός, ά, όν	rotten, useless, corrupt	rotten, useless, corrupt, depraved.
G4551	Σαπφείρη, ης, ἡ	Sapphira	Sapphira, wife of Ananias, an early Christian.
G4552	σάπφειρος, ου, ἡ	a sapphire	a sapphire.
G4553	σαργάνη, ης, ἡ	a basket	a basket, generally of twisted cords.
G4554	Σάρδεις, εων, αἱ	Sardis	Sardis, an ancient city of Lydia in the province of Asia.
G4556	σάρδιον, ου, τό	carnelian	carnelian, a precious stone.
G4557	σαρδόνυξ, υχος, ὁ	sardonyx	sardonyx, a precious stone, white streaked with red.
G4558	Σάρεπτα, ων, τά	Zarephath	Zarephath, a town in the district of Sidon in Phoenicia.
G4559	σαρκικός, ή, όν	fleshly, carnal	fleshly, carnal, earthly.
G4560	σάρκινος, η, ον	consisting of flesh	fleshly, consisting of flesh, carnal.
G4561	σάρξ, σαρκός, ἡ	flesh, body	flesh, body, human nature, materiality; kindred.
G4562	Σερούχ, ὁ	Serug	Serug, an ancestor of Jesus.
G4563	σαρόω	I sweep	I sweep, cleanse by sweeping.
G4564	Σάρρα, ας, ἡ	Sarah	Sarah, wife of Abraham.
G4565	Ασσαρών, ῶνος, ὁ	Sharon	Sharon, the maritime plain between Carmel and Joppa.
G4566	Σατᾶν, ὁ	Satan	Satan.
G4567	Σατανᾶς, ᾶ, ὁ	an adversary, Satan	an adversary, Satan.
G4568	σάτον, ου, τό	nearly three English gallons	a large measure equal to nearly three English gallons.
G4569	Σαῦλος, ου, ὁ	Saul, the apostle	Saul, the apostle.
G4570	σβέννυμι	I extinguish, suppress	(a) I extinguish, quench, (b) I suppress, thwart.
G4572	σεαυτοῦ, ῆς, οῦ	of yourself	of yourself.
G4573	σεβάζομαι	I worship	I worship, stand in awe of.
G4574	σέβασμα, ατος, τό	an object of worship	an object of worship or veneration.
G4575	Σεβαστός, ή, όν	august, venerated	(official Greek equivalent of Augustus), venerated, august, a title of the Roman emperors; hence secondarily: Augustan, imperial.
G4576	σέβομαι	I reverence, worship	I reverence, worship, adore.
G4577	σειρά, ᾶς, ἡ	a chain	a chain.
G4578	σεισμός, οῦ, ὁ	an earthquake, storm	a shaking (as an earthquake); a storm.
G4579	σείω	I shake	I shake; fig: I agitate, stir up.
G4580	Σεκοῦνδος, ου, ὁ	Secundus	Secundus, a Christian of Thessalonica.
G4581	Σελεύκεια, ας, ἡ	Seleucia	Seleucia, on the Syrian coast, the harbor of Syrian Antioch.
G4582	σελήνη, ης, ἡ	the moon	the moon.
G4583	σεληνιάζομαι	I am a lunatic	I am a lunatic, am moonstruck, epileptic.
G4584	Σεμεΐ, ὁ	Semein	Semein, an ancestor of Jesus.
G4585	σεμίδαλις, εως, ἡ	the finest wheaten flour	the finest wheaten flour.
G4586	σεμνός, ή, όν	honorable	venerable, honorable, grave, serious, dignified.
G4587	σεμνότης, τητος, ἡ	dignity, honor	dignity, honor, gravity, seriousness.
G4588	Σέργιος, ου, ὁ	Sergius	Sergius, the middle (gentile) name of the proconsul of Cyprus.
G4589	Σήθ, ὁ	Seth	Seth, third son of Adam.
G4590	Σήμ, ὁ	Shem	Shem, a son of Noah.
G4591	σημαίνω	I signify, indicate	I signify, indicate, give a sign, make known.
G4592	σημεῖον, ου, τό	a sign, miracle, indication	a sign, miracle, indication, mark, token.
G4593	σημειόομαι	I note	I note, mark for myself.
G4594	σήμερον	today, now	today, now.
G4595	σήπω	I cause to rot	I cause to rot, make corrupt.
G4596	σηρικός, ή, όν	silken	silken, silk.
G4597	σής, σητός, ὁ	a moth	a moth.
G4598	σητόβρωτος, ον	moth-eaten	moth-eaten.
G4599	σθενόω	I strengthen	I strengthen.
G4600	σιαγών, όνος, ἡ	the jawbone, cheek	the jawbone, cheek, jaw.
G4601	σιγάω	I keep silent	intrans: I am silent, keep silence; trans: I keep secret; pass: I am kept secret.
G4602	σιγή, ῆς, ἡ	silence	silence.
G4603	σιδήρεος, έα, εον	made of iron	made of iron.
G4604	σίδηρος, ου, ὁ	iron	iron.
G4605	Σιδών, ῶνος, ἡ	Sidon	Sidon, a great coast city of Phoenicia.
G4606	Σιδώνιος, ία, ιον	Sidonian	Sidonian, inhabitant of Sidon.
G4607	σικάριος, ου, ὁ	an assassin, murderer	an assassin, murderer, bandit; one of the Sicarii.
G4608	σίκερα, τό	intoxicating drink	intoxicating drink.
G4609	Σίλας, ᾶ, ὁ	Silas	Silas, a pet-form of the name "Silvanus"; a Roman citizen and a helper of Paul.
G4610	Σιλουανός, οῦ, ὁ	Silvanus	Silvanus, a Roman citizen and a helper of Paul.
G4611	Σιλωάμ, ὁ	Siloam	Siloam, a spring within the walls, in the south-east corner of Jerusalem.
G4612	σιμικίνθιον, ου, τό	an apron	an apron worn by artisans.
G4613	Σίμων, ωνος, ὁ	Simon	Simon.
G4614	Σινᾶ, τό	Sinai	Sinai, a mountain in Arabia.
G4615	σίναπι, εως, ἡ	mustard	mustard (probably the shrub, not the herb).
G4616	σινδών, όνος, ἡ	a linen cloth	fine linen, a linen cloth.
G4617	σινιάζω	I sift, prove by trials	I sift, prove by trials, winnow.
G4618	σιτευτός, ή, όν	fattened	fattened, fatted.
G4619	σιτιστός, ή, όν	fattened	fattened; subst: a fatling, cattle.
G4620	σιτομέτριον, ου, τό	a measured portion of grain or food	a measured portion of grain or food.
G4621	σῖτος, ου, ὁ	wheat, grain	wheat, grain.
G4622	Σιών, ἡ	Zion	Zion, the hill; used for Jerusalem or heaven.
G4623	σιωπάω	I keep silence	I keep silence, am silent, either voluntarily or involuntarily.
G4624	σκανδαλίζω	I cause to stumble	I cause to stumble, cause to sin, cause to become indignant, shock, offend.
G4625	σκάνδαλον, ου, τό	a snare, stumbling-block	a snare, stumbling-block, cause for error.
G4626	σκάπτω	I dig	I dig, excavate.
G4627	σκάφη, ης, ἡ	a boat	a boat; any hollow vessel.
G4628	σκέλος, ους, τό	the leg	the leg (from the hip downwards).
G4629	σκέπασμα, ατος, τό	clothing	clothing, a covering, raiment.
G4630	Σκευᾶς, ᾶ, ὁ	Sceva	Sceva, an inhabitant of Ephesus.
G4631	σκευή, ῆς, ἡ	tackle, fittings	tackle, fittings, equipment.
G4632	σκεῦος, ους, τό	a vessel to contain liquid, utensil, tackle	a vessel to contain liquid; a vessel of mercy or wrath; any instrument by which anything is done; a household utensil; of ships: tackle.
G4633	σκηνή, ῆς, ἡ	a tent, tabernacle	a tent, booth, tabernacle, abode, dwelling, mansion, habitation.
G4634	σκηνοπηγία, ας, ἡ	the feast of tabernacles	the feast of tabernacles, the great festival of the Jews, held in October.
G4635	σκηνοποιός, οῦ, ὁ	a tent-maker	a tent-maker.
G4636	σκῆνος, ους, τό	a tent	a tent, tabernacle; fig: of the human body.
G4637	σκηνόω	I dwell as in a tent, encamp	I dwell as in a tent, encamp, have my tabernacle.
G4638	σκήνωμα, ατος, τό	a dwelling	a tent pitched, a dwelling, tabernacle.
G4639	σκιά, ᾶς, ἡ	a shadow, thick darkness, an outline	a shadow, shade, thick darkness, an outline.
G4640	σκιρτάω	I leap for joy	I leap (for joy), skip, bound.
G4641	σκληροκαρδία, ας, ἡ	hardness of heart	hardness of heart, perverseness, obstinacy.
G4642	σκληρός, ά, όν	hard, violent, harsh, stern	hard, violent, harsh, stern.
G4643	σκληρότης, τητος, ἡ	hardness of heart	hardness, hardness of heart, obstinacy, perverseness.
G4644	σκληροτράχηλος, ον	stubborn	stiff-necked, stubborn, obstinate.
G4645	σκληρύνω	I harden	I harden, make hard, make stubborn.
G4646	σκολιός, ά, όν	crooked, perverse, unfair	crooked, perverse, unfair, curved, tortuous.
G4647	σκόλοψ, οπος, ὁ	a stake or thorn	a stake or thorn; fig: a sharp affliction.
G4648	σκοπέω	regard attentively, take heed	I look at, regard attentively, take heed, beware, consider.
G4649	σκοπός, οῦ, ὁ	a goal	a watcher; a goal, a mark aimed at.
G4650	σκορπίζω	I disperse	I disperse, scatter abroad (as of sheep); I dissipate, waste; I distribute alms.
G4651	σκορπίος, ου, ὁ	a scorpion	a scorpion.
G4652	σκοτεινός, ή, όν	full of darkness, dark	full of darkness, dark.
G4653	σκοτία, ας, ἡ	darkness	darkness; fig: spiritual darkness.
G4654	σκοτίζω	I darken	I darken.
G4655	σκότος, ους, τό	darkness	darkness, either physical or moral.
G4656	σκοτόω	I darken	(lit. or met.) I darken.
G4657	σκύβαλον, ου, τό	refuse, dregs	refuse, dregs, dung.
G4658	Σκύθης, ου, ὁ	a Scythian	a Scythian, as typical of the uncivilized.
G4659	σκυθρωπός, ή, όν	gloomy, sad-countenanced	gloomy, sad-countenanced.
G4660	σκύλλω	I flay, trouble, annoy	I flay, trouble, annoy, vex.
G4661	σκῦλον, ου, τό	spoil taken from a foe	spoil taken from a foe.
G4662	σκωληκόβρωτος, ον	eaten by worms	eaten by worms.
G4663	σκώληξ, ηκος, ὁ	a gnawing worm	a gnawing worm; gnawing anguish.
G4664	σμαράγδινος, η, ον	made of emerald	made of emerald, emerald-green.
G4665	σμάραγδος, ου, ὁ	an emerald	an emerald.
G4666	σμύρνα, ης, ἡ	myrrh	myrrh.
G4667	Σμύρνα, ης, ἡ	Smyrna	Smyrna, a great port of the Roman province Asia.
G4669	σμυρνίζω	I mingle with myrrh	I mingle with myrrh.
G4670	Σόδομα, ων, τά	Sodom	Sodom.
G4672	Σολομών, ῶνος, ὁ	Solomon	Solomon, son of David King of Israel, and Bathsheba.
G4673	σορός, οῦ, ἡ	a bier, an open coffin	a bier, an open coffin.
G4674	σός, σή, σόν	yours, thy, thine	yours, thy, thine.
G4676	σουδάριον, ου, τό	a handkerchief	a handkerchief, napkin.
G4677	Σουσάννα, ης, ἡ	Susannah	Susannah, a woman of the retinue of Jesus.
G4678	σοφία, ας, ἡ	wisdom	wisdom, insight, skill (human or divine), intelligence.
G4679	σοφίζω	I make wise	I make wise, instruct; pass: I am skillfully devised.
G4680	σοφός, ή, όν	wise	wise, learned, cultivated, skilled, clever.
G4681	Σπανία, ας, ἡ	Spain	Spain, roughly co-extensive with the modern country of the name.
G4682	σπαράσσω	I convulse	I convulse, throw into spasms.
G4683	σπαργανόω	I wrap in swaddling clothes	I swathe, wrap in swaddling clothes.
G4684	σπαταλάω	I live extravagantly	I live extravagantly, luxuriously; I am wanton.
G4685	σπάω	I draw (as a sword)	I draw (as a sword), pull.
G4686	σπεῖρα, ης, ἡ	a cohort	a cohort, the tenth part of a legion; a military guard.
G4687	σπείρω	I sow, spread, scatter	I sow, spread, scatter.
G4688	σπεκουλάτωρ, ορος, ὁ	a body-guardsman, an executioner	a body-guardsman; an executioner.
G4689	σπένδω	I pour out as a libation	I pour out as a libation.
G4690	σπέρμα, ατος, τό	seed, offspring	(a) seed, commonly of cereals, (b) offspring, descendents.
G4691	σπερμολόγος, ου, ὁ	a babbler	a babbler, gossiper, one who picks up seeds and trifles as does a bird.
G4692	σπεύδω	I hasten, desire earnestly	I hasten, urge on, desire earnestly.
G4693	σπήλαιον, ου, τό	a cave, den	a cave, den, hideout.
G4694	σπιλάς, άδος, ἡ	a hidden rock, false teacher	a hidden rock; fig: a flaw, stigma.
G4695	σπιλόω	I defile, spot	I defile, spot, stain, soil.
G4696	σπῖλος, ου, ὁ	a spot, fault	a spot, fault, stain, blemish.
G4697	σπλαγχνίζομαι	I have pity on	I feel compassion, have pity on, am moved.
G4698	σπλάγχνα, ων, τά	bowels, compassion, pity	the inward parts; the heart, affections, seat of the feelings.
G4699	σπόγγος, ου, ὁ	a sponge	a sponge.
G4700	σποδός, οῦ, ἡ	ashes	ashes.
G4701	σπορά, ᾶς, ἡ	seed	seed sown, a sowing.
G4702	σπόριμος, ον	sown, sown fields	sown; neut. plur: sown fields.
G4703	σπόρος, ου, ὁ	seed for sowing	seed for sowing.
G4704	σπουδάζω	I hasten	I hasten, am eager, am zealous.
G4705	σπουδαῖος, α, ον	diligent, earnest	diligent, earnest, zealous, eager.
G4706	σπουδαιότερον	more diligently	more diligently, earnestly, eagerly, zealously.
G4708	σπουδαιοτέρως	more earnestly, more carefully	more earnestly, diligently, zealously.
G4709	σπουδαίως	diligently, earnestly	diligently, earnestly, zealously.
G4710	σπουδή, ῆς, ἡ	haste, diligence	(a) speed, haste, (b) diligence, earnestness, enthusiasm.
G4711	σπυρίς, ίδος, ἡ	a plaited basket	a plaited basket.
G4712	στάδιον, ου, τό	one eighth of a Roman mile	(a) a stadium, one eighth of a Roman mile, (b) a race-course for public games.
G4713	στάμνος, ου, ὁ, ἡ	a jar or vase	a jar or vase.
G4714	στάσις, εως, ἡ	standing, place, dissension	an insurrection, dissension; originally: standing, position, place.
G4715	στατήρ, ῆρος, ὁ	a Jewish shekel	an Attic silver coin equal in value to the Jewish shekel.
G4716	σταυρός, οῦ, ὁ	a cross	a cross.
G4717	σταυρόω	I crucify	I fix to the cross, crucify; fig: I destroy, mortify.
G4718	σταφυλή, ῆς, ἡ	a grape, cluster of grapes	a grape, cluster of grapes.
G4719	στάχυς, υος, ὁ	a head of grain	a head of grain.
G4720	Στάχυς, υος, ὁ	Stachys	Stachys, a Christian man at Rome.
G4721	στέγη, ης, ἡ	a flat roof of a house	a flat roof of a house.
G4722	στέγω	I cover, conceal, bear with	I cover, conceal, ward off, bear with, endure patiently.
G4723	στεῖρος, α, ον	barren	barren.
G4724	στέλλω	I arrange, take care, withdraw from	I set, arrange; mid: I provide for, take care, withdraw from, hold aloof, avoid.
G4725	στέμμα, ατος, τό	a garland	a garland, wreath, crown.
G4726	στεναγμός, οῦ, ὁ	a groaning	a groaning, sighing.
G4727	στενάζω	I groan	I groan, expressing grief, anger, or desire.
G4728	στενός, ή, όν	narrow	narrow, strait.
G4729	στενοχωρέω	I press upon, cramp, restrain	(I keep some one in a tight place), I press upon, cramp, restrain.
G4730	στενοχωρία, ας, ἡ	a narrow space, great distress	a narrow space, great distress, anguish.
G4731	στερεός, ά, όν	solid, firm, steadfast	solid, firm, steadfast.
G4732	στερεόω	I strengthen, confirm, establish	I strengthen, confirm, establish, settle.
G4733	στερέωμα, ατος, τό	firmness, steadfastness	firmness, steadfastness, constancy.
G4734	Στεφανᾶς, ᾶ, ὁ	Stephanas	Stephanas, a Corinthian Christian.
G4735	στέφανος, ου, ὁ	a crown, garland	a crown, garland, honor, glory.
G4736	Στέφανος, ου, ὁ	Stephen	Stephen, one of the seven original deacons at Jerusalem, and the first martyr.
G4737	στεφανόω	I crown, adorn	I crown, adorn, decorate.
G4738	στῆθος, ους, τό	the breast	the breast, chest.
G4739	στήκω	I stand fast, persevere	I stand fast, stand firm, persevere.
G4740	στηριγμός, οῦ, ὁ	firmness, steadfastness	firmness, steadfastness.
G4741	στηρίζω	I fix firmly, strengthen	(a) I fix firmly, direct myself towards, (b) generally met: I buttress, prop, support; I strengthen, establish.
G4742	στίγμα, ατος, τό	a mark or brand	a mark or brand.
G4743	στιγμή, ῆς, ἡ	a point of time, an instant	a moment, point of time, an instant.
G4744	στίλβω	I shine, glisten, flash	I shine, glisten, flash, am radiant.
G4745	στοά, ᾶς, ἡ	a colonnade, portico	a colonnade, portico.
G4746	στοιβάς, άδος, ἡ	a bough, branch of a tree	a bough, branch of a tree.
G4747	στοιχεῖον, ου, τό	a heavenly body, an element	(a) plur: the heavenly bodies, (b) a rudiment, an element, a rudimentary principle, an elementary rule.
G4748	στοιχέω	I walk	I walk in, walk by.
G4749	στολή, ῆς, ἡ	a long robe	a long robe, worn by the upper classes in the East.
G4750	στόμα, ατος, τό	the mouth, speech	the mouth, speech, eloquence in speech, the point of a sword.
G4751	στόμαχος, ου, ὁ	the stomach	the stomach.
G4752	στρατεία, ας, ἡ	warfare, military service	warfare, military service; of Christian warfare.
G4753	στράτευμα, ατος, τό	an army	an army, detachment of troops.
G4754	στρατεύομαι	I wage war, fight	I wage war, fight, serve as a soldier; fig: of the warring lusts against the soul.
G4755	στρατηγός, οῦ, ὁ	a general, magistrate, captain of the temple	(a) a general or leader of the army, (b) a magistrate or governor, (c) captain of the temple.
G4756	στρατιά, ᾶς, ἡ	an army, host of angels	an army; met: a host of angels, the hosts of heaven (i.e. the stars).
G4757	στρατιώτης, ου, ὁ	a soldier	a soldier.
G4758	στρατολογέω	I enlist troops	I collect an army, enlist troops.
G4759	στρατοπεδάρχης, ου, ὁ	commander of the Roman emperor's body-guard	commander of the Roman emperor's body-guard.
G4760	στρατόπεδον, ου, τό	an encamped army	an encamped army.
G4761	στρεβλόω	I rack, pervert, twist	I twist, torture; met: I twist or pervert language.
G4762	στρέφω	I turn, am converted, change	I turn, am converted, change, change my direction.
G4763	στρηνιάω	I live luxuriously	I live luxuriously, revel, riot.
G4764	στρῆνος, ους, τό	wantonness, luxury	wantonness, luxury.
G4765	στρουθίον, ου, τό	a small bird, sparrow	a small bird, sparrow.
G4766	στρωννύω	I spread, make a bed	I spread, make a bed.
G4767	στυγητός, ή, όν	hateful, detestable	hateful, detestable, disgusting.
G4768	στυγνάζω	I am gloomy	I am gloomy, have a somber countenance, am shocked.
G4769	στῦλος, ου, ὁ	a pillar	a pillar, support, column.
G4770	Στωϊκός, ή, όν	Stoic	Stoic.
G4771	σύ, σοῦ, σοί, σέ	you	you.
G4772	συγγένεια, ας, ἡ	kindred, family	kindred, family.
G4773	συγγενής, ές	akin, a relative	akin to, related; subst: fellow countryman, kinsman.
G4774	συγγνώμη, ης, ἡ	permission, indulgence	permission, indulgence, concession.
G4775	συγκάθημαι	I sit with	I sit with.
G4776	συγκαθίζω	I cause to sit down with, sit down together	I cause to sit down with, sit down together.
G4777	συγκακοπαθέω	I suffer hardships together with	I suffer hardships together with.
G4778	συγκακουχέω	I suffer ill-treatment with	I suffer ill-treatment with.
G4779	συγκαλέω	I call together	I call together.
G4780	συγκαλύπτω	I conceal closely, cover up wholly	I conceal closely, cover up wholly.
G4781	συγκάμπτω	I oppress, bend together	I oppress, bend together.
G4782	συγκαταβαίνω	I go down with	I go down with.
G4783	συγκατάθεσις, εως, ἡ	assent, agreement	assent, agreement, concord, alliance.
G4784	συγκατατίθημι	I give a vote with, assent to	I give a vote with, assent to.
G4785	συγκαταψηφίζω	I am voted or classed with	I am voted or classed with.
G4786	συγκεράννυμι	I mix with, unite	I mix with, unite.
G4787	συγκινέω	I move together, stir up	I move together, stir up, excite.
G4788	συγκλείω	I enclose, shut in	I enclose, shut in, make subject to.
G4789	συγκληρονόμος, ου, ὁ, ἡ	a joint heir, participant	a joint heir, participant.
G4790	συγκοινωνέω	I have fellowship with	I am a partaker with, have fellowship with, am an accomplice in.
G4791	συγκοινωνός, ου, ὁ, ἡ	a partaker with, co-partner	a partaker with, co-partner.
G4792	συγκομίζω	I bear away together with	I bear away together with, as in carrying away a corpse.
G4793	συγκρίνω	I combine, compare	I join together, combine, compare, interpret, explain.
G4794	συγκύπτω	I am bent double	I am bowed together, bent double.
G4795	συγκυρία, ας, ἡ	a coincidence, accident, chance	a coincidence, accident, chance.
G4796	συγχαίρω	I rejoice with	I rejoice with, congratulate.
G4797	συγχέω	I bewilder, stir up	I bewilder, stir up, throw into confusion.
G4798	συγχράομαι	I have dealings with	I have dealings with.
G4799	σύγχυσις, εως, ἡ	confusion, disturbance	confusion, disturbance.
G4800	συζάω	I live together with	I live together with.
G4801	συζεύγνυμι	I unite	I yoke together, unite (as man and wife).
G4802	συζητέω	I seek together, discuss, dispute	I seek together, discuss, dispute.
G4803	συζήτησις, εως, ἡ	mutual questioning, disputation	mutual questioning, disputation.
G4804	συζητητής, οῦ, ὁ	a disputer	a disputer, as the Greek sophists.
G4805	σύζυγος, ου, ὁ	a yoke-fellow, colleague	a yoke-fellow, colleague.
G4806	συζωοποιέω	I make alive together with	I make alive together with.
G4807	συκάμινος, ου, ἡ	a sycamore tree	a sycamore tree, black mulberry tree.
G4808	συκῆ, ῆς, ἡ	a fig-tree	a fig-tree.
G4809	συκομωραία, ας, ἡ	a sycamore tree	a sycamore tree.
G4810	σῦκον, ου, τό	a fig	a (ripe) fig.
G4811	συκοφαντέω	I accuse falsely, defraud	I accuse falsely, defraud.
G4812	συλαγωγέω	I plunder	I plunder, lead captive; met: I make victim by fraud.
G4813	συλάω	I rob, plunder	I rob, plunder, strip.
G4814	συλλαλέω	I talk with	I talk with, discuss.
G4815	συλλαμβάνω	I seize, apprehend, become pregnant	I seize, apprehend, assist, conceive, become pregnant.
G4816	συλλέγω	I collect, gather	I collect, gather.
G4817	συλλογίζομαι	I reason	I reason, reckon with myself, consider.
G4818	συλλυπέομαι	I am grieved	I am moved to grief by sympathy.
G4819	συμβαίνω	I happen, occur	I happen, occur, meet.
G4820	συμβάλλω	I ponder, encounter, confer or dispute with	properly: I throw together, hence: I ponder, come up with, encounter, with or without hostile intent; I dispute with; mid: I confer, consult with, contribute.
G4821	συμβασιλεύω	I reign together with	I reign together with.
G4822	συμβιβάζω	I unite, prove, instruct	(a) I unite or knit together, (b) I put together in reasoning, and so: I conclude, prove, (c) I teach, instruct.
G4823	συμβουλεύω	I give advice	I give advice, exhort; mid: I take counsel together, consult.
G4824	συμβούλιον, ου, τό	a council, advice	(a) a body of advisers (assessors) in a court, a council, (b) abstr: consultation, counsel, advice; resolution, decree.
G4825	σύμβουλος, ου, ὁ	an adviser, counselor	an adviser, counselor.
G4826	Συμεών, ὁ	Simeon or Simon	Simeon or Simon.
G4827	συμμαθητής, οῦ, ὁ	a fellow-disciple	a fellow disciple.
G4828	συμμαρτυρέω	I bear witness together with	I bear witness together with.
G4829	συμμερίζομαι	I partake with	I partake with, divide together with, have a share in.
G4830	συμμέτοχος, ον	jointly partaking	jointly partaking.
G4831	συμμιμητής, οῦ, ὁ	a joint imitator	a joint imitator.
G4832	σύμμορφος, ον	similar, conformed to	similar, conformed to.
G4833	συμμορφόω	I bring to the same form with, conform	I bring to the same form with, conform.
G4834	συμπαθέω	I sympathize with, have compassion on	I sympathize with, have compassion on.
G4835	συμπαθής, ές	sympathizing, compassionate	sympathizing, compassionate.
G4836	συμπαραγίνομαι	I come together with, help	I come together with, stand by one, help.
G4837	συμπαρακαλέω	I invite, encourage along with others	I invite, encourage along with others; pass: I share in encouragement with.
G4838	συμπαραλαμβάνω	I take along as a companion	I take along as a companion.
G4839	συμπαραμένω	I remain or continue together with	I remain or continue together with.
G4840	συμπάρειμι	I am present together with	I am present together with.
G4841	συμπάσχω	I suffer together with	I suffer together with, sympathize.
G4842	συμπέμπω	I send together with	I send together with.
G4843	συμπεριλαμβάνω	I embrace completely	I embrace completely.
G4844	συμπίνω	I drink together with	I drink together with.
G4845	συμπληρόω	I fill completely	I fill completely; pass: I am completed.
G4846	συμπνίγω	I choke utterly, crowd upon	I choke utterly, as weeds do plants; I crowd upon.
G4847	συμπολίτης, ου, ὁ	a fellow citizen	a fellow citizen.
G4848	συμπορεύομαι	I journey together with, assemble	I journey together with; I come together, assemble.
G4849	συμπόσιον, ου, τό	a drinking party, festive company	a drinking party, festive company.
G4850	συμπρεσβύτερος, ου, ὁ	a fellow elder	a fellow elder.
G4851	συμφέρω	I collect, am profitable to	I bring together, collect; I am profitable to.
G4852	σύμφημι	I assent to	I assent to, consent, confess, agree with.
G4853	συμφυλέτης, ου, ὁ	a fellow country-man	one of the same tribe, a fellow country-man.
G4854	σύμφυτος, ον	grown together, united with	grown together, united with.
G4855	συμφύω	I grow at the same time	I grow at the same time.
G4856	συμφωνέω	I agree with	I agree with, harmonize with, agree together.
G4857	συμφώνησις, εως, ἡ	harmony, agreement	harmony, agreement, concord.
G4858	συμφωνία, ας, ἡ	harmony of instruments, music	harmony of instruments, music.
G4859	σύμφωνος, ον	harmonious, agreeing with	harmonious, agreeing with.
G4860	συμψηφίζω	I compute, reckon up	I compute, reckon up, count together.
G4861	σύμψυχος, ον	of one accord	of one accord.
G4862	σύν	with	with.
G4863	συνάγω	I gather together	I gather together, collect, assemble, receive with hospitality, entertain.
G4864	συναγωγή, ῆς, ἡ	an assembly, congregation, synagogue	an assembly, congregation, synagogue, either the place or the people gathered together in the place.
G4865	συναγωνίζομαι	I struggle in company with	I struggle in company with, aid.
G4866	συναθλέω	I compete together with others	I compete together with others, cooperate vigorously with.
G4867	συναθροίζω	I gather together, assemble	I gather together, assemble.
G4868	συναίρω	I make a reckoning, settle accounts	I compare (settle) accounts, make a reckoning.
G4869	συναιχμάλωτος, ου, ὁ	a fellow captive	a fellow captive or prisoner.
G4870	συνακολουθέω	I accompany	I accompany, follow together with.
G4871	συναλίζομαι	I am assembled together with	I am assembled together with.
G4872	συναναβαίνω	I go up with	I go up with.
G4873	συνανάκειμαι	I recline at table with	I recline at table with.
G4874	συναναμίγνυμι	I keep company with	I mingle together with, keep company with.
G4875	συναναπαύομαι	I rest along with	I rest along with.
G4876	συναντάω	I meet, encounter	I meet, encounter, fall in with.
G4877	συνάντησις, εως, ἡ	a meeting with	a meeting with.
G4878	συναντιλαμβάνομαι	I assist, help	I lend a hand along with, take interest in (a thing) along with (others), assist jointly to perform some task, cooperate with, take my share in, help, aid.
G4879	συναπάγω	I lead away with, condescend to	I lead away with, carry along with (in good or bad sense according to context); mid: I conform myself willingly to.
G4880	συναποθνῄσκω	I die together with	I die together with.
G4881	συναπόλλυμι	I perish along with	I perish along with.
G4882	συναποστέλλω	I send together with	I send together with.
G4883	συναρμολογέω	I fit together	I fit together, compact.
G4884	συναρπάζω	I seize, drag by force	I seize, drag by force.
G4885	συναυξάνομαι	I grow together	I grow together.
G4886	σύνδεσμος, ου, ὁ	a band, bond	that which binds together; a band, bond.
G4887	συνδέω	I bind together	I bind together; pass: I am bound together with, as of prisoners in chains.
G4888	συνδοξάζω	I glorify together with	I glorify together with.
G4889	σύνδουλος, ου, ὁ	a fellow servant, colleague	a fellow slave, fellow servant; of Christians: a fellow worker, colleague.
G4890	συνδρομή, ῆς, ἡ	a running together	a running together, concourse, mob.
G4891	συνεγείρω	I raise along with	I raise along with.
G4892	συνέδριον, ου, τό	a council, the Sanhedrin	a council, tribunal; the Sanhedrin, the meeting place of the Sanhedrin.
G4893	συνείδησις, εως, ἡ	the conscience	the conscience, a persisting notion.
G4894	σύνοιδα	I know, consider, am privy to	I know, consider, am privy to.
G4895	σύνειμι	I am with	I am with, come together with.
G4896	σύν εἶμι	I come together	I come together.
G4897	συνεισέρχομαι	I enter together with	I enter together with, embark with.
G4898	συνέκδημος, ου, ὁ, ἡ	a fellow traveler	a fellow traveler.
G4899	συνεκλεκτός, ή, όν	fellow-elect	fellow-elect, fellow-chosen.
G4900	συνελαύνω	I compel, urge	I compel, urge, force together.
G4901	συνεπιμαρτυρέω	I unite in bearing witness	I unite in bearing witness, sanction.
G4902	συνέπομαι	I accompany	I accompany, follow with.
G4903	συνεργέω	I work together	I cooperate with, work together.
G4904	συνεργός, οῦ, ὁ	a fellow worker	a fellow worker, associate, helper.
G4905	συνέρχομαι	I come or go with, accompany, assemble	I come or go with, accompany; I come together, assemble.
G4906	συνεσθίω	I eat with	I eat with.
G4907	σύνεσις, εως, ἡ	understanding	a putting together in the mind, hence: understanding, practical discernment, intellect.
G4908	συνετός, ή, όν	intelligent, prudent, wise	intelligent, prudent, wise, understanding, discerning.
G4909	συνευδοκέω	I consent, agree, am of one mind with	I consent, agree, am of one mind with, am willing.
G4910	συνευωχέομαι	I feast sumptuously with	I feast sumptuously with.
G4911	συνεπίστημι	I rise up together against	I rise up together against.
G4912	συνέχω	I press together, confine, compel, am afflicted with	(a) I press together, close, (b) I press on every side, confine, (c) I hold fast, (d) I urge, impel, (e) pass: I am afflicted with (sickness).
G4913	συνήδομαι	I delight inwardly in	I delight inwardly in, congratulate.
G4914	συνήθεια, ας, ἡ	a custom, habit	a custom, habit, practice.
G4915	συνηλικιώτης, ου, ὁ	one of the same age	one of the same age.
G4916	συνθάπτω	I bury along with	I bury along with.
G4917	συνθλάω	I break, break in pieces	I break, break in pieces, crush, shatter.
G4918	συνθλίβω	I crowd upon	I press on all sides, crowd upon.
G4919	συνθρύπτω	I break in pieces, crush, thoroughly weaken	I break in pieces, crush, thoroughly weaken.
G4920	συνίημι	I consider, understand	I consider, understand, perceive.
G4921	συνίστημι, συνιστάνω	I commend, prove, am composed of, cohere	I place together, commend, prove, exhibit; instrans: I stand with; I am composed of, cohere.
G4922	συνοδεύω	I journey with, accompany	I journey with, accompany.
G4923	συνοδία, ας, ἡ	a company traveling together, a caravan	a company traveling together, a caravan.
G4924	συνοικέω	I dwell with, live in wedlock with	I dwell with, live in wedlock with.
G4925	συνοικοδομέω	I build together with	I build together with.
G4926	συνομιλέω	I talk with	I talk with, live with.
G4927	συνομορέω	I am contiguous with	I am contiguous with, am next door to.
G4928	συνοχή, ῆς, ἡ	distress, anguish	distress, anguish, anxiety.
G4929	συντάσσω	I arrange with, direct, appoint	I arrange with, direct, appoint, prescribe, ordain.
G4930	συντέλεια, ας, ἡ	a completion, consummation, end	a completion, consummation, end.
G4931	συντελέω	I fulfill, accomplish	I bring to an end, fulfill, accomplish.
G4932	συντέμνω	I cut short, bring to swift accomplishment	I cut short, bring to swift accomplishment, determine, decide.
G4933	συντηρέω	I preserve, keep safe, keep in mind	I preserve, keep safe, keep in mind, keep close.
G4934	συντίθημι	I make an agreement, agree	mid. and pass: I make a compact (agreement) with (together), covenant with, agree.
G4935	συντόμως	concisely, briefly	concisely, briefly.
G4936	συντρέχω	I run with	I run (rush) together, run with.
G4937	συντρίβω	I break by crushing	I break by crushing, break in pieces, shatter, crush, bruise.
G4938	σύντριμμα, ατος, τό	crushing, destruction	crushing, destruction, calamity.
G4939	σύντροφος, ου, ὁ	a foster brother	one brought up with, a foster brother, an intimate friend.
G4940	συντυγχάνω	I meet with, come to	I meet with, come to, fall in with.
G4941	Συντύχη, ῆς, ἡ	Syntyche	Syntyche, a woman member of the church at Philippi.
G4942	συνυποκρίνομαι	I dissemble with	I dissemble with, play a part with.
G4943	συνυπουργέω	I help together	I help together, join in serving.
G4944	συνωδίνω	I am in travail together	I am in travail together.
G4945	συνωμοσία, ας, ἡ	a conspiracy, plot	a conspiracy, plot.
G4946	Συράκουσαι, ῶν, αἱ	Syracuse	Syracuse.
G4947	Συρία, ας, ἡ	Syria	Syria, a great Roman imperial province, united with Cilicia.
G4948	Σύρος, ου, ὁ	Syrian	Syrian, belonging to Syria.
G4949	Συροφοινίκισσα, ης, ἡ	Syrophoenician	Syrophoenician, i.e. Phoenician (of Syria, in contrast to Carthage and its territory in North Africa).
G4950	Σύρτις, εως, ἡ	Syrtis, quicksand	Syrtis, a quicksand off the coast of North Africa.
G4951	σύρω	I draw, drag	I draw, drag, force away.
G4952	συσπαράσσω	I throw violently on the ground	I throw violently on the ground.
G4953	σύσσημον, ου, τό	a signal agreed upon	a signal agreed upon.
G4954	σύσσωμος, ον	belonging to the same body	belonging to the same body; fig: of Jews and Gentiles belonging to the same Church.
G4955	συστασιαστής, οῦ, ὁ	a fellow insurgent	a fellow insurgent.
G4956	συστατικός, ή, όν	commendatory	commendatory, introductory.
G4957	συσταυρόω	I crucify together with	I crucify together with.
G4958	συστέλλω	I shorten, swathe	I contract, shorten, wrap around, swathe.
G4959	συστενάζω	I groan together	I groan together.
G4960	συστοιχέω	I correspond to	I am in the same rank with; I answer to, correspond to.
G4961	συστρατιώτης, ου, ὁ	a fellow soldier	a fellow soldier (in the Christian faith).
G4962	συστρέφω	I roll or gather together	I roll or gather together.
G4963	συστροφή, ῆς, ἡ	a gathering together, riotous concourse	a gathering together, riotous concourse, conspiracy.
G4964	συσχηματίζω	I conform to	I conform to.
G4965	Συχάρ, ἡ	Sychar	Sychar, a city of Samaria.
G4966	Συχέμ, ἡ	Shechem	Shechem.
G4967	σφαγή, ῆς, ἡ	slaughter, sacrifice	slaughter, sacrifice.
G4968	σφάγιον, ου, τό	a slaughtered victim	a slaughtered victim.
G4969	σφάζω	I slay	I slay, kill by violence, slaughter, wound mortally.
G4970	σφόδρα	exceedingly, greatly	exceedingly, greatly, very much.
G4971	σφοδρῶς	exceedingly	exceedingly, vehemently.
G4972	σφραγίζω	I set a seal upon	I seal, set a seal upon.
G4973	σφραγίς, ῖδος, ἡ	a signet-ring, impression of a seal, the proof	a seal, signet ring, the impression of a seal, that which the seal attests, the proof.
G4974	σφυρόν, οῦ, τό	the ankle bone	the ankle bone.
G4975	σχεδόν	nearly, almost	nearly, almost.
G4976	σχῆμα, ατος, τό	fashion, habit, form, appearance	fashion, habit, form, appearance.
G4977	σχίζω	I rend, divide asunder	I rend, divide asunder, cleave.
G4978	σχίσμα, ατος, τό	a rent, division	a rent, as in a garment; a division, dissention.
G4979	σχοινίον, ου, τό	a cord, rope	a cord, rope.
G4980	σχολάζω	I have leisure, stand empty	(a) I have leisure, (b) I stand empty (of a house).
G4981	σχολή, ῆς, ἡ	leisure, a school	leisure, a school, place where there is leisure.
G4982	σῴζω	I save, heal	I save, heal, preserve, rescue.
G4983	σῶμα, ατος, τό	body, flesh	body, flesh; the body of the Church.
G4984	σωματικός, ή, όν	bodily, corporeal	bodily, corporeal.
G4985	σωματικῶς	bodily	bodily, corporeally, belonging to the body.
G4986	Σώπατρος, ου, ὁ	Sopater	Sopater, a proper name.
G4987	σωρεύω	I heap up, load	I heap up, load.
G4988	Σωσθένης, ου, ὁ	Sosthenes	Sosthenes, the ruler of the synagogue at Corinth.
G4989	Σωσίπατρος, ου, ὁ	Sosipater	Sosipater, a proper name.
G4990	σωτήρ, ῆρος, ὁ	a savior, deliverer, preserver	a savior, deliverer, preserver.
G4991	σωτηρία, ας, ἡ	deliverance, salvation	welfare, prosperity, deliverance, preservation, salvation, safety.
G4992	σωτήριος, ον	saving, bringing salvation, salvation	saving, bringing salvation; subst: salvation.
G4993	σωφρονέω	I am sober-minded, exercise self-control	I am of sound mind, am sober-minded, exercise self-control.
G4994	σωφρονίζω	I admonish	I make sober-minded, admonish, control.
G4995	σωφρονισμός, οῦ, ὁ	self-control, self-discipline	self-control, self-discipline, prudence.
G4996	σωφρόνως	soberly, with moderation	soberly, with moderation, prudently.
G4997	σωφροσύνη, ης, ἡ	sanity, sobriety	soundness of mind, sanity; self-control, sobriety.
G4998	σώφρων, ον	self-controlled, temperate	of sound mind, self-controlled, temperate, sober-minded, modest, chaste.
G4999	ταβέρναι, ῶν, αἱ	taverns	taverns; Three Taverns, the name of a village or town on the Appian Way, about thirty-three miles from Rome.
G5000	Ταβηθά, ἡ	Tabitha, antelope	antelope; Tabitha, a Christian woman at Joppa.
G5001	τάγμα, ατος, τό	rank, division	rank, division, an ordered series.
G5002	τακτός, ή, όν	appointed, arranged, fixed	appointed, arranged, fixed.
G5003	ταλαιπωρέω	I am miserable, distressed	I endure severe hardship, am harassed, complain.
G5004	ταλαιπωρία, ας, ἡ	hardship, misery	hardship, misery, distress, toil.
G5005	ταλαίπωρος, ον	wretched, afflicted, miserable	wretched, afflicted, miserable.
G5006	ταλαντιαῖος, αία, αῖον	a talent in weight	a talent in weight.
G5007	τάλαντον, ου, τό	a talent of silver or gold	a talent of silver or gold.
G5008	ταλιθά	little girl	(Aramaic), girl, little girl.
G5009	ταμεῖον, ου, τό	a secret chamber	a store-chamber, secret chamber, closet; a granary, barn.
G5010	τάξις, εως, ἡ	order, position, rank	order, (a) regular arrangement, (b) appointed succession, (c) position, rank.
G5011	ταπεινός, ή, όν	humble, lowly	humble, lowly, in position or spirit (in a good sense).
G5012	ταπεινοφροσύνη, ης, ἡ	humility	humility, lowliness of mind, modesty.
G5013	ταπεινόω	I humble, humiliate	I make or bring low, humble, humiliate; pass: I am humbled.
G5014	ταπείνωσις, εως, ἡ	abasement, low condition	abasement (in spirit), low condition (in circumstances).
G5015	ταράσσω	I agitate, stir up, trouble	I disturb, agitate, stir up, trouble.
G5016	ταραχή, ῆς, ἡ	a disturbance, tumult, sedition	a disturbance, tumult, sedition, trouble.
G5017	τάραχος, ου, ὁ	a disturbance, commotion	a disturbance, commotion, trouble.
G5018	Ταρσεύς, έως, ὁ	belonging to Tarsus	belonging to Tarsus, a Tarsian.
G5019	Ταρσός, οῦ, ἡ	Tarsus	Tarsus, the capital of the Roman province Cilicia.
G5020	ταρταρόω	I thrust down to Tartarus	I thrust down to Tartarus or Gehenna.
G5021	τάσσω	I assign, arrange	(a) I assign, arrange, (b) I determine; mid: I appoint.
G5022	ταῦρος, ου, ὁ	a bull, an ox	a bull, an ox.
G5027	ταφή, ῆς, ἡ	a burial	a burial, burial place.
G5028	τάφος, ου, ὁ	a tomb, burial-place	a burial-place, sepulcher, tomb, grave.
G5029	τάχα	quickly, perhaps	quickly, presently, perhaps.
G5030	ταχέως	soon, quickly, hastily	soon, quickly, hastily.
G5031	ταχινός, ή, όν	swift, quick	swift, quick, impending.
G5032	τάχιον	more swiftly	more swiftly, more quickly.
G5033	τάχιστα	most swiftly	most swiftly, most quickly, as quickly as possible.
G5034	τάχος, ους, τό	quickness, speed	quickness, speed; hastily, immediately.
G5035	ταχύ	quickly, speedily	quickly, speedily.
G5036	ταχύς, εῖα, ύ	quick, swift	quick, swift, speedy, ready, prompt.
G5037	τέ	and, both	and, both.
G5038	τεῖχος, ους, τό	a wall	a wall, especially of a city.
G5039	τεκμήριον, ου, τό	a sign, certain proof	a sign, certain proof.
G5040	τεκνίον, ου, τό	a little child	a little child.
G5041	τεκνογονέω	I bear children	I bear children, beget, rear a family.
G5042	τεκνογονία, ας, ἡ	child bearing	child bearing, the rearing of a family.
G5043	τέκνον, ου, τό	a child, descendent, inhabitant	a child, descendent, inhabitant.
G5044	τεκνοτροφέω	I bring up children	I bring up children, rear young.
G5045	τέκτων, ονος, ὁ	a carpenter	a carpenter, an artisan.
G5046	τέλειος, α, ον	perfect, full-grown	perfect, (a) complete in all its parts, (b) full grown, of full age, (c) specially of the completeness of Christian character.
G5047	τελειότης, τητος, ἡ	perfectness, perfection	perfectness, perfection, maturity.
G5048	τελειόω	I complete, accomplish, make perfect	(a) as a course, a race, or the like: I complete, finish (b) as of time or prediction: I accomplish, (c) I make perfect; pass: I am perfected.
G5049	τελείως	perfectly	perfectly, completely, without wavering.
G5050	τελείωσις, εως, ἡ	completion, fulfillment, perfection	completion, fulfillment, perfection.
G5051	τελειωτής, οῦ, ὁ	a perfecter, completer	a perfecter, completer, finisher.
G5052	τελεσφορέω	I bring to maturity	I bring to maturity.
G5053	τελευτάω	I end, finish, die	I end, finish, die, complete.
G5054	τελευτή, ῆς, ἡ	end of life, death	end of life, death.
G5055	τελέω	I end, accomplish, pay	(a) I end, finish, (b) I fulfill, accomplish, (c) I pay.
G5056	τέλος, ους, τό	an end, purpose, tax	(a) an end, (b) event or issue, (c) the principal end, aim, purpose, (d) a tax.
G5057	τελώνης, ου, ὁ	a collector of taxes	a publican, collector of taxes.
G5058	τελώνιον, ου, τό	a tax-collector's office	a tax-collector's office, toll-house.
G5059	τέρας, ατος, τό	a wonder, portent	a wonder, portent, marvel.
G5060	Τέρτιος, ου, ὁ	Tertius	Tertius, who wrote the Epistle to the Romans at Paul's dictation.
G5061	Τέρτυλλος, ου, ὁ	Tertullus	Tertullus, a barrister acting as professional prosecutor of Paul at Caesarea.
G5062	τεσσαράκοντα	forty	forty.
G5063	τεσσαρακονταετής, ές	forty years of age	forty years of age.
G5064	τέσσαρες, τέσσαρα	four	four.
G5065	τεσσαρεσκαιδέκατος, η, ον	fourteenth	fourteenth.
G5066	τεταρταῖος, αία, αῖον	four days since	of the fourth day, four days since.
G5067	τέταρτος, η, ον	fourth	fourth.
G5068	τετράγωνος, ον	square	square, four-cornered.
G5069	τετράδιον, ου, τό	a group of four soldiers	a quaternion, a group of four soldiers.
G5070	τετρακισχίλιοι, αι, α	four thousand	four thousand.
G5071	τετρακόσιοι, αι, α	four hundred	four hundred.
G5072	τετράμηνος, ον	of four months	of four months, a period of four months.
G5073	τετραπλοῦς, ῆ, οῦν	four-fold	four-fold, four times as much.
G5074	τετράπους, ουν	four-footed	four-footed.
G5075	τετραρχέω	I rule over as a tetrarch	I rule over as a tetrarch.
G5076	τετράρχης, ου, ὁ	a tetrarch	a tetrarch, ruler over a fourth part of a region.
G5077	τεφρόω	I reduce to ashes	I reduce to ashes, consume, destroy.
G5078	τέχνη, ης, ἡ	art, skill, trade	art, skill, trade, craft.
G5079	τεχνίτης, ου, ὁ	a craftsman, artisan	a craftsman, artisan, architect, builder.
G5080	τήκω	I make liquid, melt	I make liquid; pass: I melt (away).
G5081	τηλαυγῶς	clearly, distinctly	clearly, distinctly, plainly.
G5082	τηλικοῦτος, αύτη, οῦτο	so great	so great, so large, important.
G5083	τηρέω	I keep, guard, observe	I keep, guard, observe, watch over.
G5084	τήρησις, εως, ἡ	a prison, observance	a prison; observance (as of precepts).
G5085	Τιβεριάς, άδος, ἡ	Tiberias	Tiberias, a town in Galilee on the western border of the sea called after it.
G5086	Τιβέριος, ου, ὁ	Tiberius	Tiberius, the second Roman emperor (died A.D. 37).
G5087	τίθημι	I put, place	I put, place, lay, set, fix, establish.
G5088	τίκτω	I bear, bring forth, produce	I bear, bring forth, produce, beget, yield.
G5089	τίλλω	I pluck, pluck off	I pluck, pluck off.
G5090	Τιμαῖος, ου, ὁ	Timaeus	Timaeus, father of the blind beggar Bartimaeus.
G5091	τιμάω	I value at a price, honor	(a) I value at a price, estimate, (b) I honor, reverence.
G5092	τιμή, ῆς, ἡ	a price, honor	a price, honor.
G5093	τίμιος, α, ον	of great price, precious, honored	of great price, precious, honored.
G5094	τιμιότης, τητος, ἡ	preciousness, costliness	preciousness, costliness, worth.
G5095	Τιμόθεος, ου, ὁ	Timothy	Timothy, a Christian of Lystra, helper of Paul.
G5096	Τίμων, ωνος, ὁ	Timon	Timon, one of the seven original deacons at Jerusalem.
G5097	τιμωρέω	I punish	I punish, avenge myself on.
G5098	τιμωρία, ας, ἡ	punishment, penalty	punishment, penalty.
G5099	τίνω	I pay	I pay (penalty).
G5100	τις, τι	any one, some one	any one, some one, a certain one or thing.
G5101	τίς, τί	who, which, what	who, which, what, why.
G5102	τίτλος, ου, ὁ	a title, inscription	a title, inscription.
G5103	Τίτος, ου, ὁ	Titus	Titus, a Greek Christian, helper of Paul, perhaps also brother of Luke.
G5105	τοιγαροῦν	consequently, therefore	consequently, therefore, well then, so then.
G5106	τοίνυν	indeed now, therefore	indeed now, therefore, accordingly, well then.
G5107	τοιόσδε, τοιάδε, τοιόνδε	of this kind, such	of this kind, such, such as follows.
G5108	τοιοῦτος, τοιαύτη, τοιοῦτο	of such a kind, such	of such a kind, such.
G5109	τοῖχος, ου, ὁ	a wall	a wall.
G5110	τόκος, ου, ὁ	interest, usury	interest, usury.
G5111	τολμάω	I dare, endure, am bold	I dare, endure, am bold, have courage, make up the mind.
G5112	τολμηρότερον	more boldly	more boldly, more freely, with more confidence.
G5113	τολμητής, οῦ, ὁ	a daring, presumptuous man	a daring, bold man.
G5114	τομώτερος	sharper, keener	sharper, keener.
G5115	τόξον, ου, τό	a bow	a bow.
G5116	τοπάζιον, ου, τό	topaz	topaz.
G5117	τόπος, ου, ὁ	a place	a place, region, seat; an opportunity.
G5118	τοσοῦτος, τοσαύτη, τοσοῦτο	so great	so great, so large, so long, so many.
G5119	τότε	then	then, at that time.
G5121	τοὐναντίον	on the contrary	on the contrary, on the other hand.
G5122	τοὔνομα	by name	by name.
G5131	τράγος, ου, ὁ	a he-goat	a he-goat.
G5132	τράπεζα, ης, ἡ	a table for food or business	a table, (a) for food or banqueting, (b) for money-changing or business.
G5133	τραπεζίτης, ου, ὁ	a money-changer, banker	a money-changer, banker.
G5134	τραῦμα, ατος, τό	a wound	a wound.
G5135	τραυματίζω	I wound	I wound.
G5136	τραχηλίζω	I am laid bare, laid open	I am laid bare, laid open.
G5137	τράχηλος, ου, ὁ	the neck	the neck.
G5138	τραχύς, εῖα, ύ	rough	rough, rugged, uneven.
G5139	Τραχωνῖτις, ιδος, ἡ	Trachonitis	Trachonitis, the north-east of the territory beyond Jordan.
G5140	τρεῖς, τρία	three	three.
G5141	τρέμω	I tremble, am afraid	I tremble, am afraid.
G5142	τρέφω	I feed, rear	I feed, nourish; I bring up, rear, provide for.
G5143	τρέχω	I run, exercise myself	I run, exercise myself, make progress.
G5144	τριάκοντα, οἱ, αἱ, τά	thirty	thirty.
G5145	τριακόσιοι, αι, α	three hundred	three hundred.
G5146	τρίβολος, ου, ὁ	a thistle	a thistle.
G5147	τρίβος, ου, ἡ	a worn path, beaten way	a worn path, beaten way, road, highway.
G5148	τριετία, ας, ἡ	a space of three years	a space of three years.
G5149	τρίζω	I grate, gnash	I grate, gnash (as the teeth).
G5150	τρίμηνος, ον	lasting three months	lasting three months.
G5151	τρίς	three times	three times.
G5152	τρίστεγος, ον	having three stories, the third story	having three stories; subst: the third story.
G5153	τρισχίλιοι, αι, α	three thousand	three thousand.
G5154	τρίτος, η, ον	third	third.
G5155	τρίχινος, η, ον	made of hair	made of hair.
G5156	τρόμος, ου, ὁ	a trembling	a trembling, quaking, fear.
G5157	τροπή, ῆς, ἡ	a turning	a turning, change, mutation.
G5158	τρόπος, ου, ὁ	way, manner, character	(a) way, manner, (b) manner of life, character.
G5159	τροποφορέω	I endure the ways of	I endure the ways of, put up with.
G5160	τροφή, ῆς, ἡ	food, nourishment	food, nourishment, maintenance.
G5161	Τρόφιμος, ου, ὁ	Trophimus	Trophimus, a Christian of Ephesus in Asia.
G5162	τροφός, οῦ, ἡ	a nurse	a nurse.
G5163	τροχιά, ᾶς, ἡ	the track of a wheel, a path	the track of a wheel, a path.
G5164	τροχός, οῦ, ὁ	a wheel, course	a wheel, course.
G5165	τρύβλιον, ου, τό	a platter	a deep dish, platter, bowl.
G5166	τρυγάω	I gather	I gather (as of grapes), harvest.
G5167	τρυγών, όνος, ἡ	a turtle-dove	a turtle-dove.
G5168	τρυμαλιά, ᾶς, ἡ	the eye of a needle	the eye of a needle.
G5169	τρύπημα, ατος, τό	a hole, the eye of a needle	a hole; the eye of a needle.
G5170	Τρύφαινα, ης, ἡ	Tryphaena	Tryphaena, a Christian woman in Rome.
G5171	τρυφάω	I live a luxurious life	I live a luxurious life, live self-indulgently.
G5172	τρυφή, ῆς, ἡ	effeminate luxury	effeminate luxury, softness, indulgent living.
G5173	Τρυφῶσα, ης, ἡ	Tryphosa	Tryphosa, a Christian woman in Rome, perhaps a sister of Tryphaena.
G5174	Τρῳάς, άδος, ἡ	Troas	Troas, a harbor city of Mysia.
G5175	Τρωγύλλιον, ου, τό	Trogyllium	Trogyllium, a promontory somewhat to the south of Ephesus.
G5176	τρώγω	I eat	I eat, partake of a meal.
G5177	τυγχάνω	I obtain, I happen, perhaps	(a) gen: I obtain, (b) absol: I chance, happen; ordinary, everyday, it may chance, perhaps.
G5178	τυμπανίζω	I torture, break on the wheel	I torture, break on the wheel, beat to death.
G5179	τύπος, ου, ὁ	a figure, model, type	(originally: the mark of a blow, then a stamp struck by a die), (a) a figure; a copy, image, (b) a pattern, model, (c) a type, prefiguring something or somebody.
G5180	τύπτω	I beat, strike, wound, inflict punishment	I beat, strike, wound, inflict punishment.
G5181	Τύραννος, ου, ὁ	Tyrannus	Tyrannus, an inhabitant of Ephesus, probably a rhetorician.
G5182	τυρβάζω	I agitate or disturb in mind	I agitate or disturb in mind, trouble.
G5183	Τύριος, ου, ὁ, ἡ	an inhabitant of Tyre	a Tyrian, an inhabitant of Tyre.
G5184	Τύρος, ου, ἡ	Tyre	Tyre, an ancient city, the capital of Phoenicia.
G5185	τυφλός, ή, όν	blind	blind, physically or mentally.
G5186	τυφλόω	I make blind	I make blind, physically or mentally.
G5187	τυφόω	I puff up, make haughty	I puff up, make haughty; pass: I am puffed up, am haughty.
G5188	τύφω	I raise smoke	I raise smoke, smolder.
G5189	τυφωνικός, ή, όν	violent, tempestuous	violent, tempestuous, stormy.
G5190	Τυχικός, ου, ὁ	Tychicus	Tychicus, a Christian of the Roman province Asia.
G5191	ὑακίνθινος, ίνη, ινον	dark purple	dark purple or blue, of the color of hyacinth.
G5192	ὑάκινθος, ου, ὁ	jacinth	jacinth, a precious stone of the color of hyacinth.
G5193	ὑάλινος, η, ον	glassy, transparent	glassy, made of glass, transparent.
G5194	ὕαλος, ου, ἡ	glass	glass, crystal, clear transparent stone.
G5195	ὑβρίζω	I insult	I insult, treat with insolence.
G5196	ὕβρις, εως, ἡ	insult, damage, loss	(a) insult, injury, outrage, (b) damage, loss.
G5197	ὑβριστής, οῦ, ὁ	an insolent, insulting man	an insolent, insulting, or violent man.
G5198	ὑγιαίνω	I am well	I am well, am in good health; I am right, reasonable, sound, pure, uncorrupted.
G5199	ὑγιής, ές	sound, whole, wholesome	(a) sound, healthy, pure, whole, (b) wholesome.
G5200	ὑγρός, ά, όν	moist, green, full of sap	moist, green, full of sap.
G5201	ὑδρία, ας, ἡ	a water pot	a water pot, jar, pitcher.
G5202	ὑδροποτέω	I am a water drinker	I am only a water drinker.
G5203	ὑδρωπικός, ή, όν	afflicted with dropsy	afflicted with dropsy.
G5204	ὕδωρ, ὕδατος, τό	water	water.
G5205	ὑετός, οῦ, ὁ	rain	rain.
G5206	υἱοθεσία, ας, ἡ	adoption	adoption, as a son into the divine family.
G5207	υἱός, οῦ, ὁ	a son, descendent	a son, descendent.
G5208	ὕλη, ης, ἡ	wood, fuel	wood, fuel.
G5211	Ὑμέναιος, ου, ὁ	Hymenaeus	Hymenaeus.
G5212	ὑμέτερος, α, ον	your	your, yours.
G5214	ὑμνέω	I sing, sing hymns to	I sing, sing hymns to, praise.
G5215	ὕμνος, ου, ὁ	a hymn, sacred song	a hymn, sacred song, song of praise to God.
G5217	ὑπάγω	I go away, depart	I go away, depart, begone, die.
G5218	ὑπακοή, ῆς, ἡ	obedience	obedience, submissiveness, compliance.
G5219	ὑπακούω	I listen, obey	I listen, hearken to, obey, answer.
G5220	ὕπανδρος, ον	subject to a husband, married	subject to a husband, married.
G5221	ὑπαντάω	I meet	I meet, go to meet.
G5222	ὑπάντησις, εως, ἡ	a meeting	a meeting.
G5223	ὕπαρξις, εως, ἡ	goods, substance, property	goods, substance, property, possessions.
G5224	ὑπάρχοντα	goods, property	things which one possesses, goods, property, belongings.
G5225	ὑπάρχω	I am, exist, am in possession	I begin, am, exist, am in possession.
G5226	ὑπείκω	I yield	I yield, submit to authority.
G5227	ὑπεναντίος, α, ον	opposite to, adverse	opposite to, adverse; subst: an adversary.
G5228	ὑπέρ	in behalf of, above	gen: in behalf of; acc: above.
G5229	ὑπεραίρω	I raise beyond, uplift	lit: I raise beyond, uplift; mid: I lift myself up, exalt myself, am arrogant.
G5230	ὑπέρακμος, ον	past the bloom of youth	past the bloom of youth, of full age.
G5231	ὑπεράνω	far above	far above.
G5232	ὑπεραυξάνω	I increase exceedingly	I increase exceedingly or beyond measure.
G5233	ὑπερβαίνω	I transgress, go beyond	I transgress; I go beyond, overreach, defraud.
G5234	ὑπερβαλλόντως	beyond measure	beyond measure.
G5235	ὑπερβάλλω	I surpass	I surpass, excel, exceed, transcend.
G5236	ὑπερβολή, ῆς, ἡ	surpassing excellence, exceedingly	excess, surpassing excellence, preeminence; adv: exceedingly.
G5237	ὑπερεῖδον	I overlook	I overlook, take no notice of, disregard.
G5238	ὑπερέκεινα	beyond	beyond.
G5239	ὑπερεκτείνω	I over-stretch	I over-stretch, stretch out beyond the measure assigned to me.
G5240	ὑπερεκχύνω	I pour out so that it overflows	I pour out so that it overflows.
G5241	ὑπερεντυγχάνω	I intercede for	I intercede for, make petition for.
G5242	ὑπερέχω	I excel, surpass	I excel, surpass, am superior.
G5243	ὑπερηφανία, ας, ἡ	pride, arrogance	pride, arrogance, disdain.
G5244	ὑπερήφανος, ον	proud, arrogant	proud, arrogant, disdainful.
G5245	ὑπερνικάω	I am more than conqueror	I am more than conqueror, prevail mightily.
G5246	ὑπέρογκος, ον	immoderate, boastful	immoderate, boastful, excessive, pompous.
G5247	ὑπεροχή, ῆς, ἡ	superiority, excellence	superiority, excellence, preeminence, authority.
G5248	ὑπερπερισσεύω	I abound exceedingly, overflow	(a) intrans: I abound exceedingly, (b) dep: I overflow.
G5249	ὑπερπερισσῶς	beyond measure	superabundantly, beyond measure.
G5250	ὑπερπλεονάζω	I am exceedingly abundant	I abound exceedingly, am exceedingly abundant.
G5251	ὑπερυψόω	I highly exalt	I highly exalt.
G5252	ὑπερφρονέω	I have high notions	I have high notions, am over-proud.
G5253	ὑπερῷον, ου, τό	an upper room	an upper room, the upper part of a house.
G5254	ὑπέχω	I submit to, undergo	I submit to, undergo, suffer.
G5255	ὑπήκοος, ον	listening to, obedient	listening to, obedient, submissive.
G5256	ὑπηρετέω	I minister to, serve	I minister to, serve.
G5257	ὑπηρέτης, ου, ὁ	a servant, an attendant	a servant, an attendant, (a) an officer, lictor, (b) an attendant in a synagogue, (c) a minister of the gospel.
G5258	ὕπνος, ου, ὁ	sleep	sleep; fig: spiritual sleep.
G5259	ὑπό	by, under, about	by, under, about.
G5260	ὑποβάλλω	I suborn, instruct privately	I throw or put under; met: I subject, submit, suggest, whisper, prompt, suborn, instigate.
G5261	ὑπογραμμός, οῦ, ὁ	a writing-copy, an example	a writing-copy, an example, pattern.
G5262	ὑπόδειγμα, ατος, τό	a figure, copy, example	(a) a figure, copy, (b) an example, model.
G5263	ὑποδείκνυμι	I show plainly, teach, warn	I indicate, intimate, suggest, show, prove.
G5264	ὑποδέχομαι	I receive as a guest	I receive as a guest, entertain hospitably, welcome.
G5265	ὑποδέω	I put on my feet	(lit: I bind under), mid: I put on my feet, pass: I am shod.
G5266	ὑπόδημα, ατος, τό	a sandal	a sandal; anything bound under.
G5267	ὑπόδικος, ον	answerable to	answerable to, liable to (brought under) the judgment of.
G5268	ὑποζύγιον, ου, τό	a beast of burden, an ass or mule	a beast of burden, an ass or mule.
G5269	ὑποζώννυμι	I under-gird	I under-gird, as to strengthen a ship against the waves.
G5270	ὑποκάτω	underneath	underneath, below, under.
G5271	ὑποκρίνομαι	I act the part, pretend	I act the part, pretend; I answer, respond.
G5272	ὑπόκρισις, εως, ἡ	hypocrisy, dissembling	(lit: stage-playing), a response, answer, hypocrisy, dissembling.
G5273	ὑποκριτής, οῦ, ὁ	a hypocrite, dissembler	(lit: a stage-player), a hypocrite, dissembler, pretender.
G5274	ὑπολαμβάνω	I take up, receive, answer, suppose, welcome	(a) I take up, (b) I welcome, entertain, (c) I answer, (d) I suppose, imagine.
G5275	ὑπολείπω	I leave behind	I leave behind; pass: I am left surviving.
G5276	ὑπολήνιον, ου, τό	a pit under the wine-press	a wine-vat, pit under the wine-press dug in the ground.
G5277	ὑπολιμπάνω	I leave behind	I leave behind.
G5278	ὑπομένω	I remain behind, endure	(a) I remain behind, (b) I stand my ground, show endurance, (c) I endure, bear up against, persevere.
G5279	ὑπομιμνῄσκω	I remind, remember	I remind; pass: I remember, call to mind.
G5280	ὑπόμνησις, εως, ἡ	remembrance	remembrance, recollection, putting in mind; a reminder.
G5281	ὑπομονή, ῆς, ἡ	endurance, steadfastness	endurance, steadfastness, patient waiting for.
G5282	ὑπονοέω	I conjecture, suppose	I conjecture, suppose, suspect, deem.
G5283	ὑπόνοια, ας, ἡ	a supposition, suspicion	a supposition, suspicion.
G5284	ὑποπλέω	I sail under	I sail under.
G5285	ὑποπνέω	I blow gently	I blow gently.
G5286	ὑποπόδιον, ου, τό	a footstool	a footstool.
G5287	ὑπόστασις, εως, ἡ	assurance, substance, reality	(lit: an underlying), (a) confidence, assurance, (b) a giving substance (or reality) to, or a guaranteeing, (c) substance, reality.
G5288	ὑποστέλλω	I draw back, conceal	I withdraw, draw back, keep back, shun, conceal.
G5289	ὑποστολή, ῆς, ἡ	a shrinking, drawing back	a shrinking, drawing back.
G5290	ὑποστρέφω	I turn back, return	I turn back, return.
G5291	ὑποστρωννύω	I spread under	I spread under, strew under.
G5292	ὑποταγή, ῆς, ἡ	subjection, submission	subjection, submission, obedience.
G5293	ὑποτάσσω	I place under, subject to	I place under, subject to; mid, pass: I submit, put myself into subjection.
G5294	ὑποτίθημι	I lay down, suggest to	I put under, lay down, suggest to, put in mind.
G5295	ὑποτρέχω	I run under shelter of	I run under shelter of.
G5296	ὑποτύπωσις, εως, ἡ	a pattern, example	a pattern, example; a form, sample.
G5297	ὑποφέρω	I endure, suffer	I bear up under, endure, suffer.
G5298	ὑποχωρέω	I withdraw, retire	I withdraw, retire, go back, retreat.
G5299	ὑπωπιάζω	I bruise, worry, exhaust	I strike under the eye, hence: I bruise, treat severely, discipline by hardship, molest, annoy, harass, worry, exhaust.
G5300	ὗς, ὑός, ἡ	a hog, boar, or sow	a hog, boar, or sow.
G5301	ὕσσωπος, ου, ἡ	hyssop	hyssop, a stalk or stem of hyssop.
G5302	ὑστερέω	I am lacking, fall short, suffer need	I fall behind, am lacking, fall short, suffer need, am inferior to.
G5303	ὑστέρημα, ατος, τό	that which is lacking, poverty	(a) of things or persons: that which is lacking, a defect or shortcoming, (b) want, poverty.
G5304	ὑστέρησις, εως, ἡ	poverty, want	poverty, want, need.
G5305	ὕστερον	lastly, afterward	lastly, afterward, later.
G5306	ὕστερος, α, ον	later	later, latter, last.
G5307	ὑφαντός, ή, όν	woven	woven.
G5308	ὑψηλός, ή, όν	high, lofty	high, lofty.
G5309	ὑψηλοφρονέω	I am high-minded, proud	I am high-minded, proud.
G5310	ὕψιστος, η, ον	highest, most high, the heights	highest, most high, the heights.
G5311	ὕψος, ους, τό	height, heaven	height, heaven; dignity, eminence.
G5312	ὑψόω	I lift up, exalt	(a) I raise on high, lift up, (b) I exalt, set on high.
G5313	ὕψωμα, ατος, τό	height, barrier, bulwark	height, barrier, bulwark; presumption.
G5314	φάγος, ου, ὁ	a glutton	a glutton.
G5315	φάγω	I eat	I eat, partake of food; met: I devour, consume (e.g. as rust does); used only in fut. and 2nd aor. tenses.
G5316	φαίνω	I shine, appear, seem	(a) act: I shine, shed light, (b) pass: I shine, become visible, appear, (c) I become clear, appear, seem, show myself as.
G5317	Φάλεκ, ὁ	Peleg	Peleg, son of Eber, and one of the ancestors of Jesus.
G5318	φανερός, ά, όν	apparent, clear, visible, manifest, clearly	apparent, clear, visible, manifest; adv: clearly.
G5319	φανερόω	I make clear, visible, or manifest	I make clear (visible, manifest), make known.
G5320	φανερῶς	clearly, openly	clearly, openly, manifestly.
G5321	φανέρωσις, εως, ἡ	a manifestation	a manifestation, disclosure.
G5322	φανός, οῦ, ὁ	a torch, lantern	a torch, lantern, light.
G5323	Φανουήλ, ὁ	Phanuel	Phanuel, father of Anna the prophetess.
G5324	φαντάζω	I cause to appear	I cause to appear, make visible.
G5325	φαντασία, ας, ἡ	show, display, pomp	show, display, pomp, imagination.
G5326	φάντασμα, ατος, τό	an apparition, ghost, spirit	an apparition, ghost, spirit, phantom.
G5327	φάραγξ, αγγος, ἡ	a valley, ravine	a valley, ravine, chasm, cleft.
G5328	Φαραώ, ὁ	Pharaoh	Pharaoh, the title of ancient Egyptian kings.
G5329	Φαρές, ὁ	Perez	Perez, son of Judah and one of the ancestors of Jesus.
G5330	Φαρισαῖος, ου, ὁ	a Pharisee	a Pharisee, one of the Jewish sect so called.
G5331	φαρμακεία, ας, ἡ	magic, sorcery, enchantment	magic, sorcery, enchantment.
G5333	φάρμακος, οῦ, ὁ	a magician, sorcerer	a magician, sorcerer.
G5334	φάσις, εως, ἡ	report, tidings	report, tidings, information.
G5335	φάσκω	I assert, affirm, profess	I assert, affirm, profess.
G5336	φάτνη, ης, ἡ	a manger, feeding-trough	a manger, feeding-trough, stall.
G5337	φαῦλος, η, ον	worthless, wicked, base	worthless, wicked, base.
G5338	φέγγος, ους, τό	brightness, light	brightness, light, splendor, radiance.
G5339	φείδομαι	I spare, abstain	I spare, abstain, forbear.
G5340	φειδομένως	sparingly	sparingly.
G5341	φελόνης, ου, ὁ	a mantle, cloak	a mantle, cloak.
G5342	φέρω	I carry, bear, bring, lead	I carry, bear, bring; I conduct, lead; perhaps: I make publicly known.
G5343	φεύγω	I flee, escape, shun	I flee, escape, shun.
G5344	Φῆλιξ, ικος, ὁ	Felix	Felix, third name of (Marcus) Antonius Felix, procurator of the Roman province Judea from an uncertain date (before A.D. 52 ?) till A.D. 59.
G5345	φήμη, ης, ἡ	a report, fame	a report, fame, saying.
G5346	φημί	I say	I say, declare.
G5347	Φῆστος, ου, ὁ	Festus	Festus.
G5348	φθάνω	I anticipate, precede, arrive	(a) I anticipate, precede, (b) I come, arrive.
G5349	φθαρτός, ή, όν	corruptible, perishable	corruptible, perishable.
G5350	φθέγγομαι	I speak aloud, utter	I speak aloud, utter.
G5351	φθείρω	I corrupt, spoil, destroy	I corrupt, spoil, destroy, ruin.
G5352	φθινοπωρινός, ή, όν	autumnal	autumnal, in autumn, when fruit is expected.
G5353	φθόγγος, ου, ὁ	a sound	a sound.
G5354	φθονέω	I envy	I envy.
G5355	φθόνος, ου, ὁ	envy, a grudge	envy, a grudge, spite.
G5356	φθορά, ᾶς, ἡ	corruption, destruction, decay	corruption, destruction, decay, rottenness, decomposition.
G5357	φιάλη, ης, ἡ	a shallow and flat bowl	a shallow and flat bowl.
G5358	φιλάγαθος, ον	loving what is good	loving what is good.
G5359	Φιλαδέλφεια, ας, ἡ	Philadelphia	Philadelphia, a city of the Roman province Asia.
G5360	φιλαδελφία, ας, ἡ	brotherly love	brotherly love, love of Christian brethren.
G5361	φιλάδελφος, ον	loving the brethren	loving like a brother, loving one's brethren.
G5362	φίλανδρος, ον	loving one's husband	loving one's husband.
G5363	φιλανθρωπία, ας, ἡ	love of mankind, benevolence	love of mankind, benevolence.
G5364	φιλανθρώπως	humanely, kindly	humanely, kindly.
G5365	φιλαργυρία, ας, ἡ	love of money, avarice	love of money, avarice, covetousness.
G5366	φιλάργυρος, ον	money-loving, avaricious	money-loving, avaricious, covetous.
G5367	φίλαυτος, ον	selfish	self-loving, selfish.
G5368	φιλέω	I love, kiss	I love (of friendship), regard with affection, cherish; I kiss.
G5369	φιλήδονος, ον	pleasure-loving	pleasure-loving.
G5370	φίλημα, ατος, τό	a kiss	a kiss.
G5371	Φιλήμων, ονος, ὁ	Philemon	Philemon, a Christian man of Colossae.
G5372	Φίλητος, ου, ὁ	Philetus	Philetus, a Christian at Rome.
G5373	φιλία, ας, ἡ	friendship	friendship, affection, fondness, love.
G5374	Φιλιππήσιος, ου, ὁ	a Philippian	a Philippian, an inhabitant of Philippi.
G5375	Φίλιπποι, ων, οἱ	Philippi	Philippi, a great city of the Roman province Macedonia.
G5376	Φίλιππος, ου, ὁ	Philip	Philip, (a) one of the twelve apostles of Jesus, (b) tetrarch of the Ituraean and Trachonitic region, half-brother of Herod Antipas, tetrarch of Galilee, (c) one of the seven original deacons at Jerusalem and a missionary.
G5377	φιλόθεος, ον	loving God	loving God.
G5378	Φιλόλογος, ου, ὁ	Philologus	Philologus, a Roman Christian.
G5379	φιλονεικία, ας, ἡ	love of dispute, contention	love of dispute, contention.
G5380	φιλόνεικος, ον	strife-loving, contentious	strife-loving, contentious.
G5381	φιλοξενία, ας, ἡ	hospitality	love to strangers, hospitality.
G5382	φιλόξενος, ον	hospitable	hospitable, loving strangers.
G5383	φιλοπρωτεύω	I desire preeminence	I love the chief place, desire preeminence.
G5384	φίλος, η, ον	friendly, a friend	friendly; subst: a friend, an associate.
G5385	φιλοσοφία, ας, ἡ	love of wisdom, philosophy	love of wisdom, philosophy, in the NT of traditional Jewish theology.
G5386	φιλόσοφος, ου, ὁ	a philosopher	a philosopher.
G5387	φιλόστοργος, ον	tenderly loving	tenderly loving, kindly affectionate to.
G5388	φιλότεκνος, ον	loving one's children	loving one's children.
G5389	φιλοτιμέομαι	I desire very strongly	I am zealous, strive eagerly, desire very strongly.
G5390	φιλοφρόνως	kindly	kindly, in a friendly manner.
G5391	φιλόφρων, ον	friendly, kindly	friendly, kindly, courteous.
G5392	φιμόω	I muzzle, silence	I muzzle, silence.
G5393	Φλέγων, οντος, ὁ	Phlegon	Phlegon, a Roman Christian man.
G5394	φλογίζω	I inflame, fire with passion	I inflame, fire with passion, set on fire, burn up.
G5395	φλόξ, φλογός, ἡ	a flame	a flame.
G5396	φλυαρέω	I gossip against	I gossip against, talk idly, make empty charges against, talk nonsense.
G5397	φλύαρος, ον	prating, talking foolishly	prating, talking foolishly, babbling.
G5398	φοβερός, ά, όν	fearful, dreadful	fearful, dreadful, terrible.
G5399	φοβέομαι	I fear, am terrified	I fear, dread, reverence, am afraid, terrified.
G5400	φόβητρον, ου, τό	a cause of terror	a terrible sight, cause of terror, an object of fear.
G5401	φόβος, ου, ὁ	fear, terror, reverence	(a) fear, terror, alarm, (b) the object or cause of fear, (c) reverence, respect.
G5402	Φοίβη, ης, ἡ	Phoebe	Phoebe, a Christian woman in the church at Cenchreae.
G5403	Φοινίκη, ης, ἡ	Phoenicia	Phoenicia, a northern coast strip of the Roman province Syria.
G5404	φοίνιξ, ικός, ὁ	a palm tree, palm branch	a palm tree, the date-palm.
G5405	Φοῖνιξ, ικός, ἡ	Phoenix	Phoenix, a bay on the south coast of Crete.
G5406	φονεύς, έως, ὁ	a murderer	a murderer.
G5407	φονεύω	I murder	I murder, kill.
G5408	φόνος, ου, ὁ	murder, slaughter	murder, slaughter, killing.
G5409	φορέω	I carry, wear	I carry, wear, bear constantly.
G5410	Φόρον, ου, τό	Forum, Market	(of Latin origin), Forum, Market, Market-Town.
G5411	φόρος, ου, ὁ	a tax, tribute	a tax, tribute, especially on persons.
G5412	φορτίζω	I load, burden	I load, burden; pass: I am laden.
G5413	φορτίον, ου, τό	a burden, freight	a burden; the freight of a ship.
G5415	Φορτουνάτος, ου, ὁ	Fortunatus	Fortunatus, a Christian of Corinth.
G5416	φραγέλλιον, ου, τό	a scourge, lash	a scourge, lash, whip.
G5417	φραγελλόω	I flagellate, scourge	I flagellate, scourge.
G5418	φραγμός, οῦ, ὁ	a hedge, fence, partition	a hedge, fence, partition.
G5419	φράζω	I declare, explain, interpret	I declare, explain, interpret.
G5420	φράσσω	I stop, close up	I stop, close up, obstruct.
G5421	φρέαρ, φρέατος, τό	a pit, well	a pit, well, cistern.
G5422	φρεναπατάω	I deceive the mind	I deceive the mind, impose upon.
G5423	φρεναπάτης, ου, ὁ	a mind-deceiver	a deceiver, seducer.
G5424	φρήν, φρενός, ἡ	the mind, intellect	the mind, intellect, thought, understanding.
G5425	φρίσσω	I shudder	I shudder, shiver, tremble.
G5426	φρονέω	I think, judge, observe	(a) I think, (b) I think, judge, (c) I direct the mind to, seek for, (d) I observe, (e) I care for.
G5427	φρόνημα, ατος, τό	thought, purpose	thought, purpose, aspirations.
G5428	φρόνησις, εως, ἡ	understanding	understanding (which leads to right action), practical wisdom, prudence.
G5429	φρόνιμος, ον	intelligent, prudent	intelligent, prudent, sensible, wise.
G5430	φρονίμως	wisely, sensibly, prudently	wisely, sensibly, prudently.
G5431	φροντίζω	I am thoughtful, careful	I am thoughtful, careful, give heed.
G5432	φρουρέω	I guard, keep	I guard, keep, as by a military guard.
G5433	φρυάσσω	I roar, rage	I am wanton, insolent; I roar, rage.
G5434	φρύγανον, ου, τό	a dry stick for burning	a dry stick for burning.
G5435	Φρυγία, ας, ἡ	Phrygia	Phrygia, an ethnic district in Asia Minor, the north-western part of which was in the Roman province Asia and the south-eastern part in the Roman province Galatia.
G5436	Φύγελος, ου, ὁ	Phygelus	Phygelus, a Christian of the Roman province Asia who deserted Paul.
G5437	φυγή, ῆς, ἡ	flight	flight, fleeing.
G5438	φυλακή, ῆς, ἡ	a watching, guard, prison, imprisonment	a watching, keeping guard; a guard, prison; imprisonment.
G5439	φυλακίζω	I imprison	I imprison, deliver into custody.
G5440	φυλακτήριον, ου, τό	a phylactery, an amulet	a phylactery, an amulet, a parchment capsule containing little parchment rolls with the Hebrew texts, affixed to the left upper arm or the forehead of men at morning prayer, and regarded as a protection (hence the name) against evil spirits.
G5441	φύλαξ, ακός, ὁ	a guard, keeper, sentinel	a guard, keeper, sentinel.
G5442	φυλάσσω	I keep, guard, observe	(a) I guard, protect; mid: I am on my guard, (b) act. and mid. of customs and regulations: I keep, observe.
G5443	φυλή, ῆς, ἡ	a tribe, race	a tribe or race of people.
G5444	φύλλον, ου, τό	a leaf	a leaf.
G5445	φύραμα, ατος, τό	a mass or lump	a mass or lump, as of bread dough.
G5446	φυσικός, ή, όν	natural, according to nature	natural, (a) according to nature, (b) merely animal.
G5447	φυσικῶς	by nature, naturally	by nature, naturally.
G5448	φυσιόω	I inflate, puff up	I inflate, puff up; pass: I am puffed up, arrogant, proud.
G5449	φύσις, εως, ἡ	nature, inherent nature	nature, inherent nature, origin, birth.
G5450	φυσίωσις, εως, ἡ	a puffing up, pride	a puffing up, pride, swelling.
G5451	φυτεία, ας, ἡ	a plant	a plant, that which is planted.
G5452	φυτεύω	I plant	I plant, set.
G5453	φύω	I grow, grow up	I grow, grow up, spring up.
G5454	φωλεός, οῦ, ὁ	a burrow, hole	a burrow, hole, den, lair.
G5455	φωνέω	I crow, shout, summon	I give forth a sound, hence: (a) of a cock: I crow, (b) of men: I shout, (c) trans: I call (to myself), summon; I invite, address.
G5456	φωνή, ῆς, ἡ	a sound, noise, voice	a sound, noise, voice, language, dialect.
G5457	φῶς, φωτός, τό	light, a source of light	light, a source of light, radiance.
G5458	φωστήρ, ῆρος, ὁ	a light, brilliancy	a light, an illuminator, perhaps the sun; a star; brilliancy.
G5459	φωσφόρος, ον	light-bearing, radiant, the morning-star	(lit: light-bearing), radiant, the morning-star.
G5460	φωτεινός, ή, όν	bright, luminous, full of light	bright, luminous, full of light.
G5461	φωτίζω	I illuminate, bring to light	(a) I light up, illumine, (b) I bring to light, make evident, reveal.
G5462	φωτισμός, οῦ, ὁ	light, luster, illumination	light, luster, illumination, enlightenment.
G5463	χαίρω	I rejoice, am glad	I rejoice, am glad; also a salutation: Hail.
G5464	χάλαζα, ης, ἡ	hail	hail.
G5465	χαλάω	I let down, lower	I let down, lower, slacken, loosen.
G5466	Χαλδαῖος, ου, ὁ	a Chaldean	a Chaldean.
G5467	χαλεπός, ή, όν	hard, harsh, fierce	(a) hard, troublesome, (b) harsh, fierce.
G5468	χαλιναγωγέω	I bridle, curb	I bridle, curb, restrain, sway.
G5469	χαλινός, οῦ, ὁ	a bridle	a bridle, bit.
G5470	χάλκοῦς, ῆ, οῦν	made of bronze	made of bronze, bronze, brass.
G5471	χαλκεύς, έως, ὁ	a worker in brass or copper	a worker in brass or copper; a smith.
G5472	χαλκηδών, όνος, ὁ	chalcedony	chalcedony, a small stone of various colors.
G5473	χαλκίον, ου, τό	a bronze vessel	a bronze vessel, brazen utensil.
G5474	χαλκολίβανον, ου, τό	orichalcum, or frankincense of a yellow color	orichalcum, a fine metal, or frankincense of a yellow color.
G5475	χαλκός, οῦ, ὁ	copper, brass, money	copper, brass, money; a brazen musical instrument.
G5476	χαμαί	on or to the ground	on or to the ground.
G5477	Χαναάν, ἡ	Canaan	Canaan, the whole of Palestine or Palestine west of the river Jordan.
G5478	Χαναναῖος, αία, αῖον	Canaanite	Canaanite, a Biblical and archaic name for Phoenician.
G5479	χαρά, ᾶς, ἡ	joy, gladness	joy, gladness, a source of joy.
G5480	χάραγμα, ατος, τό	sculpture, a stamp, sign	sculpture; engraving, a stamp, sign.
G5481	χαρακτήρ, ῆρος, ὁ	an exact reproduction	an impression, representation, exact reproduction; a graving-tool.
G5482	χάραξ, ακός, ὁ	a mound for besieging	a palisade, mound for besieging.
G5483	χαρίζομαι	I show favor to, forgive	(a) I show favor to, (b) I pardon, forgive, (c) I show kindness.
G5484	χάριν	on account of	for the sake of, by reason of, on account of.
G5485	χάρις, ιτος, ἡ	grace, favor, kindness	(a) grace, as a gift or blessing brought to man by Jesus Christ, (b) favor, (c) gratitude, thanks, (d) a favor, kindness.
G5486	χάρισμα, ατος, τό	an undeserved favor	a gift of grace, an undeserved favor.
G5487	χαριτόω	I favor, bestow freely on	I favor, bestow freely on.
G5488	Χαρράν, ἡ	Haran	Haran.
G5489	χάρτης, ου, ὁ	papyrus, paper	papyrus, paper.
G5490	χάσμα, ατος, τό	a gap, gulf, chasm	a gap, gulf, chasm.
G5491	χεῖλος, ους, τό	a lip, mouth, shore	a lip, mouth, shore, edge, brink; meton: language, dialect.
G5492	χειμάζομαι	I am storm-tossed	I am storm-tossed.
G5493	χείμαρρος, ου, ὁ	a winter torrent	a storm-brook, a winter torrent.
G5494	χειμών, ῶνος, ὁ	a tempest, the rainy season	a storm, tempest; winter, the rainy season.
G5495	χείρ, χειρός, ἡ	a hand	a hand.
G5496	χειραγωγέω	I lead by the hand	I lead by the hand.
G5497	χειραγωγός, οῦ, ὁ	one who leads a helpless person by the hand	one who leads a helpless person by the hand.
G5498	χειρόγραφον, ου, τό	a handwriting, bond	a handwriting, bond.
G5499	χειροποίητος, ον	done or made with hands	done or made with hands, artificial.
G5500	χειροτονέω	I choose by vote, appoint	I elect by show of hands, choose by vote, appoint.
G5501	χείρων, ον	worse	worse, more severe.
G5502	Χερουβίμ	Cherubim	Cherubim.
G5503	χήρα, ας, ἡ	a widow	a widow.
G5504	χθές	yesterday	yesterday.
G5505	χιλιάς, άδος, ἡ	a thousand	a thousand, the number one thousand.
G5506	χιλίαρχος, ου, ὁ	a military tribune	a commander of a thousand men, a military tribune.
G5507	χίλιοι, αι, α	a thousand	a thousand.
G5508	Χίος, ου, ἡ	Chios	Chios (modern Scio), an important island in the Aegean Sea, off the west central coast of Asia Minor.
G5509	χιτών, ῶνος, ὁ	a tunic, garment, undergarment	a tunic, garment, undergarment.
G5510	χιών, όνος, ἡ	snow	snow.
G5511	χλαμύς, ύδος, ἡ	a short cloak	a short cloak, worn by military officers and soldiers.
G5512	χλευάζω	I mock, scoff	I mock, scoff, jest, jeer.
G5513	χλιαρός, ά, όν	lukewarm	warm, tepid; of persons: lukewarm.
G5514	Χλόη, ης, ἡ	Chloe	Chloe, probably with business connections either in Corinth or in Ephesus or in both.
G5515	χλωρός, ά, όν	green, pale	green, pale green.
G5517	χοϊκός, ή, όν	earthy, made of earth	earthy, made of earth.
G5518	χοῖνιξ, ικος, ἡ	a Greek dry measure	a Greek dry measure, equivalent to 1.92 pints.
G5519	χοῖρος, ου, ὁ	swine	a swine, hog, sow.
G5520	χολάω	I am angry with	I am angry with.
G5521	χολή, ῆς, ἡ	gall, bitter herbs	gall, bitter herbs.
G5522	χοῦς, χοός, ὁ	dust	earth, soil, dust.
G5523	Χοραζίν, ἡ	Chorazin	Chorazin, a town of Galilee.
G5524	χορηγέω	I furnish abundantly	I furnish abundantly, supply.
G5525	χορός, οῦ, ὁ	a dance, dancing	a dance, dancing.
G5526	χορτάζω	I feed, satisfy	I feed, satisfy, fatten.
G5527	χόρτασμα, ατος, τό	food, sustenance	food, sustenance, provision.
G5528	χόρτος, ου, ὁ	grass, hay	grass, herbage, growing grain, hay.
G5529	Χουζᾶς, ᾶ, ὁ	Chuza	Chuza, a steward of Herod Antipas.
G5530	χράομαι	I use, make use of, deal with	I use, make use of, deal with, take advantage of.
G5531	χράω	I lend	I lend.
G5532	χρεία, ας, ἡ	need, necessity, business	need, necessity, business.
G5533	χρεωφειλέτης, ου, ὁ	a debtor	a debtor.
G5534	χρή	it is necessary, proper	it is necessary, proper, fitting.
G5535	χρῄζω	I need	I need, have need of, want, desire.
G5536	χρῆμα, ατος, τό	money, riches	money, riches, possessions.
G5537	χρηματίζω	I warn, am publicly called	(originally: I transact business), (a) act. of God: I warn; pass: I am warned by God (probably in response to an inquiry as to one's duty), (b) (I take a name from my public business, hence) I receive a name, am publicly called.
G5538	χρηματισμός, οῦ, ὁ	an oracle	an oracle, divine response.
G5539	χρήσιμος, η, ον	useful, profitable	useful, profitable.
G5540	χρῆσις, εως, ἡ	usage, use	use, manner of use.
G5541	χρηστεύομαι	I am kind	I am kind (full of service to others), gentle.
G5542	χρηστολογία, ας, ἡ	a kind address	a kind address; in a bad sense: plausible speaking.
G5543	χρηστός, ή, όν	useful, gentle, pleasant, kind	useful, gentle, pleasant, kind.
G5544	χρηστότης, τητος, ἡ	goodness, benignity, kindness	goodness, uprightness, kindness, gentleness.
G5545	χρίσμα, ατος, τό	an anointing	an anointing.
G5546	Χριστιανός, οῦ, ὁ	a Christian	a Christian.
G5547	Χριστός, οῦ, ὁ	anointed, the Messiah, the Christ	anointed; the Messiah, the Christ.
G5548	χρίω	I anoint	I anoint, consecrate by anointing.
G5549	χρονίζω	I delay, tarry	I delay, tarry, linger, spend time.
G5550	χρόνος, ου, ὁ	time, a particular time, season	time, a particular time, season.
G5551	χρονοτριβέω	I waste time, spend time	I waste time, spend time, delay.
G5552	χρυσοῦς, ῆ, οῦν	golden	golden, made of gold, adorned with gold.
G5553	χρυσίον, ου, τό	a golden ornament	a piece of gold, golden ornament.
G5554	χρυσοδακτύλιος, ον	adorned with a gold ring	adorned with a gold ring.
G5555	χρυσόλιθος, ου, ὁ	a topaz	a topaz, a gem with a bright yellow color.
G5556	χρυσόπρασος, ου, ὁ	a chrysoprase	a chrysoprase, gem of a golden-greenish color.
G5557	χρυσός, οῦ, ὁ	anything made of gold	gold, anything made of gold, a gold coin.
G5558	χρυσόω	I gild, adorn with gold	I gild, adorn with gold.
G5559	χρώς, ωτός, ὁ	the skin	the skin, surface of the body.
G5560	χωλός, ή, όν	lame, deprived of a foot	lame, deprived of a foot, limping.
G5561	χώρα, ας, ἡ	region, land, fields	(a) a country or region, (b) the land, as opposed to the sea, (c) the country, distinct from town, (d) plur: fields.
G5562	χωρέω	I make room, go, receive	(lit: I make room, hence) (a) I have room for, receive, contain, (b) I make room for by departing, go, make progress, turn myself.
G5563	χωρίζω	I separate, depart	(a) I separate, put apart, (b) mid. or pass: I separate myself, depart, withdraw.
G5564	χωρίον, ου, τό	a place, piece of land, field	a place, piece of land, field, property, estate.
G5565	χωρίς	apart from, without	apart from, separately from; without.
G5566	χῶρος, ου, ὁ	the north-west wind	the north-west wind, and the quarter of the sky from which it comes.
G5567	ψάλλω	I sing psalms	I sing, sing psalms; earlier: I play on a stringed instrument.
G5568	ψαλμός, οῦ, ὁ	a psalm	a psalm, song of praise, the Hebrew book of Psalms.
G5569	ψευδάδελφος, ου, ὁ	a false brother	a false brother, pretend Christian.
G5570	ψευδαπόστολος, ου, ὁ	a false apostle	a false or pretended apostle.
G5571	ψευδής, ές	false, deceitful, lying	false, deceitful, lying, untrue.
G5572	ψευδοδιδάσκαλος, ου, ὁ	a false teacher	a false teacher, teacher of false things.
G5573	ψευδολόγος, ον	speaking lies	false-speaking, speaking lies.
G5574	ψεύδομαι	I lie	I deceive, lie, speak falsely.
G5575	ψευδόμαρτυς, υρος, ὁ	a false witness	a false witness.
G5576	ψευδομαρτυρέω	I testify falsely	I testify falsely, bear false witness.
G5577	ψευδομαρτυρία, ας, ἡ	false testimony	false testimony, false witness.
G5578	ψευδοπροφήτης, ου, ὁ	a false prophet	a false prophet; one who in God's name teaches what is false.
G5579	ψεῦδος, ους, τό	a lie	a lie, falsehood, untruth; false religion.
G5580	ψευδόχριστος, ου, ὁ	a false Christ	a false Christ, pretended Messiah.
G5581	ψευδώνυμος, ον	falsely named	falsely named, under a false name.
G5582	ψεῦσμα, ατος, τό	a falsehood, lie	a falsehood, lie, untruthfulness.
G5583	ψεύστης, ου, ὁ	a liar, deceiver	a liar, deceiver.
G5584	ψηλαφάω	I feel, touch, handle, grope for	I feel, touch, handle; I feel after, grope for.
G5585	ψηφίζω	I reckon, compute	I reckon, compute, calculate.
G5586	ψῆφος, ου, ἡ	a pebble, a vote	(a) a pebble, small stone, (b) hence, from their use in voting: a vote.
G5587	ψιθυρισμός, οῦ, ὁ	a whispering, secret slandering	a whispering, secret slandering.
G5588	ψιθυριστής, οῦ, ὁ	a whisperer, secret slanderer	a whisperer, secret slanderer.
G5589	ψιχίον, ου, τό	a crumb	a crumb.
G5590	ψυχή, ῆς, ἡ	the soul, life, self	(a) the vital breath, breath of life, (b) the human soul, (c) the soul as the seat of affections and will, (d) the self, (e) a human person, an individual.
G5591	ψυχικός, ή, όν	animal, natural, sensuous	animal, natural, sensuous.
G5592	ψῦχος, ους, τό	cold	cold.
G5593	ψυχρός, ά, όν	cold, cold-hearted	cool, cold; fig: cold-hearted.
G5594	ψύχω	I cool, grow cold	I cool, pass: I grow cold.
G5595	ψωμίζω	I feed, dole out	I feed, dole out.
G5596	ψωμίον, ου, τό	a bit, morsel	a bit, morsel.
G5597	ψώχω	I rub, rub to pieces	I rub, rub to pieces.
G5598	Ὦ	omega	omega, the last letter of the Greek alphabet.
G5599	ὦ	O, an exclamation	O, an exclamation, used in addressing someone.
G5601	Ὠβήδ, ὁ	Obed	Obed.
G5602	ὧδε	here	here, the things here, what is here, what is going on here, the state of affairs here.
G5603	ᾠδή, ῆς, ἡ	an ode, song	an ode, song, hymn.
G5604	ὠδίν, ῖνος, ἡ	the pain of childbirth, severe agony	the pain of childbirth, acute pain, severe agony, a snare.
G5605	ὠδίνω	I am in travail, suffer birth-pangs	I am in travail, suffer birth-pangs.
G5606	ὦμος, ου, ὁ	a shoulder	the shoulder.
G5608	ὠνέομαι	I buy, purchase	I buy, purchase.
G5609	ᾠόν, οῦ, τό	an egg	an egg.
G5610	ὥρα, ας, ἡ	an hour, season	(a) a definite space of time, a season, (b) an hour, (c) the particular time for anything.
G5611	ὡραῖος, αία, αῖον	fair, beautiful	fair, beautiful, blooming.
G5612	ὠρύομαι	I roar, howl	I roar, howl, as a beast.
G5613	ὡς	as, like as, how, while, so that	as, like as, about, as it were, according as, how, when, while, as soon as, so that.
G5614	ὡσαννά	hosanna	(Aramaic and Hebrew, originally a cry for help), hosanna!, a cry of happiness.
G5615	ὡσαύτως	likewise	in like manner, likewise, just so.
G5616	ὡσεί	as if, as it were, like, about	as if, as it were, like; with numbers: about.
G5617	Ὡσηέ, ὁ	Hosea	Hosea, the Hebrew prophet.
G5618	ὥσπερ	just as, as	just as, as, even as.
G5619	ὡσπερεί	just as if, as it were	just as if, as it were.
G5620	ὥστε	so that, therefore	so that, therefore, so then, so as to.
G5621	ὠτίον, ου, τό	an ear	an ear.
G5622	ὠφέλεια, ας, ἡ	usefulness, profit, advantage	usefulness, profit, advantage, benefit, gain.
G5623	ὠφελέω	I help, benefit, do good	I help, benefit, do good, am useful (to), profit.
G5624	ὠφέλιμος, ον	profitable, beneficial, useful	profitable, beneficial, useful.
