strongs	word	transliteration	derivation	definition	kjv_usage
G0001	Α	A	of Hebrew origin;	the first letter of the alphabet; figuratively, only (from its use as a numeral) the first:	--Alpha
G0002	Ἀαρών	Aarṓn	of Hebrew origin (H0175);	Aaron, the brother of Moses	Aaron
G0003	Ἀβαδδών	Abaddṓn	of Hebrew origin (H011);	a destroying angel	Abaddon
G0004	ἀβαρής	abarḗs	from G1 (Α) (as a negative particle) and G922 (βάρος);	weightless, i.e. (figuratively) not burdensome	from being burdensome
G0005	Ἀββᾶ	Abbâ	of Chaldee origin (H02);	father as a vocative	Abba
G0006	Ἄβελ	Ábel	of Hebrew origin (H01893);	Abel, the son of Adam	Abel
G0007	Ἀβιά	Abiá	of Hebrew origin (H029);	Abijah, the name of two Israelites	Abia
G0008	Ἀβιαθάρ	Abiathár	of Hebrew origin (H054);	Abiathar, an Israelite	Abiathar
G0009	Ἀβιληνή	Abilēnḗ	of foreign origin (compare H058);	Abilene, a region of Syria	Abilene
G0010	Ἀβιούδ	Abioúd	of Hebrew origin (H031);	Abihud, an Israelite	Abiud
G0011	Ἀβραάμ	Abraám	of Hebrew origin (H085);	Abraham, the Hebrew patriarch	Abraham
G0012	ἄβυσσος	ábyssos	from G1 (Α) (as a negative particle) and a variation of G1037 (βυθός);	depthless, i.e. (specially) (infernal) "abyss"	deep, (bottomless) pit
G0013	Ἄγαβος	Ágabos	of Hebrew origin (compare H02285);	Agabus, an Israelite	Agabus
G0014	ἀγαθοεργέω	agathoergéō	from G18 (ἀγαθός) and G2041 (ἔργον);	to work good	do good
G0015	ἀγαθοποιέω	agathopoiéō	from G17 (ἀγαθοποιός);	to be a well-doer (as a favor or a duty)	(when) do good (well)
G0016	ἀγαθοποιΐα	agathopoiḯa	from G17 (ἀγαθοποιός);	well-doing, i.e. virtue	well-doing
G0017	ἀγαθοποιός	agathopoiós	from G18 (ἀγαθός) and G4160 (ποιέω);	a well-doer, i.e. virtuous	them that do well
G0018	ἀγαθός	agathós	a primary word;	"good" (in any sense, often as noun)	benefit, good(-s, things), well
G0019	ἀγαθωσύνη	agathōsýnē	from G18 (ἀγαθός);	goodness, i.e. virtue or beneficence	goodness
G0020	ἀγαλλίασις	agallíasis	from G21 (ἀγαλλιάω);	exultation; specially, welcome	gladness, (exceeding) joy
G0021	ἀγαλλιάω	agalliáō	from agan (much) and G242 (ἅλλομαι);	properly, to jump for joy, i.e. exult	be (exceeding) glad, with exceeding joy, rejoice (greatly)
G0022	ἄγαμος	ágamos	from G1 (Α) (as a negative particle) and G1062 (γάμος);	unmarried	unmarried
G0023	ἀγανακτέω	aganaktéō	from (much) and (grief;	akin to the base of G43 (ἀγκάλη)); to be greatly afflicted, i.e. (figuratively) indignant	be much (sore) displeased, have (be moved with, with) indignation
G0024	ἀγανάκτησις	aganáktēsis	from G23 (ἀγανακτέω);	indignation	indignation
G0025	ἀγαπάω	agapáō	perhaps from (much) (or compare G5689);	to love (in a social or moral sense)	(be-)love(-ed)
G0026	ἀγάπη	agápē	from G25 (ἀγαπάω);	love, i.e. affection or benevolence; specially (plural) a love-feast	(feast of) charity(-ably), dear, love
G0027	ἀγαπητός	agapētós	from G25 (ἀγαπάω);	beloved	(dearly, well) beloved, dear
G0028	Ἄγαρ	Ágar	of Hebrew origin (H01904);	Hagar, the concubine of Abraham	Hagar
G0029	ἀγγαρεύω	angareúō	of foreign origin (compare H0104);	properly, to be a courier, i.e. (by implication) to press into public service	compel (to go)
G0030	ἀγγεῖον	angeîon	from (a pail, perhaps as bent;	compare the base of G43 (ἀγκάλη)); a receptacle	vessel
G0031	ἀγγελία	angelía	from G32 (ἄγγελος);	an announcement, i.e. (by implication) precept	message
G0032	ἄγγελος	ángelos	from (probably derived from G71 (ἄγω);	compare G34 (ἀγέλη)) (to bring tidings); a messenger; especially an "angel"; by implication, a pastor	angel, messenger
G0033	ἄγε	áge	imperative of G71 (ἄγω);	properly, lead, i.e. come on	go to
G0034	ἀγέλη	agélē	from G71 (ἄγω) (compare G32 (ἄγγελος));	a drove	herd
G0035	ἀγενεαλόγητος	agenealógētos	from G1 (Α) (as negative particle) and G1075 (γενεαλογέω);	unregistered as to birth	without descent
G0036	ἀγενής	agenḗs	from G1 (Α) (as negative particle) and G1085 (γένος);	properly, without kin, i.e. (of unknown descent, and by implication) ignoble	base things
G0037	ἁγιάζω	hagiázō	from G40 (ἅγιος);	to make holy, i.e. (ceremonially) purify or consecrate; (mentally) to venerate	hallow, be holy, sanctify
G0038	ἁγιασμός	hagiasmós	from G37 (ἁγιάζω);	properly, purification, i.e. (the state) purity; concretely (by Hebraism) a purifier	holiness, sanctification
G0039	ἅγιον	hágion	neuter of G40 (ἅγιος);	a sacred thing (i.e. spot)	holiest (of all), holy place, sanctuary
G0040	ἅγιος	hágios	from (an awful thing) (compare G53 (ἁγνός), G2282 (θάλπω));	sacred (physically, pure, morally blameless or religious, ceremonially, consecrated)	(most) holy (one, thing), saint
G0041	ἁγιότης	hagiótēs	from G40 (ἅγιος);	sanctity (i.e. properly, the state)	holiness
G0042	ἁγιωσύνη	hagiōsýnē	from G40 (ἅγιος);	sacredness (i.e. properly, the quality)	holiness
G0043	ἀγκάλη	ankálē	from (a bend, "ache");	an arm (as curved)	arm
G0044	ἄγκιστρον	ánkistron	from the same as G43 (ἀγκάλη);	a hook (as bent)	hook
G0045	ἄγκυρα	ánkyra	from the same as G43 (ἀγκάλη);	an "anchor" (as crooked)	anchor
G0046	ἄγναφος	ágnaphos	from G1 (Α) (as a negative particle) and the same as G1102 (γναφεύς);	properly, unfulled, i.e. (by implication) new (cloth)	new
G0047	ἁγνεία	hagneía	from G53 (ἁγνός);	cleanliness (the quality), i.e. (specially) chastity	purity
G0048	ἁγνίζω	hagnízō	from G53 (ἁγνός);	to make clean, i.e. (figuratively) sanctify (ceremonially or morally)	purify (self)
G0049	ἁγνισμός	hagnismós	from G48 (ἁγνίζω);	a cleansing (the act), i.e. (ceremonially) lustration	purification
G0050	ἀγνοέω	agnoéō	from G1 (Α) (as a negative particle) and G3539 (νοιέω);	not to know (through lack of information or intelligence); by implication, to ignore (through disinclination)	(be) ignorant(-ly), not know, not understand, unknown
G0051	ἀγνόημα	agnóēma	from G50 (ἀγνοέω);	a thing ignored, i.e. shortcoming	error
G0052	ἄγνοια	ágnoia	from G50 (ἀγνοέω);	ignorance (properly, the quality)	ignorance
G0053	ἁγνός	hagnós	from the same as G40 (ἅγιος);	properly, clean, i.e. (figuratively) innocent, modest, perfect	chaste, clean, pure
G0054	ἁγνότης	hagnótēs	from G53 (ἁγνός);	cleanness (the state), i.e. (figuratively) blamelessness	pureness
G0055	ἁγνῶς	hagnōs	adverb from G53 (ἁγνός);	purely, i.e. honestly	sincerely
G0056	ἀγνωσία	agnōsía	from G1 (Α) (as negative particle) and G1108 (γνῶσις);	ignorance (properly, the state)	ignorance, not the knowledge
G0057	ἄγνωστος	ágnōstos	from G1 (Α) (as negative particle) and G1110 (γνωστός);	unknown	unknown
G0058	ἀγορά	agorá	from (to gather;	probably akin to G1453 (ἐγείρω)); properly, the town-square (as a place of public resort); by implication, a market or thoroughfare	market(-place), street
G0059	ἀγοράζω	agorázō	from G58 (ἀγορά);	properly, to go to market, i.e. (by implication) to purchase; specially, to redeem	buy, redeem
G0060	ἀγοραῖος	agoraîos	from G58 (ἀγορά);	relating to the market-place, i.e. forensic (times); by implication, vulgar	baser sort, low
G0061	ἄγρα	ágra	from G71 (ἄγω);	(abstractly) a catching (of fish); also (concretely) a haul (of fish)	draught
G0062	ἀγράμματος	agrámmatos	from G1 (Α) (as negative particle) and G1121 (γράμμα);	unlettered, i.e. illiterate	unlearned
G0063	ἀγραυλέω	agrauléō	from G68 (ἀγρός) and G832 (αὐλέω) (in the sense of G833 (αὐλή));	to camp out	abide in the field
G0064	ἀγρεύω	agreúō	from G61 (ἄγρα);	to hunt, i.e. (figuratively) to entrap	catch
G0065	ἀγριέλαιος	agriélaios	from G66 (ἄγριος) and G1636 (ἐλαία);	an oleaster	olive tree (which is) wild
G0066	ἄγριος	ágrios	from G68 (ἀγρός);	wild (as pertaining to the country), literally (natural) or figuratively (fierce)	wild, raging
G0067	Ἀγρίππας	Agríppas	apparently from G66 (ἄγριος) and G2462 (ἵππος);	wild-horse tamer; Agrippas, one of the Herods	Agrippa
G0068	ἀγρός	agrós	from G71 (ἄγω);	a field (as a drive for cattle); genitive case, the country; specially, a farm, i.e. hamlet	country, farm, piece of ground, land
G0069	ἀγρυπνέω	agrypnéō	ultimately from G1 (Α) (as negative particle) and G5258 (ὕπνος);	to be sleepless, i.e. keep awake	watch
G0070	ἀγρυπνία	agrypnía	from G69 (ἀγρυπνέω);	sleeplessness, i.e. a keeping awake	watch
G0071	ἄγω	ágō	a primary verb;	properly, to lead; by implication, to bring, drive, (reflexively) go, (specially) pass (time), or (figuratively) induce	be, bring (forth), carry, (let) go, keep, lead away, be open
G0072	ἀγωγή	agōgḗ	reduplicated from G71 (ἄγω);	a bringing up, i.e. mode of living	manner of life
G0073	ἀγών	agṓn	from G71 (ἄγω);	properly, a place of assembly (as if led), i.e. (by implication) a contest (held there); figuratively, an effort or anxiety	conflict, contention, fight, race
G0074	ἀγωνία	agōnía	from G73 (ἀγών);	a struggle (properly, the state), i.e. (figuratively) anguish	agony
G0075	ἀγωνίζομαι	agōnízomai	from G73 (ἀγών);	to struggle, literally (to compete for a prize), figuratively (to contend with an adversary), or genitive case (to endeavor to accomplish something)	fight, labor fervently, strive
G0076	Ἀδάμ	Adám	of Hebrew origin (H0121);	Adam, the first man; typically (of Jesus) man (as his representative)	Adam
G0077	ἀδάπανος	adápanos	from G1 (Α) (as negative particle);	and G1160 (δαπάνη); costless, i.e. gratuitous	without expense
G0078	Ἀδδί	Addí	probably of Hebrew origin (compare H05716);	Addi, an Israelite	Addi
G0079	ἀδελφή	adelphḗ	feminine of G80 (ἀδελφός);	a sister (naturally or ecclesiastically)	sister
G0080	ἀδελφός	adelphós	from G1 (Α) (as a connective particle) and (the womb);	a brother (literally or figuratively) near or remote (much like G1 (Α))	brother
G0081	ἀδελφότης	adelphótēs	from G80 (ἀδελφός);	brotherhood (properly, the feeling of brotherliness), i.e. the (Christian) fraternity	brethren, brotherhood
G0082	ἄδηλος	ádēlos	from G1 (Α) (as a negative particle) and G1212 (δῆλος);	hidden, figuratively, indistinct	appear not, uncertain
G0083	ἀδηλότης	adēlótēs	from G82 (ἄδηλος);	uncertainty	X uncertain
G0084	ἀδήλως	adḗlōs	adverb from G82 (ἄδηλος);	uncertainly	uncertainly
G0085	ἀδημονέω	adēmonéō	from a derivative of (to be sated to loathing);	to be in distress (of mind)	be full of heaviness, be very heavy
G0086	ᾅδης	háidēs	from G1 (Α) (as negative particle) and G1492 (εἴδω);	properly, unseen, i.e. "Hades" or the place (state) of departed souls	grave, hell
G0087	ἀδιάκριτος	adiákritos	from G1 (Α) (as a negative particle) and a derivative of G1252 (διακρίνω);	properly, undistinguished, i.e. (actively) impartial	without partiality
G0088	ἀδιάλειπτος	adiáleiptos	from G1 (Α) (as a negative particle) and a derivative of a compound of G1223 (διά) and G3007 (λείπω);	unintermitted, i.e. permanent	without ceasing, continual
G0089	ἀδιαλείπτως	adialeíptōs	adverb from G88 (ἀδιάλειπτος);	uninterruptedly, i.e. without omission (on an appropriate occasion)	without ceasing
G0090	ἀδιαφθορία	adiaphthoría	from a derivative of a compound of G1 (Α) (as a negative particle) and a derivative of G1311 (διαφθείρω);	incorruptibleness, i.e. (figuratively) purity (of doctrine)	uncorruptness
G0091	ἀδικέω	adikéō	from G94 (ἄδικος);	to be unjust, i.e. (actively) do wrong (morally, socially or physically)	hurt, injure, be an offender, be unjust, (do, suffer, take) wrong
G0092	ἀδίκημα	adíkēma	from G91 (ἀδικέω);	a wrong done	evil doing, iniquity, matter of wrong
G0093	ἀδικία	adikía	from G94 (ἄδικος);	(legal) injustice (properly, the quality, by implication, the act); morally, wrongfulness (of character, life or act)	iniquity, unjust, unrighteousness, wrong
G0094	ἄδικος	ádikos	from G1 (Α) (as a negative particle) and G1349 (δίκη);	unjust; by extension wicked; by implication, treacherous; specially, heathen	unjust, unrighteous
G0095	ἀδίκως	adíkōs	adverb from G94 (ἄδικος);	unjustly	wrongfully
G0096	ἀδόκιμος	adókimos	from G1 (Α) (as a negative particle) and G1384 (δόκιμος);	unapproved, i.e. rejected; by implication, worthless (literally or morally)	castaway, rejected, reprobate
G0097	ἄδολος	ádolos	from G1 (Α) (as a negative particle);	and G1388 (δόλος); undeceitful, i.e. (figuratively) unadulterated	sincere
G0098	Ἀδραμυττηνός	Adramyttēnós	from (a place in Asia Minor);	Adramyttene or belonging to Adramyttium	of Adramyttium
G0099	Ἀδρίας	Adrías	from (a place near its shore);	the Adriatic sea (including the Ionian)	Adria
G0100	ἁδρότης	hadrótēs	from (stout);	plumpness, i.e. (figuratively) liberality	abundance
G0101	ἀδυνατέω	adynatéō	from G102 (ἀδύνατος);	to be unable, i.e. (passively) impossible	be impossible
G0102	ἀδύνατος	adýnatos	from G1 (Α) (as a negative particle) and G1415 (δυνατός);	unable, i.e. weak (literally or figuratively); passively, impossible	could not do, impossible, impotent, not possible, weak
G0103	ᾄδω	áidō	a primary verb;	to sing	sing
G0104	ἀεί	aeí	from an obsolete primary noun (apparently meaning continued duration);	"ever," by qualification regularly; by implication, earnestly	always, ever
G0105	ἀετός	aetós	from the same as G109 (ἀήρ);	an eagle (from its wind-like flight)	eagle
G0106	ἄζυμος	ázymos	from G1 (Α) (as a negative particle) and G2219 (ζύμη);	unleavened, i.e. (figuratively) uncorrupted; (in the neutral plural) specially (by implication) the Passover week	unleavened (bread)
G0107	Ἀζώρ	Azṓr	of Hebrew origin (compare H05809);	Azor, an Israelite	Azorigin
G0108	Ἄζωτος	Ázōtos	of Hebrew origin (H0795);	Azotus (i.e. Ashdod), a place in Palestine	Azotus
G0109	ἀήρ	aḗr	from (to breathe unconsciously, i.e. respire;	by analogy, to blow); "air" (as naturally circumambient)	air
G0110	ἀθανασία	athanasía	from a compound of G1 (Α) (as a negative particle) and G2288 (θάνατος);	deathlessness	immortality
G0111	ἀθέμιτος	athémitos	from G1 (Α) (as a negative particle) and a derivative of (statute;	from the base of G5087 (τίθημι)); illegal; by implication, flagitious	abominable, unlawful thing
G0112	ἄθεος	átheos	from G1 (Α) (as a negative particle) and G2316 (θεός);	godless	without God
G0113	ἄθεσμος	áthesmos	from G1 (Α) (as a negative particle) and a derivative of G5087 (τίθημι) (in the sense of enacting);	lawless, i.e. (by implication) criminal	wicked
G0114	ἀθετέω	athetéō	from a compound of G1 (Α) (as a negative particle) and a derivative of G5087 (τίθημι);	to set aside, i.e. (by implication) to disesteem, neutralize or violate	cast off, despise, disannul, frustrate, bring to nought, reject
G0115	ἀθέτησις	athétēsis	from G114 (ἀθετέω);	cancellation (literally or figuratively)	disannulling, put away
G0116	Ἀθῆναι	Athēnai	plural of (the goddess of wisdom, who was reputed to have founded the city);	Athenæ, the capitol of Greece	Athens
G0117	Ἀθηναῖος	Athēnaîos	from G116 (Ἀθῆναι);	an Athenæan or inhabitant of Athenæ	Athenian
G0118	ἀθλέω	athléō	from (a contest in the public lists);	to contend in the competitive games	strive
G0119	ἄθλησις	áthlēsis	from G118 (ἀθλέω);	a struggle (figuratively)	fight
G0120	ἀθυμέω	athyméō	from a compound of G1 (Α) (as a negative particle) and G2372 (θυμός);	to be spiritless, i.e. disheartened	be dismayed
G0121	ἄθωος	áthōos	from G1 (Α) (as a negative particle) and probably a derivative of G5087 (τίθημι) (meaning a penalty);	not guilty	innocent
G0122	αἴγειος	aígeios	from (a goat);	belonging to a goat	goat
G0123	αἰγιαλός	aigialós	from (to rush) and G251 (ἅλς) (in the sense of the sea;	a beach (on which the waves dash)	shore
G0124	Αἰγύπτιος	Aigýptios	from G125 (Αἴγυπτος);	an Ægyptian or inhabitant of Ægyptus	Egyptian
G0125	Αἴγυπτος	Aígyptos	of uncertain derivation;	Ægyptus, the land of the Nile	Egypt
G0126	ἀΐδιος	aḯdios	from G104 (ἀεί);	everduring (forward and backward, or forward only)	eternal, everlasting
G0127	αἰδώς	aidṓs	perhaps from G1 (Α) (as a negative particle) and G1492 (εἴδω) (through the idea of downcast eyes);	bashfulness, i.e. (towards men), modesty or (towards God) awe	reverence, shamefacedness
G0128	Αἰθίοψ	Aithíops	from (to scorch) and (the face, from G3700 (ὀπτάνομαι));	an Æthiopian (as a blackamoor)	Ethiopian
G0129	αἷμα	haîma	of uncertain derivation;	blood, literally (of men or animals), figuratively (the juice of grapes) or specially (the atoning blood of Christ); by implication, bloodshed, also kindred	blood
G0130	αἱματεκχυσία	haimatekchysía	from G129 (αἷμα) and a derivative of G1632 (ἐκχέω);	an effusion of blood	shedding of blood
G0131	αἱμοῤῥέω	haimorrhéō	from G129 (αἷμα) and G4482 (ῥέω);	to flow blood, i.e. have a hæmorrhage	diseased with an issue of blood
G0132	Αἰνέας	Ainéas	of uncertain derivation;	Ænĕas, an Israelite	Æneas
G0133	αἴνεσις	aínesis	from G134 (αἰνέω);	a praising (the act), i.e. (specially) a thank(-offering)	praise
G0134	αἰνέω	ainéō	from G136 (αἶνος);	to praise (God)	praise
G0135	αἴνιγμα	aínigma	from a derivative of G136 (αἶνος) (in its primary sense);	an obscure saying ("enigma"), i.e. (abstractly) obscureness	X darkly
G0136	αἶνος	aînos	apparently a prime word;	properly, a story, but used in the sense of G1868 (ἔπαινος); praise (of God)	praise
G0137	Αἰνών	Ainṓn	of Hebrew origin (a derivative of G5869, place of springs);	Ænon, a place in Palestine	Ænon
G0138	αἱρέομαι	hairéomai	probably akin to G142 (αἴρω);	to take for oneself, i.e. to prefer	choose
G0139	αἵρεσις	haíresis	from G138 (αἱρέομαι);	properly, a choice, i.e. (specially) a party or (abstractly) disunion	heresy (which is the Greek word itself), sect
G0140	αἱρετίζω	hairetízō	from a derivative of G138 (αἱρέομαι);	to make a choice	choose
G0141	αἱρετικός	hairetikós	from the same as G140 (αἱρετίζω);	a schismatic	heretic (the Greek word itself)
G0142	αἴρω	aírō	a primary root;	to lift up; by implication, to take up or away; figuratively, to raise (the voice), keep in suspense (the mind), specially, to sail away (i.e. weigh anchor); by Hebraism (compare H05375) to expiate sin	away with, bear (up), carry, lift up, loose, make to doubt, put away, remove, take (away, up)
G0143	αἰσθάνομαι	aisthánomai	of uncertain derivation;	to apprehend (properly, by the senses)	perceive
G0144	αἴσθησις	aísthēsis	from G143 (αἰσθάνομαι);	perception, i.e. (figuratively) discernment	judgment
G0145	αἰσθητήριον	aisthētḗrion	from a derivative of G143 (αἰσθάνομαι);	properly, an organ of perception, i.e. (figuratively) judgment	senses
G0146	αἰσχροκερδής	aischrokerdḗs	from G150 (αἰσχρός) and (gain);	sordid	given to (greedy of) filthy lucre
G0147	αἰσχροκερδῶς	aischrokerdōs	adverb from G146 (αἰσχροκερδής);	sordidly	for filthy lucre's sake
G0148	αἰσχρολογία	aischrología	from G150 (αἰσχρός) and G3056 (λόγος);	vile conversation	filthy communication
G0149	αἰσχρόν	aischrón	neuter of G150 (αἰσχρός);	a shameful thing, i.e. indecorum	shame
G0150	αἰσχρός	aischrós	from the same as G153 (αἰσχύνομαι);	shameful, i.e. base (specially, venal)	filthy
G0151	αἰσχρότης	aischrótēs	from G150 (αἰσχρός);	shamefulness, i.e. obscenity	filthiness
G0152	αἰσχύνη	aischýnē	from G153 (αἰσχύνομαι);	shame or disgrace (abstractly or concretely)	dishonesty, shame
G0153	αἰσχύνομαι	aischýnomai	from (disfigurement, i.e. disgrace);	to feel shame (for oneself)	be ashamed
G0154	αἰτέω	aitéō	of uncertain derivation;	to ask (in genitive case)	ask, beg, call for, crave, desire, require
G0155	αἴτημα	aítēma	from G154 (αἰτέω);	a thing asked or (abstractly) an asking	petition, request, required
G0156	αἰτία	aitía	from the same as G154 (αἰτέω);	a cause (as if asked for), i.e. (logical) reason (motive, matter), (legal) crime (alleged or proved)	accusation, case, cause, crime, fault, (wh-)ere(-fore)
G0157	αἰτίαμα	aitíama	from a derivative of G156 (αἰτία);	a thing charged	complaint
G0158	αἴτιον	aítion	neuter of G159 (αἴτιος);	a reason or crime (like G156 (αἰτία))	cause, fault
G0159	αἴτιος	aítios	from the same as G154 (αἰτέω);	causative, i.e. (concretely) a causer	author
G0160	αἰφνίδιος	aiphnídios	from a compound of G1 (Α) (as a negative particle) and G5316 (φαίνω) (compare G1810 (ἐξαίφνης)) (meaning non-apparent);	unexpected, i.e. (adverbially) suddenly	sudden, unawares
G0161	αἰχμαλωσία	aichmalōsía	from G164 (αἰχμάλωτος);	captivity	captivity
G0162	αἰχμαλωτεύω	aichmalōteúō	from G164 (αἰχμάλωτος);	to capture (like G163 (αἰχμαλωτίζω))	lead captive
G0163	αἰχμαλωτίζω	aichmalōtízō	from G164 (αἰχμάλωτος);	to make captive	lead away captive, bring into captivity
G0164	αἰχμάλωτος	aichmálōtos	from (a spear) and a derivative of the same as G259 (ἅλωσις);	properly, a prisoner of war, i.e. (genitive case) a captive	captive
G0165	αἰών	aiṓn	from the same as G104 (ἀεί);	properly, an age; by extension, perpetuity (also past); by implication, the world; specially (Jewish) a Messianic period (present or future)	age, course, eternal, (for) ever(-more), (n-)ever, (beginning of the , while the) world (began, without end)
G0166	αἰώνιος	aiṓnios	from G165 (αἰών);	perpetual (also used of past time, or past and future as well)	eternal, for ever, everlasting, world (began)
G0167	ἀκαθαρσία	akatharsía	from G169 (ἀκάθαρτος);	impurity (the quality), physically or morally	uncleanness
G0168	ἀκαθάρτης	akathártēs	from G169 (ἀκάθαρτος);	impurity (the state), morally	filthiness
G0169	ἀκάθαρτος	akáthartos	from G1 (Α) (as a negative particle) and a presumed derivative of G2508 (καθαίρω) (meaning cleansed);	impure (ceremonially, morally (lewd) or specially, (demonic))	foul, unclean
G0170	ἀκαιρέομαι	akairéomai	from a compound of G1 (Α) (as a negative particle) and G2540 (καιρός) (meaning unseasonable);	to be inopportune (for oneself), i.e. to fail of a proper occasion	lack opportunity
G0171	ἀκαίρως	akaírōs	adverb from the same as G170 (ἀκαιρέομαι);	inopportunely	out of season
G0172	ἄκακος	ákakos	from G1 (Α) (as a negative particle) and G2556 (κακός);	not bad, i.e. (objectively) innocent or (subjectively) unsuspecting	harmless, simple
G0173	ἄκανθα	ákantha	probably from the same as G188 (ἀκμήν);	a thorn	thorn
G0174	ἀκάνθινος	akánthinos	from G173 (ἄκανθα);	thorny	of thorns
G0175	ἄκαρπος	ákarpos	from G1 (Α) (as a negative particle) and G2590 (καρπός);	barren (literally or figuratively)	without fruit, unfruitful
G0176	ἀκατάγνωστος	akatágnōstos	from G1 (Α) (as a negative particle) and a derivative of G2607 (καταγινώσκω);	unblamable	that cannot be condemned
G0177	ἀκατακάλυπτος	akatakályptos	from G1 (Α) (as a negative particle) and a derivative of a compound of G2596 (κατά) and G2572 (καλύπτω);	unveiled	uncovered
G0178	ἀκατάκριτος	akatákritos	from G1 (Α) (as a negative particle) and a derivative of G2632 (κατακρίνω);	without (legal) trial	uncondemned
G0179	ἀκατάλυτος	akatálytos	from G1 (Α) (as a negative particle) and a derivative of G2647 (καταλύω);	indissoluble, i.e. (figuratively) permanent	endless
G0180	ἀκατάπαυστος	akatápaustos	from G1 (Α) (as a negative particle) and a derivative of G2664 (καταπαύω);	unrefraining	that cannot cease
G0181	ἀκαταστασία	akatastasía	from G182 (ἀκατάστατος);	instability, i.e. disorder	commotion, confusion, tumult
G0182	ἀκατάστατος	akatástatos	from G1 (Α) (as a negative particle) and a derivative of G2525 (καθίστημι);	inconstant	unstable
G0183	ἀκατάσχετος	akatáschetos	from G1 (Α) (as a negative particle) and a derivative of G2722 (κατέχω);	unrestrainable	unruly
G0184	Ἀκελδαμά	Akeldamá	of Chaldee origin (meaning field of blood;	corresponding to H02506 and H01818); Akeldama, a place near Jerusalem	Aceldama
G0185	ἀκέραιος	akéraios	from G1 (Α) (as a negative particle) and a presumed derivative of G2767 (κεράννυμι);	unmixed, i.e. (figuratively) innocent	harmless, simple
G0186	ἀκλινής	aklinḗs	from G1 (Α) (as a negative particle) and G2827 (κλίνω);	not leaning, i.e. (figuratively) firm	without wavering
G0187	ἀκμάζω	akmázō	from the same as G188 (ἀκμήν);	to make a point, i.e. (figuratively) mature	be fully ripe
G0188	ἀκμήν	akmḗn	accusative case of a noun ("acme") akin to (a point) and meaning the same;	adverbially, just now, i.e. still	yet
G0189	ἀκοή	akoḗ	from G191 (ἀκούω);	hearing (the act, the sense or the thing heard)	audience, ear, fame, which ye heard, hearing, preached, report, rumor
G0190	ἀκολουθέω	akolouthéō	from G1 (Α) (as a particle of union) and (a road);	properly, to be in the same way with, i.e. to accompany (specially, as a disciple)	follow, reach
G0191	ἀκούω	akoúō	a primary verb;	to hear (in various senses)	give (in the) audience (of), come (to the ears), (shall) hear(-er, -ken), be noised, be reported, understand
G0192	ἀκρασία	akrasía	from G193 (ἀκρατής);	want of self-restraint	excess, incontinency
G0193	ἀκρατής	akratḗs	from G1 (Α) (as a negative particle) and G2904 (κράτος);	powerless, i.e. without self-control	incontinent
G0194	ἄκρατος	ákratos	from G1 (Α) (as a negative particle) and a presumed derivative of G2767 (κεράννυμι);	undiluted	without mixture
G0195	ἀκρίβεια	akríbeia	from the same as G196 (ἀκριβέστατος);	exactness	perfect manner
G0196	ἀκριβέστατος	akribéstatos	superlative of (a derivative of the same as G206 (ἄκρον));	most exact	most straitest
G0197	ἀκριβέστερον	akribésteron	neuter of the comparative of the same as G196 (ἀκριβέστατος);	(adverbially) more exactly	more perfect(-ly)
G0198	ἀκριβόω	akribóō	from the same as G196 (ἀκριβέστατος);	to be exact, i.e. ascertain	enquire diligently
G0199	ἀκριβῶς	akribōs	adverb from the same as G196 (ἀκριβέστατος);	exactly	circumspectly, diligently, perfect(-ly)
G0200	ἀκρίς	akrís	apparently from the same as G206 (ἄκρον);	a locust (as pointed, or as lighting on the top of vegetation)	locust
G0201	ἀκροατήριον	akroatḗrion	from G202 (ἀκροατής);	an audience-room	place of hearing
G0202	ἀκροατής	akroatḗs	from (to listen;	apparently an intensive of G191 (ἀκούω)); a hearer (merely)	hearer
G0203	ἀκροβυστία	akrobystía	from G206 (ἄκρον) and probably a modified form of (the penis or male sexual organ);	the prepuce; by implication, an uncircumcised (i.e. gentile, figuratively, unregenerate) state or person	not circumcised, uncircumcised (with G2192 (ἔχω)), uncircumcision
G0204	ἀκρογωνιαῖος	akrogōniaîos	from G206 (ἄκρον) and G1137 (γωνία);	belonging to the extreme corner	chief corner
G0205	ἀκροθίνιον	akrothínion	from G206 (ἄκρον) and (a heap);	properly (in the plural) the top of the heap, i.e. (by implication) best of the booty	spoils
G0206	ἄκρον	ákron	neuter of an adjective probably akin to the base of G188 (ἀκμήν);	the extremity	one end… other, tip, top, uttermost participle
G0207	Ἀκύλας	Akýlas	probably for Latin aquila (an eagle);	Akulas, an Israelite	Aquila
G0208	ἀκυρόω	akyróō	from G1 (Α) (as a negative particle) and G2964 (κυρόω);	to invalidate	disannul, make of none effect
G0209	ἀκωλύτως	akōlýtōs	adverb from a compound of G1 (Α) (as a negative particle) and a derivative of G2967 (κωλύω);	in an unhindered manner, i.e. freely	no man forbidding him
G0210	ἄκων	ákōn	from G1 (Α) (as a negative particle) and G1635 (ἑκών);	unwilling	against the will
G0211	ἀλάβαστρον	alábastron	neuter of (of uncertain derivation), the name of a stone;	properly, an "alabaster" box, i.e. (by extension) a perfume vase (of any material)	(alabaster) box
G0212	ἀλαζονεία	alazoneía	from G213 (ἀλαζών);	braggadocio, i.e. (by implication) self-confidence	boasting, pride
G0213	ἀλαζών	alazṓn	from (vagrancy);	braggart	boaster
G0214	ἀλαλάζω	alalázō	from ( a shout, "halloo");	to vociferate, i.e. (by implication) to wail; figuratively, to clang	tinkle, wail
G0215	ἀλάλητος	alálētos	from G1 (Α) (as a negative particle) and a derivative of G2980 (λαλέω);	unspeakable	unutterable, which cannot be uttered
G0216	ἄλαλος	álalos	from G1 (Α) (as a negative particle) and G2980 (λαλέω);	mute	dumb
G0217	ἅλας	hálas	from G251 (ἅλς);	salt; figuratively, prudence	salt
G0218	ἀλείφω	aleíphō	from G1 (Α) (as particle of union) and the base of G3045 (λιπαρός);	to oil (with perfume)	anoint
G0219	ἀλεκτοροφωνία	alektorophōnía	from G220 (ἀλέκτωρ) and G5456 (φωνή);	cock-crow, i.e. the third night-watch	cockcrowing
G0220	ἀλέκτωρ	aléktōr	from (to ward off);	a cock or male fowl	cock
G0221	Ἀλεξανδρεύς	Alexandreús	from (the city so called);	an Alexandreian or inhabitant of Alexandria	of Alexandria, Alexandrian
G0222	Ἀλεξανδρῖνος	Alexandrînos	from the same as G221 (Ἀλεξανδρεύς);	Alexandrine, or belonging to Alexandria	of Alexandria
G0223	Ἀλέξανδρος	Aléxandros	from the same as (the first part of) G220 (ἀλέκτωρ) and G435 (ἀνήρ);	man-defender; Alexander, the name of three Israelites and one other man	Alexander
G0224	ἄλευρον	áleuron	from (to grind);	flour	meal
G0225	ἀλήθεια	alḗtheia	from G227 (ἀληθής);	truth	true, X truly, truth, verity
G0226	ἀληθεύω	alētheúō	from G227 (ἀληθής);	to be true (in doctrine and profession)	speak (tell) the truth
G0227	ἀληθής	alēthḗs	from G1 (Α) (as a negative particle) and G2990 (λανθάνω);	true (as not concealing)	true, truly, truth
G0228	ἀληθινός	alēthinós	from G227 (ἀληθής);	truthful	true
G0229	ἀλήθω	alḗthō	from the same as G224 (ἄλευρον);	to grind	grind
G0230	ἀληθῶς	alēthōs	adverb from G227 (ἀληθής);	truly	indeed, surely, of a surety, truly, of a (in) truth, verily, very
G0231	ἁλιεύς	halieús	from G251 (ἅλς);	a sailor (as engaged on the salt water), i.e. (by implication) a fisher	fisher(-man)
G0232	ἁλιεύω	halieúō	from G231 (ἁλιεύς);	to be a fisher, i.e. (by implication) to fish	go a-fishing
G0233	ἁλίζω	halízō	from G251 (ἅλς);	to salt	salt
G0234	ἀλίσγεμα	alísgema	from (to soil);	(ceremonially) defilement	pollution
G0235	ἀλλά	allá	neuter plural of G243 (ἄλλος);	properly, other things, i.e. (adverbially) contrariwise (in many relations)	and, but (even), howbeit, indeed, nay, nevertheless, no, notwithstanding, save, therefore, yea, yet
G0236	ἀλλάσσω	allássō	from G243 (ἄλλος);	to make different	change
G0237	ἀλλαχόθεν	allachóthen	from G243 (ἄλλος);	from elsewhere	some other way
G0238	ἀλληγορέω	allēgoréō	from G243 (ἄλλος) and (to harangue (compare G58 (ἀγορά)));	to allegorize	be an allegory (the Greek word itself)
G0239	ἀλληλουϊα	allēlouïa	of Hebrew origin (imperative of H01984 and H03050);	praise ye Jah!, an adoring exclamation	alleluiah
G0240	ἀλλήλων	allḗlōn	Genitive plural from G243 (ἄλλος) reduplicated;	one another	each other, mutual, one another, (the other), (them-, your-)selves, (selves) together (sometimes with G3326 (μετά) or G4314 (πρός))
G0241	ἀλλογενής	allogenḗs	from G243 (ἄλλος) and G1085 (γένος);	foreign, i.e. not a Jew	stranger
G0242	ἅλλομαι	hállomai	middle voice of apparently a primary verb;	to jump; figuratively, to gush	leap, spring up
G0243	ἄλλος	állos	a primary word;	"else," i.e. different (in many applications)	more, one (another), (an-, some an-)other(-s, -wise)
G0244	ἀλλοτριεπίσκοπος	allotriepískopos	from G245 (ἀλλότριος) and G1985 (ἐπίσκοπος);	overseeing others' affairs, i.e. a meddler (specially, in Gentile customs)	busybody in other men's matters
G0245	ἀλλότριος	allótrios	from G243 (ἄλλος);	another's, i.e. not one's own; by extension foreign, not akin, hostile	alien, (an-)other (man's, men's), strange(-r)
G0246	ἀλλόφυλος	allóphylos	from G243 (ἄλλος) and G5443 (φυλή);	foreign, i.e. (specially) Gentile	one of another nation
G0247	ἄλλως	állōs	adverb from G243 (ἄλλος);	differently	otherwise
G0248	ἀλοάω	aloáō	from the same as G257 (ἅλων);	to tread out grain	thresh, tread out the corn
G0249	ἄλογος	álogos	from G1 (Α) (as a negative particle) and G3056 (λόγος);	irrational	brute, unreasonable
G0250	ἀλόη	alóē	of foreign origin (compare G174 (ἀκάνθινος));	aloes (the gum)	aloes
G0251	ἅλς	háls	a primary word;	"salt"	salt
G0252	ἁλυκός	halykós	from G251 (ἅλς);	briny	salt
G0253	ἀλυπότερος	alypóteros	comparative of a compound of G1 (Α) (as a negative particle) and G3077 (λύπη);	more without grief	less sorrowful
G0254	ἅλυσις	hálysis	of uncertain derivation;	a fetter or manacle	bonds, chain
G0255	ἀλυσιτελής	alysitelḗs	from G1 (Α) (as a negative particle) and the base of G3081 (λυσιτελεῖ);	gainless, i.e. (by implication) pernicious	unprofitable
G0256	Ἀλφαῖος	Alphaîos	of Hebrew origin (compare H02501);	Alphæus, an Israelite	Alpheus
G0257	ἅλων	hálōn	probably from the base of G1507 (εἱλίσσω);	a threshing-floor (as rolled hard), i.e. (figuratively) the grain (and chaff, as just threshed)	floor
G0258	ἀλώπηξ	alṓpēx	of uncertain derivation;	a fox, i.e. (figuratively) a cunning person	fox
G0259	ἅλωσις	hálōsis	from a collateral form of G138 (αἱρέομαι);	capture, be taken.	
G0260	ἅμα	háma	a primary particle;	properly, at the "same" time, but freely used as a preposition or adverb denoting close association	also, and, together, with(-al)
G0261	ἀμαθής	amathḗs	from G1 (Α) (as a negative particle) and G3129 (μανθάνω);	ignorant	unlearned
G0262	ἀμαράντινος	amarántinos	from G263 (ἀμάραντος);	"amaranthine", i.e. (by implication) fadeless	that fadeth not away
G0263	ἀμάραντος	amárantos	from G1 (Α) (as a negative particle) and a presumed derivative of G3133 (μαραίνω);	unfading, i.e. (by implication) perpetual	that fadeth not away
G0264	ἁμαρτάνω	hamartánō	perhaps from G1 (Α) (as a negative particle) and the base of G3313 (μέρος);	properly, to miss the mark (and so not share in the prize), i.e. (figuratively) to err, especially (morally) to sin	for your faults, offend, sin, trespass
G0265	ἁμάρτημα	hamártēma	from G264 (ἁμαρτάνω);	a sin (properly concrete)	sin
G0266	ἁμαρτία	hamartía	from G264 (ἁμαρτάνω);	a sin (properly abstract)	offence, sin(-ful)
G0267	ἀμάρτυρος	amártyros	from G1 (Α) (as a negative particle) and a form of G3144 (μάρτυς);	unattested	without witness
G0268	ἁμαρτωλός	hamartōlós	from G264 (ἁμαρτάνω);	sinful, i.e. a sinner	sinful, sinner
G0269	ἄμαχος	ámachos	from G1 (Α) (as a negative particle) and G3163 (μάχη);	peaceable	not a brawler
G0270	ἀμάω	amáō	from G260 (ἅμα);	properly, to collect, i.e. (by implication) reap	reap down
G0271	ἀμέθυστος	améthystos	from G1 (Α) (as a negative particle) and a derivative of G3184 (μεθύω);	the "amethyst" (supposed to prevent intoxication)	amethyst
G0272	ἀμελέω	ameléō	from G1 (Α) (as a negative particle) and G3199 (μέλω);	to be careless of	make light of, neglect, be negligent, no regard
G0273	ἄμεμπτος	ámemptos	from G1 (Α) (as a negative particle) and a derivative of G3201 (μέμφομαι);	irreproachable	blameless, faultless, unblamable
G0274	ἀμέμπτως	amémptōs	adverb from G273 (ἄμεμπτος);	faultlessly	blameless, unblamably
G0275	ἀμέριμνος	amérimnos	from G1 (Α) (as a negative particle) and G3308 (μέριμνα);	not anxious	without care(-fulness), secure
G0276	ἀμετάθετος	ametáthetos	from G1 (Α) (as a negative particle) and a derivative of G3346 (μετατίθημι);	unchangeable, or (neuter as abstract) unchangeability	immutable(-ility)
G0277	ἀμετακίνητος	ametakínētos	from G1 (Α) (as a negative particle) and a derivative of G3334 (μετακινέω);	immovable	unmovable
G0278	ἀμεταμέλητος	ametamélētos	from G1 (Α) (as a negative particle) and a presumed derivative of G3338 (μεταμέλλομαι);	irrevocable	without repentance, not to be repented of
G0279	ἀμετανόητος	ametanóētos	from G1 (Α) (as a negative particle) and a presumed derivative of G3340 (μετανοέω);	unrepentant	impenitent
G0280	ἄμετρος	ámetros	from G1 (Α) (as a negative particle) and G3358 (μέτρον);	immoderate	(thing) without measure
G0281	ἀμήν	amḗn	of Hebrew origin (H0543);	properly, firm, i.e. (figuratively) trustworthy; adverbially, surely (often as interjection, so be it)	amen, verily
G0282	ἀμήτωρ	amḗtōr	from G1 (Α) (as a negative particle) and G3384 (μήτηρ);	motherless, i.e. of unknown maternity	without mother
G0283	ἀμίαντος	amíantos	from G1 (Α) (as a negative particle) and a derivative of G3392 (μιαίνω);	unsoiled, i.e. (figuratively) pure	undefiled
G0284	Ἀμιναδάβ	Aminadáb	of Hebrew origin (H05992);	Aminadab, an Israelite	Aminadab
G0285	ἄμμος	ámmos	perhaps from G260 (ἅμα);	sand (as heaped on the beach)	sand
G0286	ἀμνός	amnós	apparently a primary word;	a lamb	lamb
G0287	ἀμοιβή	amoibḗ	from (to exchange);	requital	requite
G0288	ἄμπελος	ámpelos	probably from the base of G297 (ἀμφότερος) and that of G257 (ἅλων);	a vine (as coiling about a support)	vine
G0289	ἀμπελουργός	ampelourgós	from G288 (ἄμπελος) and G2041 (ἔργον);	a vine-worker, i.e. pruner	vine-dresser
G0290	ἀμπελών	ampelṓn	from G288 (ἄμπελος);	a vineyard	vineyard
G0291	Ἀμπλίας	Amplías	contracted for Latin ampliatus (enlarged);	Amplias, a Roman Christian	Amplias
G0292	ἀμύνομαι	amýnomai	middle voice of a primary verb;	to ward off (for oneself), i.e. protect	defend
G0293	ἀμφίβληστρον	amphíblēstron	from a compound of the base of G297 (ἀμφότερος) and G906 (βάλλω);	a (fishing) net (as thrown about the fish)	net
G0294	ἀμφιέννυμι	amphiénnymi	from the base of G297 (ἀμφότερος) and (to invest);	to enrobe	clothe
G0295	Ἀμφίπολις	Amphípolis	from the base of G297 (ἀμφότερος) and G4172 (πόλις);	a city surrounded by a river; Amphipolis, a place in Macedonia	Amphipolis
G0296	ἄμφοδον	ámphodon	from the base of G297 (ἀμφότερος) and G3598 (ὁδός);	a fork in the road	where two ways meet
G0297	ἀμφότερος	amphóteros	comparative of (around);	(in plural) both	both
G0298	ἀμώμητος	amṓmētos	from G1 (Α) (as a negative particle) and a derivative of G3469 (μωμάομαι);	unblamable	blameless
G0299	ἄμωμος	ámōmos	from G1 (Α) (as a negative particle) and G3470 (μῶμος);	unblemished (literally or figuratively)	without blame (blemish, fault, spot), faultless, unblamable
G0300	Ἀμών	Amṓn	of Hebrew origin (H0526);	Amon, an Israelite	Amon
G0301	Ἀμώς	Amṓs	of Hebrew origin (H0531);	Amos, an Israelite	Amos
G0302	ἄν	án	a primary particle, denoting a supposition, wish, possibility or uncertainty		(what-, where-, wither-, who-)soever
G0303	ἀνά	aná	a primary preposition and adverb;	properly, up; but (by extension) used (distributively) severally, or (locally) at (etc.)	and, apiece, by, each, every (man), in, through
G0304	ἀναβαθμός	anabathmós	from G305 (ἀναβαίνω) (compare G898 (βαθμός));	a stairway	stairs
G0305	ἀναβαίνω	anabaínō	from G303 (ἀνά) and the base of G939 (βάσις);	to go up (literally or figuratively)	arise, ascend (up), climb (go, grow, rise, spring) up, come (up)
G0306	ἀναβάλλομαι	anabállomai	middle voice from G303 (ἀνά) and G906 (βάλλω);	to put off (for oneself)	defer
G0307	ἀναβιβάζω	anabibázō	from G303 (ἀνά) and a derivative of the base of G939 (βάσις);	to cause to go up, i.e. haul (a net)	draw
G0308	ἀναβλέπω	anablépō	from G303 (ἀνά) and G991 (βλέπω);	to look up; by implication, to recover sight	look (up), see, receive sight
G0309	ἀνάβλεψις	anáblepsis	from G308 (ἀναβλέπω);	restoration of sight	recovery of sight
G0310	ἀναβοάω	anaboáō	from G303 (ἀνά) and G994 (βοάω);	to halloo	cry (aloud, out)
G0311	ἀναβολή	anabolḗ	from G306 (ἀναβάλλομαι);	a putting off	delay
G0312	ἀναγγέλλω	anangéllō	from G303 (ἀνά) and the base of G32 (ἄγγελος);	to announce (in detail)	declare, rehearse, report, show, speak, tell
G0313	ἀναγεννάω	anagennáō	from G303 (ἀνά) and G1080 (γεννάω);	to beget or (by extension) bear (again)	beget, (bear) X (again)
G0314	ἀναγινώσκω	anaginṓskō	from G303 (ἀνά) and G1097 (γινώσκω);	to know again, i.e. (by extension) to read	read
G0315	ἀναγκάζω	anankázō	from G318 (ἀνάγκη);	to necessitate	compel, constrain
G0316	ἀναγκαῖος	anankaîos	from G318 (ἀνάγκη);	necessary; by implication, close (of kin)	near, necessary, necessity, needful
G0317	ἀναγκαστῶς	anankastōs	adverb from a derivative of G315 (ἀναγκάζω);	compulsorily	by constraint
G0318	ἀνάγκη	anánkē	from G303 (ἀνά) and the base of G43 (ἀγκάλη);	constraint (literally or figuratively); by implication, distress	distress, must needs, (of) necessity(-sary), needeth, needful
G0319	ἀναγνωρίζομαι	anagnōrízomai	middle voice from G303 (ἀνά) and G1107 (γνωρίζω);	to make (oneself) known	be made known
G0320	ἀνάγνωσις	anágnōsis	from G314 (ἀναγινώσκω);	(the act of) reading	reading
G0321	ἀνάγω	anágō	from G303 (ἀνά) and G71 (ἄγω);	to lead up; by extension to bring out; specially, to sail away	bring (again, forth, up again), depart, launch (forth), lead (up), loose, offer, sail, set forth, take up
G0322	ἀναδείκνυμι	anadeíknymi	from G303 (ἀνά) and G1166 (δεικνύω);	to exhibit, i.e. (by implication) to indicate, appoint	appoint, shew
G0323	ἀνάδειξις	anádeixis	from G322 (ἀναδείκνυμι);	(the act of) exhibition	shewing
G0324	ἀναδέχομαι	anadéchomai	from G303 (ἀνά) and G1209 (δέχομαι);	to entertain (as a guest)	receive
G0325	ἀναδίδωμι	anadídōmi	from G303 (ἀνά) and G1325 (δίδωμι);	to hand over	deliver
G0326	ἀναζάω	anazáō	from G303 (ἀνά) and G2198 (ζάω);	to recover life (literally or figuratively)	(be a-)live again, revive
G0327	ἀναζητέω	anazētéō	from G303 (ἀνά) and G2212 (ζητέω);	to search out	seek
G0328	ἀναζώννυμι	anazṓnnymi	from G303 (ἀνά) and G2224 (ζώννυμι);	to gird afresh	gird up
G0329	ἀναζωπυρέω	anazōpyréō	from G303 (ἀνά) and a compound of the base of G2226 (ζῶον) and G4442 (πῦρ);	to re-enkindle	stir up
G0330	ἀναθάλλω	anathállō	from G303 (ἀνά) and (to flourish);	to revive	flourish again
G0331	ἀνάθεμα	anáthema	from G394 (ἀνατίθεμαι);	a (religious) ban or (concretely) excommunicated (thing or person)	accused, anathema, curse, X great
G0332	ἀναθεματίζω	anathematízō	from G331 (ἀνάθεμα);	to declare or vow under penalty of execration	(bind under a) curse, bind with an oath
G0333	ἀναθεωρέω	anatheōréō	from G303 (ἀνά) and G2334 (θεωρέω);	to look again (i.e. attentively) at (literally or figuratively)	behold, consider
G0334	ἀνάθημα	anáthēma	from G394 (ἀνατίθεμαι) (like G331 (ἀνάθεμα), but in a good sense);	a votive offering	gift
G0335	ἀναίδεια	anaídeia	from a compound of G1 (Α) (as a negative particle (compare G427 (ἄνευ))) and G127 (αἰδώς);	impudence, i.e. (by implication) importunity	importunity
G0336	ἀναίρεσις	anaíresis	from G337 (ἀναιρέω);	(the act of) killing	death
G0337	ἀναιρέω	anairéō	from G303 (ἀνά) and (the active of) G138 (αἱρέομαι);	to take up, i.e. adopt; by implication, to take away (violently), i.e. abolish, murder	put to death, kill, slay, take away, take up
G0338	ἀναίτιος	anaítios	from G1 (Α) (as a negative particle) and G159 (αἴτιος) (in the sense of G156 (αἰτία));	innocent	blameless, guiltless
G0339	ἀνακαθίζω	anakathízō	from G303 (ἀνά) and G2523 (καθίζω);	properly, to set up, i.e. (reflexively) to sit up	sit up
G0340	ἀνακαινίζω	anakainízō	from G303 (ἀνά) and a derivative of G2537 (καινός);	to restore	renew
G0341	ἀνακαινόω	anakainóō	from G303 (ἀνά) and a derivative of G2537 (καινός);	to renovate	renew
G0342	ἀνακαίνωσις	anakaínōsis	from G341 (ἀνακαινόω);	renovation	renewing
G0343	ἀνακαλύπτω	anakalýptō	from G303 (ἀνά) (in the sense of reversal) and G2572 (καλύπτω);	to unveil	open, (un-)taken away
G0344	ἀνακάμπτω	anakámptō	from G303 (ἀνά) and G2578 (κάμπτω);	to turn back	(re-)turn
G0345	ἀνακεῖμαι	anakeîmai	from G303 (ἀνά) and G2749 (κεῖμαι);	to recline (as a corpse or at a meal)	guest, lean, lie, sit (down, at meat), at the table
G0346	ἀνακεφαλαίομαι	anakephalaíomai	from G303 (ἀνά) and G2775 (κεφαλαιόω) (in its original sense);	to sum up	briefly comprehend, gather together in one
G0347	ἀνακλίνω	anaklínō	from G303 (ἀνά) and G2827 (κλίνω);	to lean back	lay, (make) sit down
G0348	ἀνακόπτω	anakóptō	from G303 (ἀνά) and G2875 (κόπτω);	to beat back, i.e. check	hinder
G0349	ἀνακράζω	anakrázō	from G303 (ἀνά) and G2896 (κράζω);	to scream up (aloud)	cry out
G0350	ἀνακρίνω	anakrínō	from G303 (ἀνά) and G2919 (κρίνω);	properly, to scrutinize, i.e. (by implication) investigate, interrogate, determine	ask, question, discern, examine, judge, search
G0351	ἀνάκρισις	anákrisis	from G350 (ἀνακρίνω);	a (judicial) investigation	examination
G0352	ἀνακύπτω	anakýptō	from G303 (ἀνά) (in the sense of reversal) and G2955 (κύπτω);	to unbend, i.e. rise; figuratively, be elated	lift up, look up
G0353	ἀναλαμβάνω	analambánō	from G303 (ἀνά) and G2983 (λαμβάνω);	to take up	receive up, take (in, unto, up)
G0354	ἀνάληψις	análēpsis	from G353 (ἀναλαμβάνω);	ascension	taking up
G0355	ἀναλίσκω	analískō	from G303 (ἀνά) and a form of the alternate of G138 (αἱρέομαι);	properly, to use up, i.e. destroy	consume
G0356	ἀναλογία	analogía	from a compound of G303 (ἀνά) and G3056 (λόγος);	proportion	proportion
G0357	ἀναλογίζομαι	analogízomai	middle voice from G356 (ἀναλογία);	to estimate, i.e. (figuratively) contemplate	consider
G0358	ἄναλος	ánalos	from G1 (Α) (as a negative particle) and G251 (ἅλς);	saltless, i.e. insipid	X lose saltness
G0359	ἀνάλυσις	análysis	from G360 (ἀναλύω);	departure	departure
G0360	ἀναλύω	analýō	from G303 (ἀνά) and G3089 (λύω);	to break up, i.e. depart (literally or figuratively)	depart, return
G0361	ἀναμάρτητος	anamártētos	from G1 (Α) (as a negative particle) and a presumed derivative of G264 (ἁμαρτάνω);	sinless	that is without sin
G0362	ἀναμένω	anaménō	from G303 (ἀνά) and G3306 (μένω);	to await	wait for
G0363	ἀναμιμνήσκω	anamimnḗskō	from G303 (ἀνά) and G3403 (μιμνήσκω);	to remind; (reflexively) to recollect	call to mind, (bring to , call to, put in), remember(-brance)
G0364	ἀνάμνησις	anámnēsis	from G363 (ἀναμιμνήσκω);	recollection	remembrance (again)
G0365	ἀνανεόω	ananeóō	from G303 (ἀνά) and a derivative of G3501 (νέος);	to renovate, i.e. reform	renew
G0366	ἀνανήφω	ananḗphō	from G303 (ἀνά) and G3525 (νήφω);	to become sober again, i.e. (figuratively) regain (one's) senses	recover self
G0367	Ἀνανίας	Ananías	of Hebrew origin (H02608);	Ananias, the name of three Israelites	Ananias
G0368	ἀναντίῤῥητος	anantírrhētos	from G1 (Α) (as a negative particle) and a presumed derivative of a compound of G473 (ἀντί) and G4483 (ῥέω);	indisputable	cannot be spoken against
G0369	ἀναντιῤῥήτως	anantirrhḗtōs	adverb from G368 (ἀναντίῤῥητος);	promptly	without gainsaying
G0370	ἀνάξιος	anáxios	from G1 (Α) (as a negative particle) and G514 (ἄξιος);	unfit	unworthy
G0371	ἀναξίως	anaxíōs	adverb from G370 (ἀνάξιος);	irreverently	unworthily
G0372	ἀνάπαυσις	anápausis	from G373 (ἀναπαύω);	intermission; by implication, recreation	rest
G0373	ἀναπαύω	anapaúō	from G303 (ἀνά) and G3973 (παύω);	(reflexively) to repose (literally or figuratively (be exempt), remain); by implication, to refresh	take ease, refresh, (give, take) rest
G0374	ἀναπείθω	anapeíthō	from G303 (ἀνά) and G3982 (πείθω);	to incite	persuade
G0375	ἀναπέμπω	anapémpō	from G303 (ἀνά) and G3992 (πέμπω);	to send up or back	send (again)
G0376	ἀνάπηρος	anápēros	from G303 (ἀνά) (in the sense of intensity) and (maimed);	crippled	maimed
G0377	ἀναπίπτω	anapíptō	from G303 (ἀνά) and G4098 (πίπτω);	to fall back, i.e. lie down, lean back	lean, sit down (to meat)
G0378	ἀναπληρόω	anaplēróō	from G303 (ἀνά) and G4137 (πληρόω);	to complete; by implication, to occupy, supply; figuratively, to accomplish (by coincidence ot obedience)	fill up, fulfill, occupy, supply
G0379	ἀναπολόγητος	anapológētos	from G1 (Α) (as a negative particle) and a presumed derivative of G626 (ἀπολογέομαι);	indefensible	without an excuse, inexcusable
G0380	ἀναπτύσσω	anaptýssō	from G303 (ἀνά) (in the sense of reversal) and G4428 (πτύσσω);	to unroll (a scroll or volume)	open
G0381	ἀνάπτω	anáptō	from G303 (ἀνά) and G681 (ἅπτω);	to enkindle	kindle, light
G0382	ἀναρίθμητος	anaríthmētos	from G1 (Α) (as a negative particle) and a derivative of G705 (ἀριθμέω);	unnumbered, i.e. without number	innumerable
G0383	ἀνασείω	anaseíō	from G303 (ἀνά) and G4579 (σείω);	figuratively, to excite	move, stir up
G0384	ἀνασκευάζω	anaskeuázō	from G303 (ἀνά) (in the sense of reversal) and a derivative of G4632 (σκεῦος);	properly, to pack up (baggage), i.e. (by implication, and figuratively) to upset	subvert
G0385	ἀνασπάω	anaspáō	from G303 (ἀνά) and G4685 (σπάω);	to take up or extricate	draw up, pull out
G0386	ἀνάστασις	anástasis	from G450 (ἀνίστημι);	a standing up again, i.e. (literally) a resurrection from death (individual, genitive case or by implication, (its author)), or (figuratively) a (moral) recovery (of spiritual truth)	raised to life again, resurrection, rise from the dead, that should rise, rising again
G0387	ἀναστατόω	anastatóō	from a derivative of G450 (ἀνίστημι) (in the sense of removal);	properly, to drive out of home, i.e. (by implication) to disturb (literally or figuratively)	trouble, turn upside down, make an uproar
G0388	ἀνασταυρόω	anastauróō	from G303 (ἀνά) and G4717 (σταυρόω);	to recrucify (figuratively)	crucify afresh
G0389	ἀναστενάζω	anastenázō	from G303 (ἀνά) and G4727 (στενάζω);	to sigh deeply	sigh deeply
G0390	ἀναστρέφω	anastréphō	from G303 (ἀνά) and G4762 (στρέφω);	to overturn; also to return; by implication, to busy oneself, i.e. remain, live	abide, behave self, have conversation, live, overthrow, pass, return, be used
G0391	ἀναστροφή	anastrophḗ	from G390 (ἀναστρέφω);	behavior	conversation
G0392	ἀνατάσσομαι	anatássomai	from G303 (ἀνά) and the middle voice of G5021 (τάσσω);	to arrange	set in order
G0393	ἀνατέλλω	anatéllō	from G303 (ἀνά) and the base of G5056 (τέλος);	to (cause to) arise	(a-, make to) rise, at the rising of, spring (up), be up
G0394	ἀνατίθεμαι	anatíthemai	from G303 (ἀνά) and the middle voice of G5087 (τίθημι);	to set forth (for oneself), i.e propound	communicate, declare
G0395	ἀνατολή	anatolḗ	from G393 (ἀνατέλλω);	a rising of light, i.e. dawn (figuratively); by implication, the east (also in plural)	dayspring, east, rising
G0396	ἀνατρέπω	anatrépō	from G303 (ἀνά) and the base of G5157 (τροπή);	to overturn (figuratively)	overthrow, subvert
G0397	ἀνατρέφω	anatréphō	from G303 (ἀνά) and G5142 (τρέφω);	to rear (physically or mentally)	bring up, nourish (up)
G0398	ἀναφαίνω	anaphaínō	from G303 (ἀνά) and G5316 (φαίνω);	to show, i.e. (reflexively) appear, or (passively) to have pointed out	(should) appear, discover
G0399	ἀναφέρω	anaphérō	from G303 (ἀνά) and G5342 (φέρω);	to take up (literally or figuratively)	bear, bring (carry, lead) up, offer (up)
G0400	ἀναφωνέω	anaphōnéō	from G303 (ἀνά) and G5455 (φωνέω);	to exclaim	speak out
G0401	ἀνάχυσις	anáchysis	from a comparative of G303 (ἀνά) and (to pour);	properly, effusion, i.e. (figuratively) license	excess
G0402	ἀναχωρέω	anachōréō	from G303 (ἀνά) and G5562 (χωρέω);	to retire	depart, give place, go (turn) aside, withdraw self
G0403	ἀνάψυξις	anápsyxis	from G404 (ἀναψύχω);	properly, a recovery of breath, i.e. (figuratively) revival	revival
G0404	ἀναψύχω	anapsýchō	from G303 (ἀνά) and G5594 (ψύχω);	properly, to cool off, i.e. (figuratively) relieve	refresh
G0405	ἀνδραποδιστής	andrapodistḗs	from a derivative of a compound of G435 (ἀνήρ) and G4228 (πούς);	an enslaver (as bringing men to his feet)	menstealer
G0406	Ἀνδρέας	Andréas	from G435 (ἀνήρ);	manly; Andreas, an Israelite	Andrew
G0407	ἀνδρίζομαι	andrízomai	middle voice from G435 (ἀνήρ);	to act manly	quit like men
G0408	Ἀνδρόνικος	Andrónikos	from G435 (ἀνήρ) and G3534 (νῖκος);	man of victory; Andronicos, an Israelite	Adronicus
G0409	ἀνδροφόνος	androphónos	from G435 (ἀνήρ) and G5408 (φόνος);	a murderer	manslayer
G0410	ἀνέγκλητος	anénklētos	from G1 (Α) (as a negative particle) and a derivative of G1458 (ἐγκαλέω);	unaccused, i.e. (by implication) irreproachable	blameless
G0411	ἀνεκδιήγητος	anekdiḗgētos	from G1 (Α) (as a negative particle) and a presumed derivative of G1555 (ἐκδιηγέομαι);	not expounded in full, i.e. indescribable	unspeakable
G0412	ἀνεκλάλητος	aneklálētos	from G1 (Α) (as a negative particle) and a presumed derivative of G1583 (ἐκλαλέω);	not spoken out, i.e. (by implication) unutterable	unspeakable
G0413	ἀνέκλειπτος	anékleiptos	from G1 (Α) (as a negative particle) and a presumed derivative of G1587 (ἐκλείπω);	not left out, i.e. (by implication) inexhaustible	that faileth not
G0414	ἀνεκτότερος	anektóteros	comparative of a derivative of G430 (ἀνέχομαι);	more endurable	more tolerable
G0415	ἀνελεήμων	aneleḗmōn	from G1 (Α) (as a negative particle) and G1655 (ἐλεήμων);	merciless	unmerciful
G0416	ἀνεμίζω	anemízō	from G417 (ἄνεμος);	to toss with the wind	drive with the wind
G0417	ἄνεμος	ánemos	from the base of G109 (ἀήρ);	wind; (plural) by implication, (the four) quarters (of the earth)	wind
G0418	ἀνένδεκτος	anéndektos	from G1 (Α) (as a negative particle) and a derivative of the same as G1735 (ἐνδέχεται);	unadmitted, i.e. (by implication) not supposable	impossible
G0419	ἀνεξερεύνητος	anexereúnētos	from G1 (Α) (as a negative particle) and a presumed derivative of G1830 (ἐξερευνάω);	not searched out, i.e. (by implication) inscrutable	unsearchable
G0420	ἀνεξίκακος	anexíkakos	from G430 (ἀνέχομαι) and G2556 (κακός);	enduring of ill, i.e. forbearing	patient
G0421	ἀνεξιχνίαστος	anexichníastos	from G1 (Α) (as a negative particle) and a presumed derivative of a compound of G1537 (ἐκ) and a derivative of G2487 (ἴχνος);	not tracked out, i.e. (by implication) untraceable	past finding out; unsearchable
G0422	ἀνεπαίσχυντος	anepaíschyntos	from G1 (Α) (as a negative particle) and a presumed derivative of a compound of G1909 (ἐπί) and G153 (αἰσχύνομαι);	not ashamed, i.e. irreprehensible:	--that needeth not to be ashamed
G0423	ἀνεπίληπτος	anepílēptos	from G1 (Α) (as a negative particle) and a derivative of G1949 (ἐπιλαμβάνομαι);	not arrested, i.e. (by implication) inculpable	blameless, unrebukeable
G0424	ἀνέρχομαι	anérchomai	from G303 (ἀνά) and G2064 (ἔρχομαι);	to ascend	go up
G0425	ἄνεσις	ánesis	from G447 (ἀνίημι);	relaxation or (figuratively) relief	eased, liberty, rest
G0426	ἀνετάζω	anetázō	from G303 (ἀνά) and (to test);	to investigate (judicially)	(should have) examined(-d)
G0427	ἄνευ	áneu	a primary particle;	without	without
G0428	ἀνεύθετος	aneúthetos	from G1 (Α) (as a negative particle) and G2111 (εὔθετος);	not well set, i.e. inconvenient	not commodious
G0429	ἀνευρίσκω	aneurískō	from G303 (ἀνά) and G2147 (εὑρίσκω);	to find out	find
G0430	ἀνέχομαι	anéchomai	middle voice from G303 (ἀνά) and G2192 (ἔχω);	to hold oneself up against, i.e. (figuratively) put up with	bear with, endure, forbear, suffer
G0431	ἀνεψιός	anepsiós	from G1 (Α) (as a particle of union) and an obsolete (a brood);	properly, akin, i.e. (specially) a cousin	sister's son
G0432	ἄνηθον	ánēthon	probably of foreign origin;	dill	anise
G0433	ἀνήκω	anḗkō	from G303 (ἀνά) and G2240 (ἥκω);	to attain to, i.e. (figuratively) be proper	convenient, be fit
G0434	ἀνήμερος	anḗmeros	from G1 (Α) (as a negative particle) and (lame);	savage	fierce
G0435	ἀνήρ	anḗr	a primary word (compare G444 (ἄνθρωπος));	a man (properly as an individual male)	fellow, husband, man, sir
G0436	ἀνθίστημι	anthístēmi	from G473 (ἀντί) and G2476 (ἵστημι);	to stand against, i.e. oppose	resist, withstand
G0437	ἀνθομολογέομαι	anthomologéomai	from G473 (ἀντί) and the middle voice of G3670 (ὁμολογέω);	to confess in turn, i.e. respond in praise	give thanks
G0438	ἄνθος	ánthos	a primary word;	a blossom	flower
G0439	ἀνθρακιά	anthrakiá	from G440 (ἄνθραξ);	a bed of burning coals	fire of coals
G0440	ἄνθραξ	ánthrax	of uncertain derivation;	a live coal	coal of fire
G0441	ἀνθρωπάρεσκος	anthrōpáreskos	from G444 (ἄνθρωπος) and G700 (ἀρέσκω);	man-courting, i.e. fawning	men-pleaser
G0442	ἀνθρώπινος	anthrṓpinos	from G444 (ἄνθρωπος);	human	human, common to man, man(-kind), (man-)kind, men's, after the manner of men
G0443	ἀνθρωποκτόνος	anthrōpoktónos	from G444 (ἄνθρωπος) and (to kill);	a manslayer	murderer
G0444	ἄνθρωπος	ánthrōpos	from G435 (ἀνήρ) and (the countenance;	from G3700 (ὀπτάνομαι)); man-faced, i.e. a human being	certain, man
G0445	ἀνθυπατεύω	anthypateúō	from G446 (ἀνθύπατος);	to act as proconsul	be the deputy
G0446	ἀνθύπατος	anthýpatos	from G473 (ἀντί) and a superlative of G5228 (ὑπέρ);	instead of the highest officer, i.e. (specially) a Roman proconsul	deputy
G0447	ἀνίημι	aníēmi	from G303 (ἀνά) and (to send);	to let up, i.e. (literally) slacken or (figuratively) desert, desist from	forbear, leave, loose
G0448	ἀνίλεως	aníleōs	from G1 (Α) (as a negative particle) and G2436 (ἵλεως);	inexorable	without mercy
G0449	ἄνιπτος	ániptos	from G1 (Α) (as a negative particle) and a presumed derivative of G3538 (νίπτω);	without ablution	unwashen
G0450	ἀνίστημι	anístēmi	from G303 (ἀνά) and G2476 (ἵστημι);	to stand up (literal or figurative, transitive or intransitive)	arise, lift up, raise up (again), rise (again), stand up(-right)
G0451	Ἄννα	Ánna	of Hebrew origin (H02584);	Anna, an Israelitess	Anna
G0452	Ἄννας	Ánnas	of Hebrew origin (H02608);	Annas (i.e. G367 (Ἀνανίας)), an Israelite	Annas
G0453	ἀνόητος	anóētos	from G1 (Α) (as a negative particle) and a derivative of G3539 (νοιέω);	unintelligent; by implication, sensual	fool(-ish), unwise
G0454	ἄνοια	ánoia	from a compound of G1 (Α) (as a negative particle) and G3563 (νοῦς);	stupidity; by implication, rage	folly, madness
G0455	ἀνοίγω	anoígō	from G303 (ἀνά) and (to open);	to open up (literally or figuratively, in various applications)	open
G0456	ἀνοικοδομέω	anoikodoméō	from G303 (ἀνά) and G3618 (οἰκοδομέω);	to rebuild	build again
G0457	ἄνοιξις	ánoixis	from G455 (ἀνοίγω);	opening (throat)	X open
G0458	ἀνομία	anomía	from G459 (ἄνομος);	illegality, i.e. violation of law or (genitive case) wickedness	iniquity, X transgress(-ion of) the law, unrighteousness
G0459	ἄνομος	ánomos	from G1 (Α) (as a negative particle) and G3551 (νόμος);	lawless, i.e. (negatively) not subject to (the Jewish) law; (by implication, a Gentile), or (positively) wicked	without law, lawless, transgressor, unlawful, wicked
G0460	ἀνόμως	anómōs	adverb from G459 (ἄνομος);	lawlessly, i.e. (specially) not amenable to (the Jewish) law	without law
G0461	ἀνορθόω	anorthóō	from G303 (ἀνά) and a derivative of the base of G3717 (ὀρθός);	to straighten up	lift (set) up, make straight
G0462	ἀνόσιος	anósios	from G1 (Α) (as a negative particle) and G3741 (ὅσιος);	wicked	unholy
G0463	ἀνοχή	anochḗ	from G430 (ἀνέχομαι);	self-restraint, i.e. tolerance	forbearance
G0464	ἀνταγωνίζομαι	antagōnízomai	from G473 (ἀντί) and G75 (ἀγωνίζομαι);	to struggle against (figuratively) ("antagonize")	strive against
G0465	ἀντάλλαγμα	antállagma	from a compound of G473 (ἀντί) and G236 (ἀλλάσσω);	an equivalent or ransom	in exchange
G0466	ἀνταναπληρόω	antanaplēróō	from G473 (ἀντί) and G378 (ἀναπληρόω);	to supplement	fill up
G0467	ἀνταποδίδωμι	antapodídōmi	from G473 (ἀντί) and G591 (ἀποδίδωμι);	to requite (good or evil)	recompense, render, repay
G0468	ἀνταπόδομα	antapódoma	from G467 (ἀνταποδίδωμι);	a requital (properly, the thing)	recompense
G0469	ἀνταπόδοσις	antapódosis	from G467 (ἀνταποδίδωμι);	requital (properly, the act)	reward
G0470	ἀνταποκρίνομαι	antapokrínomai	from G473 (ἀντί) and G611 (ἀποκρίνομαι);	to contradict or dispute	answer again, reply against
G0471	ἀντέπω	antépō	from G473 (ἀντί) and G2036 (ἔπω);	to refute or deny	gainsay, say against
G0472	ἀντέχομαι	antéchomai	from G473 (ἀντί) and the middle voice of G2192 (ἔχω);	to hold oneself opposite to, i.e. (by implication) adhere to; by extension to care for	hold fast, hold to, support
G0473	ἀντί	antí	a primary particle;	opposite, i.e. instead or because of (rarely in addition to)	for, in the room of
G0474	ἀντιβάλλω	antibállō	from G473 (ἀντί) and G906 (βάλλω);	to bandy	have
G0475	ἀντιδιατίθεμαι	antidiatíthemai	from G473 (ἀντί) and G1303 (διατίθεμαι);	to set oneself opposite, i.e. be disputatious	that oppose themselves
G0476	ἀντίδικος	antídikos	from G473 (ἀντί) and G1349 (δίκη);	an opponent (in a lawsuit); specially, Satan (as the arch-enemy)	adversary
G0477	ἀντίθεσις	antíthesis	from a compound of G473 (ἀντί) and G5087 (τίθημι);	opposition, i.e. a conflict (of theories)	opposition
G0478	ἀντικαθίστημι	antikathístēmi	from G473 (ἀντί) and G2525 (καθίστημι);	to set down (troops) against, i.e. withstand	resist
G0479	ἀντικαλέω	antikaléō	from G473 (ἀντί) and G2564 (καλέω);	to invite in return	bid again
G0480	ἀντίκειμαι	antíkeimai	from G473 (ἀντί) and G2749 (κεῖμαι);	to lie opposite, i.e. be adverse (figuratively, repugnant) to	adversary, be contrary, oppose
G0481	ἀντικρύ	antikrý	prolonged from G473 (ἀντί);	opposite	over against
G0482	ἀντιλαμβάνομαι	antilambánomai	from G473 (ἀντί) and the middle voice of G2983 (λαμβάνω);	to take hold of in turn, i.e. succor; also to participate	help, partaker, support
G0483	ἀντιλέγω	antilégō	from G473 (ἀντί) and G3004 (λέγω);	to dispute, refuse	answer again, contradict, deny, gainsay(-er), speak against
G0484	ἀντίληψις	antílēpsis	from G482 (ἀντιλαμβάνομαι);	relief	help
G0485	ἀντιλογία	antilogía	from a derivative of G483 (ἀντιλέγω);	dispute, disobedience	contradiction, gainsaying, strife
G0486	ἀντιλοιδορέω	antiloidoréō	from G473 (ἀντί) and G3058 (λοιδορέω);	to rail in reply	revile again
G0487	ἀντίλυτρον	antílytron	from G473 (ἀντί) and G3083 (λύτρον);	a redemption-price	ransom
G0488	ἀντιμετρέω	antimetréō	from G473 (ἀντί) and G3354 (μετρέω);	to mete in return	measure again
G0489	ἀντιμισθία	antimisthía	from a compound of G473 (ἀντί) and G3408 (μισθός);	requital, correspondence	recompense
G0490	Ἀντιόχεια	Antiócheia	from (a Syrian king);	Antiochia, a place in Syria	Antioch
G0491	Ἀντιοχεύς	Antiocheús	from G490 (Ἀντιόχεια);	an Antiochian or inhabitant of Antiochia	of Antioch
G0492	ἀντιπαρέρχομαι	antiparérchomai	from G473 (ἀντί) and G3928 (παρέρχομαι);	to go along opposite	pass by on the other side
G0493	Ἀντίπας	Antípas	contracted for a compound of G473 (ἀντί) and a derivative of G3962 (πατήρ);	Antipas, a Christian	Antipas
G0494	Ἀντιπατρίς	Antipatrís	from the same as G493 (Ἀντίπας);	Antipatris, a place in Palestine	Antipatris
G0495	ἀντιπέραν	antipéran	from G473 (ἀντί) and G4008 (πέραν);	on the opposite side	over against
G0496	ἀντιπίπτω	antipíptō	from G473 (ἀντί) and G4098 (πίπτω) (including its alternate);	to oppose	resist
G0497	ἀντιστρατεύομαι	antistrateúomai	from G473 (ἀντί) and G4754 (στρατεύομαι);	(figuratively) to attack, i.e. (by implication) destroy	war against
G0498	ἀντιτάσσομαι	antitássomai	from G473 (ἀντί) and the middle voice of G5021 (τάσσω);	to range oneself against, i.e. oppose	oppose themselves, resist
G0499	ἀντίτυπον	antítypon	neuter of a compound of G473 (ἀντί) and G5179 (τύπος);	corresponding ("antitype"), i.e. a representative, counterpart	(like) figure (whereunto)
G0500	ἀντίχριστος	antíchristos	from G473 (ἀντί) and G5547 (Χριστός);	an opponent of the Messiah	antichrist
G0501	ἀντλέω	antléō	from (the hold of a ship);	to bale up (properly, bilge water), i.e. dip water (with a bucket, pitcher, etc.)	draw (out)
G0502	ἄντλημα	ántlēma	from G501 (ἀντλέω);	a baling-vessel	thing to draw with
G0503	ἀντοφθαλμέω	antophthalméō	from a compound of G473 (ἀντί) and G3788 (ὀφθαλμός);	to face	bear up into
G0504	ἄνυδρος	ánydros	from G1 (Α) (as a negative particle) and G5204 (ὕδωρ);	waterless, i.e. dry	dry, without water
G0505	ἀνυπόκριτος	anypókritos	from G1 (Α) (as a negative particle) and a presumed derivative of G5271 (ὑποκρίνομαι);	undissembled, i.e. sincere	without dissimulation (hypocrisy), unfeigned
G0506	ἀνυπότακτος	anypótaktos	from G1 (Α) (as a negative particle) and a presumed derivative of G5293 (ὑποτάσσω);	unsubdued, i.e. insubordinate (in fact or temper)	disobedient, that is not put under, unruly
G0507	ἄνω	ánō	adverb from G473 (ἀντί);	upward or on the top	above, brim, high, up
G0508	ἀνώγεον	anṓgeon	from G507 (ἄνω) and G1093 (γῆ);	above the ground, i.e. (properly) the second floor of a building; used for a dome or a balcony on the upper story	upper room
G0509	ἄνωθεν	ánōthen	from G507 (ἄνω);	from above; by analogy, from the first; by implication, anew	from above, again, from the beginning (very first), the top
G0510	ἀνωτερικός	anōterikós	from G511 (ἀνώτερος);	superior, i.e. (locally) more remote	upper
G0511	ἀνώτερος	anṓteros	comparative degree of G507 (ἄνω);	upper, i.e. (neuter as adverb) to a more conspicuous place, in a former part of the book	above, higher
G0512	ἀνωφελής	anōphelḗs	from G1 (Α) (as a negative particle) and the base of G5624 (ὠφέλιμος);	useless or (neuter) inutility	unprofitable(-ness)
G0513	ἀξίνη	axínē	probably from (to break;	compare G4486 (ῥήγνυμι)); an axe	axe
G0514	ἄξιος	áxios	probably from G71 (ἄγω);	deserving, comparable or suitable (as if drawing praise)	due reward, meet, (un-)worthy
G0515	ἀξιόω	axióō	from G514 (ἄξιος);	to deem entitled or fit	desire, think good, count (think) worthy
G0516	ἀξίως	axíōs	adverb from G514 (ἄξιος);	appropriately	as becometh, after a godly sort, worthily(-thy)
G0517	ἀόρατος	aóratos	from G1 (Α) (as a negative particle) and G3707 (ὁρατός);	invisible	invisible (thing)
G0518	ἀπαγγέλλω	apangéllō	from G575 (ἀπό) and the base of G32 (ἄγγελος);	to announce	bring word (again), declare, report, shew (again), tell
G0519	ἀπάγχομαι	apánchomai	from G575 (ἀπό) and (to choke;	akin to the base of G43 (ἀγκάλη)); to strangle oneself off (i.e. to death)	hang himself
G0520	ἀπάγω	apágō	from G575 (ἀπό) and G71 (ἄγω);	to take off (in various senses)	bring, carry away, lead (away), put to death, take away
G0521	ἀπαίδευτος	apaídeutos	from G1 (Α) (as a negative particle) and a derivative of G3811 (παιδεύω);	uninstructed, i.e. (figuratively) stupid	unlearned
G0522	ἀπαίρω	apaírō	from G575 (ἀπό) and G142 (αἴρω);	to lift off, i.e. remove	take (away)
G0523	ἀπαιτέω	apaitéō	from G575 (ἀπό) and G154 (αἰτέω);	to demand back	ask again, require
G0524	ἀπαλγέω	apalgéō	from G575 (ἀπό) and (to smart);	to grieve out, i.e. become apathetic	be past feeling
G0525	ἀπαλλάσσω	apallássō	from G575 (ἀπό) and G236 (ἀλλάσσω);	to change away, i.e. release, (reflexively) remove	deliver, depart
G0526	ἀπαλλοτριόω	apallotrióō	from G575 (ἀπό) and a derivative of G245 (ἀλλότριος);	to estrange away, i.e. (passively and figuratively) to be non-participant	alienate, be alien
G0527	ἀπαλός	apalós	of uncertain derivation;	soft	tender
G0528	ἀπαντάω	apantáō	from G575 (ἀπό) and a derivative of G473 (ἀντί);	to meet away, i.e. encounter	meet
G0529	ἀπάντησις	apántēsis	from G528 (ἀπαντάω);	a (friendly) encounter	meet
G0530	ἅπαξ	hápax	probably from G537 (ἅπας);	one (or a single) time (numerically or conclusively)	once
G0531	ἀπαράβατος	aparábatos	from G1 (Α) (as a negative particle) and a derivative of G3845 (παραβαίνω);	not passing away, i.e. untransferable (perpetual)	unchangeable
G0532	ἀπαρασκεύαστος	aparaskeúastos	from G1 (Α) (as a negative particle) and a derivative of G3903 (παρασκευάζω);	unready	unprepared
G0533	ἀπαρνέομαι	aparnéomai	from G575 (ἀπό) and G720 (ἀρνέομαι);	to deny utterly, i.e. disown, abstain	deny
G0534	ἀπάρτι	apárti	from G575 (ἀπό) and G737 (ἄρτι);	from now, i.e. henceforth (already)	from henceforth
G0535	ἀπαρτισμός	apartismós	from a derivative of G534 (ἀπάρτι);	completion	finishing
G0536	ἀπαρχή	aparchḗ	from a compound of G575 (ἀπό) and G756 (ἄρχομαι);	a beginning of sacrifice, i.e. the (Jewish) first-fruit (figuratively)	first-fruits
G0537	ἅπας	hápas	from G1 (Α) (as a particle of union) and G3956 (πᾶς);	absolutely all or (singular) every one	all (things), every (one), whole
G0538	ἀπατάω	apatáō	of uncertain derivation;	to cheat, i.e. delude	deceive
G0539	ἀπάτη	apátē	from G538 (ἀπατάω);	delusion	deceit(-ful, -fulness), deceivableness(-ving)
G0540	ἀπάτωρ	apátōr	from G1 (Α) (as a negative particle) and G3962 (πατήρ);	fatherless, i.e. of unrecorded paternity	without father
G0541	ἀπαύγασμα	apaúgasma	from a compound of G575 (ἀπό) and G826 (αὐγάζω);	an off-flash, i.e. effulgence	brightness
G0542	ἀπείδω	apeídō	from G575 (ἀπό) and the same as G1492 (εἴδω);	to see fully	see
G0543	ἀπείθεια	apeítheia	from G545 (ἀπειθής);	disbelief (obstinate and rebellious)	disobedience, unbelief
G0544	ἀπειθέω	apeithéō	from G545 (ἀπειθής);	to disbelieve (wilfully and perversely)	not believe, disobedient, obey not, unbelieving
G0545	ἀπειθής	apeithḗs	from G1 (Α) (as a negative particle) and G3982 (πείθω);	unpersuadable, i.e. contumacious	disobedient
G0546	ἀπειλέω	apeiléō	of uncertain derivation;	to menace; by implication, to forbid	threaten
G0547	ἀπειλή	apeilḗ	from G546 (ἀπειλέω);	a menace	X straitly, threatening
G0548	ἄπειμι	ápeimi	from G575 (ἀπό) and G1510 (εἰμί);	to be away	be absent
G0549	ἄπειμι	ápeimi	from G575 (ἀπό) and (to go);	to go away	go
G0550	ἀπειπόμην	apeipómēn	reflexive past of a compound of G575 (ἀπό) and G2036 (ἔπω);	to say off for oneself, i.e. disown	renounce
G0551	ἀπείραστος	apeírastos	from G1 (Α) (as a negative particle) and a presumed derivative of G3987 (πειράω);	untried, i.e. not temptable	not to be tempted
G0552	ἄπειρος	ápeiros	from G1 (Α) (as a negative particle) and G3984 (πεῖρα);	inexperienced, i.e. ignorant	unskilful
G0553	ἀπεκδέχομαι	apekdéchomai	from G575 (ἀπό) and G1551 (ἐκδέχομαι);	to expect fully	look (wait) for
G0554	ἀπεκδύομαι	apekdýomai	middle voice from G575 (ἀπό) and G1562 (ἐκδύω);	to divest wholly oneself, or (for oneself) despoil	put off, spoil
G0555	ἀπέκδυσις	apékdysis	from G554 (ἀπεκδύομαι);	divestment	putting off
G0556	ἀπελαύνω	apelaúnō	from G575 (ἀπό) and G1643 (ἐλαύνω);	to dismiss	drive
G0557	ἀπελεγμός	apelegmós	from a compound of G575 (ἀπό) and G1651 (ἐλέγχω);	refutation, i.e. (by implication) contempt	nought
G0558	ἀπελεύθερος	apeleútheros	from G575 (ἀπό) and G1658 (ἐλεύθερος);	one freed away, i.e. a freedman	freeman
G0559	Ἀπελλῆς	Apellēs	of Latin origin;	Apelles, a Christian	Apelles
G0560	ἀπελπίζω	apelpízō	from G575 (ἀπό) and G1679 (ἐλπίζω);	to hope out, i.e. fully expect	hope for again
G0561	ἀπέναντι	apénanti	from G575 (ἀπό) and G1725 (ἔναντι);	from in front, i.e. opposite, before or against	before, contrary, over against, in the presence of
G0562	ἀπέραντος	apérantos	from G1 (Α) (as a negative particle) and a secondary derivative of G4008 (πέραν);	unfinished, i.e. (by implication) interminable	endless
G0563	ἀπερισπάστως	aperispástōs	adverb from a compound of G1 (Α) (as a negative participle) and a presumed derivative of G4049 (περισπάω);	undistractedly, i.e. free from (domestic) solicitude	without distraction
G0564	ἀπερίτμητος	aperítmētos	from G1 (Α) (as a negative particle) and a presumed derivative of G4059 (περιτέμνω);	uncircumcised (figuratively)	uncircumcised
G0565	ἀπέρχομαι	apérchomai	from G575 (ἀπό) and G2064 (ἔρχομαι);	to go off (i.e. depart), aside (i.e. apart) or behind (i.e. follow), literally or figuratively	come, depart, go (aside, away, back, out, … ways), pass away, be past
G0566	ἀπέχει	apéchei	third person singular present indicative active of G568 (ἀπέχω) used impersonally;	it is sufficient	it is enough
G0567	ἀπέχομαι	apéchomai	middle voice (reflexively) of G568 (ἀπέχω);	to hold oneself off, i.e. refrain	abstain
G0568	ἀπέχω	apéchō	from G575 (ἀπό) and G2192 (ἔχω);	(actively) to have out, i.e. receive in full; (intransitively) to keep (oneself) away, i.e. be distant (literally or figuratively)	be, have, receive
G0569	ἀπιστέω	apistéō	from G571 (ἄπιστος);	to be unbelieving, i.e. (transitively) disbelieve, or (by implication) disobey	believe not
G0570	ἀπιστία	apistía	from G571 (ἄπιστος);	faithlessness, i.e. (negatively) disbelief (lack of Christian faith), or (positively) unfaithfulness (disobedience)	unbelief
G0571	ἄπιστος	ápistos	from G1 (Α) (as a negative particle) and G4103 (πιστός);	(actively) disbelieving, i.e. without Christian faith (specially, a heathen); (passively) untrustworthy (person), or incredible (thing)	that believeth not, faithless, incredible thing, infidel, unbeliever(-ing)
G0572	ἁπλότης	haplótēs	from G573 (ἁπλοῦς);	singleness, i.e. (subjectively) sincerity (without dissimulation or self-seeking), or (objectively) generosity (copious bestowal)	bountifulness, liberal(-ity), simplicity, singleness
G0573	ἁπλοῦς	haploûs	probably from G1 (Α) (as a particle of union) and the base of G4120 (πλέκω);	properly, folded together, i.e. single (figuratively, clear)	single
G0574	ἁπλῶς	haplōs	adverb from G573 (ἁπλοῦς) (in the objective sense of G572 (ἁπλότης));	bountifully;	--liberally
G0575	ἀπό	apó	a primary particle;	"off," i.e. away (from something near), in various senses (of place, time, or relation; literal or figurative)	(X here-)after, ago, at, because of, before, by (the space of), for(-th), from, in, (out) of, off, (up-)on(-ce), since, with
G0576	ἀποβαίνω	apobaínō	from G575 (ἀπό) and the base of G939 (βάσις);	literally, to disembark; figuratively, to eventuate	become, go out, turn
G0577	ἀποβάλλω	apobállō	from G575 (ἀπό) and G906 (βάλλω);	to throw off; figuratively, to lose	cast away
G0578	ἀποβλέπω	apoblépō	from G575 (ἀπό) and G991 (βλέπω);	to look away from everything else, i.e. (figuratively) intently regard	have respect
G0579	ἀπόβλητος	apóblētos	from G577 (ἀποβάλλω);	cast off, i.e. (figuratively) such as to be rejected	be refused
G0580	ἀποβολή	apobolḗ	from G577 (ἀποβάλλω);	rejection; figuratively, loss	casting away, loss
G0581	ἀπογενόμενος	apogenómenos	past participle of a compound of G575 (ἀπό) and G1096 (γίνομαι);	absent, i.e. deceased (figuratively, renounced)	being dead
G0582	ἀπογραφή	apographḗ	from G583 (ἀπογράφω);	an enrollment; by implication, an assessment	taxing
G0583	ἀπογράφω	apográphō	from G575 (ἀπό) and G1125 (γράφω);	to write off (a copy or list), i.e. enrol	tax, write
G0584	ἀποδείκνυμι	apodeíknymi	from G575 (ἀπό) and G1166 (δεικνύω);	to show off, i.e. exhibit; figuratively, to demonstrate, i.e. accredit	(ap-)prove, set forth, shew
G0585	ἀπόδειξις	apódeixis	from G584 (ἀποδείκνυμι);	manifestation	demonstration
G0586	ἀποδεκατόω	apodekatóō	from G575 (ἀπό) and G1183 (δεκατόω);	to tithe (as debtor or creditor)	(give, pay, take) tithe
G0587	ἀπόδεκτος	apódektos	from G588 (ἀποδέχομαι);	accepted, i.e. agreeable	acceptable
G0588	ἀποδέχομαι	apodéchomai	from G575 (ἀπό) and G1209 (δέχομαι);	to take fully, i.e. welcome (persons), approve (things)	accept, receive (gladly)
G0589	ἀποδημέω	apodēméō	from G590 (ἀπόδημος);	to go abroad, i.e. visit a foreign land	go (travel) into a far country, journey
G0590	ἀπόδημος	apódēmos	from G575 (ἀπό) and G1218 (δῆμος);	absent from one's own people, i.e. a foreign traveller	taking a far journey
G0591	ἀποδίδωμι	apodídōmi	from G575 (ἀπό) and G1325 (δίδωμι);	to give away, i.e. up, over, back, etc. (in various applications)	deliver (again), give (again), (re-)pay(-ment be made), perform, recompense, render, requite, restore, reward, sell, yield
G0592	ἀποδιορίζω	apodiorízō	from G575 (ἀπό) and a compound of G223 (Ἀλέξανδρος) and G3724 (ὁρίζω);	to disjoin (by a boundary, figuratively, a party)	separate
G0593	ἀποδοκιμάζω	apodokimázō	from G575 (ἀπό) and G1381 (δοκιμάζω);	to disapprove, i.e. (by implication) to repudiate	disallow, reject
G0594	ἀποδοχή	apodochḗ	from G588 (ἀποδέχομαι);	acceptance	acceptation
G0595	ἀπόθεσις	apóthesis	from G659 (ἀποτίθημι);	a laying aside (literally or figuratively)	putting away (off)
G0596	ἀποθήκη	apothḗkē	from G659 (ἀποτίθημι);	a repository, i.e. granary	barn, garner
G0597	ἀποθησαυρίζω	apothēsaurízō	from G575 (ἀπό) and G2343 (θησαυρίζω);	to treasure away	lay up in store
G0598	ἀποθλίβω	apothlíbō	from G575 (ἀπό) and G2346 (θλίβω);	to crowd (from every side)	press
G0599	ἀποθνήσκω	apothnḗskō	from G575 (ἀπό) and G2348 (θνήσκω);	to die off (literally or figuratively)	be dead, death, die, lie a-dying, be slain (X with)
G0600	ἀποκαθίστημι	apokathístēmi	from G575 (ἀπό) and G2525 (καθίστημι);	to reconstitute (in health, home or organization)	restore (again)
G0601	ἀποκαλύπτω	apokalýptō	from G575 (ἀπό) and G2572 (καλύπτω);	to take off the cover, i.e. disclose	reveal
G0602	ἀποκάλυψις	apokálypsis	from G601 (ἀποκαλύπτω);	disclosure	appearing, coming, lighten, manifestation, be revealed, revelation
G0603	ἀποκαραδοκία	apokaradokía	from a comparative of G575 (ἀπό) and a compound of (the head) and G1380 (δοκέω) (in the sense of watching);	intense anticipation	earnest expectation
G0604	ἀποκαταλλάσσω	apokatallássō	from G575 (ἀπό) and G2644 (καταλλάσσω);	to reconcile fully	reconcile
G0605	ἀποκατάστασις	apokatástasis	from G600 (ἀποκαθίστημι);	reconstitution	restitution
G0606	ἀπόκειμαι	apókeimai	from G575 (ἀπό) and G2749 (κεῖμαι);	to be reserved; figuratively, to await	be appointed, (be) laid up
G0607	ἀποκεφαλίζω	apokephalízō	from G575 (ἀπό) and G2776 (κεφαλή);	to decapitate	behead
G0608	ἀποκλείω	apokleíō	from G575 (ἀπό) and G2808 (κλείω);	to close fully	shut up
G0609	ἀποκόπτω	apokóptō	from G575 (ἀπό) and G2875 (κόπτω);	to amputate; reflexively (by irony) to mutilate (the privy parts)	cut off
G0610	ἀπόκριμα	apókrima	from G611 (ἀποκρίνομαι) (in its original sense of judging);	a judicial decision	sentence
G0611	ἀποκρίνομαι	apokrínomai	from G575 (ἀπό) and ;	to conclude for oneself, i.e. (by implication) to respond; by Hebraism (compare H06030) to begin to speak (where an address is expected)	answer
G0612	ἀπόκρισις	apókrisis	from G611 (ἀποκρίνομαι);	a response	answer
G0613	ἀποκρύπτω	apokrýptō	from G575 (ἀπό) and G2928 (κρύπτω);	to conceal away (i.e. fully); figuratively, to keep secret	hide
G0614	ἀπόκρυφος	apókryphos	from G613 (ἀποκρύπτω);	secret; by implication, treasured	hid, kept secret
G0615	ἀποκτείνω	apokteínō	from G575 (ἀπό) and (to slay);	to kill outright; figuratively, to destroy	put to death, kill, slay
G0616	ἀποκυέω	apokyéō	from G575 (ἀπό) and the base of G2949 (κῦμα);	to breed forth, i.e. (by transference) to generate (figuratively)	beget, produce
G0617	ἀποκυλίω	apokylíō	from G575 (ἀπό) and G2947 (κυλιόω);	to roll away	roll away (back)
G0618	ἀπολαμβάνω	apolambánō	from G575 (ἀπό) and G2983 (λαμβάνω);	to receive (specially, in full, or as a host); also to take aside	receive, take
G0619	ἀπόλαυσις	apólausis	from a comparative of G575 (ἀπό) and (to enjoy);	full enjoyment	enjoy(-ment)
G0620	ἀπολείπω	apoleípō	from G575 (ἀπό) and G3007 (λείπω);	to leave behind (passively, remain); by implication, to forsake	leave, remain
G0621	ἀπολείχω	apoleíchō	from G575 (ἀπό) and (to "lick");	to lick clean	lick
G0622	ἀπόλλυμι	apóllymi	from G575 (ἀπό) and the base of G3639 (ὄλεθρος);	to destroy fully (reflexively, to perish, or lose), literally or figuratively	destroy, die, lose, mar, perish
G0623	Ἀπολλύων	Apollýōn	active participle of G622 (ἀπόλλυμι);	a destroyer (i.e. Satan)	Apollyon
G0624	Ἀπολλωνία	Apollōnía	from the pagan deity (i.e. the sun;	from G622 (ἀπόλλυμι)); Apollonia, a place in Macedonia	Apollonia
G0625	Ἀπολλῶς	Apollōs	probably from the same as G624 (Ἀπολλωνία);	Apollos, an Israelite	Apollos
G0626	ἀπολογέομαι	apologéomai	middle voice from a compound of G575 (ἀπό) and G3056 (λόγος);	to give an account (legal plea) of oneself, i.e. exculpate (self)	answer (for self), make defence, excuse (self), speak for self
G0627	ἀπολογία	apología	from the same as G626 (ἀπολογέομαι);	a plea ("apology")	answer (for self), clearing of self, defence
G0628	ἀπολούω	apoloúō	from G575 (ἀπό) and G3068 (λούω);	to wash fully, i.e. (figuratively) have remitted (reflexively)	wash (away)
G0629	ἀπολύτρωσις	apolýtrōsis	from a compound of G575 (ἀπό) and G3083 (λύτρον);	(the act) ransom in full, i.e. (figuratively) riddance, or (specially) Christian salvation	deliverance, redemption
G0630	ἀπολύω	apolýō	from G575 (ἀπό) and G3089 (λύω);	to free fully, i.e. (literally) relieve, release, dismiss (reflexively, depart), or (figuratively) let die, pardon or (specially) divorce	(let) depart, dismiss, divorce, forgive, let go, loose, put (send) away, release, set at liberty
G0631	ἀπομάσσομαι	apomássomai	middle voice from G575 (ἀπό) and (to squeeze, knead, smear);	to scrape away	wipe off
G0632	ἀπονέμω	aponémō	from G575 (ἀπό) and the base of G3551 (νόμος);	to apportion, i.e. bestow	give
G0633	ἀπονίπτω	aponíptō	from G575 (ἀπό) and G3538 (νίπτω);	to wash off (reflexively, one's own hands symbolically)	wash
G0634	ἀποπίπτω	apopíptō	from G575 (ἀπό) and G4098 (πίπτω);	to fall off	fall
G0635	ἀποπλανάω	apoplanáō	from G575 (ἀπό) and G4105 (πλανάω);	to lead astray (figuratively); passively, to stray (from truth)	err, seduce
G0636	ἀποπλέω	apopléō	from G575 (ἀπό) and G4126 (πλέω);	to set sail	sail away
G0637	ἀποπλύνω	apoplýnō	from G575 (ἀπό) and G4150 (πλύνω);	to rinse off	wash
G0638	ἀποπνίγω	apopnígō	from G575 (ἀπό) and G4155 (πνίγω);	to stifle (by drowning or overgrowth)	choke
G0639	ἀπορέω	aporéō	from a compound of G1 (Α) (as a negative particle) and the base of G4198 (πορεύομαι);	to have no way out, i.e. be at a loss (mentally)	(stand in) doubt, be perplexed
G0640	ἀπορία	aporía	from the same as G639 (ἀπορέω);	a (state of) quandary	perplexity
G0641	ἀποῤῥίπτω	aporrhíptō	from G575 (ἀπό) and G4496 (ῥίπτω);	to hurl off, i.e. precipitate (oneself)	cast
G0642	ἀπορφανίζω	aporphanízō	from G575 (ἀπό) and a derivative of G3737 (ὀρφανός);	to bereave wholly, i.e. (figuratively) separate (from intercourse)	take
G0643	ἀποσκευάζω	aposkeuázō	from G575 (ἀπό) and a derivative of G4632 (σκεῦος);	to pack up (one's) baggage	take up… carriages
G0644	ἀποσκίασμα	aposkíasma	from a compound of G575 (ἀπό) and a derivative of G4639 (σκιά);	a shading off, i.e. obscuration	shadow
G0645	ἀποσπάω	apospáō	from G575 (ἀπό) and G4685 (σπάω);	to drag forth, i.e. (literally) unsheathe (a sword), or relatively (with a degree of force implied) retire (personally or factiously)	(with-)draw (away), after we were gotten from
G0646	ἀποστασία	apostasía	feminine of the same as G647 (ἀποστάσιον);	defection from truth (properly, the state) ("apostasy")	falling away, forsake
G0647	ἀποστάσιον	apostásion	neuter of a (presumed) adjective from a derivative of G868 (ἀφίστημι);	properly, something separative, i.e. (specially) divorce	(writing of) divorcement
G0648	ἀποστεγάζω	apostegázō	from G575 (ἀπό) and a derivative of G4721 (στέγη);	to unroof	uncover
G0649	ἀποστέλλω	apostéllō	from G575 (ἀπό) and G4724 (στέλλω);	set apart, i.e. (by implication) to send out (properly, on a mission) literally or figuratively	put in, send (away, forth, out), set (at liberty)
G0650	ἀποστερέω	aposteréō	from G575 (ἀπό) and (to deprive);	to despoil	defraud, destitute, kept back by fraud
G0651	ἀποστολή	apostolḗ	from G649 (ἀποστέλλω);	commission, i.e. (specially) apostolate	apostleship
G0652	ἀπόστολος	apóstolos	from G649 (ἀποστέλλω);	a delegate; specially, an ambassador of the Gospel; officially a commissioner of Christ ("apostle") (with miraculous powers)	apostle, messenger, he that is sent
G0653	ἀποστοματίζω	apostomatízō	from G575 (ἀπό) and a (presumed) derivative of G4750 (στόμα);	to speak off-hand (properly, dictate), i.e. to catechize (in an invidious manner)	provoke to speak
G0654	ἀποστρέφω	apostréphō	from G575 (ἀπό) and G4762 (στρέφω);	to turn away or back (literally or figuratively)	bring again, pervert, turn away (from)
G0655	ἀποστυγέω	apostygéō	from G575 (ἀπό) and the base of G4767 (στυγνητός);	to detest utterly	abhor
G0656	ἀποσυνάγωγος	aposynágōgos	from G575 (ἀπό) and G4864 (συναγωγή);	excommunicated	(put) out of the synagogue(-s)
G0657	ἀποτάσσομαι	apotássomai	middle voice from G575 (ἀπό) and G5021 (τάσσω);	literally, to say adieu (by departing or dismissing); figuratively, to renounce	bid farewell, forsake, take leave, send away
G0658	ἀποτελέω	apoteléō	from G575 (ἀπό) and G5055 (τελέω);	to complete entirely, i.e. consummate	finish
G0659	ἀποτίθημι	apotíthēmi	from G575 (ἀπό) and G5087 (τίθημι);	to put away (literally or figuratively)	cast off, lay apart (aside, down), put away (off)
G0660	ἀποτινάσσω	apotinássō	from G575 (ἀπό) and (to jostle);	to brush off	shake off
G0661	ἀποτίνω	apotínō	from G575 (ἀπό) and G5099 (τίνω);	to pay in full	repay
G0662	ἀποτολμάω	apotolmáō	from G575 (ἀπό) and G5111 (τολμάω);	to venture plainly	be very bold
G0663	ἀποτομία	apotomía	from the base of G664 (ἀποτόμως);	(figuratively) decisiveness, i.e. rigor	severity
G0664	ἀποτόμως	apotómōs	adverb from a derivative of a comparative of G575 (ἀπό) and (to cut);	abruptly, i.e. peremptorily	sharply(-ness)
G0665	ἀποτρέπω	apotrépō	from G575 (ἀπό) and the base of G5157 (τροπή);	to deflect, i.e. (reflexively) avoid	turn away
G0666	ἀπουσία	apousía	from the participle of G548 (ἄπειμι);	a being away	absence
G0667	ἀποφέρω	apophérō	from G575 (ἀπό) and G5342 (φέρω);	to bear off (literally or relatively)	bring, carry (away)
G0668	ἀποφεύγω	apopheúgō	from G575 (ἀπό) and G5343 (φεύγω);	(figuratively) to escape	escape
G0669	ἀποφθέγγομαι	apophthéngomai	from G575 (ἀπό) and G5350 (φθέγγομαι);	to enunciate plainly, i.e. declare	say, speak forth, utterance
G0670	ἀποφορτίζομαι	apophortízomai	from G575 (ἀπό) and the middle voice of G5412 (φορτίζω);	to unload	unlade
G0671	ἀπόχρησις	apóchrēsis	from a compound of G575 (ἀπό) and G5530 (χράομαι);	the act of using up, i.e. consumption	using
G0672	ἀποχωρέω	apochōréō	from G575 (ἀπό) and G5562 (χωρέω);	to go away	depart
G0673	ἀποχωρίζω	apochōrízō	from G575 (ἀπό) and G5563 (χωρίζω);	to rend apart; reflexively, to separate	depart (asunder)
G0674	ἀποψύχω	apopsýchō	from G575 (ἀπό) and G5594 (ψύχω);	to breathe out, i.e. faint	hearts failing
G0675	Ἄππιος	Áppios	of Latin origin;	(in the genitive, i.e. possessive case) of Appius, the name of a Roman	Appii
G0676	ἀπρόσιτος	aprósitos	from G1 (Α) (as a negative particle) and a derivative of a comparative of G4314 (πρός) and (to go);	inaccessible	which no man can approach
G0677	ἀπρόσκοπος	apróskopos	from G1 (Α) (as a negative particle) and a presumed derivative of G4350 (προσκόπτω);	actively, inoffensive, i.e. not leading into sin; passively, faultless, i.e. not led into sin	none (void of, without) offence
G0678	ἀπροσωπολήπτως	aprosōpolḗptōs	adverb from a compound of G1 (Α) (as a negative particle) and a presumed derivative of a presumed compound of G4383 (πρόσωπον) and G2983 (λαμβάνω) (compare G4381 (προσωπολήπτης));	in a way not accepting the person, i.e. impartially	without respect of persons
G0679	ἄπταιστος	áptaistos	from G1 (Α) (as a negative particle) and a derivative of G4417 (πταίω);	not stumbling, i.e. (figuratively) without sin	from falling
G0680	ἅπτομαι	háptomai	reflexive of G681 (ἅπτω);	properly, to attach oneself to, i.e. to touch (in many implied relations)	touch
G0681	ἅπτω	háptō	a primary verb;	properly, to fasten to, i.e. (specially) to set on fire	kindle, light
G0682	Ἀπφία	Apphía	probably of foreign origin;	Apphia, a woman of Collosæ	Apphia
G0683	ἀπωθέομαι	apōthéomai	from G575 (ἀπό) and the middle voice of or (to shove);	to push off, figuratively, to reject	cast away, put away (from), thrust away (from)
G0684	ἀπώλεια	apṓleia	from a presumed derivative of G622 (ἀπόλλυμι);	ruin or loss (physical, spiritual or eternal)	damnable(-nation), destruction, die, perdition, X perish, pernicious ways, waste
G0685	ἀρά	ará	probably from G142 (αἴρω);	properly, prayer (as lifted to Heaven), i.e. (by implication) imprecation	curse
G0686	ἄρα	ára	probably from G142 (αἴρω) (through the idea of drawing a conclusion);	a particle denoting an inference more or less decisive (as follows)	haply, (what) manner (of man), no doubt, perhaps, so be, then, therefore, truly, wherefore
G0687	ἆρα	âra	a form of G686 (ἄρα), denoting an interrogation to which a negative answer is presumed		therefore
G0688	Ἀραβία	Arabía	of Hebrew origin (H06152);	Arabia, a region of Asia	Arabia
G0689	Ἀράμ	Arám	of Hebrew origin (H07410);	Aram (i.e. Ram), an Israelite	Aram
G0690	Ἄραψ	Áraps	from G688 (Ἀραβία);	an Arab or native of Arabia	Arabian
G0691	ἀργέω	argéō	from G692 (ἀργός);	to be idle, i.e. (figuratively) to delay	linger
G0692	ἀργός	argós	from G1 (Α) (as a negative particle) and G2041 (ἔργον);	inactive, i.e. unemployed; (by implication) lazy, useless	barren, idle, slow
G0693	ἀργύρεος	argýreos	from G696 (ἄργυρος);	made of silver	(of) silver
G0694	ἀργύριον	argýrion	neuter of a presumed derivative of G696 (ἄργυρος);	silvery, i.e. (by implication) cash; specially, a silverling (i.e. drachma or shekel)	money, (piece of) silver (piece)
G0695	ἀργυροκόπος	argyrokópos	from G696 (ἄργυρος) and G2875 (κόπτω);	a beater (i.e. worker) of silver	silversmith
G0696	ἄργυρος	árgyros	from (shining);	silver (the metal, in the articles or coin)	silver
G0697	Ἄρειος Πάγος	Áreios Págos	from (the name of the Greek deity of war) and a derivative of G4078 (πήγνυμι);	rock of Ares, a place in Athens	Areopagus, Mars' Hill
G0698	Ἀρεοπαγίτης	Areopagítēs	from G697 (Ἄρειος Πάγος);	an Areopagite or member of the court held on Mars' Hill	Areopagite
G0699	ἀρεσκεία	areskeía	from a derivative of G700 (ἀρέσκω);	complaisance	pleasing
G0700	ἀρέσκω	aréskō	probably from G142 (αἴρω) (through the idea of exciting emotion);	to be agreeable (or by implication, to seek to be so)	please
G0701	ἀρεστός	arestós	from G700 (ἀρέσκω);	agreeable; by implication, fit	(things that) please(-ing), reason
G0702	Ἀρέτας	Arétas	of foreign origin;	Aretas, an Arabian	Aretas
G0703	ἀρέτη	arétē	from the same as G730 (ἄῤῥην);	properly, manliness (valor), i.e. excellence (intrinsic or attributed)	praise, virtue
G0704	ἀρήν	arḗn	perhaps the same as G730 (ἄῤῥην);	a lamb (as a male)	lamb
G0705	ἀριθμέω	arithméō	from G706 (ἀριθμός);	to enumerate or count	number
G0706	ἀριθμός	arithmós	from G142 (αἴρω);	a number (as reckoned up)	number
G0707	Ἀριμαθαία	Arimathaía	of Hebrew origin (H07414);	Arimathæa (or Ramah), a place in Palestine	Arimathæa
G0708	Ἀρίσταρχος	Arístarchos	from the same as G712 (ἄριστον) and G757 (ἄρχω);	best ruling; Aristarchus, a Macedonian	Aristarchus
G0709	ἀριστάω	aristáō	from G712 (ἄριστον);	to take the principle meal	dine
G0710	ἀριστερός	aristerós	apparently a comparative of the same as G712 (ἄριστον);	the left hand (as second-best)	left (hand)
G0711	Ἀριστόβουλος	Aristóboulos	from the same as G712 (ἄριστον) and G1012 (βουλή);	best counselling; Aristoboulus, a Christian	Aristobulus
G0712	ἄριστον	áriston	apparently neuter of a superlative from the same as G730 (ἄῤῥην);	the best meal (or breakfast; perhaps from ("early")), i.e. luncheon	dinner
G0713	ἀρκετός	arketós	from G714 (ἀρκέω);	satisfactory	enough, suffice (-ient)
G0714	ἀρκέω	arkéō	apparently a primary verb (but probably akin to G142 (αἴρω) through the idea of raising a barrier);	properly, to ward off, i.e. (by implication) to avail (figuratively, be satisfactory)	be content, be enough, suffice, be sufficient
G0715	ἄρκτος	árktos	probably from G714 (ἀρκέω);	a bear (as obstructing by ferocity)	bear
G0716	ἅρμα	hárma	probably from G142 (αἴρω) (perhaps with G1 (Α) (as a particle of union) prefixed);	a chariot (as raised or fitted together (compare G719 (ἁρμός)))	chariot
G0717	Ἀρμαγεδδών	Armageddṓn	of Hebrew origin (H02022 and H04023);	Armageddon (or Har-Meggiddon), a symbolic name	Armageddon
G0718	ἁρμόζω	harmózō	from G719 (ἁρμός);	to joint, i.e. (figuratively) to woo (reflexively, to betroth)	espouse
G0719	ἁρμός	harmós	from the same as G716 (ἅρμα);	an articulation (of the body)	joint
G0720	ἀρνέομαι	arnéomai	perhaps from G1 (Α) (as a negative particle) and the middle voice of G4483 (ῥέω);	to contradict, i.e. disavow, reject, abnegate	deny, refuse
G0721	ἀρνίον	arníon	diminutive from G704 (ἀρήν);	a lambkin	lamb
G0722	ἀροτριόω	arotrióō	from G723 (ἄροτρον);	to plow	plough
G0723	ἄροτρον	árotron	from (to till);	a plow	plough
G0724	ἁρπαγή	harpagḗ	from G726 (ἁρπάζω);	pillage (properly abstract)	extortion, ravening, spoiling
G0725	ἁρπαγμός	harpagmós	from G726 (ἁρπάζω);	plunder (properly concrete)	robbery
G0726	ἁρπάζω	harpázō	from a derivative of G138 (αἱρέομαι);	to seize (in various applications)	catch (away, up), pluck, pull, take (by force)
G0727	ἅρπαξ	hárpax	from G726 (ἁρπάζω);	rapacious	extortion, ravening
G0728	ἀῤῥαβών	arrhabṓn	of Hebrew origin (H06162);	a pledge, i.e. part of the purchase-money or property given in advance as security for the rest	earnest
G0729	ἄῤῥαφος	árrhaphos	from G1 (Α) (as a negative particle) and a presumed derivative of the same as G4476 (ῥαφίς);	unsewed, i.e. of a single piece	without seam
G0730	ἄῤῥην	árrhēn	probably from G142 (αἴρω);	male (as stronger for lifting)	male, man
G0731	ἄῤῥητος	árrhētos	from G1 (Α) (as a negative particle) and the same as G4490 (ῥητῶς);	unsaid, i.e. (by implication) inexpressible	unspeakable
G0732	ἄῤῥωστος	árrhōstos	from G1 (Α) (as a negative particle) and a presumed derivative of G4517 (ῥώννυμι);	infirm	sick (folk, -ly)
G0733	ἀρσενοκοίτης	arsenokoítēs	from G730 (ἄῤῥην) and G2845 (κοίτη);	a sodomite	abuser of (that defile) self with mankind
G0734	Ἀρτεμάς	Artemás	contracted from a compound of G735 (Ἄρτεμις) and G1435 (δῶρον);	gift of Artemis; Artemas (or Artemidorus), a Christian	Artemas
G0735	Ἄρτεμις	Ártemis	probably from the same as G736 (ἀρτέμων);	prompt; Artemis, the name of a Grecian goddess borrowed by the Asiatics for one of their deities	Diana
G0736	ἀρτέμων	artémōn	from a derivative of G737 (ἄρτι);	properly, something ready (or else more remotely from G142 (αἴρω) (compare G740 (ἄρτος)); something hung up), i.e. (specially) the topsail (rather foresail or jib) of a vessel	mainsail
G0737	ἄρτι	árti	adverb from a derivative of G142 (αἴρω) (compare G740 (ἄρτος)) through the idea of suspension;	just now	this day (hour), hence(-forth), here(-after), hither(-to), (even) now, (this) present
G0738	ἀρτιγέννητος	artigénnētos	from G737 (ἄρτι) and G1084 (γεννητός);	just born, i.e. (figuratively) a young convert	new born
G0739	ἄρτιος	ártios	from G737 (ἄρτι);	fresh, i.e. (by implication) complete	perfect
G0740	ἄρτος	ártos	from G142 (αἴρω);	bread (as raised) or a loaf	(shew-)bread, loaf
G0741	ἀρτύω	artýō	from a presumed derivative of G142 (αἴρω);	to prepare, i.e. spice (with stimulating condiments)	season
G0742	Ἀρφαξάδ	Arphaxád	of Hebrew origin (H0775);	Arphaxad, a post-diluvian patriarch	Arphaxad
G0743	ἀρχάγγελος	archángelos	from G757 (ἄρχω) and G32 (ἄγγελος);	a chief angel	archangel
G0744	ἀρχαῖος	archaîos	from G746 (ἀρχή);	original or primeval	(them of) old (time)
G0745	Ἀρχέλαος	Archélaos	from G757 (ἄρχω) and G2994 (Λαοδικεύς);	people-ruling; Archelaus, a Jewish king	Archelaus
G0746	ἀρχή	archḗ	from G756 (ἄρχομαι);	(properly abstract) a commencement, or (concretely) chief (in various applications of order, time, place, or rank)	beginning, corner, (at the, the) first (estate), magistrate, power, principality, principle, rule
G0747	ἀρχηγός	archēgós	from G746 (ἀρχή) and G71 (ἄγω);	a chief leader	author, captain, prince
G0748	ἀρχιερατικός	archieratikós	from G746 (ἀρχή) and a derivative of G2413 (ἱερός);	high-priestly	of the high-priest
G0749	ἀρχιερεύς	archiereús	from G746 (ἀρχή) and G2409 (ἱερεύς);	the high-priest (literally, of the Jews, typically, Christ); by extension a chief priest	chief (high) priest, chief of the priests
G0750	ἀρχιποίμην	archipoímēn	from G746 (ἀρχή) and G4166 (ποιμήν);	a head shepherd	chief shepherd
G0751	Ἄρχιππος	Árchippos	from G746 (ἀρχή) and G2462 (ἵππος);	horse-ruler; Archippus, a Christian	Archippus
G0752	ἀρχισυνάγωγος	archisynágōgos	from G746 (ἀρχή) and G4864 (συναγωγή);	director of the synagogue services	(chief) ruler of the synagogue
G0753	ἀρχιτέκτων	architéktōn	from G746 (ἀρχή) and G5045 (τέκτων);	a chief constructor, i.e. "architect"	masterbuilder
G0754	ἀρχιτελώνης	architelṓnēs	from G746 (ἀρχή) and G5057 (τελώνης);	a principle tax-gatherer	chief among the publicans
G0755	ἀρχιτρίκλινος	architríklinos	from G746 (ἀρχή) and a compound of G5140 (τρεῖς) and G2827 (κλίνω) (a dinner-bed, because composed of three couches);	director of the entertainment	governor (ruler) of the feast
G0756	ἄρχομαι	árchomai	middle voice of G757 (ἄρχω) (through the implication, of precedence);	to commence (in order of time)	(rehearse from the) begin(-ning)
G0757	ἄρχω	árchō	a primary verb;	to be first (in political rank or power)	reign (rule) over
G0758	ἄρχων	árchōn	present participle of G757 (ἄρχω);	a first (in rank or power)	chief (ruler), magistrate, prince, ruler
G0759	ἄρωμα	árōma	from G142 (αἴρω) (in the sense of sending off scent);	an aromatic	(sweet) spice
G0760	Ἀσά	Asá	of Hebrew origin (H0609);	Asa, an Israelite	Asa
G0761	ἀσάλευτος	asáleutos	from G1 (Α) (as a negative particle) and a derivative of G4531 (σαλεύω);	unshaken, i.e. (by implication) immovable (figuratively)	which cannot be moved, unmovable
G0762	ἄσβεστος	ásbestos	from G1 (Α) (as a negative particle) and a derivative of G4570 (σβέννυμι);	not extinguished, i.e. (by implication) perpetual	not to be quenched, unquenchable
G0763	ἀσέβεια	asébeia	from G765 (ἀσεβής);	impiety, i.e. (by implication) wickedness	ungodly(-liness)
G0764	ἀσεβέω	asebéō	from G765 (ἀσεβής);	to be (by implied act) impious or wicked	commit (live, that after should live) ungodly
G0765	ἀσεβής	asebḗs	from G1 (Α) (as a negative particle) and a presumed derivative of G4576 (σέβομαι);	irreverent, i.e. (by extension) impious or wicked	ungodly (man)
G0766	ἀσέλγεια	asélgeia	from a compound of G1 (Α) (as a negative particle) and a presumed (of uncertain derivation, but apparently meaning continent);	licentiousness (sometimes including other vices)	filthy, lasciviousness, wantonness
G0767	ἄσημος	ásēmos	from G1 (Α) (as a negative particle) and the base of G4591 (σημαίνω);	unmarked, i.e. (figuratively) ignoble	mean
G0768	Ἀσήρ	Asḗr	of Hebrew origin (H0836);	Aser (i.e. Asher), an Israelite tribe	Aser
G0769	ἀσθένεια	asthéneia	from G772 (ἀσθενής);	feebleness (of mind or body); by implication, malady; morally, frailty	disease, infirmity, sickness, weakness
G0770	ἀσθενέω	asthenéō	from G772 (ἀσθενής);	to be feeble (in any sense)	be diseased, impotent folk (man), (be) sick, (be, be made) weak
G0771	ἀσθένημα	asthénēma	from G770 (ἀσθενέω);	a scruple of conscience	infirmity
G0772	ἀσθενής	asthenḗs	from G1 (Α) (as a negative particle) and the base of G4599 (σθενόω);	strengthless (in various applications, literal, figurative and moral)	more feeble, impotent, sick, without strength, weak(-er, -ness, thing)
G0773	Ἀσία	Asía	of uncertain derivation;	Asia, i.e. Asia Minor, or (usually) only its western shore	Asia
G0774	Ἀσιανός	Asianós	from G773 (Ἀσία);	an Asian (i.e. Asiatic) or an inhabitant of Asia	of Asia
G0775	Ἀσιάρχης	Asiárchēs	from G773 (Ἀσία) and G746 (ἀρχή);	an Asiarch or president of the public festivities in a city of Asia Minor	chief of Asia
G0776	ἀσιτία	asitía	from G777 (ἄσιτος);	fasting (the state)	abstinence
G0777	ἄσιτος	ásitos	from G1 (Α) (as a negative particle) and G4621 (σῖτος);	without (taking) food	fasting
G0778	ἀσκέω	askéō	probably from the same as G4632 (σκεῦος);	to elaborate, i.e. (figuratively) train (by implication, strive)	exercise
G0779	ἀσκός	askós	from the same as G778 (ἀσκέω);	a leathern (or skin) bag used as a bottle	bottle
G0780	ἀσμένως	asménōs	adverb from a derivative of the base of G2237 (ἡδονή);	with pleasure	gladly
G0781	ἄσοφος	ásophos	from G1 (Α) (as a negative particle) and G4680 (σοφός);	unwise	fool
G0782	ἀσπάζομαι	aspázomai	from G1 (Α) (as a particle of union) and a presumed form of G4685 (σπάω);	to enfold in the arms, i.e. (by implication) to salute, (figuratively) to welcome	embrace, greet, salute, take leave
G0783	ἀσπασμός	aspasmós	from G782 (ἀσπάζομαι);	a greeting (in person or by letter)	greeting, salutation
G0784	ἄσπιλος	áspilos	from G1 (Α) (as a negative particle) and G4695 (σπιλόω);	unblemished (physically or morally)	without spot, unspotted
G0785	ἀσπίς	aspís	of uncertain derivation;	a buckler (or round shield); used of a serpent (as coiling itself), probably the "asp"	asp
G0786	ἄσπονδος	áspondos	from G1 (Α) (as a negative particle) and a derivative of G4689 (σπένδω);	literally, without libation (which usually accompanied a treaty), i.e. (by implication) truceless	implacable, truce-breaker
G0787	ἀσσάριον	assárion	of Latin origin;	an assarius or as, a Roman coin	farthing
G0788	ἆσσον	âsson	neuter comparative of the base of G1451 (ἐγγύς);	more nearly, i.e. very near	close
G0789	Ἄσσος	Ássos	probably of foreign origin;	Assus, a city of Asia MInor	Assos
G0790	ἀστατέω	astatéō	from G1 (Α) (as a negative particle) and a derivative of G2476 (ἵστημι);	to be non-stationary, i.e. (figuratively) homeless	have no certain dwelling-place
G0791	ἀστεῖος	asteîos	from (a city);	urbane, i.e. (by implication) handsome	fair
G0792	ἀστήρ	astḗr	probably from the base of G4766 (στρώννυμι);	a star (as strown over the sky), literally or figuratively	star
G0793	ἀστήρικτος	astḗriktos	from G1 (Α) (as a negative particle) and a presumed derivative of G4741 (στηρίζω);	unfixed, i.e. (figuratively) vacillating	unstable
G0794	ἄστοργος	ástorgos	from G1 (Α) (as a negative particle) and a presumed derivative of (to cherish affectionately);	hard-hearted towards kindred	without natural affection
G0795	ἀστοχέω	astochéō	from a compound of G1 (Α) (as a negative particle) and (an aim);	to miss the mark, i.e. (figuratively) deviate from truth	err, swerve
G0796	ἀστραπή	astrapḗ	from G797 (ἀστράπτω);	lightning; by analogy, glare	lightning, bright shining
G0797	ἀστράπτω	astráptō	probably from G792 (ἀστήρ);	to flash as lightning	lighten, shine
G0798	ἄστρον	ástron	neuter from G792 (ἀστήρ);	properly, a constellation; put for a single star (natural or artificial)	star
G0799	Ἀσύγκριτος	Asýnkritos	from G1 (Α) (as a negative particle) and a derivative of G4793 (συγκρίνω);	incomparable; Asyncritus, a Christian	Asyncritos
G0800	ἀσύμφωνος	asýmphōnos	from G1 (Α) (as a negative particle) and G4859 (σύμφωνος);	inharmonious (figuratively)	agree not
G0801	ἀσύνετος	asýnetos	from G1 (Α) (as a negative particle) and G4908 (συνετός);	unintelligent; by implication, wicked	foolish, without understanding
G0802	ἀσύνθετος	asýnthetos	from G1 (Α) (as a negative particle) and a derivative of G4934 (συντίθεμαι);	properly, not agreed, i.e. treacherous to compacts	covenant-breaker
G0803	ἀσφάλεια	aspháleia	from G804 (ἀσφαλής);	security (literally or figuratively)	certainty, safety
G0804	ἀσφαλής	asphalḗs	from G1 (Α) (as a negative particle) and sphallo (to "fail");	secure (literally or figuratively)	certain(-ty), safe, sure
G0805	ἀσφαλίζω	asphalízō	from G804 (ἀσφαλής);	to render secure	make fast (sure)
G0806	ἀσφαλῶς	asphalōs	adverb from G804 (ἀσφαλής);	securely (literally or figuratively)	assuredly, safely
G0807	ἀσχημονέω	aschēmonéō	from G809 (ἀσχήμων);	to be (i.e. act) unbecoming	behave self uncomely (unseemly)
G0808	ἀσχημοσύνη	aschēmosýnē	from G809 (ἀσχήμων);	an indecency; by implication, the pudenda	shame, that which is unseemly
G0809	ἀσχήμων	aschḗmōn	from G1 (Α) (as a negative particle) and a presumed derivative of G2192 (ἔχω) (in the sense of its congener G4976 (σχῆμα));	properly, shapeless, i.e. (figuratively) inelegant	uncomely
G0810	ἀσωτία	asōtía	from a compound of G1 (Α) (as a negative particle) and a presumed derivative of G4982 (σώζω);	properly, unsavedness, i.e. (by implication) profligacy	excess, riot
G0811	ἀσώτως	asṓtōs	adverb from the same as G810 (ἀσωτία);	dissolutely	riotous
G0812	ἀτακτέω	ataktéō	from G813 (ἄτακτος);	to be (i.e. act) irregular	behave self disorderly
G0813	ἄτακτος	átaktos	from G1 (Α) (as a negative particle) and a derivative of G5021 (τάσσω);	unarranged, i.e. (by implication) insubordinate (religiously)	unruly
G0814	ἀτάκτως	atáktōs	adverb from G813 (ἄτακτος), irregularly (morally)		disorderly
G0815	ἄτεκνος	áteknos	from G1 (Α) (as a negative particle) and G5043 (τέκνον);	childless	childless, without children
G0816	ἀτενίζω	atenízō	from a compound of G1 (Α) (as a particle of union) and (to stretch);	to gaze intently	behold earnestly (stedfastly), fasten (eyes), look (earnestly, stedfastly, up stedfastly), set eyes
G0817	ἄτερ	áter	a particle probably akin to G427 (ἄνευ);	aloof, i.e. apart from (literally or figuratively)	in the absence of, without
G0818	ἀτιμάζω	atimázō	from G820 (ἄτιμος);	to render infamous, i.e. (by implication) contemn or maltreat	despise, dishonour, suffer shame, entreat shamefully
G0819	ἀτιμία	atimía	from G820 (ἄτιμος);	infamy, i.e. (subjectively) comparative indignity, (objectively) disgrace	dishonour, reproach, shame, vile
G0820	ἄτιμος	átimos	from G1 (Α) (as a negative particle) and G5092 (τιμή);	(negatively) unhonoured or (positively) dishonoured	despised, without honour, less honourable (comparative degree)
G0821	ἀτιμόω	atimóō	from G820 (ἄτιμος);	used like G818 (ἀτιμάζω), to maltreat	handle shamefully
G0822	ἀτμίς	atmís	from the same as G109 (ἀήρ);	mist	vapour
G0823	ἄτομος	átomos	from G1 (Α) (as a negative particle) and the base of G5114 (τομώτερος);	uncut, i.e. (by implication) indivisible (an "atom" of time)	moment
G0824	ἄτοπος	átopos	from G1 (Α) (as a negative particle) and G5117 (τόπος);	out of place, i.e. (figuratively) improper, injurious, wicked	amiss, harm, unreasonable
G0825	Ἀττάλεια	Attáleia	from (a king of Pergamus);	Attaleia, a place in Pamphylia	Attalia
G0826	αὐγάζω	augázō	from G827 (αὐγή);	to beam forth (figuratively)	shine
G0827	αὐγή	augḗ	of uncertain derivation;	a ray of light, i.e. (by implication) radiance, dawn	break of day
G0828	Αὐγοῦστος	Augoûstos	from Latin ("august");	Augustus, a title of the Roman emperor	Augustus
G0829	αὐθάδης	authádēs	from G846 (αὐτός) and the base of G2237 (ἡδονή);	self-pleasing, i.e. arrogant	self-willed
G0830	αὐθαίρετος	authaíretos	from G846 (αὐτός) and the same as G140 (αἱρετίζω);	self-chosen, i.e. (by implication) voluntary	of own accord, willing of self
G0831	αὐθεντέω	authentéō	from a compound of G846 (αὐτός) and an obsolete (a worker);	to act of oneself, i.e. (figuratively) dominate	usurp authority over
G0832	αὐλέω	auléō	from G836 (αὐλός);	to play the flute	pipe
G0833	αὐλή	aulḗ	from the same as G109 (ἀήρ);	a yard (as open to the wind); by implication, a mansion	court, (sheep-)fold, hall, palace
G0834	αὐλητής	aulētḗs	from G832 (αὐλέω);	a flute-player	minstrel, piper
G0835	αὐλίζομαι	aulízomai	middle voice from G833 (αὐλή);	to pass the night (properly, in the open air)	abide, lodge
G0836	αὐλός	aulós	from the same as G109 (ἀήρ);	a flute (as blown)	pipe
G0837	αὐξάνω	auxánō	a prolonged form of a primary verb;	to grow ("wax"), i.e. enlarge (literal or figurative, active or passive)	grow (up), (give the) increase
G0838	αὔξησις	aúxēsis	from G837 (αὐξάνω);	growth	increase
G0839	αὔριον	aúrion	from a derivative of the same as G109 (ἀήρ) (meaning a breeze, i.e. the morning air);	properly, fresh, i.e. (adverb with ellipsis of G2250 (ἡμέρα)) to-morrow	(to-)morrow, next day
G0840	αὐστηρός	austērós	from a (presumed) derivative of the same as G109 (ἀήρ) (meaning blown);	rough (properly as a gale), i.e. (figuratively) severe	austere
G0841	αὐτάρκεια	autárkeia	from G842 (αὐτάρκης);	self-satisfaction, i.e. (abstractly) contentedness, or (concretely) a competence	contentment, sufficiency
G0842	αὐτάρκης	autárkēs	from G846 (αὐτός) and G714 (ἀρκέω);	self-complacent, i.e. contented	content
G0843	αὐτοκατάκριτος	autokatákritos	from G846 (αὐτός) and a derivative or G2632 (κατακρίνω);	self-condemned	condemned of self
G0844	αὐτόματος	autómatos	from G846 (αὐτός) and the same as G3155 (μάτην);	self-moved ("automatic"), i.e. spontaneous	of own accord, of self
G0845	αὐτόπτης	autóptēs	from G846 (αὐτός) and G3700 (ὀπτάνομαι);	self-seeing, i.e. an eye-witness	eye-witness
G0846	αὐτός	autós	from the particle (perhaps akin to the base of G109 (ἀήρ) through the idea of a baffling wind) (backward);	the reflexive pronoun self, used (alone or in the comparative G1438 (ἑαυτοῦ)) of the third person , and (with the proper personal pronoun) of the other persons	her, it(-self), one, the other, (mine) own, said, (self-), the) same, ((him-, my-, thy- )self, (your-)selves, she, that, their(-s), them(-selves), there(-at, - by, -in, -into, -of, -on, -with), they, (these) things, this (man), those, together, very, which
G0847	αὐτοῦ	autoû	genitive (i.e. possessive) of G846 (αὐτός), used as an adverb of location;	properly, belonging to the same spot, i.e. in this (or that) place	(t-)here
G0848	αὑτοῦ	hautoû	contracted for G1438 (ἑαυτοῦ);	self (in some oblique case or reflexively, relation)	her (own), (of) him(-self), his (own), of it, thee, their (own), them(-selves), they
G0849	αὐτόχειρ	autócheir	from G846 (αὐτός) and G5495 (χείρ);	self-handed, i.e. doing personally	with … own hands
G0850	αὐχμηρός	auchmērós	from (probably from a base akin to that of G109 (ἀήρ)) (dust, as dried by wind);	properly, dirty, i.e. (by implication) obscure	dark
G0851	ἀφαιρέω	aphairéō	from G575 (ἀπό) and G138 (αἱρέομαι);	to remove (literally or figuratively)	cut (smite) off, take away
G0852	ἀφανής	aphanḗs	from G1 (Α) (as a negative particle) and G5316 (φαίνω);	non-apparent)	that is not manifest
G0853	ἀφανίζω	aphanízō	from G852 (ἀφανής);	to render unapparent, i.e. (actively) consume (becloud), or (passively) disappear (be destroyed)	corrupt, disfigure, perish, vanish away
G0854	ἀφανισμός	aphanismós	from G853 (ἀφανίζω);	disappearance, i.e. (figuratively) abrogation	vanish away
G0855	ἄφαντος	áphantos	from G1 (Α) (as a negative particle) and a derivative of G5316 (φαίνω);	non-manifested, i.e. invisible	vanished out of sight
G0856	ἀφεδρών	aphedrṓn	from a compound of G575 (ἀπό) and the base of G1476 (ἑδραῖος);	a place of sitting apart, i.e. a privy	draught
G0857	ἀφειδία	apheidía	from a compound of G1 (Α) (as a negative particle) and G5339 (φείδομαι);	unsparingness, i.e. austerity (asceticism)	neglecting
G0858	ἀφελότης	aphelótēs	from a compound of G1 (Α) (as a negative particle) and (in the sense of a stone as stubbing the foot);	smoothness, i.e. (figuratively) simplicity	singleness
G0859	ἄφεσις	áphesis	from G863 (ἀφίημι);	freedom; (figuratively) pardon	deliverance, forgiveness, liberty, remission
G0860	ἁφή	haphḗ	from G680 (ἅπτομαι);	probably a ligament (as fastening)	joint
G0861	ἀφθαρσία	aphtharsía	from G862 (ἄφθαρτος);	incorruptibility; genitive, unending existence; (figuratively) genuineness	immortality, incorruption, sincerity
G0862	ἄφθαρτος	áphthartos	from G1 (Α) (as a negative particle) and a derivative of G5351 (φθείρω);	undecaying (in essence or continuance)	not (in-, un-)corruptible, immortal
G0863	ἀφίημι	aphíēmi	from G575 (ἀπό) and (to send;	an intensive form of , to go); to send forth, in various applications (as follow)	cry, forgive, forsake, lay aside, leave, let (alone, be, go, have), omit, put (send) away, remit, suffer, yield up
G0864	ἀφικνέομαι	aphiknéomai	from G575 (ἀπό) and the base of G2425 (ἱκανός);	to go (i.e. spread) forth (by rumor)	come abroad
G0865	ἀφιλάγαθος	aphilágathos	from G1 (Α) (as a negative particle) and G5358 (φιλάγαθος);	hostile to virtue	despiser of those that are good
G0866	ἀφιλάργυρος	aphilárgyros	from G1 (Α) (as a negative particle) and G5366 (φιλάργυρος);	unavaricious	without covetousness, not greedy of filthy lucre
G0867	ἄφιξις	áphixis	from G864 (ἀφικνέομαι);	properly, arrival, i.e. (by implication) departure	departing
G0868	ἀφίστημι	aphístēmi	from G575 (ἀπό) and G2476 (ἵστημι);	to remove, i.e. (actively) instigate to revolt; usually (reflexively) to desist, desert, etc.	depart, draw (fall) away, refrain, withdraw self
G0869	ἄφνω	áphnō	adverb from G852 (ἀφανής) (contraction);	unawares, i.e. unexpectedly	suddenly
G0870	ἀφόβως	aphóbōs	adverb from a compound of G1 (Α) (as a negative particle) and G5401 (φόβος);	fearlessly	without fear
G0871	ἀφομοιόω	aphomoióō	from G575 (ἀπό) and G3666 (ὁμοιόω);	to assimilate closely	make like
G0872	ἀφοράω	aphoráō	from G575 (ἀπό) and G3708 (ὁράω);	to consider attentively	look
G0873	ἀφορίζω	aphorízō	from G575 (ἀπό) and G3724 (ὁρίζω);	to set off by boundary, i.e. (figuratively) limit, exclude, appoint, etc.	divide, separate, sever
G0874	ἀφορμή	aphormḗ	from a compound of G575 (ἀπό) and G3729 (ὁρμάω);	a starting-point, i.e. (figuratively) an opportunity	occasion
G0875	ἀφρίζω	aphrízō	from G876 (ἀφρός);	to froth at the mouth (in epilepsy)	foam
G0876	ἀφρός	aphrós	apparently a primary word;	froth, i.e. slaver	foaming
G0877	ἀφροσύνη	aphrosýnē	from G878 (ἄφρων);	senselessness, i.e. (euphemistically) egotism; (morally) recklessness	folly, foolishly(-ness)
G0878	ἄφρων	áphrōn	from G1 (Α) (as a negative particle) and G5424 (φρήν);	properly, mindless, i.e. stupid, (by implication) ignorant, (specially) egotistic, (practically) rash, or (morally) unbelieving	fool(-ish), unwise
G0879	ἀφυπνόω	aphypnóō	from a compound of G575 (ἀπό) and G5258 (ὕπνος);	properly, to become awake, i.e. (by implication) to drop (off) in slumber	fall asleep
G0880	ἄφωνος	áphōnos	from G1 (Α) (as a negative particle) and G5456 (φωνή);	voiceless, i.e. mute (by nature or choice); figuratively, unmeaning	dumb, without signification
G0881	Ἀχάζ	Acház	of Hebrew origin (H0271);	Achaz, an Israelite	Achaz
G0882	Ἀχαΐα	Achaḯa	of uncertain derivation;	Achaia (i.e. Greece), a country of Europe	Achaia
G0883	Ἀχαϊκός	Achaïkós	from G882 (Ἀχαΐα);	an Achaian; Achaicus, a Christian	Achaicus
G0884	ἀχάριστος	acháristos	from G1 (Α) (as a negative particle) and a presumed derivative of G5483 (χαρίζομαι);	thankless, i.e. ungrateful	unthankful
G0885	Ἀχείμ	Acheím	probably of Hebrew origin (compare H03137);	Achim, an Israelite	Achim
G0886	ἀχειροποίητος	acheiropoíētos	from G1 (Α) (as a negative particle) and G5499 (χειροποίητος);	unmanufactured, i.e. inartificial	made without (not made with) hands
G0887	ἀχλύς	achlýs	of uncertain derivation;	dimness of sight, i.e. (probably) a cataract	mist
G0888	ἀχρεῖος	achreîos	from G1 (Α) (as a negative particle) and a derivative of G5534 (χρή) (compare G5532 (χρεία));	useless, i.e. (euphemistically) unmeritorious	unprofitable
G0889	ἀχρειόω	achreióō	from G888 (ἀχρεῖος);	to render useless, i.e. spoil	become unprofitable
G0890	ἄχρηστος	áchrēstos	from G1 (Α) (as a negative particle) and G5543 (χρηστός);	inefficient, i.e. (by implication) detrimental	unprofitable
G0891	ἄχρι	áchri	akin to G206 (ἄκρον) (through the idea of a terminus);	(of time) until or (of place) up to	as far as, for, in(-to), till, (even, un-)to, until, while
G0892	ἄχυρον	áchyron	perhaps remotely from (to shed forth);	chaff (as diffusive)	chaff
G0893	ἀψευδής	apseudḗs	from G1 (Α) (as a negative particle) and G5579 (ψεῦδος);	veracious	that cannot lie
G0894	ἄψινθος	ápsinthos	of uncertain derivation;	wormwood (as a type of bitterness, i.e. (figuratively) calamity)	wormwood
G0895	ἄψυχος	ápsychos	from G1 (Α) (as a negative particle) and G5590 (ψυχή);	lifeless, i.e. inanimate (mechanical)	without life
G0896	Βάαλ	Báal	of Hebrew origin (H01168);	Baal, a Phœnician deity (used as a symbol of idolatry)	Baal
G0897	Βαβυλών	Babylṓn	of Hebrew origin (H0894);	Babylon, the capitol of Chaldæa (literally or figuratively (as a type of tyranny))	Babylon
G0898	βαθμός	bathmós	from the same as G899 (βάθος);	a step, i.e. (figuratively) grade (of dignity)	degree
G0899	βάθος	báthos	from the same as G901 (βαθύς);	profundity, i.e. (by implication) extent; (figuratively) mystery	deep(-ness, things), depth
G0900	βαθύνω	bathýnō	from G901 (βαθύς);	to deepen	deep
G0901	βαθύς	bathýs	from the base of G939 (βάσις);	profound (as going down), literally or figuratively	deep, very early
G0902	βαΐον	baḯon	a diminutive of a derivative probably of the base of G939 (βάσις);	a palm twig (as going out far)	branch
G0903	Βαλαάμ	Balaám	of Hebrew origin (H01109);	Balaam, a Mesopotamian (symbolic of a false teacher)	Balaam
G0904	Βαλάκ	Balák	of Hebrew origin (H01111);	Balak, a Moabite	Balac
G0905	βαλάντιον	balántion	probably remotely from G906 (βάλλω) (as a depository);	a pouch (for money)	bag, purse
G0906	βάλλω	bállō	a primary verb;	to throw (in various applications, more or less violent or intense)	arise, cast (out), X dung, lay, lie, pour, put (up), send, strike, throw (down), thrust
G0907	βαπτίζω	baptízō	from a derivative of G911 (βάπτω);	to immerse, submerge; to make whelmed (i.e. fully wet); used only (in the New Testament) of ceremonial ablution, especially (technically) of the ordinance of Christian baptism	Baptist, baptize, wash
G0908	βάπτισμα	báptisma	from G907 (βαπτίζω);	baptism (technically or figuratively)	baptism
G0909	βαπτισμός	baptismós	from G907 (βαπτίζω);	ablution (ceremonial or Christian)	baptism, washing
G0910	Βαπτιστής	Baptistḗs	from G907 (βαπτίζω);	a baptizer, as an epithet of Christ's forerunner	Baptist
G0911	βάπτω	báptō	a primary verb;	to whelm, i.e. cover wholly with a fluid; in the New Testament only in a qualified or special sense, i.e. (literally) to moisten (a part of one's person), or (by implication) to stain (as with dye)	dip
G0912	Βαραββᾶς	Barabbâs	of Chaldee origin (H01347 and H05);	son of Abba; Bar-abbas, an Israelite	Barabbas
G0913	Βαράκ	Barák	of Hebrew origin (H01301);	Barak, an Israelite	Barak
G0914	Βαραχίας	Barachías	of Hebrew origin (H01296);	Barachias (i.e. Berechijah), an Israelite	Barachias
G0915	βάρβαρος	bárbaros	of uncertain derivation;	a foreigner (i.e. non-Greek)	barbarian(-rous)
G0916	βαρέω	baréō	from G926 (βαρύς);	to weigh down (figuratively)	burden, charge, heavy, press
G0917	βαρέως	baréōs	adverb from G926 (βαρύς);	heavily (figuratively)	dull
G0918	Βαρθολομαῖος	Bartholomaîos	of Chaldee origin (H01247 and H08526);	son of Tolmai; Bar-tholomæus, a Christian apostle	Bartholomeus
G0919	Βαριησοῦς	Bariēsoûs	of Chaldee origin (H01247 and H03091);	son of Jesus (or Joshua); Bar-jesus, an Israelite	Barjesus
G0920	Βαριωνᾶς	Bariōnâs	of Chaldee origin (H01247 and H03124);	son of Jonas (or Jonah); Bar-jonas, an Israelite	Bar-jona
G0921	Βαρνάβας	Barnábas	of Chaldee origin (H01247 and H05029);	son of Nabas (i.e. prophecy); Barnabas, an Israelite	Barnabas
G0922	βάρος	báros	probably from the same as G939 (βάσις) (through the notion of going down;	compare G899 (βάθος)); weight; in the New Testament only, figuratively, a load, abundance, authority	burden(-some), weight
G0923	Βαρσαβᾶς	Barsabâs	of Chaldee origin (H01247 and probably H06634);	son of Sabas (or Tsaba); Bar-sabas, the name of two Israelites	Barsabas
G0924	Βαρτιμαῖος	Bartimaîos	of Chaldee origin (H01247 and H02931);	son of Timæus (or the unclean); Bar-timæus, an Israelite	Bartimæus
G0925	βαρύνω	barýnō	from G926 (βαρύς);	to burden (figuratively)	overcharge
G0926	βαρύς	barýs	from the same as G922 (βάρος);	weighty, i.e. (fig) burdensome, grave	grievous, heavy, weightier
G0927	βαρύτιμος	barýtimos	from G926 (βαρύς) and G5092 (τιμή);	highly valuable	very precious
G0928	βασανίζω	basanízō	from G931 (βάσανος);	to torture	pain, toil, torment, toss, vex
G0929	βασανισμός	basanismós	from G928 (βασανίζω);	torture	torment
G0930	βασανιστής	basanistḗs	from G928 (βασανίζω);	a torturer	tormentor
G0931	βάσανος	básanos	perhaps remotely from the same as G939 (βάσις) (through the notion of going to the bottom);	a touch-stone, i.e. (by analogy) torture	torment
G0932	βασιλεία	basileía	from G935 (βασιλεύς);	properly, royalty, i.e. (abstractly) rule, or (concretely) a realm (literally or figuratively)	kingdom, + reign
G0933	βασίλειον	basíleion	neuter of G934 (βασίλειος);	a palace	king's court
G0934	βασίλειος	basíleios	from G935 (βασιλεύς);	kingly (in nature)	royal
G0935	βασιλεύς	basileús	probably from G939 (βάσις) (through the notion of a foundation of power);	a sovereign (abstractly, relatively, or figuratively)	king
G0936	βασιλεύω	basileúō	from G935 (βασιλεύς);	to rule (literally or figuratively)	king, reign
G0937	βασιλικός	basilikós	from G935 (βασιλεύς);	regal (in relation), i.e. (literally) belonging to (or befitting) the sovereign (as land, dress, or a courtier), or (figuratively) preeminent	king's, nobleman, royal
G0938	βασίλισσα	basílissa	feminine from G936 (βασιλεύω);	a queen	queen
G0939	βάσις	básis	from (to walk);	a pace ("base"), i.e. (by implication) the foot	foot
G0940	βασκαίνω	baskaínō	akin to G5335 (φάσκω);	to malign, i.e. (by extension) to fascinate (by false representations)	bewitch
G0941	βαστάζω	bastázō	perhaps remotely derived from the base of G939 (βάσις) (through the idea of removal);	to lift, literally or figuratively (endure, declare, sustain, receive, etc.)	bear, carry, take up
G0942	βάτος	bátos	of uncertain derivation;	a brier shrub	bramble, bush
G0943	βάτος	bátos	of Hebrew origin (H01324);	a bath, or measure for liquids	measure
G0944	βάτραχος	bátrachos	of uncertain derivation;	a frog	frog
G0945	βαττολογέω	battologéō	from (a proverbial stammerer) and G3056 (λόγος);	to stutter, i.e. (by implication) to prate tediously	use vain repetitions
G0946	βδέλυγμα	bdélygma	from G948 (βδελύσσω);	a detestation, i.e. (specially) idolatry	abomination
G0947	βδελυκτός	bdelyktós	from G948 (βδελύσσω);	detestable, i.e. (specially) idolatrous	abominable
G0948	βδελύσσω	bdelýssō	from a (presumed) derivative of (to stink);	to be disgusted, i.e. (by implication) detest (especially of idolatry)	abhor, abominable
G0949	βέβαιος	bébaios	from the base of G939 (βάσις) (through the idea of basality);	stable (literally or figuratively)	firm, of force, stedfast, sure
G0950	βεβαιόω	bebaióō	from G949 (βέβαιος);	to stabilitate (figuratively)	confirm, (e-)stablish
G0951	βεβαίωσις	bebaíōsis	from G950 (βεβαιόω);	stabiliment	confirmation
G0952	βέβηλος	bébēlos	from the base of G939 (βάσις) and (a threshold);	accessible (as by crossing the door-way), i.e. (by implication, of Jewish notions) heathenish, wicked	profane (person)
G0953	βεβηλόω	bebēlóō	from G952 (βέβηλος);	to desecrate	profane
G0954	Βεελζεβούλ	Beelzeboúl	of Chaldee origin (by parody on H01176);	dung-god; Beelzebul, a name of Satan	Beelzebub
G0955	Βελίαλ	Belíal	of Hebrew origin (H01100);	worthlessness; Belial, as an epithet of Satan	Belial
G0956	βέλος	bélos	from G906 (βάλλω);	a missile, i.e. spear or arrow	dart
G0957	βελτίον	beltíon	neuter of a compound of a derivative of G906 (βάλλω) (used for the comparative of G18 (ἀγαθός));	better	very well
G0958	Βενιαμίν	Beniamín	of Hebrew origin (H01144);	Benjamin, an Israelite	Benjamin
G0959	Βερνίκη	Berníkē	from a provincial form of G5342 (φέρω) and G3529 (νίκη);	victorious; Bernice, a member of the Herodian family	Bernice
G0960	Βέροια	Béroia	perhaps a provincial from a derivative of G4008 (πέραν) (Perœa, i.e. the region beyond the coast-line);	Berœa, a place in Macedonia	Berea
G0961	Βεροιαῖος	Beroiaîos	from G960 (Βέροια);	a Berœoean or native of Berœa	of Berea
G0962	Βηθαβαρά	Bēthabará	of Hebrew origin (H01004 and H05679);	ferry-house; Bethabara (i.e. Bethabarah), a place on the Jordan	Bethabara
G0963	Βηθανία	Bēthanía	of Chaldee origin;	date-house; Beth-any, a place in Palestine	Bethany
G0964	Βηθεσδά	Bēthesdá	of Chaldee origin (compare H01004 and H02617);	house of kindness; Beth-esda, a pool in Jerusalem	Bethesda
G0965	Βηθλεέμ	Bēthleém	of Hebrew origin (H01036);	Bethleem (i.e. Beth-lechem), a place in Palestine	Bethlehem
G0966	Βηθσαϊδά	Bēthsaïdá	of Chaldee origin (compare H01004 and H06719);	fishing-house; Bethsaida, a place in Palestine	Bethsaida
G0967	Βηθφαγή	Bēthphagḗ	of Chaldee origin (compare H01004 and H06291);	fig-house; Beth-phage, a place in Palestine	Bethphage
G0968	βῆμα	bēma	from the base of G939 (βάσις);	a step, i.e. foot-breath; by implication, a rostrum, i.e. a tribunal	judgment-seat, set (foot) on, throne
G0969	βήρυλλος	bḗryllos	of uncertain derivation;	a "beryl"	beryl
G0970	βία	bía	probably akin to G979 (βίος) (through the idea of vital activity);	force	violence
G0971	βιάζω	biázō	from G979 (βίος);	to force, i.e. (reflexively) to crowd oneself (into), or (passively) to be seized	press, suffer violence
G0972	βίαιος	bíaios	from G970 (βία);	violent	mighty
G0973	βιαστής	biastḗs	from G971 (βιάζω);	a forcer, i.e. (figuratively) energetic	violent
G0974	βιβλιαρίδιον	bibliarídion	a diminutive of G975 (βιβλίον);	a booklet	little book
G0975	βιβλίον	biblíon	a diminutive of G976 (βίβλος);	a roll	bill, book, scroll, writing
G0976	βίβλος	bíblos	properly, the inner bark of the papyrus plant, i.e. (by implication) a sheet or scroll of writing		book
G0977	βιβρώσκω	bibrṓskō	a reduplicated and prolonged form of an obsolete primary verb (perhaps causative of G1006 (βόσκω));	to eat	eat
G0978	Βιθυνία	Bithynía	of uncertain derivation;	Bithynia, a region of Asia	Bithynia
G0979	βίος	bíos	a primary word;	life, i.e. (literally) the present state of existence; by implication, the means of livelihood	good, life, living
G0980	βιόω	bióō	from G979 (βίος);	to spend existence	live
G0981	βίωσις	bíōsis	from G980 (βιόω);	living (properly, the act, by implication, the mode)	manner of life
G0982	βιωτικός	biōtikós	from a derivative of G980 (βιόω);	relating to the present existence	of (pertaining to, things that pertain to) this life
G0983	βλαβερός	blaberós	from G984 (βλάπτω);	injurious	hurtful
G0984	βλάπτω	bláptō	a primary verb;	properly, to hinder, i.e. (by implication) to injure	hurt
G0985	βλαστάνω	blastánō	from (a sprout);	to germinate; by implication, to yield fruit	bring forth, bud, spring (up)
G0986	Βλάστος	Blástos	perhaps the same as the base of G985 (βλαστάνω);	Blastus, an officer of Herod Agrippa	Blastus
G0987	βλασφημέω	blasphēméō	from G989 (βλάσφημος);	to vilify; specially, to speak impiously	(speak) blaspheme(-er, -mously, -my), defame, rail on, revile, speak evil
G0988	βλασφημία	blasphēmía	from G989 (βλάσφημος);	vilification (especially against God)	blasphemy, evil speaking, railing
G0989	βλάσφημος	blásphēmos	from a derivative of G984 (βλάπτω) and G5345 (φήμη);	scurrilious, i.e. calumnious (against men), or (specially) impious (against God)	blasphemer(-mous), railing
G0990	βλέμμα	blémma	from G991 (βλέπω);	vision (properly concrete; by implication, abstract)	seeing
G0991	βλέπω	blépō	a primary verb;	to look at (literally or figuratively)	behold, beware, lie, look (on, to), perceive, regard, see, sight, take heed
G0992	βλητέος	blētéos	from G906 (βάλλω);	fit to be cast (i.e. applied)	must be put
G0993	Βοανεργές	Boanergés	of Chaldee origin (H01123 and H07266);	sons of commotion; Boanerges, an epithet of two of the apostles	Boanerges
G0994	βοάω	boáō	apparently a prolonged form of a primary verb;	to halloo, i.e. shout (for help or in a tumultuous way)	cry
G0995	βοή	boḗ	from G994 (βοάω);	a halloo, i.e. call (for aid, etc.)	cry
G0996	βοήθεια	boḗtheia	from G998 (βοηθός);	aid; specially, a rope or chain for frapping a vessel	help
G0997	βοηθέω	boēthéō	from G998 (βοηθός);	to aid or relieve	help, succor
G0998	βοηθός	boēthós	from G995 (βοή) and theo (to run);	a succorer	helper
G0999	βόθυνος	bóthynos	akin to G900 (βαθύνω);	a hole (in the ground); specially, a cistern	ditch, pit
G1000	βολή	bolḗ	from G906 (βάλλω);	a throw (as a measure of distance)	cast
G1001	βολίζω	bolízō	from G1002 (βολίς);	to heave the lead	sound
G1002	βολίς	bolís	from G906 (βάλλω);	a missile, i.e. javelin	dart
G1003	Βοόζ	Boóz	of Hebrew origin (H01162);	Booz, (i.e. Boaz), an Israelite	Booz
G1004	βόρβορος	bórboros	of uncertain derivation;	mud	mire
G1005	βοῤῥᾶς	borrhâs	of uncertain derivation;	the north (properly, wind)	north
G1006	βόσκω	bóskō	a prolonged form of a primary verb (compare G977 (βιβρώσκω), G1016 (βοῦς));	to pasture; by extension to, fodder; reflexively, to graze	feed, keep
G1007	Βοσόρ	Bosór	of Hebrew origin (H01160);	Bosor (i.e. Beor), a Moabite	Bosor
G1008	βοτάνη	botánē	from G1006 (βόσκω);	herbage (as if for grazing)	herb
G1009	βότρυς	bótrys	of uncertain derivation;	a bunch (of grapes)	(vine) cluster (of the vine)
G1010	βουλευτής	bouleutḗs	from G1011 (βουλεύω);	an adviser, i.e. (specially) a councillor or member of the Jewish Sanhedrin	counsellor
G1011	βουλεύω	bouleúō	from G1012 (βουλή);	to advise, i.e. (reflexively) deliberate, or (by implication) resolve	consult, take counsel, determine, be minded, purpose
G1012	βουλή	boulḗ	from G1014 (βούλομαι);	volition, i.e. (objectively) advice, or (by implication) purpose	+ advise, counsel, will
G1013	βούλημα	boúlēma	from G1014 (βούλομαι);	a resolve	purpose, will
G1014	βούλομαι	boúlomai	middle voice of a primary verb;	to "will," i.e. (reflexively) be willing	be disposed, minded, intend, list, (be, of own) will (-ing)
G1015	βουνός	bounós	probably of foreign origin;	a hillock	hill
G1016	βοῦς	boûs	probably from the base of G1006 (βόσκω);	an ox (as grazing), i.e. an animal of that species ("beef")	ox
G1017	βραβεῖον	brabeîon	from (an umpire of uncertain derivation);	an award (of arbitration), i.e. (specially) a prize in the public games	prize
G1018	βραβεύω	brabeúō	from the same as G1017 (βραβεῖον);	to arbitrate, i.e. (genitive case) to govern (figuratively, prevail)	rule
G1019	βραδύνω	bradýnō	from G1021 (βραδύς);	to delay	be slack, tarry
G1020	βραδυπλοέω	bradyploéō	from G1021 (βραδύς) and a prolonged form of G4126 (πλέω);	to sail slowly	sail slowly
G1021	βραδύς	bradýs	of uncertain affinity;	slow; figuratively, dull	slow
G1022	βραδύτης	bradýtēs	from G1021 (βραδύς);	tardiness	slackness
G1023	βραχίων	brachíōn	properly, comparative of G1024 (βραχύς), but apparently in the sense of (to wield);	the arm, i.e. (figuratively) strength	arm
G1024	βραχύς	brachýs	of uncertain affinity;	short (of time, place, quantity, or number)	few words, little (space, while)
G1025	βρέφος	bréphos	of uncertain affinity;	an infant (properly, unborn) literally or figuratively	babe, (young) child, infant
G1026	βρέχω	bréchō	a primary verb;	to moisten (especially by a shower)	(send) rain, wash
G1027	βροντή	brontḗ	akin to (to roar);	thunder	thunder(-ing)
G1028	βροχή	brochḗ	from G1026 (βρέχω);	rain	rain
G1029	βρόχος	bróchos	of uncertain derivation;	a noose	snare
G1030	βρυγμός	brygmós	from G1031 (βρύχω);	a grating (of the teeth)	gnashing
G1031	βρύχω	brýchō	a primary verb;	to grate the teeth (in pain or rage)	gnash
G1032	βρύω	brýō	a primary verb;	to swell out, i.e. (by implication) to gush	send forth
G1033	βρῶμα	brōma	from the base of G977 (βιβρώσκω);	food (literally or figuratively), especially (ceremonially) articles allowed or forbidden by the Jewish law	meat, victuals
G1034	βρώσιμος	brṓsimos	from G1035 (βρῶσις);	eatable	meat
G1035	βρῶσις	brōsis	from the base of G977 (βιβρώσκω);	(abstractly) eating (literally or figuratively); by extension (concretely) food (literally or figuratively)	eating, food, meat
G1036	βυθίζω	bythízō	from G1037 (βυθός);	to sink; by implication, to drown	begin to sink, drown
G1037	βυθός	bythós	a variation of G899 (βάθος);	depth, i.e. (by implication) the sea	deep
G1038	βυρσεύς	byrseús	from (a hide);	a tanner	tanner
G1039	βύσσινος	býssinos	from G1040 (βύσσος);	made of linen (neuter a linen cloth)	fine linen
G1040	βύσσος	býssos	of Hebrew origin (H0948);	white linen	fine linen
G1041	βωμός	bōmós	from the base of G939 (βάσις);	properly, a stand, i.e. (specially) an altar	altar
G1042	γαββαθά	gabbathá	of Chaldee origin (compare H01355);	the knoll; gabbatha, a vernacular term for the Roman tribunal in Jerusalem	Gabbatha
G1043	Γαβριήλ	Gabriḗl	of Hebrew origin (H01403);	Gabriel, an archangel	Gabriel
G1044	γάγγραινα	gángraina	from (to gnaw);	an ulcer ("gangrene")	canker
G1045	Γάδ	Gád	of Hebrew origin (H01410);	Gad, a tribe of Israelites	Gad
G1046	Γαδαρηνός	Gadarēnós	from (a town east of the Jordan);	a Gadarene or inhabitant of Gadara	Gadarene
G1047	γάζα	gáza	of foreign origin;	a treasure	treasure
G1048	Γάζα	Gáza	of Hebrew origin (H05804);	Gazah (i.e. Azzah), a place in Palestine	Gaza
G1049	γαζοφυλάκιον	gazophylákion	from G1047 (γάζα) and G5438 (φυλακή);	a treasure-house, i.e. a court in the temple for the collection-boxes	treasury
G1050	Γάϊος	Gáïos	of Latin origin;	Gaius (i.e. Caius), a Christian	Gaius
G1051	γάλα	gála	of uncertain affinity;	milk (figuratively)	milk
G1052	Γαλάτης	Galátēs	from G1053 (Γαλατία);	a Galatian or inhabitant of Galatia	Galatian
G1053	Γαλατία	Galatía	of foreign origin;	Galatia, a region of Asia	Galatia
G1054	Γαλατικός	Galatikós	from G1053 (Γαλατία);	Galatic or relating to Galatia	of Galatia
G1055	γαλήνη	galḗnē	of uncertain derivation;	tranquillity	calm
G1056	Γαλιλαία	Galilaía	of Hebrew origin (H01551);	Galilæa (i.e. the heathen circle), a region of Palestine	Galilee
G1057	Γαλιλαῖος	Galilaîos	from G1056 (Γαλιλαία);	Galilean or belonging to Galilea	Galilean, of Galilee
G1058	Γαλλίων	Gallíōn	of Latin origin;	Gallion (i.e. Gallio), a Roman officer	Gallio
G1059	Γαμαλιήλ	Gamaliḗl	of Hebrew origin (H01583);	Gamaliel (i.e. Gamliel), an Israelite	Gamaliel
G1060	γαμέω	gaméō	from G1062 (γάμος);	to wed (of either sex)	marry (a wife)
G1061	γαμίσκω	gamískō	from G1062 (γάμος);	to espouse (a daughter to a husband)	give in marriage
G1062	γάμος	gámos	of uncertain affinity;	nuptials	marriage, wedding
G1063	γάρ	gár	a primary particle;	properly, assigning a reason (used in argument, explanation or intensification; often with other particles)	and, as, because (that), but, even, for, indeed, no doubt, seeing, then, therefore, verily, what, why, yet
G1064	γαστήρ	gastḗr	of uncertain derivation;	the stomach; by analogy, the matrix; figuratively, a gourmand	belly, + with child, womb
G1065	γέ	gé	a primary particle of emphasis or qualification (often used with other particles prefixed)		and besides, doubtless, at least, yet
G1066	Γεδεών	Gedeṓn	of Hebrew origin (H01439);	Gedeon (i.e. Gid(e)on), an Israelite	Gedeon (in the King James Version)
G1067	γέεννα	géenna	of Hebrew origin (H01516 and H02011);	valley of (the son of) Hinnom; ge-henna (or Ge-Hinnom), a valley of Jerusalem, used (figuratively) as a name for the place (or state) of everlasting punishment	hell
G1068	Γεθσημανῆ	Gethsēmanē	of Chaldee origin (compare H01660 and H08081);	oil-press; Gethsemane, a garden near Jerusalem	Gethsemane
G1069	γείτων	geítōn	from G1093 (γῆ);	a neighbour (as adjoining one's ground); by implication, a friend	neighbour
G1070	γελάω	geláō	of uncertain affinity;	to laugh (as a sign of joy or satisfaction)	laugh
G1071	γέλως	gélōs	from G1070 (γελάω);	laughter (as a mark of gratification)	laughter
G1072	γεμίζω	gemízō	transitive from G1073 (γέμω);	to fill entirely	fill (be) full
G1073	γέμω	gémō	a primary verb;	to swell out, i.e. be full	be full
G1074	γενεά	geneá	from (a presumed derivative of) G1085 (γένος);	a generation; by implication, an age (the period or the persons)	age, generation, nation, time
G1075	γενεαλογέω	genealogéō	from G1074 (γενεά) and G3056 (λόγος);	to reckon by generations, i.e. trace in genealogy	count by descent
G1076	γενεαλογία	genealogía	from the same as G1075 (γενεαλογέω);	tracing by generations, i.e. "genealogy"	genealogy
G1077	γενέσια	genésia	neuter plural of a derivative of G1078 (γένεσις);	birthday ceremonies	birthday
G1078	γένεσις	génesis	from the same as G1074 (γενεά);	nativity; figuratively, nature	generation, nature(-ral)
G1079	γενετή	genetḗ	feminine of a presumed derivative of the base of G1074 (γενεά);	birth	birth
G1080	γεννάω	gennáō	from a variation of G1085 (γένος);	to procreate (properly, of the father, but by extension of the mother); figuratively, to regenerate	bear, beget, be born, bring forth, conceive, be delivered of, gender, make, spring
G1081	γέννημα	génnēma	from G1080 (γεννάω);	offspring; by analogy, produce (literally or figuratively)	fruit, generation
G1082	Γεννησαρέτ	Gennēsarét	of Hebrew origin (compare H03672);	Gennesaret (i.e. Kinnereth), a lake and plain in Palestine	Gennesaret
G1083	γέννησις	génnēsis	from G1080 (γεννάω);	nativity	birth
G1084	γεννητός	gennētós	from G1080 (γεννάω);	born	they that are born
G1085	γένος	génos	from G1096 (γίνομαι);	"kin" (abstract or concrete, literal or figurative, individual or collective)	born, country(-man), diversity, generation, kind(-red), nation, offspring, stock
G1086	Γεργεσηνός	Gergesēnós	of Hebrew origin (H01622);	a Gergesene (i.e. Girgashite) or one of the aborigines of Palestine	Gergesene
G1087	γερουσία	gerousía	from G1088 (γέρων);	the eldership, i.e. (collectively) the Jewish Sanhedrin	senate
G1088	γέρων	gérōn	of uncertain affinity (compare G1094 (γῆρας));	aged	old
G1089	γεύομαι	geúomai	a primary verb;	to taste; by implication, to eat; figuratively, to experience (good or ill)	eat, taste
G1090	γεωργέω	geōrgéō	from G1092 (γεωργός);	to till (the soil)	dress
G1091	γεώργιον	geṓrgion	neuter of a (presumed) derivative of G1092 (γεωργός);	cultivable, i.e. a farm	husbandry
G1092	γεωργός	geōrgós	from G1093 (γῆ) and the base of G2041 (ἔργον);	a land-worker, i.e. farmer	husbandman
G1093	γῆ	gē	contracted from a primary word;	soil; by extension a region, or the solid part or the whole of the terrene globe (including the occupants in each application)	country, earth(-ly), ground, land, world
G1094	γῆρας	gēras	akin to G1088 (γέρων);	senility	old age
G1095	γηράσκω	gēráskō	from G1094 (γῆρας);	to be senescent	be (wax) old
G1096	γίνομαι	gínomai	a prolongation and middle voice form of a primary verb;	to cause to be ("gen"-erate), i.e. (reflexively) to become (come into being), used with great latitude (literal, figurative, intensive, etc.)	arise, be assembled, be(-come, -fall, -have self), be brought (to pass), (be) come (to pass), continue, be divided, draw, be ended, fall, be finished, follow, be found, be fulfilled, + God forbid, grow, happen, have, be kept, be made, be married, be ordained to be, partake, pass, be performed, be published, require, seem, be showed, X soon as it was, sound, be taken, be turned, use, wax, will, would, be wrought
G1097	γινώσκω	ginṓskō	a prolonged form of a primary verb;	to "know" (absolutely) in a great variety of applications and with many implications (as follow, with others not thus clearly expressed)	allow, be aware (of), feel, (have) know(-ledge), perceived, be resolved, can speak, be sure, understand
G1098	γλεῦκος	gleûkos	akin to G1099 (γλυκύς);	sweet wine, i.e. (properly) must (fresh juice), but used of the more saccharine (and therefore highly inebriating) fermented wine	new wine
G1099	γλυκύς	glykýs	of uncertain affinity;	sweet (i.e. not bitter nor salt)	sweet, fresh
G1100	γλῶσσα	glōssa	of uncertain affinity;	the tongue; by implication, a language (specially, one naturally unacquired)	tongue
G1101	γλωσσόκομον	glōssókomon	from G1100 (γλῶσσα) and the base of G2889 (κόσμος);	properly, a case (to keep mouthpieces of wind-instruments in) i.e. (by extension) a casket or (specially) purse	bag
G1102	γναφεύς	gnapheús	by variation for a derivative from (to tease cloth);	a cloth-dresser	fuller
G1103	γνήσιος	gnḗsios	from the same as G1077 (γενέσια);	legitimate (of birth), i.e. genuine	own, sincerity, true
G1104	γνησίως	gnēsíōs	adverb from G1103 (γνήσιος);	genuinely, i.e. really	naturally
G1105	γνόφος	gnóphos	akin to G3509 (νέφος);	gloom (as of a storm)	blackness
G1106	γνώμη	gnṓmē	from G1097 (γινώσκω);	cognition, i.e. (subjectively) opinion, or (objectively) resolve (counsel, consent, etc.)	advice, + agree, judgment, mind, purpose, will
G1107	γνωρίζω	gnōrízō	from a derivative of G1097 (γινώσκω);	to make known; subjectively, to know	certify, declare, make known, give to understand, do to wit, wot
G1108	γνῶσις	gnōsis	from G1097 (γινώσκω);	knowing (the act), i.e. (by implication) knowledge	knowledge, science
G1109	γνώστης	gnṓstēs	from G1097 (γινώσκω);	a knower	expert
G1110	γνωστός	gnōstós	from G1097 (γινώσκω);	well-known	acquaintance, (which may be) known, notable
G1111	γογγύζω	gongýzō	of uncertain derivation;	to grumble	murmur
G1112	γογγυσμός	gongysmós	from G1111 (γογγύζω);	a grumbling	grudging, murmuring
G1113	γογγυστής	gongystḗs	from G1111 (γογγύζω);	a grumbler	murmurer
G1114	γόης	góēs	from (to wail);	properly, a wizard (as muttering spells), i.e. (by implication) an imposter	seducer
G1115	Γολγοθᾶ	Golgothâ	of Chaldee origin (compare H01538);	the skull; Golgotha, a knoll near Jerusalem	Golgotha
G1116	Γόμοῤῥα	Gómorrha	of Hebrew origin (H06017);	Gomorrha (i.e. Amorah), a place near the Dead Sea	Gomorrha
G1117	γόμος	gómos	from G1073 (γέμω);	a load (as filling), i.e. (specially) a cargo, or (by extension) wares	burden, merchandise
G1118	γονεύς	goneús	from the base of G1096 (γίνομαι);	a parent	parent
G1119	γόνυ	góny	of uncertain affinity;	the "knee"	knee(X -l)
G1120	γονυπετέω	gonypetéō	from a compound of G1119 (γόνυ) and the alternate of G4098 (πίπτω);	to fall on the knee	bow the knee, kneel down
G1121	γράμμα	grámma	from G1125 (γράφω);	a writing, i.e. a letter, note, epistle, book, etc.; plural learning	bill, learning, letter, scripture, writing, written
G1122	γραμματεύς	grammateús	from G1121 (γράμμα). a writer, i.e. (professionally) scribe or secretary		scribe, town-clerk
G1123	γραπτός	graptós	from G1125 (γράφω);	inscribed (figuratively)	written
G1124	γραφή	graphḗ	from G1125 (γράφω);	a document, i.e. holy Writ (or its contents or a statement in it)	scripture
G1125	γράφω	gráphō	a primary verb;	to "grave", especially to write; figuratively, to describe	describe, write(-ing, -ten)
G1126	γραώδης	graṓdēs	from (an old woman) and G1491 (εἶδος);	crone-like, i.e. silly	old wives'
G1127	γρηγορεύω	grēgoreúō	from G1453 (ἐγείρω);	to keep awake, i.e. watch (literally or figuratively)	be vigilant, wake, (be) watch(-ful)
G1128	γυμνάζω	gymnázō	from G1131 (γυμνός);	to practise naked (in the games), i.e. train (figuratively)	exercise
G1129	γυμνασία	gymnasía	from G1128 (γυμνάζω);	training, i.e. (figuratively) asceticism	exercise
G1130	γυμνητεύω	gymnēteúō	from a derivative of G1131 (γυμνός);	to strip, i.e. (reflexively) go poorly clad	be naked
G1131	γυμνός	gymnós	of uncertain affinity;	nude (absolute or relative, literal or figurative)	naked
G1132	γυμνότης	gymnótēs	from G1131 (γυμνός);	nudity (absolute or comparative)	nakedness
G1133	γυναικάριον	gynaikárion	a diminutive from G1135 (γυνή);	a little (i.e. foolish) woman	silly woman
G1134	γυναικεῖος	gynaikeîos	from G1135 (γυνή);	feminine	wife
G1135	γυνή	gynḗ	probably from the base of G1096 (γίνομαι);	a woman; specially, a wife	wife, woman
G1136	Γώγ	Gṓg	of Hebrew origin (H01463);	Gog, a symbolic name for some future Antichrist	Gog
G1137	γωνία	gōnía	probably akin to G1119 (γόνυ);	an angle	corner, quarter
G1138	Δαβίδ	Dabíd	of Hebrew origin (H01732);	Dabid (i.e. David), the Israelite king	David
G1139	δαιμονίζομαι	daimonízomai	middle voice from G1142 (δαίμων);	to be exercised by a dæmon	have a (be vexed with, be possessed with) devil(-s)
G1140	δαιμόνιον	daimónion	neuter of a derivative of G1142 (δαίμων);	a dæmonic being; by extension a deity	devil, god
G1141	δαιμονιώδης	daimoniṓdēs	from G1140 (δαιμόνιον) and G1142 (δαίμων);	dæmon-like	devilish
G1142	δαίμων	daímōn	from (to distribute fortunes);	a dæmon or supernatural spirit (of a bad nature)	devil
G1143	δάκνω	dáknō	a prolonged form of a primary root;	to bite, i.e. (figuratively) thwart	bite
G1144	δάκρυ	dákry	of uncertain affinity;	a tear	tear
G1145	δακρύω	dakrýō	from G1144 (δάκρυ);	to shed tears	weep
G1146	δακτύλιος	daktýlios	from G1147 (δάκτυλος);	a finger-ring	ring
G1147	δάκτυλος	dáktylos	probably from G1176 (δέκα);	a finger	finger
G1148	Δαλμανουθά	Dalmanouthá	probably of Chaldee origin;	Dalmanutha, a place in Palestine	Dalmanutha
G1149	Δαλματία	Dalmatía	probably of foreign derivation;	Dalmatia, a region of Europe	Dalmatia
G1150	δαμάζω	damázō	a variation of an obsolete primary of the same meaning;	to tame	tame
G1151	δάμαλις	dámalis	probably from the base of G1150 (δαμάζω);	a heifer (as tame)	heifer
G1152	Δάμαρις	Dámaris	probably from the base of G1150 (δαμάζω);	perhaps gentle; Damaris, an Athenian woman	Damaris
G1153	Δαμασκηνός	Damaskēnós	from G1154 (Δαμασκός);	a Damascene or inhabitant of Damascus	Damascene
G1154	Δαμασκός	Damaskós	of Hebrew origin (H01834);	Damascus, a city of Syria	Damascus
G1155	δανείζω	daneízō	from G1156 (δάνειον);	to loan on interest; reflexively, to borrow	borrow, lend
G1156	δάνειον	dáneion	from (a gift);	probably akin to the base of G1325 (δίδωμι); a loan	debt
G1157	δανειστής	daneistḗs	from G1155 (δανείζω);	a lender	creditor
G1158	Δανιήλ	Daniḗl	of Hebrew origin (H01840);	Daniel, an Israelite	Daniel
G1159	δαπανάω	dapanáō	from G1160 (δαπάνη);	to expend, i.e. (in a good sense) to incur cost, or (in a bad one) to waste	be at charges, consume, spend
G1160	δαπάνη	dapánē	from (to devour);	expense (as consuming)	cost
G1161	δέ	dé	a primary particle (adversative or continuative);	but, and, etc.	also, and, but, moreover, now (often unexpressed in English)
G1162	δέησις	déēsis	from G1189 (δέομαι);	a petition	prayer, request, supplication
G1163	δεῖ	deî	3rd person singular active present of G1210 (δέω);	also deon deh-on'; neuter active participle of the same; both used impersonally; it is (was, etc.) necessary (as binding)	behoved, be meet, must (needs), (be) need(-ful), ought, should
G1164	δεῖγμα	deîgma	from the base of G1166 (δεικνύω);	a specimen (as shown)	example
G1165	δειγματίζω	deigmatízō	from G1164 (δεῖγμα);	to exhibit	make a shew
G1166	δεικνύω	deiknýō	a prolonged form of an obsolete primary of the same meaning;	to show (literally or figuratively)	shew
G1167	δειλία	deilía	from G1169 (δειλός);	timidity	fear
G1168	δειλιάω	deiliáō	from G1167 (δειλία);	to be timid	be afraid
G1169	δειλός	deilós	from (dread);	timid, i.e. (by implication) faithless	fearful
G1170	δεῖνα	deîna	probably from the same as G1171 (δεινῶς) (through the idea of forgetting the name as fearful, i.e. strange);	so and so (when the person is not specified)	such a man
G1171	δεινῶς	deinōs	adverb from a derivative of the same as G1169 (δειλός);	terribly, i.e. excessively	grievously, vehemently
G1172	δειπνέω	deipnéō	from G1173 (δεῖπνον);	to dine, i.e. take the principle (or evening) meal	sup (X -er)
G1173	δεῖπνον	deîpnon	from the same as G1160 (δαπάνη);	dinner, i.e. the chief meal (usually in the evening)	feast, supper
G1174	δεισιδαιμονέστερος	deisidaimonésteros	the compound of a derivative of the base of G1169 (δειλός) and G1142 (δαίμων);	more religious than others	too superstitious
G1175	δεισιδαιμονία	deisidaimonía	from the same as G1174 (δεισιδαιμονέστερος);	religion	superstition
G1176	δέκα	déka	a primary number;	ten	(eight-)een, ten
G1177	δεκαδύο	dekadýo	from G1176 (δέκα) and G1417 (δύο);	two and ten, i.e. twelve	twelve
G1178	δεκαπέντε	dekapénte	from G1176 (δέκα) and G4002 (πέντε);	ten and five, i.e. fifteen	fifteen
G1179	Δεκάπολις	Dekápolis	from G1176 (δέκα) and G4172 (πόλις);	the ten-city region; the Decapolis, a district in Syria	Decapolis
G1180	δεκατέσσαρες	dekatéssares	from G1176 (δέκα) and G5064 (τέσσαρες);	ten and four, i.e. fourteen	fourteen
G1181	δεκάτη	dekátē	feminine of G1182 (δέκατος);	a tenth, i.e. as a percentage or (technically) tithe	tenth (part), tithe
G1182	δέκατος	dékatos	ordinal from G1176 (δέκα);	tenth	tenth
G1183	δεκατόω	dekatóō	from G1181 (δεκάτη);	to tithe, i.e. to give or take a tenth	pay (receive) tithes
G1184	δεκτός	dektós	from G1209 (δέχομαι);	approved; (figuratively) propitious	accepted(-table)
G1185	δελεάζω	deleázō	from the base of G1388 (δόλος);	to entrap, i.e. (figuratively) delude	allure, beguile, entice
G1186	δένδρον	déndron	probably from (an oak);	a tree	tree
G1187	δεξιολάβος	dexiolábos	from G1188 (δεξιός) and G2983 (λαμβάνω);	a guardsman (as if taking the right) or light-armed soldier	spearman
G1188	δεξιός	dexiós	from G1209 (δέχομαι);	the right side or (feminine) hand (as that which usually takes)	right (hand, side)
G1189	δέομαι	déomai	middle voice of G1210 (δέω);	to beg (as binding oneself), i.e. petition	beseech, pray (to), make request
G1190	Δερβαῖος	Derbaîos	from G1191 (Δέρβη);	a Derbæan or inhabitant of Derbe	of Derbe
G1191	Δέρβη	Dérbē	of foreign origin;	Derbe, a place in Asia Minor	Derbe
G1192	δέρμα	dérma	from G1194 (δέρω);	a hide	skin
G1193	δερμάτινος	dermátinos	from G1192 (δέρμα);	made of hide	leathern, of a skin
G1194	δέρω	dérō	a primary verb;	properly, to flay, i.e. (by implication) to scourge, or (by analogy) to thrash	beat, smite
G1195	δεσμεύω	desmeúō	from a (presumed) derivative of G1196 (δεσμέω);	to be a binder (captor), i.e. to enchain (a prisoner), to tie on (a load)	bind
G1196	δεσμέω	desméō	from G1199 (δεσμόν);	to tie, i.e. shackle	bind
G1197	δέσμη	désmē	from G1196 (δεσμέω);	a bundle	bundle
G1198	δέσμιος	désmios	from G1199 (δεσμόν);	a captive (as bound)	in bonds, prisoner
G1199	δεσμόν	desmón	neuter and masculine respectively from G1210 (δέω);	a band, i.e. ligament (of the body) or shackle (of a prisoner); figuratively, an impediment or disability	band, bond, chain, string
G1200	δεσμοφύλαξ	desmophýlax	from G1199 (δεσμόν) and G5441 (φύλαξ);	a jailer (as guarding the prisoners)	jailor, keeper of the prison
G1201	δεσμωτήριον	desmōtḗrion	from a derivative of G1199 (δεσμόν) (equivalent to G1196 (δεσμέω));	a place of bondage, i.e. a dungeon	prison
G1202	δεσμώτης	desmṓtēs	from the same as G1201 (δεσμωτήριον);	(passively) a captive	prisoner
G1203	δεσπότης	despótēs	perhaps from G1210 (δέω) and (a husband);	an absolute ruler ("despot")	Lord, master
G1204	δεῦρο	deûro	of uncertain affinity;	here; used also imperative hither!; and of time, hitherto	come (hither), hither(-to)
G1205	δεῦτε	deûte	from G1204 (δεῦρο) and an imperative form of (to go);	come hither!	come, X follow
G1206	δευτεραῖος	deuteraîos	from G1208 (δεύτερος);	secondary, i.e. (specially) on the second day	next day
G1207	δευτερόπρωτος	deuteróprōtos	from G1208 (δεύτερος) and G4413 (πρῶτος);	second-first, i.e. (specially) a designation of the Sabbath immediately after the Paschal week (being the second after Passover day, and the first of the seven Sabbaths intervening before Pentecost)	second … after the first
G1208	δεύτερος	deúteros	as the comparative of G1417 (δύο);	(ordinal) second (in time, place, or rank; also adverb)	afterward, again, second(-arily, time)
G1209	δέχομαι	déchomai	middle voice of a primary verb;	to receive (in various applications, literally or figuratively)	accept, receive, take
G1210	δέω	déō	a primary verb;	to bind (in various applications, literally or figuratively)	bind, be in bonds, knit, tie, wind
G1211	δή	dḗ	probably akin to G1161 (δέ);	a particle of emphasis or explicitness; now, then, etc.	also, and, doubtless, now, therefore
G1212	δῆλος	dēlos	of uncertain derivation;	clear	+ bewray, certain, evident, manifest
G1213	δηλόω	dēlóō	from G1212 (δῆλος);	to make plain (by words)	declare, shew, signify
G1214	Δημᾶς	Dēmâs	probably for G1216 (Δημήτριος);	Demas, a Christian	Demas
G1215	δημηγορέω	dēmēgoréō	from a compound of G1218 (δῆμος) and G58 (ἀγορά);	to be a people-gatherer, i.e. to address a public assembly	make an oration
G1216	Δημήτριος	Dēmḗtrios	from (Ceres);	Demetrius, the name of an Ephesian and of a Christian	Demetrius
G1217	δημιουργός	dēmiourgós	from G1218 (δῆμος) and G2041 (ἔργον);	a worker for the people, i.e. mechanic (spoken of the Creator)	maker
G1218	δῆμος	dēmos	from G1210 (δέω);	the public (as bound together socially)	people
G1219	δημόσιος	dēmósios	from G1218 (δῆμος);	public; (feminine singular dative case as adverb) in public	common, openly, publickly
G1220	δηνάριον	dēnárion	of Latin origin;	a denarius (or ten asses)	pence, penny(-worth)
G1221	δήποτε	dḗpote	from G1211 (δή) and G4218 (ποτέ);	a particle of generalization; indeed, at any time	(what-)soever
G1222	δήπου	dḗpou	from G1211 (δή) and G4225 (πού);	a particle of asseveration; indeed doubtless	verily
G1223	διά	diá	a primary preposition denoting the channel of an act;	through (in very wide applications, local, causal, or occasional)	after, always, among, at, to avoid, because of (that), briefly, by, for (cause) … fore, from, in, by occasion of, of, by reason of, for sake, that, thereby, therefore, X though, through(-out), to, wherefore, with (-in)
G1224	διαβαίνω	diabaínō	from G1223 (διά) and the base of G939 (βάσις);	to cross	come over, pass (through)
G1225	διαβάλλω	diabállō	from G1223 (διά) and G906 (βάλλω);	(figuratively) to traduce	accuse
G1226	διαβεβαιόομαι	diabebaióomai	middle voice of a compound of G1223 (διά) and G950 (βεβαιόω);	to confirm thoroughly (by words), i.e. asseverate	affirm constantly
G1227	διαβλέπω	diablépō	from G1223 (διά) and G991 (βλέπω);	to look through, i.e. recover full vision	see clearly
G1228	διάβολος	diábolos	from G1225 (διαβάλλω);	a traducer; specially, Satan (compare H07854)	false accuser, devil, slanderer
G1229	διαγγέλλω	diangéllō	from G1223 (διά) and the base of G32 (ἄγγελος);	to herald thoroughly	declare, preach, signify
G1230	διαγίνομαι	diagínomai	from G1223 (διά) and G1096 (γίνομαι);	to elapse meanwhile	X after, be past, be spent
G1231	διαγινώσκω	diaginṓskō	from G1223 (διά) and G1097 (γινώσκω);	to know thoroughly, i.e. ascertain exactly	(would) enquire, know the uttermost
G1232	διαγνωρίζω	diagnōrízō	from G1123 (γραπτός) and G1107 (γνωρίζω);	to tell abroad	make known
G1233	διάγνωσις	diágnōsis	from G1231 (διαγινώσκω);	(magisterial) examination ("diagnosis")	hearing
G1234	διαγογγύζω	diagongýzō	from G1223 (διά) and G1111 (γογγύζω);	to complain throughout a crowd	murmur
G1235	διαγρηγορέω	diagrēgoréō	from G1223 (διά) and G1127 (γρηγορεύω);	to waken thoroughly	be awake
G1236	διάγω	diágō	from G1223 (διά) and G71 (ἄγω);	to pass time or life	lead life, living
G1237	διαδέχομαι	diadéchomai	from G1223 (διά) and G1209 (δέχομαι);	to receive in turn, i.e. (figuratively) succeed to	come after
G1238	διάδημα	diádēma	from a compound of G1223 (διά) and G1210 (δέω);	a "diadem" (as bound about the head)	crown
G1239	διαδίδωμι	diadídōmi	from G1223 (διά) and G1325 (δίδωμι);	to give throughout a crowd, i.e. deal out; also to deliver over (as to a successor)	(make) distribute(-ion), divide, give
G1240	διάδοχος	diádochos	from G1237 (διαδέχομαι);	a successor in office	room
G1241	διαζώννυμι	diazṓnnymi	from G1223 (διά) and G2224 (ζώννυμι);	to gird tightly	gird
G1242	διαθήκη	diathḗkē	from G1303 (διατίθεμαι);	properly, a disposition, i.e. (specially) a contract (especially a devisory will)	covenant, testament
G1243	διαίρεσις	diaíresis	from G1244 (διαιρέω);	a distinction or (concretely) variety	difference, diversity
G1244	διαιρέω	diairéō	from G1223 (διά) and G138 (αἱρέομαι);	to separate, i.e. distribute	divide
G1245	διακαθαρίζω	diakatharízō	from G1223 (διά) and G2511 (καθαρίζω);	to cleanse perfectly, i.e. (specially) winnow	thoroughly purge
G1246	διακατελέγχομαι	diakatelénchomai	middle voice from G1223 (διά) and a compound of G2596 (κατά) and G1651 (ἐλέγχω);	to prove downright, i.e. confute	convince
G1247	διακονέω	diakonéō	from G1249 (διάκονος);	to be an attendant, i.e. wait upon (menially or as a host, friend, or (figuratively) teacher); technically, to act as a Christian deacon	(ad-)minister (unto), serve, use the office of a deacon
G1248	διακονία	diakonía	from G1249 (διάκονος);	attendance (as a servant, etc.); figuratively (eleemosynary) aid, (official) service (especially of the Christian teacher, or technically of the diaconate)	(ad-)minister(-ing, -tration, -try), office, relief, service(-ing)
G1249	διάκονος	diákonos	probably from an obsolete (to run on errands; compare G1377 (διώκω));	an attendant, i.e. (genitive case) a waiter (at table or in other menial duties); specially, a Christian teacher and pastor (technically, a deacon or deaconess)	deacon, minister, servant
G1250	διακόσιοι	diakósioi	from G1364 (δίς) and G1540 (ἑκατόν);	two hundred	two hundred
G1251	διακούομαι	diakoúomai	middle voice from G1223 (διά) and G191 (ἀκούω);	to hear throughout, i.e. patiently listen (to a prisoner's plea)	hear
G1252	διακρίνω	diakrínō	from G1223 (διά) and G2919 (κρίνω);	to separate thoroughly, i.e. (literally and reflexively) to withdraw from, or (by implication) oppose; figuratively, to discriminate (by implication, decide), or (reflexively) hesitate	contend, make (to) differ(-ence), discern, doubt, judge, be partial, stagger, waver
G1253	διάκρισις	diákrisis	from G1252 (διακρίνω);	judicial estimation	discern(-ing), disputation
G1254	διακωλύω	diakōlýō	from G1223 (διά) and G2967 (κωλύω);	to hinder altogether, i.e. utterly prohibit	forbid
G1255	διαλαλέω	dialaléō	from G1223 (διά) and G2980 (λαλέω);	to talk throughout a company, i.e. converse or (genitive case) publish	commune, noise abroad
G1256	διαλέγομαι	dialégomai	middle voice from G1223 (διά) and G3004 (λέγω);	to say thoroughly, i.e. discuss (in argument or exhortation)	dispute, preach (unto), reason (with), speak
G1257	διαλείπω	dialeípō	from G1223 (διά) and G3007 (λείπω);	to leave off in the middle, i.e. intermit	cease
G1258	διάλεκτος	diálektos	from G1256 (διαλέγομαι);	a (mode of) discourse, i.e. "dialect"	language, tongue
G1259	διαλλάσσω	diallássō	from G1223 (διά) and G236 (ἀλλάσσω);	to change thoroughly, i.e. (mentally) to conciliate	reconcile
G1260	διαλογίζομαι	dialogízomai	from G1223 (διά) and G3049 (λογίζομαι);	to reckon thoroughly, i.e. (genitive case) to deliberate (by reflection or discussion)	cast in mind, consider, dispute, muse, reason, think
G1261	διαλογισμός	dialogismós	from G1260 (διαλογίζομαι);	discussion, i.e. (internal) consideration (by implication, purpose), or (external) debate	dispute, doubtful(-ing), imagination, reasoning, thought
G1262	διαλύω	dialýō	from G1223 (διά) and G3089 (λύω);	to dissolve utterly	scatter
G1263	διαμαρτύρομαι	diamartýromai	from G1223 (διά) and G3140 (μαρτυρέω);	to attest or protest earnestly, or (by implication) hortatively	charge, testify (unto), witness
G1264	διαμάχομαι	diamáchomai	from G1223 (διά) and G3164 (μάχομαι);	to fight fiercely (in altercation)	strive
G1265	διαμένω	diaménō	from G1223 (διά) and G3306 (μένω);	to stay constantly (in being or relation)	continue, remain
G1266	διαμερίζω	diamerízō	from G1223 (διά) and G3307 (μερίζω);	to partition thoroughly (literally in distribution, figuratively in dissension)	cloven, divide, part
G1267	διαμερισμός	diamerismós	from G1266 (διαμερίζω);	disunion (of opinion and conduct)	division
G1268	διανέμω	dianémō	from G1223 (διά) and the base of G3551 (νόμος);	to distribute, i.e. (of information) to disseminate	spread
G1269	διανεύω	dianeúō	from G1223 (διά) and G3506 (νεύω);	to nod (or express by signs) across an intervening space	beckon
G1270	διανόημα	dianóēma	from a compound of G1223 (διά) and G3539 (νοιέω);	something thought through, i.e. a sentiment	thought
G1271	διάνοια	diánoia	from G1223 (διά) and G3563 (νοῦς);	deep thought, properly, the faculty (mind or its disposition), by implication, its exercise	imagination, mind, understanding
G1272	διανοίγω	dianoígō	from G1223 (διά) and G455 (ἀνοίγω);	to open thoroughly, literally (as a first-born) or figuratively (to expound)	open
G1273	διανυκτερεύω	dianyktereúō	from G1223 (διά) and a derivative of G3571 (νύξ);	to sit up the whole night	continue all night
G1274	διανύω	dianýō	from G1223 (διά) and (to effect);	to accomplish thoroughly	finish
G1275	διαπαντός	diapantós	from G1223 (διά) and the genitive case of G3956 (πᾶς);	through all time, i.e. (adverbially) constantly	alway(-s), continually
G1276	διαπεράω	diaperáō	from G1223 (διά) and a derivative of the base of G4008 (πέραν);	to cross entirely	go over, pass (over), sail over
G1277	διαπλέω	diapléō	from G1223 (διά) and G4126 (πλέω);	to sail through	sail over
G1278	διαπονέω	diaponéō	from G1223 (διά) and a derivative of G4192 (πόνος);	to toil through, i.e. (passively) be worried	be grieved
G1279	διαπορεύομαι	diaporeúomai	from G1223 (διά) and G4198 (πορεύομαι);	to travel through	go through, journey in, pass by
G1280	διαπορέω	diaporéō	from G1223 (διά) and G639 (ἀπορέω);	to be thoroughly nonplussed	(be in) doubt, be (much) perplexed
G1281	διαπραγματεύομαι	diapragmateúomai	from G1223 (διά) and G4231 (πραγματεύομαι);	to thoroughly occupy oneself, i.e. (transitively and by implication) to earn in business	gain by trading
G1282	διαπρίω	diapríō	from G1223 (διά) and the base of G4249 (πρίζω);	to saw asunder, i.e. (figuratively) to exasperate	cut (to the heart)
G1283	διαρπάζω	diarpázō	from G1223 (διά) and G726 (ἁρπάζω);	to seize asunder, i.e. plunder	spoil
G1284	διαῤῥήσσω	diarrhḗssō	from G1223 (διά) and G4486 (ῥήγνυμι);	to tear asunder	break, rend
G1285	διασαφέω	diasaphéō	from G1223 (διά) and (clear);	to clear thoroughly, i.e. (figuratively) declare	tell unto
G1286	διασείω	diaseíō	from G1223 (διά) and G4579 (σείω);	to shake thoroughly, i.e. (figuratively) to intimidate	do violence to
G1287	διασκορπίζω	diaskorpízō	from G1223 (διά) and G4650 (σκορπίζω);	to dissipate, i.e. (genitive case) to rout or separate; specially, to winnow; figuratively, to squander	disperse, scatter (abroad), strew, waste
G1288	διασπάω	diaspáō	from G1223 (διά) and G4685 (σπάω);	to draw apart, i.e. sever or dismember	pluck asunder, pull in pieces
G1289	διασπείρω	diaspeírō	from G1223 (διά) and G4687 (σπείρω);	to sow throughout, i.e. (figuratively) distribute in foreign lands	scatter abroad
G1290	διασπορά	diasporá	from G1289 (διασπείρω);	dispersion, i.e. (specially and concretely) the (converted) Israelite resident in Gentile countries	(which are) scattered (abroad)
G1291	διαστέλλομαι	diastéllomai	middle voice from G1223 (διά) and G4724 (στέλλω);	to set (oneself) apart (figuratively, distinguish), i.e. (by implication) to enjoin	charge, that which was (give) commanded(-ment)
G1292	διάστημα	diástēma	from G1339 (διΐστημι);	an interval	space
G1293	διαστολή	diastolḗ	from G1291 (διαστέλλομαι);	a variation	difference, distinction
G1294	διαστρέφω	diastréphō	from G1223 (διά) and G4762 (στρέφω);	to distort, i.e. (figuratively) misinterpret, or (morally) corrupt	perverse(-rt), turn away
G1295	διασώζω	diasṓzō	from G1223 (διά) and G4982 (σώζω);	to save thoroughly, i.e. (by implication or analogy) to cure, preserve, rescue, etc.	bring safe, escape (safe), heal, make perfectly whole, save
G1296	διαταγή	diatagḗ	from G1299 (διατάσσω);	arrangement, i.e. institution	instrumentality
G1297	διάταγμα	diátagma	from G1299 (διατάσσω);	an arrangement, i.e. (authoritative) edict	commandment
G1298	διαταράσσω	diatarássō	from G1223 (διά) and G5015 (ταράσσω);	to disturb wholly, i.e. agitate (with alarm)	trouble
G1299	διατάσσω	diatássō	from G1223 (διά) and G5021 (τάσσω);	to arrange thoroughly, i.e. (specially) institute, prescribe, etc.	appoint, command, give, (set in) order, ordain
G1300	διατελέω	diateléō	from G1223 (διά) and G5055 (τελέω);	to accomplish thoroughly, i.e. (subjectively) to persist	continue
G1301	διατηρέω	diatēréō	from G1223 (διά) and G5083 (τηρέω);	to watch thoroughly, i.e. (positively and transitively) to observe strictly, or (negatively and reflexively) to avoid wholly	keep
G1302	διατί	diatí	from G1223 (διά) and G5101 (τίς);	through what cause ?, i.e. why?	wherefore, why
G1303	διατίθεμαι	diatíthemai	middle voice from G1223 (διά) and G5087 (τίθημι);	to put apart, i.e. (figuratively) dispose (by assignment, compact, or bequest)	appoint, make, testator
G1304	διατρίβω	diatríbō	from G1223 (διά) and the base of G5147 (τρίβος);	to wear through (time), i.e. remain	abide, be, continue, tarry
G1305	διατροφή	diatrophḗ	from a compound of G1223 (διά) and G5142 (τρέφω);	nourishment	food
G1306	διαυγάζω	diaugázō	from G1223 (διά) and G826 (αὐγάζω);	to glimmer through, i.e. break (as day)	dawn
G1307	διαφανής	diaphanḗs	from G1223 (διά) and G5316 (φαίνω);	appearing through, i.e. "diaphanous"	transparent
G1308	διαφέρω	diaphérō	from G1223 (διά) and G5342 (φέρω);	to bear through, i.e. (literally) transport; usually to bear apart, i.e. (objectively) to toss about (figuratively, report); subjectively, to "differ", or (by implication) surpass	be better, carry, differ from, drive up and down, be (more) excellent, make matter, publish, be of more value
G1309	διαφεύγω	diapheúgō	from G1223 (διά) and G5343 (φεύγω);	to flee through, i.e. escape	escape
G1310	διαφημίζω	diaphēmízō	from G1223 (διά) and a derivative of G5345 (φήμη);	to report thoroughly, i.e. divulgate	blaze abroad, commonly report, spread abroad, fame
G1311	διαφθείρω	diaphtheírō	from G1225 (διαβάλλω) and G5351 (φθείρω);	to rot thoroughly, i.e. (by implication) to ruin (passively, decay utterly, figuratively, pervert)	corrupt, destroy, perish
G1312	διαφθορά	diaphthorá	from G1311 (διαφθείρω);	decay	corruption
G1313	διάφορος	diáphoros	from G1308 (διαφέρω);	varying; also surpassing	differing, divers, more excellent
G1314	διαφυλάσσω	diaphylássō	from G1223 (διά) and G5442 (φυλάσσω);	to guard thoroughly, i.e. protect	keep
G1315	διαχειρίζομαι	diacheirízomai	from G1223 (διά) and a derivative of G5495 (χείρ);	to handle thoroughly, i.e. lay violent hands upon	kill, slay
G1316	διαχωρίζομαι	diachōrízomai	from G1223 (διά) and the middle voice of G5563 (χωρίζω);	to remove (oneself) wholly, i.e. retire	depart
G1317	διδακτικός	didaktikós	from G1318 (διδακτός);	instructive ("didactic")	apt to teach
G1318	διδακτός	didaktós	from G1321 (διδάσκω);	(subjectively) instructed, or (objectively) communicated by teaching	taught, which … teacheth
G1319	διδασκαλία	didaskalía	from G1320 (διδάσκαλος);	instruction (the function or the information)	doctrine, learning, teaching
G1320	διδάσκαλος	didáskalos	from G1321 (διδάσκω);	an instructor (genitive case or specially)	doctor, master, teacher
G1321	διδάσκω	didáskō	a prolonged (causative) form of a primary verb (to learn);	to teach (in the same broad application)	teach
G1322	διδαχή	didachḗ	from G1321 (διδάσκω);	instruction (the act or the matter)	doctrine, hath been taught
G1323	δίδραχμον	dídrachmon	from G1364 (δίς) and G1406 (δραχμή);	a double drachma (didrachm)	tribute
G1324	Δίδυμος	Dídymos	prolongation from G1364 (δίς);	double, i.e. twin; Didymus, a Christian	Didymus
G1325	δίδωμι	dídōmi	a prolonged form of a primary verb (which is used as an alternative in most of the tenses);	to give (used in a very wide application, properly, or by implication, literally or figuratively; greatly modified by the connection)	adventure, bestow, bring forth, commit, deliver (up), give, grant, hinder, make, minister, number, offer, have power, put, receive, set, shew, smite (+ with the hand), strike (+ with the palm of the hand), suffer, take, utter, yield
G1326	διεγείρω	diegeírō	from G1223 (διά) and G1453 (ἐγείρω);	to wake fully; i.e. arouse (literally or figuratively)	arise, awake, raise, stir up
G1327	διέξοδος	diéxodos	from G1223 (διά) and G1841 (ἔξοδος);	an outlet through, i.e. probably an open square (from which roads diverge)	highway
G1328	διερμηνευτής	diermēneutḗs	from G1329 (διερμηνεύω);	an explainer	interpreter
G1329	διερμηνεύω	diermēneúō	from G1223 (διά) and G2059 (ἑρμηνεύω);	to explain thoroughly, by implication, to translate	expound, interpret(-ation)
G1330	διέρχομαι	diérchomai	from G1223 (διά) and G2064 (ἔρχομαι);	to traverse (literally)	come, depart, go (about, abroad, everywhere, over, through, throughout), pass (by, over, through, throughout), pierce through, travel, walk through
G1331	διερωτάω	dierōtáō	from G1223 (διά) and G2065 (ἐρωτάω);	to question throughout, i.e. ascertain by interrogation	make enquiry for
G1332	διετής	dietḗs	from G1364 (δίς) and G2094 (ἔτος);	of two years (in age)	two years old
G1333	διετία	dietía	from G1332 (διετής);	a space of two years (biennium)	two years
G1334	διηγέομαι	diēgéomai	from G1223 (διά) and G2233 (ἡγέομαι);	to relate fully	declare, shew, tell
G1335	διήγεσις	diḗgesis	from G1334 (διηγέομαι);	a recital	declaration
G1336	διηνεκής	diēnekḗs	neuter of a compound of G1223 (διά) and a derivative of an alternate of G5342 (φέρω);	carried through, i.e. (adverbially with G1519 (εἰς) and G3588 (ὁ) prefixed) perpetually	+ continually, for ever
G1337	διθάλασσος	dithálassos	from G1364 (δίς) and G2281 (θάλασσα);	having two seas, i.e. a sound with a double outlet	where two seas meet
G1338	διϊκνέομαι	diïknéomai	from G1223 (διά) and the base of G2425 (ἱκανός);	to reach through, i.e. penetrate	pierce
G1339	διΐστημι	diḯstēmi	from G1223 (διά) and G2476 (ἵστημι);	to stand apart, i.e. (reflexively) to remove, intervene	go further, be parted, after the space of
G1340	διϊσχυρίζομαι	diïschyrízomai	from G1223 (διά) and a derivative of G2478 (ἰσχυρός);	to stout it through, i.e. asservate	confidently (constantly) affirm
G1341	δικαιοκρισία	dikaiokrisía	from G1342 (δίκαιος) and G2920 (κρίσις);	a just sentence	righteous judgment
G1342	δίκαιος	díkaios	from G1349 (δίκη);	equitable (in character or act); by implication, innocent, holy (absolutely or relatively)	just, meet, right(-eous)
G1343	δικαιοσύνη	dikaiosýnē	from G1342 (δίκαιος);	equity (of character or act); specially (Christian) justification	righteousness
G1344	δικαιόω	dikaióō	from G1342 (δίκαιος);	to render (i.e. show or regard as) just or innocent	free, justify(-ier), be righteous
G1345	δικαίωμα	dikaíōma	from G1344 (δικαιόω);	an equitable deed; by implication, a statute or decision	judgment, justification, ordinance, righteousness
G1346	δικαίως	dikaíōs	adverb from G1342 (δίκαιος);	equitably	justly, (to) righteously(-ness)
G1347	δικαίωσις	dikaíōsis	from G1344 (δικαιόω);	aquittal (for Christ's sake)	justification
G1348	δικαστής	dikastḗs	from a derivative of G1349 (δίκη);	a judger	judge
G1349	δίκη	díkē	probably from G1166 (δεικνύω);	right (as self-evident), i.e. justice (the principle, a decision, or its execution)	judgment, punish, vengeance
G1350	δίκτυον	díktyon	probably from a primary verb (to cast);	a seine (for fishing)	net
G1351	δίλογος	dílogos	from G1364 (δίς) and G3056 (λόγος);	equivocal, i.e. telling a different story	double-tongued
G1352	διό	dió	from G1223 (διά) and G3739 (ὅς);	through which thing, i.e. consequently	for which cause, therefore, wherefore
G1353	διοδεύω	diodeúō	from G1223 (διά) and G3593 (ὁδεύω);	to travel through	go throughout, pass through
G1354	Διονύσιος	Dionýsios	from (Bacchus);	reveller; Dionysius, an Athenian	Dionysius
G1355	διόπερ	dióper	from G1352 (διό) and G4007 (περ);	on which very account	wherefore
G1356	διοπετής	diopetḗs	from the alternate of G2203 (Ζεύς) and the alternate of G4098 (πίπτω);	sky-fallen (i.e. an aerolite)	which fell down from Jupiter
G1357	διόρθωσις	diórthōsis	from a compound of G1223 (διά) and a derivative of G3717 (ὀρθός), meaning to straighten thoroughly;	rectification, i.e. (specially) the Messianic restauration	reformation
G1358	διορύσσω	diorýssō	from G1223 (διά) and G3736 (ὀρύσσω);	to penetrate burglariously	break through (up)
G1359	Διόσκουροι	Dióskouroi	from the alternate of G2203 (Ζεύς) and a form of the base of G2877 (κοράσιον);	sons of Jupiter, i.e. the twins Dioscuri	Castor and Pollux
G1360	διότι	dióti	from G1223 (διά) and G3754 (ὅτι);	on the very account that, or inasmuch as	because (that), for, therefore
G1361	Διοτρεφής	Diotrephḗs	from the alternate of G2203 (Ζεύς) and G5142 (τρέφω);	Jove-nourished; Diotrephes, an opponent of Christianity	Diotrephes
G1362	διπλοῦς	diploûs	from G1364 (δίς) and (probably) the base of G4119 (πλείων);	two-fold	double, two-fold more
G1363	διπλόω	diplóō	from G1362 (διπλοῦς);	to render two-fold	double
G1364	δίς	dís	adverb from G1417 (δύο);	twice	again, twice
G1365	διστάζω	distázō	from G1364 (δίς);	properly, to duplicate, i.e. (mentally) to waver (in opinion)	doubt
G1366	δίστομος	dístomos	from G1364 (δίς) and G4750 (στόμα);	double-edged	with two edges, two-edged
G1367	δισχίλιοι	dischílioi	from G1364 (δίς) and G5507 (χίλιοι);	two thousand	two thousand
G1368	διϋλίζω	diÿlízō	from G1223 (διά) and (to filter);	to strain out	strain at (probably by misprint)
G1369	διχάζω	dicházō	from a derivative of G1364 (δίς);	to make apart, i.e. sunder (figuratively, alienate)	set at variance
G1370	διχοστασία	dichostasía	from a derivative of G1364 (δίς) and G4714 (στάσις);	disunion, i.e. (figuratively) dissension	division, sedition
G1371	διχοτομέω	dichotoméō	from a compound of a derivative of G1364 (δίς) and a derivative of (to cut);	to bisect, i.e. (by extension) to flog severely	cut asunder (in sunder)
G1372	διψάω	dipsáō	from a variation of G1373 (δίψος);	to thirst for (literally or figuratively)	(be, be a-)thirst(-y)
G1373	δίψος	dípsos	of uncertain affinity;	thirst	thirst
G1374	δίψυχος	dípsychos	from G1364 (δίς) and G5590 (ψυχή);	two-spirited, i.e. vacillating (in opinion or purpose)	double minded
G1375	διωγμός	diōgmós	from G1377 (διώκω);	persecution	persecution
G1376	διώκτης	diṓktēs	from G1377 (διώκω);	a persecutor	persecutor
G1377	διώκω	diṓkō	a prolonged (and causative) form of a primary verb (to flee;	compare the base of G1169 (δειλός) and G1249 (διάκονος)); to pursue (literally or figuratively); by implication, to persecute	ensue, follow (after), given to, (suffer) persecute(-ion), press forward
G1378	δόγμα	dógma	from the base of G1380 (δοκέω);	a law (civil, ceremonial or ecclesiastical)	decree, ordinance
G1379	δογματίζω	dogmatízō	from G1378 (δόγμα);	to prescribe by statute, i.e. (reflexively) to submit to, ceremonially rule	be subject to ordinances
G1380	δοκέω	dokéō	a prolonged form of a primary verb, (used only in an alternate in certain tenses;	compare the base of G1166 (δεικνύω)) of the same meaning; to think; by implication, to seem (truthfully or uncertainly)	be accounted, (of own) please(-ure), be of reputation, seem (good), suppose, think, trow
G1381	δοκιμάζω	dokimázō	from G1384 (δόκιμος);	to test (literally or figuratively); by implication, to approve	allow, discern, examine, X like, (ap-)prove, try
G1382	δοκιμή	dokimḗ	from the same as G1384 (δόκιμος);	test (abstractly or concretely); by implication, trustiness	experience(-riment), proof, trial
G1383	δοκίμιον	dokímion	neuter of a presumed derivative of G1382 (δοκιμή);	a testing; by implication, trustworthiness	trial, trying
G1384	δόκιμος	dókimos	from G1380 (δοκέω);	properly, acceptable (current after assayal), i.e. approved	approved, tried
G1385	δοκός	dokós	from G1209 (δέχομαι) (through the idea of holding up);	a stick of timber	beam
G1386	δόλιος	dólios	from G1388 (δόλος);	guileful	deceitful
G1387	δολιόω	dolióō	from G1386 (δόλιος);	to be guileful	use deceit
G1388	δόλος	dólos	from an obsolete primary verb, (probably meaning to decoy;	compare G1185 (δελεάζω)); a trick (bait), i.e. (figuratively) wile	craft, deceit, guile, subtilty
G1389	δολόω	dolóō	from G1388 (δόλος);	to ensnare, i.e. (figuratively) adulterate	handle deceitfully
G1390	δόμα	dóma	from the base of G1325 (δίδωμι);	a present	gift
G1391	δόξα	dóxa	from the base of G1380 (δοκέω);	glory (as very apparent), in a wide application (literal or figurative, objective or subjective)	dignity, glory(-ious), honour, praise, worship
G1392	δοξάζω	doxázō	from G1391 (δόξα);	to render (or esteem) glorious (in a wide application)	(make) glorify(-ious), full of (have) glory, honour, magnify
G1393	Δορκάς	Dorkás		gazelle; Dorcas, a Christian woman	Dorcas
G1394	δόσις	dósis	from the base of G1325 (δίδωμι);	a giving; by implication, (concretely) a gift	gift, giving
G1395	δότης	dótēs	from the base of G1325 (δίδωμι);	a giver	giver
G1396	δουλαγωγέω	doulagōgéō	from a presumed compound of G1401 (δοῦλος) and G71 (ἄγω);	to be a slave-driver, i.e. to enslave (figuratively, subdue)	bring into subjection
G1397	δουλεία	douleía	from G1398 (δουλεύω);	slavery (ceremonially or figuratively)	bondage
G1398	δουλεύω	douleúō	from G1401 (δοῦλος);	to be a slave to (literal or figurative, involuntary or voluntary)	be in bondage, (do) serve(-ice)
G1399	δούλη	doúlē	feminine of G1401 (δοῦλος);	a female slave (involuntarily or voluntarily)	handmaid(-en)
G1400	δοῦλον	doûlon	neuter of G1401 (δοῦλος);	subservient	servant
G1401	δοῦλος	doûlos	from G1210 (δέω);	a slave (literal or figurative, involuntary or voluntary; frequently, therefore in a qualified sense of subjection or subserviency)	bond(-man), servant
G1402	δουλόω	doulóō	from G1401 (δοῦλος);	to enslave (literally or figuratively)	bring into (be under) bondage, X given, become (make) servant
G1403	δοχή	dochḗ	from G1209 (δέχομαι);	a reception, i.e. convivial entertainment	feast
G1404	δράκων	drákōn	probably from an alternate form of (to look);	a fabulous kind of serpent (perhaps as supposed to fascinate)	dragon
G1405	δράσσομαι	drássomai	perhaps akin to the base of G1404 (δράκων) (through the idea of capturing);	to grasp, i.e. (figuratively) entrap	take
G1406	δραχμή	drachmḗ	from G1405 (δράσσομαι);	a drachma or (silver) coin (as handled)	piece (of silver)
G1407	δρέπανον	drépanon	from (to pluck);	a gathering hook (especially for harvesting)	sickle
G1408	δρόμος	drómos	from the alternate of G5143 (τρέχω);	a race, i.e. (figuratively) career	course
G1409	Δρούσιλλα	Droúsilla	a feminine diminutive of Drusus (a Roman name);	Drusilla, a member of the Herodian family	Drusilla
G1410	δύναμαι	dýnamai	of uncertain affinity;	to be able or possible	be able, can (do, + -not), could, may, might, be possible, be of power
G1411	δύναμις	dýnamis	from G1410 (δύναμαι);	force (literally or figuratively); specially, miraculous power (usually by implication, a miracle itself)	ability, abundance, meaning, might(-ily, -y, -y deed), (worker of) miracle(-s), power, strength, violence, mighty (wonderful) work
G1412	δυναμόω	dynamóō	from G1411 (δύναμις);	to enable	strengthen
G1413	δυνάστης	dynástēs	from G1410 (δύναμαι);	a ruler or officer	of great authority, mighty, potentate
G1414	δυνατέω	dynatéō	from G1415 (δυνατός);	to be efficient (figuratively)	be mighty
G1415	δυνατός	dynatós	from G1410 (δύναμαι);	powerful or capable (literally or figuratively); neuter possible	able, could, (that is) mighty (man), possible, power, strong
G1416	δύνω	dýnō	prolonged forms of an obsolete primary (to sink);	to go "down"	set
G1417	δύο	dýo	a primary numeral;	"two"	both, twain, two
G1418	δυσ-	dys-	a primary inseparable particle of uncertain derivation;	used only in composition as a prefix; hard, i.e. with difficulty	+ hard, + grievous, etc
G1419	δυσβάστακτος	dysbástaktos	from G1418 (δυσ-) and a derivative of G941 (βαστάζω);	oppressive	grievous to be borne
G1420	δυσεντερία	dysentería	from G1418 (δυσ-) and a comparative of G1787 (ἐντός) (meaning a bowel);	a "dysentery"	bloody flux
G1421	δυσερμήνευτος	dysermḗneutos	from G1418 (δυσ-) and a presumed derivative of G2059 (ἑρμηνεύω);	difficult of explanation	hard to be uttered
G1422	δύσκολος	dýskolos	from G1418 (δυσ-) and (food);	properly, fastidious about eating (peevish), i.e. (genitive case) impracticable	hard
G1423	δυσκόλως	dyskólōs	adverb from G1422 (δύσκολος);	impracticably	hardly
G1424	δυσμή	dysmḗ	from G1416 (δύνω);	the sun-set, i.e. (by implication) the western region	west
G1425	δυσνόητος	dysnóētos	from G1418 (δυσ-) and a derivative of G3539 (νοιέω);	difficult of perception	hard to be understood
G1426	δυσφημία	dysphēmía	from a compound of G1418 (δυσ-) and G5345 (φήμη);	defamation	evil report
G1427	δώδεκα	dṓdeka	from G1417 (δύο) and G1176 (δέκα);	two and ten, i.e. a dozen	twelve
G1428	δωδέκατος	dōdékatos	from G1427 (δώδεκα);	twelfth	twelfth
G1429	δωδεκάφυλον	dōdekáphylon	from G1427 (δώδεκα) and G5443 (φυλή);	the commonwealth of Israel	twelve tribes
G1430	δῶμα	dōma	from (to build);	properly, an edifice, i.e. (specially) a roof	housetop
G1431	δωρεά	dōreá	from G1435 (δῶρον);	a gratuity	gift
G1432	δωρεάν	dōreán	accusative case of G1431 (δωρεά) as adverb;	gratuitously (literally or figuratively)	without a cause, freely, for naught, in vain
G1433	δωρέομαι	dōréomai	middle voice from G1435 (δῶρον);	to bestow gratuitously	give
G1434	δώρημα	dṓrēma	from G1433 (δωρέομαι);	a bestowment	gift
G1435	δῶρον	dōron		a present; specially, a sacrifice	gift, offering
G1436	ἔα	éa	apparent imperative of G1439 (ἐάω);	properly, let it be, i.e. (as interjection) aha!	let alone
G1437	ἐάν	eán	from G1487 (εἰ) and G302 (ἄν);	a conditional particle; in case that, provided, etc.; often used in connection with other particles to denote indefiniteness or uncertainty	before, but, except, (and) if, (if) so, (what-, whither-)soever, though, when (-soever), whether (or), to whom, (who-)so(-ever)
G1438	ἑαυτοῦ	heautoû	from a reflexive pronoun otherwise obsolete and the genitive case (dative case or accusative case) of G846 (αὐτός);	him- (her-, it-, them-, also (in conjunction with the personal pronoun of the other persons) my-, thy-, our-, your-) self (selves), etc.	alone, her (own, -self), (he) himself, his (own), itself, one (to) another, our (thine) own(-selves), + that she had, their (own, own selves), (of) them(-selves), they, thyself, you, your (own, own conceits, own selves, -selves)
G1439	ἐάω	eáō	of uncertain affinity;	to let be, i.e. permit or leave alone	commit, leave, let (alone), suffer
G1440	ἑβδομήκοντα	hebdomḗkonta	from G1442 (ἕβδομος) and a modified form of G1176 (δέκα);	seventy	seventy, three score and ten
G1441	ἑβδομηκοντάκις	hebdomēkontákis	multiple adverb from G1440 (ἑβδομήκοντα);	seventy times	seventy times
G1442	ἕβδομος	hébdomos	ordinal from G2033 (ἑπτά);	seventh	seventh
G1443	Ἐβέρ	Ebér	of Hebrew origin (H05677);	Eber, a patriarch	Eber
G1444	Ἑβραϊκός	Hebraïkós	from G1443 (Ἐβέρ);	Hebraic or the Jewish language	Hebrew
G1445	Ἑβραῖος	Hebraîos	from G1443 (Ἐβέρ);	a Hebræan (i.e. Hebrew) or Jew	Hebrew
G1446	Ἑβραΐς	Hebraḯs	from G1443 (Ἐβέρ);	the Hebraistic (Hebrew) or Jewish (Chaldee) language	Hebrew
G1447	Ἑβραϊστί	Hebraïstí	adverb from G1446 (Ἑβραΐς);	Hebraistically or in the Jewish (Chaldee) language	in (the) Hebrew (tongue)
G1448	ἐγγίζω	engízō	from G1451 (ἐγγύς);	to make near, i.e. (reflexively) approach	approach, be at hand, come (draw) near, be (come, draw) nigh
G1449	ἐγγράφω	engráphō	from G1722 (ἐν) and G1125 (γράφω);	to "engrave", i.e. inscribe	write (in)
G1450	ἔγγυος	éngyos	from G1722 (ἐν) and (a limb);	pledged (as if articulated by a member), i.e. a bondsman	surety
G1451	ἐγγύς	engýs	from a primary verb (to squeeze or throttle;	akin to the base of G43 (ἀγκάλη)); near (literally or figuratively, of place or time)	from , at hand, near, nigh (at hand, unto), ready
G1452	ἐγγύτερον	engýteron	neuter of the comparative of G1451 (ἐγγύς);	nearer	nearer
G1453	ἐγείρω	egeírō	probably akin to the base of G58 (ἀγορά) (through the idea of collecting one's faculties);	to waken (transitively or intransitively), i.e. rouse (literally, from sleep, from sitting or lying, from disease, from death; or figuratively, from obscurity, inactivity, ruins, nonexistence)	awake, lift (up), raise (again, up), rear up, (a-)rise (again, up), stand, take up
G1454	ἔγερσις	égersis	from G1453 (ἐγείρω);	a resurgence (from death)	resurrection
G1455	ἐγκάθετος	enkáthetos	from G1722 (ἐν) and a derivative of G2524 (καθίημι);	subinduced, i.e. surreptitiously suborned as a lier-in-wait	spy
G1456	ἐγκαίνια	enkaínia	neuter plural of a presumed compound from G1722 (ἐν) and G2537 (καινός);	innovatives, i.e. (specially) renewal (of religious services after the Antiochian interruption)	dedication
G1457	ἐγκαινίζω	enkainízō	from G1456 (ἐγκαίνια);	to renew, i.e. inaugurate	consecrate, dedicate
G1458	ἐγκαλέω	enkaléō	from G1722 (ἐν) and G2564 (καλέω);	to call in (as a debt or demand), i.e. bring to account (charge, criminate, etc.)	accuse, call in question, implead, lay to the charge
G1459	ἐγκαταλείπω	enkataleípō	from G1722 (ἐν) and G2641 (καταλείπω);	to leave behind in some place, i.e. (in a good sense) let remain over, or (in a bad sense) to desert	forsake, leave
G1460	ἐγκατοικέω	enkatoikéō	from G1722 (ἐν) and G2730 (κατοικέω);	to settle down in a place, i.e. reside	dwell among
G1461	ἐγκεντρίζω	enkentrízō	from G1722 (ἐν) and a derivative of G2759 (κέντρον);	to prick in, i.e. ingraft	graff in(-to)
G1462	ἔγκλημα	énklēma	from G1458 (ἐγκαλέω);	an accusation, i.e. offence alleged	crime laid against, laid to charge
G1463	ἐγκομβόομαι	enkombóomai	middle voice from G1722 (ἐν) and (to gird);	to engirdle oneself (for labor), i.e. figuratively (the apron as being a badge of servitude) to wear (in token of mutual deference)	be clothed with
G1464	ἐγκοπή	enkopḗ	from G1465 (ἐγκόπτω);	a hindrance	X hinder
G1465	ἐγκόπτω	enkóptō	from G1722 (ἐν) and G2875 (κόπτω);	to cut into, i.e. (figuratively) impede, detain	hinder, be tedious unto
G1466	ἐγκράτεια	enkráteia	from G1468 (ἐγκρατής);	self-control (especially continence)	temperance
G1467	ἐγκρατεύομαι	enkrateúomai	middle voice from G1468 (ἐγκρατής);	to exercise self-restraint (in diet and chastity)	can(-not) contain, be temperate
G1468	ἐγκρατής	enkratḗs	from G1722 (ἐν) and G2904 (κράτος);	strong in a thing (masterful), i.e. (figuratively and reflexively) self-controlled (in appetite, etc.)	temperate
G1469	ἐγκρίνω	enkrínō	from G1722 (ἐν) and G2919 (κρίνω);	to judge in, i.e. count among	make of the number
G1470	ἐγκρύπτω	enkrýptō	from G1722 (ἐν) and G2928 (κρύπτω);	to conceal in, i.e. incorporate with	hid in
G1471	ἔγκυος	énkyos	from G1722 (ἐν) and the base of G2949 (κῦμα);	swelling inside, i.e. pregnant	great with child
G1472	ἐγχρίω	enchríō	from G1722 (ἐν) and G5548 (χρίω);	to rub in (oil), i.e. besmear	anoint
G1473	ἐγώ	egṓ	a primary pronoun of the first person I (only expressed when emphatic)		I, me
G1474	ἐδαφίζω	edaphízō	from G1475 (ἔδαφος);	to raze	lay even with the ground
G1475	ἔδαφος	édaphos	from the base of G1476 (ἑδραῖος);	a basis (bottom), i.e. the soil	ground
G1476	ἑδραῖος	hedraîos	from a derivative of (to sit);	sedentary, i.e. (by implication) immovable	settled, stedfast
G1477	ἑδραίωμα	hedraíōma	from a derivative of G1476 (ἑδραῖος);	a support, i.e. (figuratively) basis	ground
G1478	Ἐζεκίας	Ezekías	of Hebrew origin (H02396);	Ezekias (i.e. Hezekeiah), an Israelite	Ezekias
G1479	ἐθελοθρησκεία	ethelothrēskeía	from G2309 (θέλω) and G2356 (θρησκεία);	voluntary (arbitrary and unwarranted) piety, i.e. sanctimony	will worship
G1480	ἐθίζω	ethízō	from G1485 (ἔθος);	to accustom, i.e. (neuter passive participle) customary	custom
G1481	ἐθνάρχης	ethnárchēs	from G1484 (ἔθνος) and G746 (ἀρχή);	the governor (not king) of a district	ethnarch
G1482	ἐθνικός	ethnikós	from G1484 (ἔθνος);	national ("ethnic"), i.e. (specially) a Gentile	heathen (man)
G1483	ἐθνικῶς	ethnikōs	adverb from G1482 (ἐθνικός);	as a Gentile	after the manner of Gentiles
G1484	ἔθνος	éthnos	probably from G1486 (ἔθω);	a race (as of the same habit), i.e. a tribe; specially, a foreign (non-Jewish) one (usually, by implication, pagan)	Gentile, heathen, nation, people
G1485	ἔθος	éthos	from G1486 (ἔθω);	a usage (prescribed by habit or law)	custom, manner, be wont
G1486	ἔθω	éthō	a primary verb;	to be used (by habit or conventionality); neuter perfect participle usage	be custom (manner, wont)
G1487	εἰ	ei	a primary particle of conditionality;	if, whether, that, etc.	forasmuch as, if, that, (al-)though, whether
G1488	εἶ	eî	second person singular present of G1510 (εἰμί);	thou art	art, be
G1489	εἴγε	eíge	from G1487 (εἰ) and G1065 (γέ);	if indeed, seeing that, unless, (with negative) otherwise	if (so be that, yet)
G1490	εἰ δὲ μή(γε)	ei dè mḗ(ge)	from G1487 (εἰ), G1161 (δέ), and G3361 (μή) (sometimes with G1065 (γέ) added);	but if not	(or) else, if (not, otherwise), otherwise
G1491	εἶδος	eîdos	from G1492 (εἴδω);	a view, i.e. form (literally or figuratively)	appearance, fashion, shape, sight
G1492	εἴδω	eídō	a primary verb;	used only in certain past tenses, the others being borrowed from the equivalent G3700 (ὀπτάνομαι) and G3708 (ὁράω); properly, to see (literally or figuratively); by implication, (in the perfect tense only) to know	be aware, behold, X can (+ not tell), consider, (have) know(-ledge), look (on), perceive, see, be sure, tell, understand, wish, wot
G1493	εἰδωλεῖον	eidōleîon	neuter of a presumed derivative of G1497 (εἴδωλον);	an image-fane	idol's temple
G1494	εἰδωλόθυτον	eidōlóthyton	neuter of a compound of G1497 (εἴδωλον) and a presumed derivative of G2380 (θύω);	an image-sacrifice, i.e. part of an idolatrous offering	(meat, thing that is) offered (in sacrifice, sacrificed) to (unto) idols
G1495	εἰδωλολατρεία	eidōlolatreía	from G1497 (εἴδωλον) and G2999 (λατρεία);	image-worship (literally or figuratively)	idolatry
G1496	εἰδωλολάτρης	eidōlolátrēs	from G1497 (εἴδωλον) and the base of G3000 (λατρεύω);	an image- (servant or) worshipper (literally or figuratively)	idolater
G1497	εἴδωλον	eídōlon	from G1491 (εἶδος);	an image (i.e. for worship); by implication, a heathen god, or (plural) the worship of such	idol
G1498	εἴην	eíēn	optative (i.e. English subjunctive) present of G1510 (εἰμί) (including the other person);	might (could, would, or should) be	mean, + perish, should be, was, were
G1499	εἰ καί	ei kaí	from G1487 (εἰ) and G2532 (καί);	if also (or even)	if (that), though
G1500	εἰκῆ	eikē	probably from G1502 (εἴκω) (through the idea of failure);	idly, i.e. without reason (or effect)	without a cause, (in) vain(-ly)
G1501	εἴκοσι	eíkosi	of uncertain affinity;	a score	twenty
G1502	εἴκω	eíkō	apparently a primary verb;	properly, to be weak, i.e. yield	give place
G1503	εἴκω	eíkō	apparently a primary verb (perhaps akin to G1502 (εἴκω) through the idea of faintness as a copy);	to resemble	be like
G1504	εἰκών	eikṓn	from G1503 (εἴκω);	a likeness, i.e. (literally) statue, profile, or (figuratively) representation, resemblance	image
G1505	εἰλικρίνεια	eilikríneia	from G1506 (εἰλικρινής);	clearness, i.e. (by implication) purity (figuratively)	sincerity
G1506	εἰλικρινής	eilikrinḗs	from (the sun's ray) and G2919 (κρίνω);	judged by sunlight, i.e. tested as genuine (figuratively)	pure, sincere
G1507	εἱλίσσω	heilíssō	a prolonged form of a primary but defective verb (of the same meaning);	to coil or wrap	roll together
G1508	εἰ μή	ei mḗ	from G1487 (εἰ) and G3361 (μή);	if not	but, except (that), if not, more than, save (only) that, saving, till
G1509	εἰ μή τι	ei mḗ ti	from G1508 (εἰ μή) and the neuter of G5100 (τὶς);	if not somewhat	except
G1510	εἰμί	eimí	the first person singular present indicative; a prolonged form of a primary and defective verb;	I exist (used only when emphatic)	am, have been, X it is I, was
G1511	εἶναι	eînai	present infinitive from G1510 (εἰμί);	to exist	am, was
G1512	εἴ περ	eí per	from G1487 (εἰ) and G4007 (περ);	if perhaps	if so be (that), seeing, though
G1513	εἴ πως	eí pōs	from G1487 (εἰ) and G4458 (-πώς);	if somehow	if by any means
G1514	εἰρηνεύω	eirēneúō	from G1515 (εἰρήνη);	to be (act) peaceful	be at (have, live in) peace, live peaceably
G1515	εἰρήνη	eirḗnē	probably from a primary verb (to join);	peace (literally or figuratively); by implication, prosperity	one, peace, quietness, rest, + set at one again
G1516	εἰρηνικός	eirēnikós	from G1515 (εἰρήνη);	pacific; by implication, salutary	peaceable
G1517	εἰρηνοποιέω	eirēnopoiéō	from G1518 (εἰρηνοποιός);	to be a peace-maker, i.e. (figuratively) to harmonize	make peace
G1518	εἰρηνοποιός	eirēnopoiós	from G1515 (εἰρήνη) and G4160 (ποιέω);	pacificatory, i.e. (subjectively) peaceable	peacemaker
G1519	εἰς	eis	a primary preposition;	to or into (indicating the point reached or entered), of place, time, or (figuratively) purpose (result, etc.); also in adverbial phrases	(abundant-)ly, against, among, as, at, (back-)ward, before, by, concerning, + continual, + far more exceeding, for (intent, purpose), fore, + forth, in (among, at, unto, -so much that, -to), to the intent that, + of one mind, + never, of, (up-)on, + perish, + set at one again, (so) that, therefore(-unto), throughout, til, to (be, the end, -ward), (here-)until(-to), …ward, (where-)fore, with
G1520	εἷς	heîs	a primary numeral;	one	a(-n, -ny, certain), + abundantly, man, one (another), only, other, some
G1521	εἰσάγω	eiságō	from G1519 (εἰς) and G71 (ἄγω);	to introduce (literally or figuratively)	bring in(-to), (+ was to) lead into
G1522	εἰσακούω	eisakoúō	from G1519 (εἰς) and G191 (ἀκούω);	to listen to	hear
G1523	εἰσδέχομαι	eisdéchomai	from G1519 (εἰς) and G1209 (δέχομαι);	to take into one's favor	receive
G1524	εἴσειμι	eíseimi	from G1519 (εἰς) and (to go);	to enter	enter (go) into
G1525	εἰσέρχομαι	eisérchomai	from G1519 (εἰς) and G2064 (ἔρχομαι);	to enter (literally or figuratively)	X arise, come (in, into), enter in(-to), go in (through)
G1526	εἰσί	eisí	3rd person plural present indicative of G1510 (εἰμί);	they are	agree, are, be, dure, X is, were
G1527	εἷς καθ’ εἷς	heîs kath’ heîs	from G1520 (εἷς) repeated with G2596 (κατά) inserted;	severally	one by one
G1528	εἰσκαλέω	eiskaléō	from G1519 (εἰς) and G2564 (καλέω);	to invite in	call in
G1529	εἴσοδος	eísodos	from G1519 (εἰς) and G3598 (ὁδός);	an entrance (literally or figuratively)	coming, enter(-ing) in (to)
G1530	εἰσπηδάω	eispēdáō	from G1519 (εἰς) and (to leap);	to rush in	run (spring) in
G1531	εἰσπορεύομαι	eisporeúomai	from G1519 (εἰς) and G4198 (πορεύομαι);	to enter (literally or figuratively)	come (enter) in, go into
G1532	εἰστρέχω	eistréchō	from G1519 (εἰς) and G5143 (τρέχω);	to hasten inward	run in
G1533	εἰσφέρω	eisphérō	from G1519 (εἰς) and G5342 (φέρω);	to carry inward (literally or figuratively)	bring (in), lead into
G1534	εἶτα	eîta	of uncertain affinity;	a particle of succession (in time or logical enumeration), then, moreover	after that(-ward), furthermore, then
G1535	εἴτε	eíte	from G1487 (εἰ) and G5037 (τέ);	if too	if, or, whether
G1536	εἴ τις	eí tis	from G1487 (εἰ) and G5100 (τὶς);	if any	he that, if a(-ny) man('s thing, from any, ought), whether any, whosoever
G1537	ἐκ	ek	a primary preposition denoting origin (the point whence action or motion proceeds), from, out (of place, time, or cause;	literal or figurative; direct or remote)	after, among, X are, at, betwixt(-yond), by (the means of), exceedingly, (+ abundantly above), for(- th), from (among, forth, up), + grudgingly, + heartily, X heavenly, X hereby, + very highly, in, …ly, (because, by reason) of, off (from), on, out among (from, of), over, since, X thenceforth, through, X unto, X vehemently, with(-out)
G1538	ἕκαστος	hékastos	as if a superlative of (afar);	each or every	any, both, each (one), every (man, one, woman), particularly
G1539	ἑκάστοτε	hekástote	as if from G1538 (ἕκαστος) and G5119 (τότε);	at every time	always
G1540	ἑκατόν	hekatón	of uncertain affinity;	a hundred	hundred
G1541	ἑκατονταέτης	hekatontaétēs	from G1540 (ἑκατόν) and G2094 (ἔτος);	centenarian	hundred years old
G1542	ἑκατονταπλασίων	hekatontaplasíōn	from G1540 (ἑκατόν) and a presumed derivative of G4111 (πλάσσω);	a hundred times	hundredfold
G1543	ἑκατοντάρχης	hekatontárchēs	from G1540 (ἑκατόν) and G757 (ἄρχω);	the captain of one hundred men	centurion
G1544	ἐκβάλλω	ekbállō	from G1537 (ἐκ) and G906 (βάλλω);	to eject (literally or figuratively)	bring forth, cast (forth, out), drive (out), expel, leave, pluck (pull, take, thrust) out, put forth (out), send away (forth, out)
G1545	ἔκβασις	ékbasis	from a compound of G1537 (ἐκ) and the base of G939 (βάσις) (meaning to go out);	an exit (literally or figuratively)	end, way to escape
G1546	ἐκβολή	ekbolḗ	from G1544 (ἐκβάλλω);	ejection, i.e. (specially) a throwing overboard of the cargo	+ lighten the ship
G1547	ἐκγαμίζω	ekgamízō	from G1537 (ἐκ) and a form of G1061 (γαμίσκω) (compare G1548 (ἐκγαμίσκω));	to marry off a daughter	give in marriage
G1548	ἐκγαμίσκω	ekgamískō	from G1537 (ἐκ) and G1061 (γαμίσκω);	the same as 1547	give in marriage
G1549	ἔκγονον	ékgonon	neuter of a derivative of a compound of G1537 (ἐκ) and G1096 (γίνομαι);	a descendant, i.e. (specially) grandchild	nephew
G1550	ἐκδαπανάω	ekdapanáō	from G1537 (ἐκ) and G1159 (δαπανάω);	to expend (wholly), i.e. (figuratively) exhaust	spend
G1551	ἐκδέχομαι	ekdéchomai	from G1537 (ἐκ) and G1209 (δέχομαι);	to accept from some source, i.e. (by implication) to await	expect, look (tarry) for, wait (for)
G1552	ἔκδηλος	ékdēlos	from G1537 (ἐκ) and G1212 (δῆλος);	wholly evident	manifest
G1553	ἐκδημέω	ekdēméō	from a compound of G1537 (ἐκ) and G1218 (δῆμος);	to emigrate, i.e. (figuratively) vacate or quit	be absent
G1554	ἐκδίδωμι	ekdídōmi	from G1537 (ἐκ) and G1325 (δίδωμι);	to give forth, i.e. (specially) to lease	let forth (out)
G1555	ἐκδιηγέομαι	ekdiēgéomai	from G1537 (ἐκ) and a compound of G1223 (διά) and G2233 (ἡγέομαι);	to narrate through wholly	declare
G1556	ἐκδικέω	ekdikéō	from G1558 (ἔκδικος);	to vindicate, retaliate, punish	a (re-)venge
G1557	ἐκδίκησις	ekdíkēsis	from G1556 (ἐκδικέω);	vindication, retribution	(a-, re-)venge(-ance), punishment
G1558	ἔκδικος	ékdikos	from G1537 (ἐκ) and G1349 (δίκη);	carrying justice out, i.e. a punisher	a (re-)venger
G1559	ἐκδιώκω	ekdiṓkō	from G1537 (ἐκ) and G1377 (διώκω);	to pursue out, i.e. expel or persecute implacably	persecute
G1560	ἔκδοτος	ékdotos	from G1537 (ἐκ) and a derivative of G1325 (δίδωμι);	given out or over, i.e. surrendered	delivered
G1561	ἐκδοχή	ekdochḗ	from G1551 (ἐκδέχομαι);	expectation	looking for
G1562	ἐκδύω	ekdýō	from G1537 (ἐκ) and the base of G1416 (δύνω);	to cause to sink out of, i.e. (specially as of clothing) to divest	strip, take off from, unclothe
G1563	ἐκεῖ	ekeî	of uncertain affinity;	there; by extension, thither	there, thither(-ward), (to) yonder (place)
G1564	ἐκεῖθεν	ekeîthen	from G1563 (ἐκεῖ);	thence	from that place, (from) thence, there
G1565	ἐκεῖνος	ekeînos	from G1563 (ἐκεῖ);	that one (or (neuter) thing); often intensified by the article prefixed	he, it, the other (same), selfsame, that (same, very), X their, X them, they, this, those
G1566	ἐκεῖσε	ekeîse	from G1563 (ἐκεῖ);	thither	there
G1567	ἐκζητέω	ekzētéō	from G1537 (ἐκ) and G2212 (ζητέω);	to search out, i.e. (figuratively)investigate, crave, demand, (by Hebraism) worship	en- (re-)quire, seek after (carefully, diligently)
G1568	ἐκθαμβέω	ekthambéō	from G1569 (ἔκθαμβος);	to astonish utterly	affright, greatly (sore) amaze
G1569	ἔκθαμβος	ékthambos	from G1537 (ἐκ) and G2285 (θάμβος);	utterly astounded	greatly wondering
G1570	ἔκθετος	ékthetos	from G1537 (ἐκ) and a derivative of G5087 (τίθημι);	put out, i.e. exposed to perish	cast out
G1571	ἐκκαθαίρω	ekkathaírō	from G1537 (ἐκ) and G2508 (καθαίρω);	to cleanse thoroughly	purge (out)
G1572	ἐκκαίω	ekkaíō	from G1537 (ἐκ) and G2545 (καίω);	to inflame deeply	burn
G1573	ἐκκακέω	ekkakéō	from G1537 (ἐκ) and G2556 (κακός);	to be (bad or) weak, i.e. (by implication) to fail (in heart)	faint, be weary
G1574	ἐκκεντέω	ekkentéō	from G1537 (ἐκ) and the base of G2759 (κέντρον);	to transfix	pierce
G1575	ἐκκλάω	ekkláō	from G1537 (ἐκ) and G2806 (κλάω);	to exscind	break off
G1576	ἐκκλείω	ekkleíō	from G1537 (ἐκ) and G2808 (κλείω);	to shut out (literally or figuratively)	exclude
G1577	ἐκκλησία	ekklēsía	from a compound of G1537 (ἐκ) and a derivative of G2564 (καλέω);	a calling out, i.e. (concretely) a popular meeting, especially a religious congregation (Jewish synagogue, or Christian community of members on earth or saints in heaven or both)	assembly, church
G1578	ἐκκλίνω	ekklínō	from G1537 (ἐκ) and G2827 (κλίνω);	to deviate, i.e. (absolutely) to shun (literally or figuratively), or (relatively) to decline (from piety)	avoid, eschew, go out of the way
G1579	ἐκκολυμβάω	ekkolymbáō	from G1537 (ἐκ) and G2860 (κολυμβάω);	to escape by swimming	swim out
G1580	ἐκκομίζω	ekkomízō	from G1537 (ἐκ) and G2865 (κομίζω);	to bear forth (to burial)	carry out
G1581	ἐκκόπτω	ekkóptō	from G1537 (ἐκ) and G2875 (κόπτω);	to exscind; figuratively, to frustrate	cut down (off, out), hew down, hinder
G1582	ἐκκρέμαμαι	ekkrémamai	middle voice from G1537 (ἐκ) and G2910 (κρεμάννυμι);	to hang upon the lips of a speaker, i.e. listen closely	be very attentive
G1583	ἐκλαλέω	eklaléō	from G1537 (ἐκ) and G2980 (λαλέω);	to divulge	tell
G1584	ἐκλάμπω	eklámpō	from G1537 (ἐκ) and G2989 (λάμπω);	to be resplendent	shine forth
G1585	ἐκλανθάνομαι	eklanthánomai	middle voice from G1537 (ἐκ) and G2990 (λανθάνω);	to be utterly oblivious of	forget
G1586	ἐκλέγομαι	eklégomai	middle voice from G1537 (ἐκ) and G3004 (λέγω) (in its primary sense);	to select	make choice, choose (out), chosen
G1587	ἐκλείπω	ekleípō	from G1537 (ἐκ) and G3007 (λείπω);	to omit, i.e. (by implication) cease (die)	fail
G1588	ἐκλεκτός	eklektós	from G1586 (ἐκλέγομαι);	select; by implication, favorite	chosen, elect
G1589	ἐκλογή	eklogḗ	from G1586 (ἐκλέγομαι);	(divine) selection (abstractly or concretely)	chosen, election
G1590	ἐκλύω	eklýō	from G1537 (ἐκ) and G3089 (λύω);	to relax (literally or figuratively)	faint
G1591	ἐκμάσσω	ekmássō	from G1537 (ἐκ) and the base of G3145 (μασσάομαι);	to knead out, i.e. (by analogy) to wipe dry	wipe
G1592	ἐκμυκτηρίζω	ekmyktērízō	from G1537 (ἐκ) and G3456 (μυκτηρίζω);	to sneer outright at	deride
G1593	ἐκνεύω	ekneúō	from G1537 (ἐκ) and G3506 (νεύω);	(by analogy) to slip off, i.e. quietly withdraw	convey self away
G1594	ἐκνήφω	eknḗphō	from G1537 (ἐκ) and G3525 (νήφω);	(figuratively) to rouse (oneself) out of stupor	awake
G1595	ἑκούσιον	hekoúsion	neuter of a derivative from G1635 (ἑκών);	voluntariness	willingly
G1596	ἑκουσίως	hekousíōs	adverb from the same as G1595 (ἑκούσιον);	voluntarily	wilfully, willingly
G1597	ἔκπαλαι	ékpalai	from G1537 (ἐκ) and G3819 (πάλαι);	long ago, for a long while	of a long time, of old
G1598	ἐκπειράζω	ekpeirázō	from G1537 (ἐκ) and G3985 (πειράζω);	to test thoroughly	tempt
G1599	ἐκπέμπω	ekpémpō	from G1537 (ἐκ) and G3992 (πέμπω);	to despatch	send away (forth)
G1600	ἐκπετάννυμι	ekpetánnymi	from G1537 (ἐκ) and a form of G4072 (πέτομαι);	to fly out, i.e. (by analogy) to extend	stretch forth
G1601	ἐκπίπτω	ekpíptō	from G1537 (ἐκ) and G4098 (πίπτω);	to drop away; specially, be driven out of one's course; figuratively, to lose, become inefficient	be cast, fail, fall (away, off), take none effect
G1602	ἐκπλέω	ekpléō	from G1537 (ἐκ) and G4126 (πλέω);	to depart by ship	sail (away, thence)
G1603	ἐκπληρόω	ekplēróō	from G1537 (ἐκ) and G4137 (πληρόω);	to accomplish entirely	fulfill
G1604	ἐκπλήρωσις	ekplḗrōsis	from G1603 (ἐκπληρόω);	completion	accomplishment
G1605	ἐκπλήσσω	ekplḗssō	from G1537 (ἐκ) and G4141 (πλήσσω);	to strike with astonishment	amaze, astonish
G1606	ἐκπνέω	ekpnéō	from G1537 (ἐκ) and G4154 (πνέω);	to expire	give up the ghost
G1607	ἐκπορεύομαι	ekporeúomai	from G1537 (ἐκ) and G4198 (πορεύομαι);	to depart, be discharged, proceed, project	come (forth, out of), depart, go (forth, out), issue, proceed (out of)
G1608	ἐκπορνεύω	ekporneúō	from G1537 (ἐκ) and G4203 (πορνεύω);	to be utterly unchaste	give self over to fornication
G1609	ἐκπτύω	ekptýō	from G1537 (ἐκ) and G4429 (πτύω);	to spit out, i.e. (figuratively) spurn	reject
G1610	ἐκριζόω	ekrizóō	from G1537 (ἐκ) and G4492 (ῥιζόω);	to uproot	pluck up by the root, root up
G1611	ἔκστασις	ékstasis	from G1839 (ἐξίστημι);	a displacement of the mind, i.e. bewilderment, "ecstasy"	+ be amazed, amazement, astonishment, trance
G1612	ἐκστρέφω	ekstréphō	from G1537 (ἐκ) and G4762 (στρέφω);	to pervert (figuratively)	subvert
G1613	ἐκταράσσω	ektarássō	from G1537 (ἐκ) and G5015 (ταράσσω);	to disturb wholly	exceedingly trouble
G1614	ἐκτείνω	ekteínō	from G1537 (ἐκ) and teino (to stretch);	to extend	cast, put forth, stretch forth (out)
G1615	ἐκτελέω	ekteléō	from G1537 (ἐκ) and G5055 (τελέω);	to complete fully	finish
G1616	ἐκτένεια	ekténeia	from G1618 (ἐκτενής);	intentness	X instantly
G1617	ἐκτενέστερον	ektenésteron	neuter of the comparative of G1618 (ἐκτενής);	more intently	more earnestly
G1618	ἐκτενής	ektenḗs	from G1614 (ἐκτείνω);	intent	without ceasing, fervent
G1619	ἐκτενῶς	ektenōs	adverb from G1618 (ἐκτενής);	intently	fervently
G1620	ἐκτίθημι	ektíthēmi	from G1537 (ἐκ) and G5087 (τίθημι);	to expose; figuratively, to declare	cast out, expound
G1621	ἐκτινάσσω	ektinássō	from G1537 (ἐκ) and tinasso (to swing);	to shake violently	shake (off)
G1622	ἐκτός	ektós	from G1537 (ἐκ);	the exterior; figuratively (as a preposition) aside from, besides	but, except(-ed), other than, out of, outside, unless, without
G1623	ἕκτος	héktos	ordinal from G1803 (ἕξ);	sixth	sixth
G1624	ἐκτρέπω	ektrépō	from G1537 (ἐκ) and the base of G5157 (τροπή);	to deflect, i.e. turn away (literally or figuratively)	avoid, turn (aside, out of the way)
G1625	ἐκτρέφω	ektréphō	from G1537 (ἐκ) and G5142 (τρέφω);	to rear up to maturity, i.e. (genitive case) to cherish or train	bring up, nourish
G1626	ἔκτρωμα	éktrōma	from a comparative of G1537 (ἐκ) and (to wound);	a miscarriage (abortion), i.e. (by analogy) untimely birth	born out of due time
G1627	ἐκφέρω	ekphérō	from G1537 (ἐκ) and G5342 (φέρω);	to bear out (literally or figuratively)	bear, bring forth, carry forth (out)
G1628	ἐκφεύγω	ekpheúgō	from G1537 (ἐκ) and G5343 (φεύγω);	to flee out	escape, flee
G1629	ἐκφοβέω	ekphobéō	from G1537 (ἐκ) and G5399 (φοβέω);	to frighten utterly	terrify
G1630	ἔκφοβος	ékphobos	from G1537 (ἐκ) and G5401 (φόβος);	frightened out of one's wits	sore afraid, exceedingly fear
G1631	ἐκφύω	ekphýō	from G1537 (ἐκ) and G5453 (φύω);	to sprout up	put forth
G1632	ἐκχέω	ekchéō	from G1537 (ἐκ) and (to pour);	to pour forth; figuratively, to bestow	gush (pour) out, run greedily (out), shed (abroad, forth), spill
G1633	ἐκχωρέω	ekchōréō	from G1537 (ἐκ) and G5562 (χωρέω);	to depart	depart out
G1634	ἐκψύχω	ekpsýchō	from G1537 (ἐκ) and G5594 (ψύχω);	to expire	give (yield) up the ghost
G1635	ἑκών	hekṓn	of uncertain affinity;	voluntary	willingly
G1636	ἐλαία	elaía	feminine of a presumed derivative from an obsolete primary;	an olive (the tree or the fruit)	olive (berry, tree)
G1637	ἔλαιον	élaion	neuter of the same as G1636 (ἐλαία);	olive oil	oil
G1638	ἐλαιών	elaiṓn	from G1636 (ἐλαία);	an olive-orchard, i.e. (specially) the Mount of Olives	Olivet
G1639	Ἐλαμίτης	Elamítēs	of Hebrew origin (H05867);	an Elamite or Persian	Elamite
G1640	ἐλάσσων	elássōn	comparative of the same as G1646 (ἐλάχιστος);	smaller (in size, quantity, age or quality)	less, under, worse, younger
G1641	ἐλαττονέω	elattonéō	from G1640 (ἐλάσσων);	to diminish, i.e. fall short	have lack
G1642	ἐλαττόω	elattóō	from G1640 (ἐλάσσων);	to lessen (in rank or influence)	decrease, make lower
G1643	ἐλαύνω	elaúnō	a prolonged form of a primary verb (obsolete except in certain tenses as an alternative of this) of uncertain affinity;	to push (as wind, oars or dæmonical power)	carry, drive, row
G1644	ἐλαφρία	elaphría	from G1645 (ἐλαφρός);	levity (figuratively), i.e. fickleness	lightness
G1645	ἐλαφρός	elaphrós	probably akin to G1643 (ἐλαύνω) and the base of G1640 (ἐλάσσων);	light, i.e. easy	light
G1646	ἐλάχιστος	eláchistos	superlative of (short);	used as equivalent to G3398 (μικρός); least (in size, amount, dignity, etc.)	least, very little (small), smallest
G1647	ἐλαχιστότερος	elachistóteros	comparative of G1646 (ἐλάχιστος);	far less	less than the least
G1648	Ἐλεάζαρ	Eleázar	of Hebrew origin (H0499);	Eleazar, an Israelite	Eleazar
G1649	ἔλεγξις	élenxis	from G1651 (ἐλέγχω);	refutation, i.e. reproof	rebuke
G1650	ἔλεγχος	élenchos	from G1651 (ἐλέγχω);	proof, conviction	evidence, reproof
G1651	ἐλέγχω	elénchō	of uncertain affinity;	to confute, admonish	convict, convince, tell a fault, rebuke, reprove
G1652	ἐλεεινός	eleeinós	from G1656 (ἔλεος);	pitiable	miserable
G1653	ἐλεέω	eleéō	from G1656 (ἔλεος);	to compassionate (by word or deed, specially, by divine grace)	have compassion (pity on), have (obtain, receive, shew) mercy (on)
G1654	ἐλεημοσύνη	eleēmosýnē	from G1656 (ἔλεος);	compassionateness, i.e. (as exercised towards the poor) beneficence, or (concretely) a benefaction	alms(-deeds)
G1655	ἐλεήμων	eleḗmōn	from G1653 (ἐλεέω);	compassionate (actively)	merciful
G1656	ἔλεος	éleos	of uncertain affinity;	compassion (human or divine, especially active)	(+ tender) mercy
G1657	ἐλευθερία	eleuthería	from G1658 (ἐλεύθερος);	freedom (legitimate or licentious, chiefly moral or ceremonial)	liberty
G1658	ἐλεύθερος	eleútheros	probably from the alternate of G2064 (ἔρχομαι);	unrestrained (to go at pleasure), i.e. (as a citizen) not a slave (whether freeborn or manumitted), or (genitive case) exempt (from obligation or liability)	free (man, woman), at liberty
G1659	ἐλευθερόω	eleutheróō	from G1658 (ἐλεύθερος);	to liberate, i.e. (figuratively) to exempt (from moral, ceremonial or mortal liability)	deliver, make free
G1660	ἔλευσις	éleusis	from the alternate of G2064 (ἔρχομαι);	an advent	coming
G1661	ἐλεφάντινος	elephántinos	from (an "elephant");	elephantine, i.e. (by implication) composed of ivory	of ivory
G1662	Ἐλιακείμ	Eliakeím	of Hebrew origin (H0471);	Eliakim, an Israelite	Eliakim
G1663	Ἐλιέζερ	Eliézer	of Hebrew origin (H0461);	Eliezer, an Israelite	Eliezer
G1664	Ἐλιούδ	Elioúd	of Hebrew origin (H0410 and H01935);	God of majesty; Eliud, an Israelite	Eliud
G1665	Ἐλισάβετ	Elisábet	of Hebrew origin (H0472);	Elisabet, an Israelitess	Elisabeth
G1666	Ἐλισσαῖος	Elissaîos	of Hebrew origin (H0477);	Elissæus, an Israelite	Elissæus
G1667	ἑλίσσω	helíssō	a form of G1507 (εἱλίσσω);	to coil or wrap	fold up
G1668	ἕλκος	hélkos	probably from G1670 (ἑλκύω);	an ulcer (as if drawn together)	sore
G1669	ἑλκόω	helkóō	from G1668 (ἕλκος);	to cause to ulcerate, i.e. (passively) be ulcerous	full of sores
G1670	ἑλκύω	helkýō	probably akin to G138 (αἱρέομαι);	to drag (literally or figuratively)	draw
G1671	Ἑλλάς	Hellás	of uncertain affinity;	Hellas (or Greece), a country of Europe	Greece
G1672	Ἕλλην	Héllēn	from G1671 (Ἑλλάς);	a Hellen (Grecian) or inhabitant of Hellas; by extension a Greek-speaking person, especially a non-Jew	Gentile, Greek
G1673	Ἑλληνικός	Hellēnikós	from G1672 (Ἕλλην);	Hellenic, i.e. Grecian (in language)	Greek
G1674	Ἑλληνίς	Hellēnís	feminine of G1672 (Ἕλλην);	a Grecian (i.e. non-Jewish) woman	Greek
G1675	Ἑλληνιστής	Hellēnistḗs	from a derivative of G1672 (Ἕλλην);	a Hellenist or Greek-speaking Jew	Grecian
G1676	Ἑλληνιστί	Hellēnistí	adverb from the same as G1675 (Ἑλληνιστής);	Hellenistically, i.e. in the Grecian language	Greek
G1677	ἐλλογέω	ellogéō	from G1722 (ἐν) and G3056 (λόγος) (in the sense of account);	to reckon in, i.e. attribute	impute, put on account
G1678	Ἐλμωδάμ	Elmōdám	of Hebrew origin (perhaps for H0486);	Elmodam, an Israelite	Elmodam
G1679	ἐλπίζω	elpízō	from G1680 (ἐλπίς);	to expect or confide	(have, thing) hope(-d) (for), trust
G1680	ἐλπίς	elpís	from a primary (to anticipate, usually with pleasure);	expectation (abstractly or concretely) or confidence	faith, hope
G1681	Ἐλύμας	Elýmas	of foreign origin;	Elymas, a wizard	Elymas
G1682	ἐλοΐ	eloḯ	of Chaldean origin (H0426 with pronominal suffix) my God		Eloi
G1683	ἐμαυτοῦ	emautoû	genitive case compound of G1700 (ἐμοῦ) and G846 (αὐτός);	of myself so likewise the dative case , and accusative case	me, mine own (self), myself
G1684	ἐμβαίνω	embaínō	from G1722 (ἐν) and the base of G939 (βάσις);	to walk on, i.e. embark (aboard a vessel), reach (a pool)	come (get) into, enter (into), go (up) into, step in, take ship
G1685	ἐμβάλλω	embállō	from G1722 (ἐν) and G906 (βάλλω);	to throw on, i.e. (figuratively) subject to (eternal punishment)	cast into
G1686	ἐμβάπτω	embáptō	from G1722 (ἐν) and G911 (βάπτω);	to whelm on, i.e. wet (a part of the person, etc.) by contact with a fluid	dip
G1687	ἐμβατεύω	embateúō	from G1722 (ἐν) and a presumed derivative of the base of G939 (βάσις);	equivalent to G1684 (ἐμβαίνω); to intrude on (figuratively)	intrude into
G1688	ἐμβιβάζω	embibázō	from G1722 (ἐν) and (to mount;	causative of G1684 (ἐμβαίνω)); to place on, i.e. transfer (aboard a vessel)	put in
G1689	ἐμβλέπω	emblépō	from G1722 (ἐν) and G991 (βλέπω);	to look on, i.e. (relatively) to observe fixedly, or (absolutely) to discern clearly	behold, gaze up, look upon, (could) see
G1690	ἐμβριμάομαι	embrimáomai	from G1722 (ἐν) and (to snort with anger);	to have indignation on, i.e. (transitively) to blame, (intransitively) to sigh with chagrin, (specially) to sternly enjoin	straitly charge, groan, murmur against
G1691	ἐμέ	emé	a prolonged form of G3165 (μέ);	me	I, me, my(-self)
G1692	ἐμέω	eméō	of uncertain affinity;	to vomit	(will) spue
G1693	ἐμμαίνομαι	emmaínomai	from G1722 (ἐν) and G3105 (μαίνομαι);	to rave on, i.e. rage at	be mad against
G1694	Ἐμμανουήλ	Emmanouḗl	of Hebrew origin (H06005);	God with us; Emmanuel, a name of Christ	Emmanuel
G1695	Ἐμμαούς	Emmaoús	probably of Hebrew origin (compare H03222);	Emmaus, a place in Palestine	Emmaus
G1696	ἐμμένω	emménō	from G1722 (ἐν) and G3306 (μένω);	to stay in the same place, i.e. (figuratively) persevere	continue
G1697	Ἐμμόρ	Emmór	of Hebrew origin (H02544);	Emmor (i.e. Chamor), a Canaanite	Emmor
G1698	ἐμοί	emoí	a prolonged form of G3427 (μοί);	to me	I, me, mine, my
G1699	ἐμός	emós	from the oblique cases of G1473 (ἐγώ) (G1698 (ἐμοί), G1700 (ἐμοῦ), G1691 (ἐμέ));	my	of me, mine (own), my
G1700	ἐμοῦ	emoû	a prolonged form of G3449 (μόχθος);	of me	me, mine, my
G1701	ἐμπαιγμός	empaigmós	from G1702 (ἐμπαίζω);	derision	mocking
G1702	ἐμπαίζω	empaízō	from G1722 (ἐν) and G3815 (παίζω);	to jeer at, i.e. deride	mock
G1703	ἐμπαίκτης	empaíktēs	from G1702 (ἐμπαίζω);	a derider, i.e. (by implication) a false teacher	mocker, scoffer
G1704	ἐμπεριπατέω	emperipatéō	from G1722 (ἐν) and G4043 (περιπατέω);	to perambulate on a place, i.e. (figuratively) to be occupied among persons	walk in
G1705	ἐμπίπλημι	empíplēmi	from G1722 (ἐν) and the base of G4118 (πλεῖστος);	to fill in (up), i.e. (by implication) to satisfy (literally or figuratively)	fill
G1706	ἐμπίπτω	empíptō	from G1722 (ἐν) and G4098 (πίπτω);	to fall on, i.e. (literally) to be entrapped by, or (figuratively) be overwhelmed with	fall among (into)
G1707	ἐμπλέκω	emplékō	from G1722 (ἐν) and G4120 (πλέκω);	to entwine, i.e. (figuratively) involve with	entangle (in, self with)
G1708	ἐμπλοκή	emplokḗ	from G1707 (ἐμπλέκω);	elaborate braiding of the hair	plaiting
G1709	ἐμπνέω	empnéō	from G1722 (ἐν) and G4154 (πνέω);	to inhale, i.e. (figuratively) to be animated by (bent upon)	breathe
G1710	ἐμπορεύομαι	emporeúomai	from G1722 (ἐν) and G4198 (πορεύομαι);	to travel in (a country as a pedlar), i.e. (by implication) to trade	buy and sell, make merchandise
G1711	ἐμπορία	emporía	feminine from G1713 (ἔμπορος);	traffic	merchandise
G1712	ἐμπόριον	empórion	neuter from G1713 (ἔμπορος);	a mart ("emporium")	merchandise
G1713	ἔμπορος	émporos	from G1722 (ἐν) and the base of G4198 (πορεύομαι);	a (wholesale) tradesman	merchant
G1714	ἐμπρήθω	emprḗthō	from G1722 (ἐν) and (to blow a flame);	to enkindle, i.e. set on fire	burn up
G1715	ἔμπροσθεν	émprosthen	from G1722 (ἐν) and G4314 (πρός);	in front of (in place (literally or figuratively) or time)	against, at, before, (in presence, sight) of
G1716	ἐμπτύω	emptýō	from G1722 (ἐν) and G4429 (πτύω);	to spit at or on	spit (upon)
G1717	ἐμφανής	emphanḗs	from a compound of G1722 (ἐν) and G5316 (φαίνω);	apparent in self	manifest, openly
G1718	ἐμφανίζω	emphanízō	from G1717 (ἐμφανής);	to exhibit (in person) or disclose (by words)	appear, declare (plainly), inform, (will) manifest, shew, signify
G1719	ἔμφοβος	émphobos	from G1722 (ἐν) and G5401 (φόβος);	in fear, i.e. alarmed	affrighted, afraid, tremble
G1720	ἐμφυσάω	emphysáō	from G1722 (ἐν) and (to puff) (compare G5453 (φύω));	to blow at or on	breathe on
G1721	ἔμφυτος	émphytos	from G1722 (ἐν) and a derivative of G5453 (φύω);	implanted (figuratively)	engrafted
G1722	ἐν	en	a primary preposition denoting (fixed) position (in place, time or state), and (by implication) instrumentality (medially or constructively), i.e. a relation of rest (intermediate between G1519 (εἰς) and G1537 (ἐκ));	"in," at, (up-)on, by, etc.	about, after, against, + almost, X altogether, among, X as, at, before, between, (here-)by (+ all means), for (… sake of), + give self wholly to, (here-)in(-to, -wardly), X mightily, (because) of, (up-)on, (open-)ly, X outwardly, one, X quickly, X shortly, (speedi-)ly, X that, X there(-in, -on), through(-out), (un-)to(-ward), under, when, where(-with), while, with(-in)
G1723	ἐναγκαλίζομαι	enankalízomai	from G1722 (ἐν) and a derivative of G43 (ἀγκάλη);	to take in one's arms, i.e. embrace	take up in arms
G1724	ἐνάλιος	enálios	from G1722 (ἐν) and G251 (ἅλς);	in the sea, i.e. marine	thing in the sea
G1725	ἔναντι	énanti	from G1722 (ἐν) and G473 (ἀντί);	in front (i.e. figuratively, presence) of	before
G1726	ἐναντίον	enantíon	neuter of G1727 (ἐναντίος);	(adverbially) in the presence (view) of	before, in the presence of
G1727	ἐναντίος	enantíos	from G1725 (ἔναντι);	opposite; figuratively, antagonistic	(over) against, contrary
G1728	ἐνάρχομαι	enárchomai	from G1722 (ἐν) and G756 (ἄρχομαι);	to commence on	rule (by mistake for G757 (ἄρχω))
G1729	ἐνδεής	endeḗs	from a compound of G1722 (ἐν) and G1210 (δέω) (in the sense of lacking);	deficient in	lacking
G1730	ἔνδειγμα	éndeigma	from G1731 (ἐνδείκνυμι);	an indication (concretely)	manifest token
G1731	ἐνδείκνυμι	endeíknymi	from G1722 (ἐν) and G1166 (δεικνύω);	to indicate (by word or act)	do, show (forth)
G1732	ἔνδειξις	éndeixis	from G1731 (ἐνδείκνυμι);	indication (abstractly)	declare, evident token, proof
G1733	ἕνδεκα	héndeka	from (the neuter of) G1520 (εἷς) and G1176 (δέκα);	one and ten, i.e. eleven	eleven
G1734	ἑνδέκατος	hendékatos	ordinal from G1733 (ἕνδεκα);	eleventh	eleventh
G1735	ἐνδέχεται	endéchetai	third person singular present of a compound of G1722 (ἐν) and G1209 (δέχομαι);	(impersonally) it is accepted in, i.e. admitted (possible)	can (+ not) be
G1736	ἐνδημέω	endēméō	from a compound of G1722 (ἐν) and G1218 (δῆμος);	to be in one's own country, i.e. home (figuratively)	be at home (present)
G1737	ἐνδιδύσκω	endidýskō	a prolonged form of G1746 (ἐνδύω);	to invest (with a garment)	clothe in, wear
G1738	ἔνδικος	éndikos	from G1722 (ἐν) and G1349 (δίκη);	in the right, i.e. equitable	just
G1739	ἐνδόμησις	endómēsis	from a compound of G1722 (ἐν) and a derivative of the base of G1218 (δῆμος);	a housing in (residence), i.e. structure	building
G1740	ἐνδοξάζω	endoxázō	from G1741 (ἔνδοξος);	to glorify	glorify
G1741	ἔνδοξος	éndoxos	from G1722 (ἐν) and G1391 (δόξα);	in glory, i.e. splendid, (figuratively) noble	glorious, gorgeous(-ly), honourable
G1742	ἔνδυμα	éndyma	from G1746 (ἐνδύω);	apparel (especially the outer robe)	clothing, garment, raiment
G1743	ἐνδυναμόω	endynamóō	from G1722 (ἐν) and G1412 (δυναμόω);	to empower	enable, (increase in) strength(-en), be (make) strong
G1744	ἐνδύνω	endýnō	from G1772 (ἔννομος) and G1416 (δύνω);	to sink (by implication, wrap (compare G1746 (ἐνδύω)) on, i.e. (figuratively) sneak	creep
G1745	ἔνδυσις	éndysis	from G1746 (ἐνδύω);	investment with clothing	putting on
G1746	ἐνδύω	endýō	from G1722 (ἐν) and G1416 (δύνω) (in the sense of sinking into a garment);	to invest with clothing (literally or figuratively)	array, clothe (with), endue, have (put) on
G1747	ἐνέδρα	enédra	feminine from G1722 (ἐν) and the base of G1476 (ἑδραῖος);	an ambuscade, i.e. (figuratively) murderous purpose	lay wait
G1748	ἐνεδρεύω	enedreúō	from G1747 (ἐνέδρα);	to lurk, i.e. (figuratively) plot assassination	lay wait for
G1749	ἔνεδρον	énedron	neuter of the same as G1747 (ἐνέδρα);	an ambush, i.e. (figuratively) murderous design	lying in wait
G1750	ἐνειλέω	eneiléō	from G1772 (ἔννομος) and the base of G1507 (εἱλίσσω);	to enwrap	wrap in
G1751	ἔνειμι	éneimi	from G1772 (ἔννομος) and G1510 (εἰμί);	to be within (neuter participle plural)	such things as … have
G1752	ἕνεκα	héneka	of uncertain affinity;	on account of	because, for (cause, sake), (where-)fore, by reason of, that
G1753	ἐνέργεια	enérgeia	from G1756 (ἐνεργής);	efficiency ("energy")	operation, strong, (effectual) working
G1754	ἐνεργέω	energéō	from G1756 (ἐνεργής);	to be active, efficient	do, (be) effectual (fervent), be mighty in, shew forth self, work (effectually in)
G1755	ἐνέργημα	enérgēma	from G1754 (ἐνεργέω);	an effect	operation, working
G1756	ἐνεργής	energḗs	from G1722 (ἐν) and G2041 (ἔργον);	active, operative	effectual, powerful
G1757	ἐνευλογέω	eneulogéō	from G1722 (ἐν) and G2127 (εὐλογέω);	to confer a benefit on	bless
G1758	ἐνέχω	enéchō	from G1722 (ἐν) and G2192 (ἔχω);	to hold in or upon, i.e. ensnare; by implication, to keep a grudge	entangle with, have a quarrel against, urge
G1759	ἐνθάδε	entháde	from a prolonged form of G1722 (ἐν);	properly, within, i.e. (of place) here, hither	(t-)here, hither
G1760	ἐνθυμέομαι	enthyméomai	from a compound of G1722 (ἐν) and G2372 (θυμός);	to be inspirited, i.e. ponder	think
G1761	ἐνθύμησις	enthýmēsis	from G1760 (ἐνθυμέομαι);	deliberation	device, thought
G1762	ἔνι	éni	contraction for the third person singular present indicative of G1751 (ἔνειμι);	impersonally, there is in or among	be, (there) is
G1763	ἐνιαυτός	eniautós	prolongation from a primary (a year);	a year	year
G1764	ἐνίστημι	enístēmi	from G1722 (ἐν) and G2476 (ἵστημι);	to place on hand, i.e. (reflexively) impend, (participle) be instant	come, be at hand, present
G1765	ἐνισχύω	enischýō	from G1722 (ἐν) and G2480 (ἰσχύω);	to invigorate (transitively or reflexively)	strengthen
G1766	ἔννατος	énnatos	ordinal from G1767 (ἐννέα);	ninth	ninth
G1767	ἐννέα	ennéa	a primary number;	nine	nine
G1768	ἐννενηκονταεννέα	ennenēkontaennéa	from a (tenth) multiple of G1767 (ἐννέα) and G1767 (ἐννέα) itself;	ninety-nine	ninety and nine
G1769	ἐννεός	enneós	from G1770 (ἐννεύω);	dumb (as making signs), i.e. silent from astonishment	speechless
G1770	ἐννεύω	enneúō	from G1722 (ἐν) and G3506 (νεύω);	to nod at, i.e. beckon or communicate by gesture	make signs
G1771	ἔννοια	énnoia	from a compound of G1722 (ἐν) and G3563 (νοῦς);	thoughtfulness, i.e. moral understanding	intent, mind
G1772	ἔννομος	énnomos	from G1722 (ἐν) and G3551 (νόμος);	(subjectively) legal, or (objectively) subject to	lawful, under law
G1773	ἔννυχον	énnychon	neuter of a compound of G1722 (ἐν) and G3571 (νύξ);	(adverbially) by night	before day
G1774	ἐνοικέω	enoikéō	from G1722 (ἐν) and G3611 (οἰκέω);	to inhabit (figuratively)	dwell in
G1775	ἑνότης	henótēs	from G1520 (εἷς);	oneness, i.e. (figuratively) unanimity	unity
G1776	ἐνοχλέω	enochléō	from G1722 (ἐν) and G3791 (ὀχλέω);	to crowd in, i.e. (figuratively) to annoy	trouble
G1777	ἔνοχος	énochos	from G1758 (ἐνέχω);	liable to (a condition, penalty or imputation)	in danger of, guilty of, subject to
G1778	ἔνταλμα	éntalma	from G1781 (ἐντέλλομαι);	an injunction, i.e. religious precept	commandment
G1779	ἐνταφιάζω	entaphiázō	from a compound of G1722 (ἐν) and G5028 (τάφος);	to inswathe with cerements for interment	bury
G1780	ἐνταφιασμός	entaphiasmós	from G1779 (ἐνταφιάζω);	preparation for interment	burying
G1781	ἐντέλλομαι	entéllomai	from G1722 (ἐν) and the base of G5056 (τέλος);	to enjoin	(give) charge, (give) command(-ments), injoin
G1782	ἐντεῦθεν	enteûthen	from the same as G1759 (ἐνθάδε);	hence (literally or figuratively); (repeated) on both sides	(from) hence, on either side
G1783	ἔντευξις	énteuxis	from G1793 (ἐντυγχάνω);	an interview, i.e. (specially) supplication	intercession, prayer
G1784	ἔντιμος	éntimos	from G1722 (ἐν) and G5092 (τιμή);	valued (figuratively)	dear, more honourable, precious, in reputation
G1785	ἐντολή	entolḗ	from G1781 (ἐντέλλομαι);	injunction, i.e. an authoritative prescription	commandment, precept
G1786	ἐντόπιος	entópios	from G1722 (ἐν) and G5117 (τόπος);	a resident	of that place
G1787	ἐντός	entós	from G1722 (ἐν);	inside (adverb or noun)	within
G1788	ἐντρέπω	entrépō	from G1722 (ἐν) and the base of G5157 (τροπή);	to invert, i.e. (figuratively and reflexively) in a good sense, to respect; or in a bad one, to confound	regard, (give) reference, shame
G1789	ἐντρέφω	entréphō	from G1722 (ἐν) and G5142 (τρέφω);	(figuratively) to educate	nourish up in
G1790	ἔντρομος	éntromos	from G1722 (ἐν) and G5156 (τρόμος);	terrified	X quake, X trembled
G1791	ἐντροπή	entropḗ	from G1788 (ἐντρέπω);	confusion	shame
G1792	ἐντρυφάω	entrypháō	from G1722 (ἐν) and G5171 (τρυφάω);	to revel in	sporting selves
G1793	ἐντυγχάνω	entynchánō	from G1722 (ἐν) and G5177 (τυγχάνω);	to chance upon, i.e. (by implication) confer with; by extension to entreat (in favor or against)	deal with, make intercession
G1794	ἐντυλίσσω	entylíssō	from G1722 (ἐν) and (to twist;	probably akin to G1507 (εἱλίσσω)); to entwine, i.e. wind up in	wrap in (together)
G1795	ἐντυπόω	entypóō	from G1722 (ἐν) and a derivative of G5179 (τύπος);	to enstamp, i.e. engrave	engrave
G1796	ἐνυβρίζω	enybrízō	from G1722 (ἐν) and G5195 (ὑβρίζω);	to insult	do despite unto
G1797	ἐνυπνιάζομαι	enypniázomai	middle voice from G1798 (ἐνύπνιον);	to dream	dream(-er)
G1798	ἐνύπνιον	enýpnion	from G1722 (ἐν) and G5258 (ὕπνος);	something seen in sleep, i.e. a dream (vision in a dream)	dream
G1799	ἐνώπιον	enṓpion	neuter of a compound of G1722 (ἐν) and a derivative of G3700 (ὀπτάνομαι);	in the face of (literally or figuratively)	before, in the presence (sight) of, to
G1800	Ἐνώς	Enṓs	of Hebrew origin (H0583);	Enos (i.e. Enosh), a patriarch	Enos
G1801	ἐνωτίζομαι	enōtízomai	middle voice from a compound of G1722 (ἐν) and G3775 (οὖς);	to take in one's ear, i.e. to listen	hearken
G1802	Ἐνώχ	Enṓch	of Hebrew origin (H02585);	Enoch (i.e. Chanok), an antediluvian	Enoch
G1803	ἕξ	héx	a primary numeral;	six	six
G1804	ἐξαγγέλλω	exangéllō	from G1537 (ἐκ) and the base of G32 (ἄγγελος);	to publish, i.e. celebrate	shew forth
G1805	ἐξαγοράζω	exagorázō	from G1537 (ἐκ) and G59 (ἀγοράζω);	to buy up, i.e. ransom; figuratively, to rescue from loss (improve opportunity)	redeem
G1806	ἐξάγω	exágō	from G1537 (ἐκ) and G71 (ἄγω);	to lead forth	bring forth (out), fetch (lead) out
G1807	ἐξαιρέω	exairéō	from G1537 (ἐκ) and G138 (αἱρέομαι);	actively, to tear out; middle voice, to select; figuratively, to release	deliver, pluck out, rescue
G1808	ἐξαίρω	exaírō	from G1537 (ἐκ) and G142 (αἴρω);	to remove	put (take) away
G1809	ἐξαιτέομαι	exaitéomai	middle voice from G1537 (ἐκ) and G154 (αἰτέω);	to demand (for trial)	desire
G1810	ἐξαίφνης	exaíphnēs	from G1537 (ἐκ) and the base of G160 (αἰφνίδιος);	of a sudden (unexpectedly)	suddenly
G1811	ἐξακολουθέω	exakolouthéō	from G1537 (ἐκ) and G190 (ἀκολουθέω);	to follow out, i.e. (figuratively) to imitate, obey, yield to	follow
G1812	ἑξακόσιοι	hexakósioi	plural ordinal from G1803 (ἕξ) and G1540 (ἑκατόν);	six hundred	six hundred
G1813	ἐξαλείφω	exaleíphō	from G1537 (ἐκ) and G218 (ἀλείφω);	to smear out, i.e. obliterate (erase tears, figuratively, pardon sin)	blot out, wipe away
G1814	ἐξάλλομαι	exállomai	from G1537 (ἐκ) and G242 (ἅλλομαι);	to spring forth	leap up
G1815	ἐξανάστασις	exanástasis	from G1817 (ἐξανίστημι);	a rising from death	resurrection
G1816	ἐξανατέλλω	exanatéllō	from G1537 (ἐκ) and G393 (ἀνατέλλω);	to start up out of the ground, i.e. germinate	spring up
G1817	ἐξανίστημι	exanístēmi	from G1537 (ἐκ) and G450 (ἀνίστημι);	objectively, to produce, i.e. (figuratively) beget; subjectively, to arise, i.e. (figuratively) object	raise (rise) up
G1818	ἐξαπατάω	exapatáō	from G1537 (ἐκ) and G538 (ἀπατάω);	to seduce wholly	beguile, deceive
G1819	ἐξάπινα	exápina	from G1537 (ἐκ) and a derivative of the same as G160 (αἰφνίδιος);	of a sudden, i.e. unexpectedly	suddenly
G1820	ἐξαπορέομαι	exaporéomai	middle voice from G1537 (ἐκ) and G639 (ἀπορέω);	to be utterly at a loss, i.e. despond	(in) despair
G1821	ἐξαποστέλλω	exapostéllō	from G1537 (ἐκ) and G649 (ἀποστέλλω);	to send away forth, i.e. (on a mission) to despatch, or (peremptorily) to dismiss	send (away, forth, out)
G1822	ἐξαρτίζω	exartízō	from G1537 (ἐκ) and a derivative of G739 (ἄρτιος);	to finish out (time); figuratively, to equip fully (a teacher)	accomplish, thoroughly furnish
G1823	ἐξαστράπτω	exastráptō	from G1537 (ἐκ) and G797 (ἀστράπτω);	to lighten forth, i.e. (figuratively) to be radiant (of very white garments)	glistening
G1824	ἐξαυτῆς	exautēs	from G1537 (ἐκ) and the genitive case singular feminine of G846 (αὐτός) (G5610 (ὥρα) being understood);	from that hour, i.e. instantly	by and by, immediately, presently, straightway
G1825	ἐξεγείρω	exegeírō	from G1537 (ἐκ) and G1453 (ἐγείρω);	to rouse fully, i.e. (figuratively) to resuscitate (from death), release (from infliction)	raise up
G1826	ἔξειμι	éxeimi	from G1537 (ἐκ) and (to go);	to issue, i.e. leave (a place), escape (to the shore)	depart, get (to land), go out
G1827	ἐξελέγχω	exelénchō	from G1537 (ἐκ) and G1651 (ἐλέγχω);	to convict fully, i.e. (by implication) to punish	convince
G1828	ἐξέλκω	exélkō	from G1537 (ἐκ) and G1670 (ἑλκύω);	to drag forth, i.e. (figuratively) to entice (to sin)	draw away
G1829	ἐξέραμα	exérama	from a comparative of G1537 (ἐκ) and a presumed (to spue);	vomit, i.e. food disgorged	vomit
G1830	ἐξερευνάω	exereunáō	from G1537 (ἐκ) and G2045 (ἐρευνάω);	to explore (figuratively)	search diligently
G1831	ἐξέρχομαι	exérchomai	from G1537 (ἐκ) and G2064 (ἔρχομαι);	to issue (literally or figuratively)	come (forth, out), depart (out of), escape, get out, go (abroad, away, forth, out, thence), proceed (forth), spread abroad
G1832	ἔξεστι	éxesti	third person singular present indicative of a compound of G1537 (ἐκ) and G1510 (εἰμί);	so also neuter present participle of the same (with or without some form of G1510 (εἰμί) expressed); impersonally, it is right (through the figurative idea of being out in public)	be lawful, let, X may(-est)
G1833	ἐξετάζω	exetázō	from G1537 (ἐκ) and (to examine);	to test thoroughly (by questions), i.e. ascertain or interrogate	ask, enquire, search
G1834	ἐξηγέομαι	exēgéomai	from G1537 (ἐκ) and G2233 (ἡγέομαι);	to consider out (aloud), i.e. rehearse, unfold	declare, tell
G1835	ἑξήκοντα	hexḗkonta	the tenth multiple of G1803 (ἕξ);	sixty	sixty(-fold), threescore
G1836	ἑξῆς	hexēs	from G2192 (ἔχω) (in the sense of taking hold of, i.e. adjoining);	successive	after, following, X morrow, next
G1837	ἐξηχέομαι	exēchéomai	middle voice from G1537 (ἐκ) and G2278 (ἠχέω);	to "echo" forth, i.e. resound (be generally reported)	sound forth
G1838	ἕξις	héxis	from G2192 (ἔχω);	habit, i.e. (by implication) practice	use
G1839	ἐξίστημι	exístēmi	from G1537 (ἐκ) and G2476 (ἵστημι);	to put (stand) out of wits, i.e. astound, or (reflexively) become astounded, insane	amaze, be (make) astonished, be beside self (selves), bewitch, wonder
G1840	ἐξισχύω	exischýō	from G1537 (ἐκ) and G2480 (ἰσχύω);	to have full strength, i.e. be entirely competent	be able
G1841	ἔξοδος	éxodos	from G1537 (ἐκ) and G3598 (ὁδός);	an exit, i.e. (figuratively) death	decease, departing
G1842	ἐξολοθρεύω	exolothreúō	from G1537 (ἐκ) and G3645 (ὀλοθρεύω);	to extirpate	destroy
G1843	ἐξομολογέω	exomologéō	from G1537 (ἐκ) and G3670 (ὁμολογέω);	to acknowledge or (by implication, of assent) agree fully	confess, profess, promise
G1844	ἐξορκίζω	exorkízō	from G1537 (ἐκ) and G3726 (ὁρκίζω);	to exact an oath, i.e. conjure	adjure
G1845	ἐξορκιστής	exorkistḗs	from G1844 (ἐξορκίζω);	one that binds by an oath (or spell), i.e. (by implication) an "exorcist" (conjurer)	exorcist
G1846	ἐξορύσσω	exorýssō	from G1537 (ἐκ) and G3736 (ὀρύσσω);	to dig out, i.e. (by extension) to extract (an eye), remove (roofing)	break up, pluck out
G1847	ἐξουδενόω	exoudenóō	from G1537 (ἐκ) and a derivative of the neuter of G3762 (οὐδείς);	to make utterly nothing of, i.e. despise	set at nought
G1848	ἐξουθενέω	exouthenéō	a variation of G1847 (ἐξουδενόω) and meaning the same		contemptible, despise, least esteemed, set at nought
G1849	ἐξουσία	exousía	from G1832 (ἔξεστι) (in the sense of ability);	privilege, i.e. (subjectively) force, capacity, competency, freedom, or (objectively) mastery (concretely, magistrate, superhuman, potentate, token of control), delegated influence	authority, jurisdiction, liberty, power, right, strength
G1850	ἐξουσιάζω	exousiázō	from G1849 (ἐξουσία);	to control	exercise authority upon, bring under the (have) power of
G1851	ἐξοχή	exochḗ	from a compound of G1537 (ἐκ) and G2192 (ἔχω) (meaning to stand out);	prominence (figuratively)	principal
G1852	ἐξυπνίζω	exypnízō	from G1853 (ἔξυπνος);	to waken	awake out of sleep
G1853	ἔξυπνος	éxypnos	from G1537 (ἐκ) and G5258 (ὕπνος);	awake	X out of sleep
G1854	ἔξω	éxō	adverb from G1537 (ἐκ);	out(-side, of doors), literally or figuratively	away, forth, (with-)out (of, -ward), strange
G1855	ἔξωθεν	éxōthen	from G1854 (ἔξω);	external(-ly)	out(-side, -ward, - wardly), (from) without
G1856	ἐξωθέω	exōthéō	from G1537 (ἐκ) and (to push);	to expel; by implication, to propel	drive out, thrust in
G1857	ἐξώτερος	exṓteros	comparative of G1854 (ἔξω);	exterior	outer
G1858	ἑορτάζω	heortázō	from G1859 (ἑορτή);	to observe a festival	keep the feast
G1859	ἑορτή	heortḗ	of uncertain affinity;	a festival	feast, holyday
G1860	ἐπαγγελία	epangelía	from G1861 (ἐπαγγέλλω);	an announcement (for information, assent or pledge; especially a divine assurance of good)	message, promise
G1861	ἐπαγγέλλω	epangéllō	from G1909 (ἐπί) and the base of G32 (ἄγγελος);	to announce upon (reflexively), i.e. (by implication) to engage to do something, to assert something respecting oneself	profess, (make) promise
G1862	ἐπάγγελμα	epángelma	from G1861 (ἐπαγγέλλω);	a self-committal (by assurance of conferring some good)	promise
G1863	ἐπάγω	epágō	from G1909 (ἐπί) and G71 (ἄγω);	to superinduce, i.e. inflict (an evil), charge (a crime)	bring upon
G1864	ἐπαγωνίζομαι	epagōnízomai	from G1909 (ἐπί) and G75 (ἀγωνίζομαι);	to struggle for	earnestly contend for
G1865	ἐπαθροίζω	epathroízō	from G1909 (ἐπί) and (to assemble);	to accumulate	gather thick together
G1866	Ἐπαίνετος	Epaínetos	from G1867 (ἐπαινέω);	praised; Epænetus, a Christian	Epenetus
G1867	ἐπαινέω	epainéō	from G1909 (ἐπί) and G134 (αἰνέω);	to applaud	commend, laud, praise
G1868	ἔπαινος	épainos	from G1909 (ἐπί) and the base of G134 (αἰνέω);	laudation; concretely, a commendable thing	praise
G1869	ἐπαίρω	epaírō	from G1909 (ἐπί) and G142 (αἴρω);	to raise up (literally or figuratively)	exalt self, poise (lift, take) up
G1870	ἐπαισχύνομαι	epaischýnomai	from G1909 (ἐπί) and G153 (αἰσχύνομαι);	to feel shame for something	be ashamed
G1871	ἐπαιτέω	epaitéō	from G1909 (ἐπί) and G154 (αἰτέω);	to ask for	beg
G1872	ἐπακολουθέω	epakolouthéō	from G1909 (ἐπί) and G190 (ἀκολουθέω);	to accompany	follow (after)
G1873	ἐπακούω	epakoúō	from G1909 (ἐπί) and G191 (ἀκούω);	to hearken (favorably) to	hear
G1874	ἐπακροάομαι	epakroáomai	from G1909 (ἐπί) and the base of G202 (ἀκροατής);	to listen (intently) to	hear
G1875	ἐπάν	epán	from G1909 (ἐπί) and G302 (ἄν);	a particle of indefinite contemporaneousness; whenever, as soon as	when
G1876	ἐπάναγκες	epánankes	neuter of a presumed compound of G1909 (ἐπί) and G318 (ἀνάγκη);	(adverbially) on necessity, i.e. necessarily	necessary
G1877	ἐπανάγω	epanágō	from G1909 (ἐπί) and G321 (ἀνάγω);	to lead up on, i.e. (technical) to put out (to sea); (intransitively) to return	launch (thrust) out, return
G1878	ἐπαναμιμνήσκω	epanamimnḗskō	from G1909 (ἐπί) and G363 (ἀναμιμνήσκω);	to remind of	put in mind
G1879	ἐπαναπαύομαι	epanapaúomai	middle voice from G1909 (ἐπί) and G373 (ἀναπαύω);	to settle on; literally (remain) or figuratively (rely)	rest in (upon)
G1880	ἐπανέρχομαι	epanérchomai	from G1909 (ἐπί) and G424 (ἀνέρχομαι);	to come up on, i.e. return	come again, return
G1881	ἐπανίσταμαι	epanístamai	middle voice from G1909 (ἐπί) and G450 (ἀνίστημι);	to stand up on, i.e. (figuratively) to attack	rise up against
G1882	ἐπανόρθωσις	epanórthōsis	from a compound of G1909 (ἐπί) and G461 (ἀνορθόω);	a straightening up again, i.e. (figuratively) rectification (reformation)	correction
G1883	ἐπάνω	epánō	from G1909 (ἐπί) and G507 (ἄνω);	up above, i.e. over or on (of place, amount, rank, etc.)	above, more than, (up-)on, over
G1884	ἐπαρκέω	eparkéō	from G1909 (ἐπί) and G714 (ἀρκέω);	to avail for, i.e. help	relieve
G1885	ἐπαρχία	eparchía	from a compound of G1909 (ἐπί) and G757 (ἄρχω) (meaning a governor of a district, "eparch");	a special region of government, i.e. a Roman præfecture	province
G1886	ἔπαυλις	épaulis	from G1909 (ἐπί) and an equivalent of G833 (αὐλή);	a hut over the head, i.e. a dwelling	habitation
G1887	ἐπαύριον	epaúrion	from G1909 (ἐπί) and G839 (αὔριον);	occurring on the succeeding day, i.e. (G2250 (ἡμέρα) being implied) to-morrow	day following, morrow, next day (after)
G1888	ἐπαυτοφώρῳ	epautophṓrōi	from G1909 (ἐπί) and G846 (αὐτός) and (the dative case singular of) a derivative of (a thief);	in theft itself, i.e. (by analogy) in actual crime	in the very act
G1889	Ἐπαφρᾶς	Epaphrâs	contracted from G1891 (Ἐπαφρόδιτος);	Epaphras, a Christian	Epaphras
G1890	ἐπαφρίζω	epaphrízō	from G1909 (ἐπί) and G875 (ἀφρίζω);	to foam upon, i.e. (figuratively) to exhibit (a vile passion)	foam out
G1891	Ἐπαφρόδιτος	Epaphróditos	from G1909 (ἐπί) (in the sense of devoted to) and (Venus);	Epaphroditus, a Christian	Epaphroditus
G1892	ἐπεγείρω	epegeírō	from G1909 (ἐπί) and G1453 (ἐγείρω);	to rouse upon, i.e. (figuratively) to excite against	raise, stir up
G1893	ἐπεί	epeí	from G1909 (ἐπί) and G1487 (εἰ);	thereupon, i.e. since (of time or cause)	because, else, for that (then, -asmuch as), otherwise, seeing that, since, when
G1894	ἐπειδή	epeidḗ	from G1893 (ἐπεί) and G1211 (δή);	since now, i.e. (of time) when, or (of cause) whereas	after that, because, for (that, -asmuch as), seeing, since
G1895	ἐπειδήπερ	epeidḗper	from G1894 (ἐπειδή) and G4007 (περ);	since indeed (of cause)	forasmuch
G1896	ἐπεῖδον	epeîdon	and other moods and persons of the same tense; from G1909 (ἐπί) and G1492 (εἴδω);	to regard (favorably or otherwise)	behold, look upon
G1897	ἐπείπερ	epeíper	from G1893 (ἐπεί) and G4007 (περ);	since indeed (of cause)	seeing
G1898	ἐπεισαγωγή	epeisagōgḗ	from a compound of G1909 (ἐπί) and G1521 (εἰσάγω);	a superintroduction	bringing in
G1899	ἔπειτα	épeita	from G1909 (ἐπί) and G1534 (εἶτα);	thereafter	after that(-ward), then
G1900	ἐπέκεινα	epékeina	from G1909 (ἐπί) and (the accusative case plural neuter of) G1565 (ἐκεῖνος);	upon those parts of, i.e. on the further side of	beyond
G1901	ἐπεκτείνομαι	epekteínomai	middle voice from G1909 (ἐπί) and G1614 (ἐκτείνω);	to stretch (oneself) forward upon	reach forth
G1902	ἐπενδύομαι	ependýomai	middle voice from G1909 (ἐπί) and G1746 (ἐνδύω);	to invest upon oneself	be clothed upon
G1903	ἐπενδύτης	ependýtēs	from G1902 (ἐπενδύομαι);	a wrapper, i.e. outer garment	fisher's coat
G1904	ἐπέρχομαι	epérchomai	from G1909 (ἐπί) and G2064 (ἔρχομαι);	to supervene, i.e. arrive, occur, impend, attack, (figuratively) influence	come (in, upon)
G1905	ἐπερωτάω	eperōtáō	from G1909 (ἐπί) and G2065 (ἐρωτάω);	to ask for, i.e. inquire, seek	ask (after, questions), demand, desire, question
G1906	ἐπερώτημα	eperṓtēma	from G1905 (ἐπερωτάω);	an inquiry	answer
G1907	ἐπέχω	epéchō	from G1909 (ἐπί) and G2192 (ἔχω);	to hold upon, i.e. (by implication) to retain; (by extension) to detain; (with implication, of G3563 (νοῦς)) to pay attention to	give (take) heed unto, hold forth, mark, stay
G1908	ἐπηρεάζω	epēreázō	from a comparative of G1909 (ἐπί) and (probably) (threats);	to insult, slander	use despitefully, falsely accuse
G1909	ἐπί	epí	a primary preposition;	properly, meaning superimposition (of time, place, order, etc.), as a relation of distribution (with the genitive case), i.e. over, upon, etc.; of rest (with the dative case) at, on, etc.; of direction (with the accusative case) towards, upon, etc.	about (the times), above, after, against, among, as long as (touching), at, beside, X have charge of, (be-, (where-))fore, in (a place, as much as, the time of, -to), (because) of, (up-)on (behalf of), over, (by, for) the space of, through(-out), (un-)to(-ward), with
G1910	ἐπιβαίνω	epibaínō	from G1909 (ἐπί) and the base of G939 (βάσις);	to walk upon, i.e. mount, ascend, embark, arrive	come (into), enter into, go abroad, sit upon, take ship
G1911	ἐπιβάλλω	epibállō	from G1909 (ἐπί) and G906 (βάλλω);	to throw upon (literal or figurative, transitive or reflexive; usually with more or less force); specially (with G1438 (ἑαυτοῦ) implied) to reflect; impersonally, to belong to	beat into, cast (up-)on, fall, lay (on), put (unto), stretch forth, think on
G1912	ἐπιβαρέω	epibaréō	from G1909 (ἐπί) and G916 (βαρέω);	to be heavy upon, i.e. (pecuniarily) to be expensive to; figuratively, to be severe towards	be chargeable to, overcharge
G1913	ἐπιβιβάζω	epibibázō	from G1909 (ἐπί) and a reduplicated derivative of the base of G939 (βάσις) (compare G307 (ἀναβιβάζω));	to cause to mount (an animal)	set on
G1914	ἐπιβλέπω	epiblépō	from G1909 (ἐπί) and G991 (βλέπω);	to gaze at (with favor, pity or partiality)	look upon, regard, have respect to
G1915	ἐπίβλημα	epíblēma	from G1911 (ἐπιβάλλω);	a patch	piece
G1916	ἐπιβοάω	epiboáō	from G1909 (ἐπί) and G994 (βοάω);	to exclaim against	cry
G1917	ἐπιβουλή	epiboulḗ	from a presumed compound of G1909 (ἐπί) and G1014 (βούλομαι);	a plan against someone, i.e. a plot	laying (lying) in wait
G1918	ἐπιγαμβρεύω	epigambreúō	from G1909 (ἐπί) and a derivative of G1062 (γάμος);	to form affinity with, i.e. (specially) in a levirate way	marry
G1919	ἐπίγειος	epígeios	from G1909 (ἐπί) and G1093 (γῆ);	worldly (physically or morally)	earthly, in earth, terrestrial
G1920	ἐπιγίνομαι	epigínomai	from G1909 (ἐπί) and G1096 (γίνομαι);	to arrive upon, i.e. spring up (as a wind)	blow
G1921	ἐπιγινώσκω	epiginṓskō	from G1909 (ἐπί) and G1097 (γινώσκω);	to know upon some mark, i.e. recognize; by implication, to become fully acquainted with, to acknowledge	(ac-, have, take)know(-ledge, well), perceive
G1922	ἐπίγνωσις	epígnōsis	from G1921 (ἐπιγινώσκω);	recognition, i.e. (by implication) full discernment, acknowledgement	(ac-)knowledge(-ing, - ment)
G1923	ἐπιγραφή	epigraphḗ	from G1924 (ἐπιγράφω);	an inscription	superscription
G1924	ἐπιγράφω	epigráphō	from G1909 (ἐπί) and G1125 (γράφω);	to inscribe (physically or mentally)	inscription, write in (over, thereon)
G1925	ἐπιδείκνυμι	epideíknymi	from G1909 (ἐπί) and G1166 (δεικνύω);	to exhibit (physically or mentally)	shew
G1926	ἐπιδέχομαι	epidéchomai	from G1909 (ἐπί) and G1209 (δέχομαι);	to admit (as a guest or (figuratively) teacher)	receive
G1927	ἐπιδημέω	epidēméō	from a compound of G1909 (ἐπί) and G1218 (δῆμος);	to make oneself at home, i.e. (by extension) to reside (in a foreign country)	(be) dwelling (which were) there, stranger
G1928	ἐπιδιατάσσομαι	epidiatássomai	middle voice from G1909 (ἐπί) and G1299 (διατάσσω);	to appoint besides, i.e. supplement (as a codicil)	add to
G1929	ἐπιδίδωμι	epidídōmi	from G1909 (ἐπί) and G1325 (δίδωμι);	to give over (by hand or surrender)	deliver unto, give, let (+ (her drive)), offer
G1930	ἐπιδιορθόω	epidiorthóō	from G1909 (ἐπί) and a derivative of G3717 (ὀρθός);	to straighten further, i.e. (figuratively) arrange additionally	set in order
G1931	ἐπιδύω	epidýō	from G1909 (ἐπί) and G1416 (δύνω);	to set fully (as the sun)	go down
G1932	ἐπιείκεια	epieíkeia	from G1933 (ἐπιεικής);	suitableness, i.e. (by implication) equity, mildness	clemency, gentleness
G1933	ἐπιεικής	epieikḗs	from G1909 (ἐπί) and G1503 (εἴκω);	appropriate, i.e. (by implication) mild	gentle, moderation, patient
G1934	ἐπιζητέω	epizētéō	from G1909 (ἐπί) and G2212 (ζητέω);	to search (inquire) for; intensively, to demand, to crave	desire, enquire, seek (after, for)
G1935	ἐπιθανάτιος	epithanátios	from G1909 (ἐπί) and G2288 (θάνατος);	doomed to death	appointed to death
G1936	ἐπίθεσις	epíthesis	from G2007 (ἐπιτίθημι);	an imposition (of hands officially)	laying (putting) on
G1937	ἐπιθυμέω	epithyméō	from G1909 (ἐπί) and G2372 (θυμός);	to set the heart upon, i.e. long for (rightfully or otherwise)	covet, desire, would fain, lust (after)
G1938	ἐπιθυμητής	epithymētḗs	from G1937 (ἐπιθυμέω);	a craver	+ lust after
G1939	ἐπιθυμία	epithymía	from G1937 (ἐπιθυμέω);	a longing (especially for what is forbidden)	concupiscence, desire, lust (after)
G1940	ἐπικαθίζω	epikathízō	from G1909 (ἐπί) and G2523 (καθίζω);	to seat upon	set on
G1941	ἐπικαλέομαι	epikaléomai	middle voice from G1909 (ἐπί) and G2564 (καλέω);	to entitle; by implication, to invoke (for aid, worship, testimony, decision, etc.)	appeal (unto), call (on, upon), surname
G1942	ἐπικάλυμα	epikályma	from G1943 (ἐπικαλύπτω);	a covering, i.e. (figuratively) pretext	cloke
G1943	ἐπικαλύπτω	epikalýptō	from G1909 (ἐπί) and G2572 (καλύπτω);	to conceal, i.e. (figuratively) forgive	cover
G1944	ἐπικατάρατος	epikatáratos	from G1909 (ἐπί) and a derivative of G2672 (καταράομαι);	imprecated, i.e. execrable	accursed
G1945	ἐπίκειμαι	epíkeimai	from G1909 (ἐπί) and G2749 (κεῖμαι);	to rest upon (literally or figuratively)	impose, be instant, (be) laid (there-, up-)on, (when) lay (on), lie (on), press upon
G1946	Ἐπικούρειος	Epikoúreios	from (compare G1947 (ἐπικουρία)) (a noted philosopher);	an Epicurean or follower of Epicurus	Epicurean
G1947	ἐπικουρία	epikouría	from a compound of G1909 (ἐπί) and a (prolonged) form of the base of G2877 (κοράσιον) (in the sense of servant);	assistance	help
G1948	ἐπικρίνω	epikrínō	from G1909 (ἐπί) and G2919 (κρίνω);	to adjudge	give sentence
G1949	ἐπιλαμβάνομαι	epilambánomai	middle voice from G1909 (ἐπί) and G2983 (λαμβάνω);	to seize (for help, injury, attainment, or any other purpose; literally or figuratively)	catch, lay hold (up-)on, take (by, hold of, on)
G1950	ἐπιλανθάνομαι	epilanthánomai	middle voice from G1909 (ἐπί) and G2990 (λανθάνω);	to lose out of mind; by implication, to neglect	(be) forget(-ful of)
G1951	ἐπιλέγομαι	epilégomai	middle voice from G1909 (ἐπί) and G3004 (λέγω);	to surname, select	call, choose
G1952	ἐπιλείπω	epileípō	from G1909 (ἐπί) and G3007 (λείπω);	to leave upon, i.e. (figuratively) to be insufficient for	fail
G1953	ἐπιλησμονή	epilēsmonḗ	from a derivative of G1950 (ἐπιλανθάνομαι);	negligence	X forgetful
G1954	ἐπίλοιπος	epíloipos	from G1909 (ἐπί) and G3062 (λοιποί);	left over, i.e. remaining	rest
G1955	ἐπίλυσις	epílysis	from G1956 (ἐπιλύω);	explanation, i.e. application	interpretation
G1956	ἐπιλύω	epilýō	from G1909 (ἐπί) and G3089 (λύω);	to solve further, i.e. (figuratively) to explain, decide	determine, expound
G1957	ἐπιμαρτυρέω	epimartyréō	from G1909 (ἐπί) and G3140 (μαρτυρέω);	to attest further, i.e. corroborate	testify
G1958	ἐπιμέλεια	epiméleia	from G1959 (ἐπιμελέομαι);	carefulness, i.e. kind attention (hospitality)	+ refresh self
G1959	ἐπιμελέομαι	epimeléomai	middle voice from G1909 (ἐπί) and the same as G3199 (μέλω);	to care for (physically or otherwise)	take care of
G1960	ἐπιμελῶς	epimelōs	adverb from a derivative of G1959 (ἐπιμελέομαι);	carefully	diligently
G1961	ἐπιμένω	epiménō	from G1909 (ἐπί) and G3306 (μένω);	to stay over, i.e. remain (figuratively, persevere)	abide (in), continue (in), tarry
G1962	ἐπινεύω	epineúō	from G1909 (ἐπί) and G3506 (νεύω);	to nod at, i.e. (by implication) to assent	consent
G1963	ἐπίνοια	epínoia	from G1909 (ἐπί) and G3563 (νοῦς);	attention of the mind, i.e. (by implication) purpose	thought
G1964	ἐπιορκέω	epiorkéō	from G1965 (ἐπίορκος);	to commit perjury	forswear self
G1965	ἐπίορκος	epíorkos	from G1909 (ἐπί) and G3727 (ὅρκος);	on oath, i.e. (falsely) a forswearer	perjured person
G1966	ἐπιοῦσα	epioûsa	feminine singular participle of a comparative of G1909 (ἐπί) and (to go);	supervening, i.e. (G2250 (ἡμέρα) or G3571 (νύξ) being expressed or implied) the ensuing day or night	following, next
G1967	ἐπιούσιος	epioúsios	perhaps from the same as G1966 (ἐπιοῦσα);	tomorrow's; but more probably from G1909 (ἐπί) and a derivative of the present participle feminine of G1510 (εἰμί); for subsistence, i.e. needful	daily
G1968	ἐπιπίπτω	epipíptō	from G1909 (ἐπί) and G4098 (πίπτω);	to embrace (with affection) or seize (with more or less violence; literally or figuratively)	fall into (on, upon) lie on, press upon
G1969	ἐπιπλήσσω	epiplḗssō	from G1909 (ἐπί) and G4141 (πλήσσω);	to chastise, i.e. (with words) to upbraid	rebuke
G1970	ἐπιπνίγω	epipnígō	from G1909 (ἐπί) and G4155 (πνίγω);	to throttle upon, i.e. (figuratively) overgrow	choke
G1971	ἐπιποθέω	epipothéō	from G1909 (ἐπί) and potheo (to yearn);	to dote upon, i.e. intensely crave possession (lawfully or wrongfully)	(earnestly) desire (greatly), (greatly) long (after), lust
G1972	ἐπιπόθησις	epipóthēsis	from G1971 (ἐπιποθέω);	a longing for	earnest (vehement) desire
G1973	ἐπιπόθητος	epipóthētos	from G1909 (ἐπί) and a derivative of the latter part of G1971 (ἐπιποθέω);	yearned upon, i.e. greatly loved	longed for
G1974	ἐπιποθία	epipothía	from G1971 (ἐπιποθέω);	intense longing	great desire
G1975	ἐπιπορεύομαι	epiporeúomai	from G1909 (ἐπί) and G4198 (πορεύομαι);	to journey further, i.e. travel on (reach)	come
G1976	ἐπιῤῥάπτω	epirrháptō	from G1909 (ἐπί) and the base of G4476 (ῥαφίς);	to stitch upon, i.e. fasten with the needle	sew on
G1977	ἐπιῤῥίπτω	epirrhíptō	from G1909 (ἐπί) and G4496 (ῥίπτω);	to throw upon (literally or figuratively)	cast upon
G1978	ἐπίσημος	epísēmos	from G1909 (ἐπί) and some form of the base of G4591 (σημαίνω);	remarkable, i.e. (figuratively) eminent	notable, of note
G1979	ἐπισιτισμός	episitismós	from a compound of G1909 (ἐπί) and a derivative of G4621 (σῖτος);	a provisioning, i.e. (concretely) food	victuals
G1980	ἐπισκέπτομαι	episképtomai	middle voice from G1909 (ἐπί) and the base of G4649 (σκοπός);	to inspect, i.e. (by implication) to select; by extension, to go to see, relieve	look out, visit
G1981	ἐπισκηνόω	episkēnóō	from G1909 (ἐπί) and G4637 (σκηνόω);	to tent upon, i.e. (figuratively) abide with	rest upon
G1982	ἐπισκιάζω	episkiázō	from G1909 (ἐπί) and a derivative of G4639 (σκιά);	to cast a shade upon, i.e. (by analogy) to envelop in a haze of brilliancy; figuratively, to invest with preternatural influence	overshadow
G1983	ἐπισκοπέω	episkopéō	from G1909 (ἐπί) and G4648 (σκοπέω);	to oversee; by implication, to beware	look diligently, take the oversight
G1984	ἐπισκοπή	episkopḗ	from G1980 (ἐπισκέπτομαι);	inspection (for relief); by implication, superintendence; specially, the Christian "episcopate"	the office of a "bishop", bishoprick, visitation
G1985	ἐπίσκοπος	epískopos	from G1909 (ἐπί) and G4649 (σκοπός) (in the sense of G1983 (ἐπισκοπέω));	a superintendent, i.e. Christian officer in genitive case charge of a (or the) church (literally or figuratively)	bishop, overseer
G1986	ἐπισπάομαι	epispáomai	from G1909 (ἐπί) and G4685 (σπάω);	to draw over, i.e. (with G203 (ἀκροβυστία) implied) efface the mark of circumcision (by recovering with the foreskin)	become uncircumcised
G1987	ἐπίσταμαι	epístamai	apparently a middle voice of G2186 (ἐφίστημι) (with G3563 (νοῦς) implied);	to put the mind upon, i.e. comprehend, or be acquainted with	know, understand
G1988	ἐπιστάτης	epistátēs	from G1909 (ἐπί) and a presumed derivative of G2476 (ἵστημι);	an appointee over, i.e. commander (teacher)	master
G1989	ἐπιστέλλω	epistéllō	from G1909 (ἐπί) and G4724 (στέλλω);	to enjoin (by writing), i.e. (genitive case) to communicate by letter (for any purpose)	write (a letter, unto)
G1990	ἐπιστήμων	epistḗmōn	from G1987 (ἐπίσταμαι);	intelligent	endued with knowledge
G1991	ἐπιστηρίζω	epistērízō	from G1909 (ἐπί) and G4741 (στηρίζω);	to support further, i.e. reestablish	confirm, strengthen
G1992	ἐπιστολή	epistolḗ	from G1989 (ἐπιστέλλω);	a written message	"epistle," letter
G1993	ἐπιστομίζω	epistomízō	from G1909 (ἐπί) and G4750 (στόμα);	to put something over the mouth, i.e. (figuratively) to silence	stop mouths
G1994	ἐπιστρέφω	epistréphō	from G1909 (ἐπί) and G4762 (στρέφω);	to revert (literally, figuratively or morally)	come (go) again, convert, (re-)turn (about, again)
G1995	ἐπιστροφή	epistrophḗ	from G1994 (ἐπιστρέφω);	reversion, i.e. morally, revolution	conversion
G1996	ἐπισυνάγω	episynágō	from G1909 (ἐπί) and G4863 (συνάγω);	to collect upon the same place	gather (together)
G1997	ἐπισυναγωγή	episynagōgḗ	from G1996 (ἐπισυνάγω);	a complete collection; especially a Christian meeting (for worship)	assembling (gathering) together
G1998	ἐπισυντρέχω	episyntréchō	from G1909 (ἐπί) and G4936 (συντρέχω);	to hasten together upon one place (or a particular occasion)	come running together
G1999	ἐπισύστασις	episýstasis	from the middle voice of a compound of G1909 (ἐπί) and G4921 (συνιστάω);	a conspiracy, i.e. concourse (riotous or friendly)	that which cometh upon, + raising up
G2000	ἐπισφαλής	episphalḗs	from a compound of G1909 (ἐπί) and (to trip);	figuratively, insecure	dangerous
G2001	ἐπισχύω	epischýō	from G1909 (ἐπί) and G2480 (ἰσχύω);	to avail further, i.e. (figuratively) insist stoutly	be the more fierce
G2002	ἐπισωρεύω	episōreúō	from G1909 (ἐπί) and G4987 (σωρεύω);	to accumulate further, i.e. (figuratively) seek additionally	heap
G2003	ἐπιταγή	epitagḗ	from G2004 (ἐπιτάσσω);	an injunction or decree; by implication, authoritativeness	authority, commandment
G2004	ἐπιτάσσω	epitássō	from G1909 (ἐπί) and G5021 (τάσσω);	to arrange upon, i.e. order	charge, command, injoin
G2005	ἐπιτελέω	epiteléō	from G1909 (ἐπί) and G5055 (τελέω);	to fulfill further (or completely), i.e. execute; by implication, to terminate, undergo	accomplish, do, finish, (make) (perfect), perform(X -ance)
G2006	ἐπιτήδειος	epitḗdeios	from (enough);	serviceable, i.e. (by implication) requisite	things which are needful
G2007	ἐπιτίθημι	epitíthēmi	from G1909 (ἐπί) and G5087 (τίθημι);	to impose (in a friendly or hostile sense)	add unto, lade, lay upon, put (up) on, set on (up), + surname, X wound
G2008	ἐπιτιμάω	epitimáō	from G1909 (ἐπί) and G5091 (τιμάω);	to tax upon, i.e. censure or admonish; by implication, forbid	(straitly) charge, rebuke
G2009	ἐπιτιμία	epitimía	from a compound of G1909 (ἐπί) and G5092 (τιμή);	properly, esteem, i.e. citizenship; used (in the sense of G2008 (ἐπιτιμάω)) of a penalty	punishment
G2010	ἐπιτρέπω	epitrépō	from G1909 (ἐπί) and the base of G5157 (τροπή);	to turn over (transfer), i.e. allow	give leave (liberty, license), let, permit, suffer
G2011	ἐπιτροπή	epitropḗ	from G2010 (ἐπιτρέπω);	permission, i.e. (by implication) full power	commission
G2012	ἐπίτροπος	epítropos	from G1909 (ἐπί) and G5158 (τρόπος) (in the sense of G2011 (ἐπιτροπή));	a commissioner, i.e. domestic manager, guardian	steward, tutor
G2013	ἐπιτυγχάνω	epitynchánō	from G1909 (ἐπί) and G5177 (τυγχάνω);	to chance upon, i.e. (by implication) to attain	obtain
G2014	ἐπιφαίνω	epiphaínō	from G1909 (ἐπί) and G5316 (φαίνω);	to shine upon, i.e. become (literally) visible or (figuratively) known	appear, give light
G2015	ἐπιφάνεια	epipháneia	from G2016 (ἐπιφανής);	a manifestation, i.e. (specially) the advent of Christ (past or future)	appearing, brightness
G2016	ἐπιφανής	epiphanḗs	from G2014 (ἐπιφαίνω);	conspicuous, i.e. (figuratively) memorable	notable
G2017	ἐπιφαύω	epiphaúō	a form of G2014 (ἐπιφαίνω);	to illuminate (figuratively)	give light
G2018	ἐπιφέρω	epiphérō	from G1909 (ἐπί) and G5342 (φέρω);	to bear upon (or further), i.e. adduce (personally or judicially (accuse, inflict)), superinduce	add, bring (against), take
G2019	ἐπιφωνέω	epiphōnéō	from G1909 (ἐπί) and G5455 (φωνέω);	to call at something, i.e. exclaim	cry (against), give a shout
G2020	ἐπιφώσκω	epiphṓskō	a form of G2017 (ἐπιφαύω);	to begin to grow light	begin to dawn, X draw on
G2021	ἐπιχειρέω	epicheiréō	from G1909 (ἐπί) and G5495 (χείρ);	to put the hand upon, i.e. undertake	go about, take in hand (upon)
G2022	ἐπιχέω	epichéō	from G1909 (ἐπί) and (to pour);		--to pour upon:--pour in
G2023	ἐπιχορηγέω	epichorēgéō	from G1909 (ἐπί) and G5524 (χορηγέω);	to furnish besides, i.e. fully supply, (figuratively) aid or contribute	add, minister (nourishment, unto)
G2024	ἐπιχορηγία	epichorēgía	from G2023 (ἐπιχορηγέω);	contribution	supply
G2025	ἐπιχρίω	epichríō	from G1909 (ἐπί) and G5548 (χρίω);	to smear over	anoint
G2026	ἐποικοδομέω	epoikodoméō	from G1909 (ἐπί) and G3618 (οἰκοδομέω);	to build upon, i.e. (figuratively) to rear up	build thereon (thereupon, on, upon)
G2027	ἐποκέλλω	epokéllō	from G1909 (ἐπί) and (to urge);	to drive upon the shore, i.e. to beach a vessel	run aground
G2028	ἐπονομάζω	eponomázō	from G1909 (ἐπί) and G3687 (ὀνομάζω);	to name further, i.e. denominate	call
G2029	ἐποπτεύω	epopteúō	from G1909 (ἐπί) and a derivative of G3700 (ὀπτάνομαι);	to inspect, i.e. watch	behold
G2030	ἐπόπτης	epóptēs	from G1909 (ἐπί) and a presumed derivative of G3700 (ὀπτάνομαι);	a looker-on	eye-witness
G2031	ἔπος	épos	from G2036 (ἔπω);	a word	X say
G2032	ἐπουράνιος	epouránios	from G1909 (ἐπί) and G3772 (οὐρανός);	above the sky	celestial, (in) heaven(-ly), high
G2033	ἑπτά	heptá	a primary number;	seven	seven
G2034	ἑπτάκις	heptákis	adverb from G2033 (ἑπτά);	seven times	seven times
G2035	ἑπτακισχίλιοι	heptakischílioi	from G2034 (ἑπτάκις) and G5507 (χίλιοι);	seven times a thousand	seven thousand
G2036	ἔπω	épō	a primary verb (used only in the definite past tense, the others being borrowed from G2046 (ἐρέω), G4483 (ῥέω), and G5346 (φημί));	to speak or say (by word or writing)	answer, bid, bring word, call, command, grant, say (on), speak, tell
G2037	Ἔραστος	Érastos	from (to love);	beloved; Erastus, a Christian	Erastus
G2038	ἐργάζομαι	ergázomai	middle voice from G2041 (ἔργον);	to toil (as a task, occupation, etc.), (by implication) effect, be engaged in or with, etc.	commit, do, labor for, minister about, trade (by), work
G2039	ἐργασία	ergasía	from G2040 (ἐργάτης);	occupation; by implication, profit, pains	craft, diligence, gain, work
G2040	ἐργάτης	ergátēs	from G2041 (ἔργον);	a toiler; figuratively, a teacher	labourer, worker(-men)
G2041	ἔργον	érgon	from a primary (but obsolete) (to work);	toil (as an effort or occupation); by implication, an act	deed, doing, labour, work
G2042	ἐρεθίζω	erethízō	from a presumed prolonged form of G2054 (ἔρις);	to stimulate (especially to anger)	provoke
G2043	ἐρείδω	ereídō	of obscure affinity;	to prop, i.e. (reflexively) get fast	stick fast
G2044	ἐρεύγομαι	ereúgomai	of uncertain affinity;	to belch, i.e. (figuratively) to speak out	utter
G2045	ἐρευνάω	ereunáō	apparently from G2046 (ἐρέω) (through the idea of inquiry);	to seek, i.e. (figuratively) to investigate	search
G2046	ἐρέω	eréō	probably a fuller form of G4483 (ῥέω);	an alternate for G2036 (ἔπω) in certain tenses; to utter, i.e. speak or say	call, say, speak (of), tell
G2047	ἐρημία	erēmía	from G2048 (ἔρημος);	solitude (concretely)	desert, wilderness
G2048	ἔρημος	érēmos	of uncertain affinity; lonesome, i.e. (by implication) waste (usually as a noun, G5561 (χώρα) being implied)		desert, desolate, solitary, wilderness
G2049	ἐρημόω	erēmóō	from G2048 (ἔρημος);	to lay waste (literally or figuratively)	(bring to, make) desolate(-ion), come to nought
G2050	ἐρήμωσις	erḗmōsis	from G2049 (ἐρημόω);	despoliation	desolation
G2051	ἐρίζω	erízō	from G2054 (ἔρις);	to wrangle	strive
G2052	ἐριθεία	eritheía	perhaps as the same as G2042 (ἐρεθίζω);	properly, intrigue, i.e. (by implication) faction	contention(-ious), strife
G2053	ἔριον	érion	of obscure affinity;	wool	wool
G2054	ἔρις	éris	of uncertain affinity;	a quarrel, i.e. (by implication) wrangling	contention, debate, strife, variance
G2055	ἐρίφιον	eríphion	from G2056 (ἔριφος);	a kidling, i.e. (genitive case) goat (symbolically, wicked person)	goat
G2056	ἔριφος	ériphos	perhaps from the same as G2053 (ἔριον) (through the idea of hairiness);	a kid or (genitive case) goat	goat, kid
G2057	Ἑρμᾶς	Hermâs	probably from G2060 (Ἑρμῆς);	Hermas, a Christian	Hermas
G2058	ἑρμηνεία	hermēneía	from the same as G2059 (ἑρμηνεύω);	translation	interpretation
G2059	ἑρμηνεύω	hermēneúō	from a presumed derivative of G2060 (Ἑρμῆς) (as the god of language);	to translate	interpret
G2060	Ἑρμῆς	Hermēs	perhaps from G2046 (ἐρέω);	Hermes, the name of the messenger of the Greek deities; also of a Christian	Hermes, Mercury
G2061	Ἑρμογένης	Hermogénēs	from G2060 (Ἑρμῆς) and G1096 (γίνομαι);	born of Hermes; Hermogenes, an apostate Christian	Hermogenes
G2062	ἑρπετόν	herpetón	neuter of a derivative of (to creep);	a reptile, i.e. (by Hebraism (compare H07431)) a small animal	creeping thing, serpent
G2063	ἐρυθρός	erythrós	of uncertain affinity; red, i.e. (with G2281 (θάλασσα)) the Red Sea		red
G2064	ἔρχομαι	érchomai	middle voice of a primary verb (used only in the present and imperfect tenses, the others being supplied by a kindred (middle voice) , or (active) , which do not otherwise occur);	to come or go (in a great variety of applications, literally and figuratively)	accompany, appear, bring, come, enter, fall out, go, grow, X light, X next, pass, resort, be set
G2065	ἐρωτάω	erōtáō	apparently from G2046 (ἐρέω) (compare G2045 (ἐρευνάω));	to interrogate; by implication, to request	ask, beseech, desire, intreat, pray
G2066	ἐσθής	esthḗs	from (to clothe);	dress	apparel, clothing, raiment, robe
G2067	ἔσθησις	ésthēsis	from a derivative of G2066 (ἐσθής);	clothing (concretely)	government
G2068	ἐσθίω	esthíō	strengthened for a primary (to eat);	used only in certain tenses, the rest being supplied by G5315 (φάγω); to eat (usually literal)	devour, eat, live
G2069	Ἐσλί	Eslí	of Hebrew origin (probably for H0454);	Esli, an Israelite	Esli
G2070	ἐσμέν	esmén	first person plural indicative of G1510 (εἰμί);	we are	are, be, have our being, X have hope, + (the gospel) was (preached unto) us
G2071	ἔσομαι	ésomai	future of G1510 (εἰμί);	will be	shall (should) be (have), (shall) come (to pass), X may have, X fall, what would follow, X live long, X sojourn
G2072	ἔσοπτρον	ésoptron	from G1519 (εἰς) and a presumed derivative of G3700 (ὀπτάνομαι);	a mirror (for looking into)	glass
G2073	ἑσπέρα	hespéra	feminine of an adjective hesperos (evening); the eve (G5610 (ὥρα) being implied)		evening(-tide)
G2074	Ἐσρώμ	Esrṓm	of Hebrew origin (H02696);	Esrom (i.e. Chetsron), an Israelite	Esrom
G2075	ἐστέ	esté	second person plural present indicative of G1510 (εἰμί);	ye are	be, have been, belong
G2076	ἐστί	estí	third person singular present indicative of G1510 (εἰμί);	he (she or it) is; also (with neuter plural) they are	are, be(-long), call, X can(-not), come, consisteth, X dure for a while, + follow, X have, (that) is (to say), make, meaneth, X must needs, + profit, + remaineth, + wrestle
G2077	ἔστω	éstō	second person singular present imperative of G1510 (εἰμί);	be thou; also , third person of the same; let them be	be
G2078	ἔσχατος	éschatos	a superlative probably from G2192 (ἔχω) (in the sense of contiguity);	farthest, final (of place or time)	ends of, last, latter end, lowest, uttermost
G2079	ἐσχάτως	eschátōs	adverb from G2078 (ἔσχατος);	finally, i.e. (with G2192 (ἔχω)) at the extremity of life	point of death
G2080	ἔσω	ésō	from G1519 (εἰς);	inside (as preposition or adjective)	(with-)in(-ner, -to, -ward)
G2081	ἔσωθεν	ésōthen	from G2080 (ἔσω);	from inside; also used as equivalent to G2080 (ἔσω) (inside)	inward(-ly), (from) within, without
G2082	ἐσώτερος	esṓteros	comparative of G2080 (ἔσω);	interior	inner, within
G2083	ἑταῖρος	hetaîros	from (a clansman);	a comrade	fellow, friend
G2084	ἑτερόγλωσσος	heteróglōssos	from G2087 (ἕτερος) and G1100 (γλῶσσα);	other- tongued, i.e. a foreigner	man of other tongue
G2085	ἑτεροδιδασκαλέω	heterodidaskaléō	from G2087 (ἕτερος) and G1320 (διδάσκαλος);	to instruct differently	teach other doctrine(-wise)
G2086	ἑτεροζυγέω	heterozygéō	from a compound of G2087 (ἕτερος) and G2218 (ζυγός);	to yoke up differently, i.e. (figuratively) to associate discordantly	unequally yoke together with
G2087	ἕτερος	héteros	of uncertain affinity;	(an-, the) other or different	altered, else, next (day), one, (an-)other, some, strange
G2088	ἑτέρως	hetérōs	adverb from G2087 (ἕτερος);	differently	otherwise
G2089	ἔτι	éti	perhaps akin to G2094 (ἔτος);	"yet," still (of time or degree)	after that, also, ever, (any) further, (t-)henceforth (more), hereafter, (any) longer, (any) more(-one), now, still, yet
G2090	ἑτοιμάζω	hetoimázō	from G2092 (ἕτοιμος);	to prepare	prepare, provide, make ready
G2091	ἑτοιμασία	hetoimasía	from G2090 (ἑτοιμάζω);	preparation	preparation
G2092	ἕτοιμος	hétoimos	from an old noun (fitness);	adjusted, i.e. ready	prepared, (made) ready(-iness, to our hand)
G2093	ἑτοίμως	hetoímōs	adverb from G2092 (ἕτοιμος);	in readiness	ready
G2094	ἔτος	étos	apparently a primary word;	a year	year
G2095	εὖ	eû	neuter of a primary (good);	(adverbially) well	good, well (done)
G2096	Εὖα	Eûa	of Hebrew origin (H02332);	Eua (or Eva, i.e. Chavvah), the first woman	Eve
G2097	εὐαγγελίζω	euangelízō	from G2095 (εὖ) and G32 (ἄγγελος);	to announce good news ("evangelize") especially the gospel	declare, bring (declare, show) glad (good) tidings, preach (the gospel)
G2098	εὐαγγέλιον	euangélion	from the same as G2097 (εὐαγγελίζω);	a good message, i.e. the gospel	gospel
G2099	εὐαγγελιστής	euangelistḗs	from G2097 (εὐαγγελίζω);	a preacher of the gospel	evangelist
G2100	εὐαρεστέω	euarestéō	from G2101 (εὐάρεστος);	to gratify entirely	please (well)
G2101	εὐάρεστος	euárestos	from G2095 (εὖ) and G701 (ἀρεστός);	fully agreeable	acceptable(-ted), wellpleasing
G2102	εὐαρέστως	euaréstōs	adverb from G2101 (εὐάρεστος);	quite agreeably	acceptably, + please well
G2103	Εὔβουλος	Eúboulos	from G2095 (εὖ) and G1014 (βούλομαι);	good-willer; Eubulus, a Christian	Eubulus
G2104	εὐγενής	eugenḗs	from G2095 (εὖ) and G1096 (γίνομαι);	well born, i.e. (literally) high in rank, or (figuratively) generous	more noble, nobleman
G2105	εὐδία	eudía	feminine from G2095 (εὖ) and the alternate of G2203 (Ζεύς) (as the god of the weather);	a clear sky, i.e. fine weather	fair weather
G2106	εὐδοκέω	eudokéō	from G2095 (εὖ) and G1380 (δοκέω);	to think well of, i.e. approve (an act); specially, to approbate (a person or thing)	think good, (be well) please(-d), be the good (have, take) pleasure, be willing
G2107	εὐδοκία	eudokía	from a presumed compound of G2095 (εὖ) and the base of G1380 (δοκέω);	satisfaction, i.e. (subjectively) delight, or (objectively) kindness, wish, purpose	desire, good pleasure (will), X seem good
G2108	εὐεργεσία	euergesía	from G2110 (εὐεργέτης);	beneficence (genitive case or specially)	benefit, good deed done
G2109	εὐεργετέω	euergetéō	from G2110 (εὐεργέτης);	to be philanthropic	do good
G2110	εὐεργέτης	euergétēs	from G2095 (εὖ) and the base of G2041 (ἔργον);	a worker of good, i.e. (specially) a philanthropist	benefactor
G2111	εὔθετος	eúthetos	from G2095 (εὖ) and a derivative of G5087 (τίθημι);	well placed, i.e. (figuratively) appropriate	fit, meet
G2112	εὐθέως	euthéōs	adverb from G2117 (εὐθύς);	directly, i.e. at once or soon	anon, as soon as, forthwith, immediately, shortly, straightway
G2113	εὐθυδρομέω	euthydroméō	from G2117 (εὐθύς) and G1408 (δρόμος);	to lay a straight course, i.e. sail direct	(come) with a straight course
G2114	εὐθυμέω	euthyméō	from G2115 (εὔθυμος);	to cheer up, i.e. (intransitively) be cheerful; neuter comparative (adverbially) more cheerfully	be of good cheer (merry)
G2115	εὔθυμος	eúthymos	from G2095 (εὖ) and G2372 (θυμός);	in fine spirits, i.e. cheerful	of good cheer, the more cheerfully
G2116	εὐθύνω	euthýnō	from G2117 (εὐθύς);	to straighten (level); technically, to steer	governor, make straight
G2117	εὐθύς	euthýs	perhaps from G2095 (εὖ) and G5087 (τίθημι);	straight, i.e. (literally) level, or (figuratively) true; adverbially (of time) at once	anon, by and by, forthwith, immediately, straightway
G2118	εὐθύτης	euthýtēs	from G2117 (εὐθύς);	rectitude	righteousness
G2119	εὐκαιρέω	eukairéō	from G2121 (εὔκαιρος);	to have good time, i.e. opportunity or leisure	have leisure (convenient time), spend time
G2120	εὐκαιρία	eukairía	from G2121 (εὔκαιρος);	a favorable occasion	opportunity
G2121	εὔκαιρος	eúkairos	from G2095 (εὖ) and G2540 (καιρός);	well-timed, i.e. opportune	convenient, in time of need
G2122	εὐκαίρως	eukaírōs	adverb from G2121 (εὔκαιρος);	opportunely	conveniently, in season
G2123	εὐκοπώτερος	eukopṓteros	comparative of a compound of G2095 (εὖ) and G2873 (κόπος);	better for toil, i.e. more facile	easier
G2124	εὐλάβεια	eulábeia	from G2126 (εὐλαβής);	properly, caution, i.e. (religiously) reverence (piety); by implication, dread (concretely)	fear(-ed)
G2125	εὐλαβέομαι	eulabéomai	middle voice from G2126 (εὐλαβής);	to be circumspect, i.e. (by implication) to be apprehensive; religiously, to reverence	(moved with) fear
G2126	εὐλαβής	eulabḗs	from G2095 (εὖ) and G2983 (λαμβάνω);	taking well (carefully), i.e. circumspect (religiously, pious)	devout
G2127	εὐλογέω	eulogéō	from a compound of G2095 (εὖ) and G3056 (λόγος);	to speak well of, i.e. (religiously) to bless (thank or invoke a benediction upon, prosper)	bless, praise
G2128	εὐλογητός	eulogētós	from G2127 (εὐλογέω);	adorable	blessed
G2129	εὐλογία	eulogía	from the same as G2127 (εὐλογέω);	fine speaking, i.e. elegance of language; commendation ("eulogy"), i.e. (reverentially) adoration; religiously, benediction; by implication, consecration; by extension, benefit or largess	blessing (a matter of) bounty (X -tifully), fair speech
G2130	εὐμετάδοτος	eumetádotos	from G2095 (εὖ) and a presumed derivative of G3330 (μεταδίδωμι);	good at imparting, i.e. liberal	ready to distribute
G2131	Εὐνίκη	Euníkē	from G2095 (εὖ) and G3529 (νίκη);	victorious; Eunice, a Jewess	Eunice
G2132	εὐνοέω	eunoéō	from a compound of G2095 (εὖ) and G3563 (νοῦς);	to be well- minded, i.e. reconcile	agree
G2133	εὔνοια	eúnoia	from the same as G2132 (εὐνοέω);	kindness; euphemistically, conjugal duty	benevolence, good will
G2134	εὐνουχίζω	eunouchízō	from G2135 (εὐνοῦχος);	to castrate (figuratively, live unmarried)	make…eunuch
G2135	εὐνοῦχος	eunoûchos	from (a bed) and G2192 (ἔχω);	a castrated person (such being employed in Oriental bed-chambers); by extension an impotent or unmarried man; by implication, a chamberlain (state-officer)	eunuch
G2136	Εὐοδία	Euodía	from the same as G2137 (εὐοδόω);	fine travelling; Euodia, a Christian woman	Euodias
G2137	εὐοδόω	euodóō	from a compound of G2095 (εὖ) and G3598 (ὁδός);	to help on the road, i.e. (passively) succeed in reaching; figuratively, to succeed in business affairs	(have a) prosper(-ous journey)
G2138	εὐπειθής	eupeithḗs	from G2095 (εὖ) and G3982 (πείθω);	good for persuasion, i.e. (intransitively) complaint	easy to be intreated
G2139	εὐπερίστατος	euperístatos	from G2095 (εὖ) and a derivative of a presumed compound of G4012 (περί) and G2476 (ἵστημι);	well standing around, i.e. (a competitor) thwarting (a racer) in every direction (figuratively, of sin in genitive case)	which doth so easily beset
G2140	εὐποιΐα	eupoiḯa	from a compound of G2095 (εὖ) and G4160 (ποιέω);	well-doing, i.e. beneficence	to do good
G2141	εὐπορέω	euporéō	from a compound of G2090 (ἑτοιμάζω) and the base of G4197 (πορεία);	(intransitively) to be good for passing through, i.e. (figuratively) have pecuniary means	ability
G2142	εὐπορία	euporía	from the same as G2141 (εὐπορέω);	pecuniary resources	wealth
G2143	εὐπρέπεια	euprépeia	from a compound of G2095 (εὖ) and G4241 (πρέπω);	good suitableness, i.e. gracefulness	grace
G2144	εὐπρόσδεκτος	euprósdektos	from G2095 (εὖ) and a derivative of G4327 (προσδέχομαι);	well-received, i.e. approved, favorable	acceptable(-ted)
G2145	εὐπρόσεδρος	euprósedros	from G2095 (εὖ) and the same as G4332 (προσεδρεύω);	sitting well towards, i.e. (figuratively) assiduous (neuter, diligent service)	X attend upon
G2146	εὐπροσωπέω	euprosōpéō	from a compound of G2095 (εὖ) and G4383 (πρόσωπον);	to be of good countenance, i.e. (figuratively) to make a display	make a fair show
G2147	εὑρίσκω	heurískō	a prolonged form of a primary , which (together with another cognate form) is used for it in all the tenses except the present and imperfect;	to find (literally or figuratively)	find, get, obtain, perceive, see
G2148	Εὐροκλύδων	Euroklýdōn	from (the east wind) and G2830 (κλύδων);	a storm from the East (or southeast), i.e. (in modern phrase) a Levanter	Euroklydon
G2149	εὐρύχωρος	eurýchōros	from (wide) and G5561 (χώρα);	spacious	broad
G2150	εὐσέβεια	eusébeia	from G2152 (εὐσεβής);	piety; specially, the gospel scheme	godliness, holiness
G2151	εὐσεβέω	eusebéō	from G2152 (εὐσεβής);	to be pious, i.e. (towards God) to worship, or (towards parents) to respect (support)	show piety, worship
G2152	εὐσεβής	eusebḗs	from G2095 (εὖ) and G4576 (σέβομαι);	well-reverent, i.e. pious	devout, godly
G2153	εὐσεβῶς	eusebōs	adverb from G2152 (εὐσεβής);	piously	godly
G2154	εὔσημος	eúsēmos	from G2095 (εὖ) and the base of G4591 (σημαίνω);	well indicated, i.e. (figuratively) significant	easy to be understood
G2155	εὔσπλαγχνος	eúsplanchnos	from G2095 (εὖ) and G4698 (σπλάγχνον);	well compassioned, i.e. sympathetic	pitiful, tender-hearted
G2156	εὐσχημόνως	euschēmónōs	adverb from G2158 (εὐσχήμων);	decorously	decently, honestly
G2157	εὐσχημοσύνη	euschēmosýnē	from G2158 (εὐσχήμων);	decorousness	comeliness
G2158	εὐσχήμων	euschḗmōn	from G2095 (εὖ) and G4976 (σχῆμα);	well-formed, i.e. (figuratively) decorous, noble (in rank)	comely, honourable
G2159	εὐτόνως	eutónōs	adverb from a compound of G2095 (εὖ) and a derivative of (to stretch);	in a well-strung manner, i.e. (figuratively) intensely (in a good sense, cogently; in a bad one, fiercely)	mightily, vehemently
G2160	εὐτραπελία	eutrapelía	from a compound of G2095 (εὖ) and a derivative of the base of G5157 (τροπή) (meaning well-turned, i.e. ready at repartee, jocose);	witticism, i.e. (in a vulgar sense) ribaldry	jesting
G2161	Εὔτυχος	Eútychos	from G2095 (εὖ) and a derivative of G5177 (τυγχάνω);	well- fated, i.e. fortunate; Eutychus, a young man	Eutychus
G2162	εὐφημία	euphēmía	from G2163 (εὔφημος);	good language ("euphemy"), i.e. praise (repute)	good report
G2163	εὔφημος	eúphēmos	from G2095 (εὖ) and G5345 (φήμη);	well spoken of, i.e. reputable	of good report
G2164	εὐφορέω	euphoréō	from G2095 (εὖ) and G5409 (φορέω);	to bear well, i.e. be fertile	bring forth abundantly
G2165	εὐφραίνω	euphraínō	from G2095 (εὖ) and G5424 (φρήν);	to put (middle voice or passively, be) in a good frame of mind, i.e. rejoice	fare, make glad, be (make) merry, rejoice
G2166	Εὐφράτης	Euphrátēs	of foreign origin (compare H06578);	Euphrates, a river of Asia	Euphrates
G2167	εὐφροσύνη	euphrosýnē	from the same as G2165 (εὐφραίνω);	joyfulness	gladness, joy
G2168	εὐχαριστέω	eucharistéō	from G2170 (εὐχάριστος);	to be grateful, i.e. (actively) to express gratitude (towards); specially, to say grace at a meal	(give) thank(-ful, -s)
G2169	εὐχαριστία	eucharistía	from G2170 (εὐχάριστος);	gratitude; actively, grateful language (to God, as an act of worship)	thankfulness, (giving of) thanks(-giving)
G2170	εὐχάριστος	eucháristos	from G2095 (εὖ) and a derivative of G5483 (χαρίζομαι);	well favored, i.e. (by implication) grateful	thankful
G2171	εὐχή	euchḗ	from G2172 (εὔχομαι);	properly, a wish, expressed as a petition to God, or in votive obligation	prayer, vow
G2172	εὔχομαι	eúchomai	middle voice of a primary verb;	to wish; by implication, to pray to God	pray, will, wish
G2173	εὔχρηστος	eúchrēstos	from G2095 (εὖ) and G5543 (χρηστός);	easily used, i.e. useful	profitable, meet for use
G2174	εὐψυχέω	eupsychéō	from a compound of G2095 (εὖ) and G5590 (ψυχή);	to be in good spirits, i.e. feel encouraged	be of good comfort
G2175	εὐωδία	euōdía	from a compound of G2095 (εὖ) and a derivative of G3605 (ὄζω);	good-scentedness, i.e. fragrance	sweet savour (smell, -smelling)
G2176	εὐώνυμος	euṓnymos	from G2095 (εὖ) and G3686 (ὄνομα);	properly, well-named (good-omened), i.e. the left (which was the lucky side among the pagan Greeks); neuter as adverbial, at the left hand	(on the) left
G2177	ἐφάλλομαι	ephállomai	from G1909 (ἐπί) and G242 (ἅλλομαι);	to spring upon	leap on
G2178	ἐφάπαξ	ephápax	from G1909 (ἐπί) and G530 (ἅπαξ);	upon one occasion (only)	(at) once (for all)
G2179	Ἐφεσῖνος	Ephesînos	from G2181 (Ἔφεσος);	Ephesine, or situated at Ephesus	of Ephesus
G2180	Ἐφέσιος	Ephésios	from G2181 (Ἔφεσος);	an Ephesian or inhabitant of Ephesus	Ephesian, of Ephesus
G2181	Ἔφεσος	Éphesos	probably of foreign origin;	Ephesus, a city of Asia Minor	Ephesus
G2182	ἐφευρετής	epheuretḗs	from a compound of G1909 (ἐπί) and G2147 (εὑρίσκω);	a discoverer, i.e. contriver	inventor
G2183	ἐφημερία	ephēmería	from G2184 (ἐφήμερος);	diurnality, i.e. (specially) the quotidian rotation or class of the Jewish priests' service at the Temple, as distributed by families	course
G2184	ἐφήμερος	ephḗmeros	from G1909 (ἐπί) and G2250 (ἡμέρα);	for a day ("ephemeral"), i.e. diurnal	daily
G2185	ἐφικνέομαι	ephiknéomai	from G1909 (ἐπί) and a cognate of G2240 (ἥκω);	to arrive upon, i.e. extend to	reach
G2186	ἐφίστημι	ephístēmi	from G1909 (ἐπί) and G2476 (ἵστημι);	to stand upon, i.e. be present (in various applications, friendly or otherwise, usually literal);	--assault, come (in, to, unto, upon), be at hand (instant), present, stand (before, by, over)
G2187	Ἐφραίμ	Ephraím	of Hebrew origin (H0669 or better H06085);	Ephraim, a place in Palestine	Ephraim
G2188	ἐφφαθά	ephphathá	of Chaldee origin (H06606);	be opened!	Ephphatha
G2189	ἔχθρα	échthra	feminine of G2190 (ἐχθρός);	hostility; by implication, a reason for opposition	enmity, hatred
G2190	ἐχθρός	echthrós	from a primary (to hate);	hateful (passively, odious, or actively, hostile); usually as a noun, an adversary (especially Satan)	enemy, foe
G2191	ἔχιδνα	échidna	of uncertain origin;	an adder or other poisonous snake (literally or figuratively)	viper
G2192	ἔχω	échō	a primary verb;	to hold (used in very various applications, literally or figuratively, direct or remote; such as possession; ability, contiuity, relation, or condition)	be (able, X hold, possessed with), accompany, + begin to amend, can(+ -not), X conceive, count, diseased, do + eat, + enjoy, + fear, following, have, hold, keep, + lack, + go to law, lie, + must needs, + of necessity, + need, next, + recover, + reign, + rest, + return, X sick, take for, + tremble, + uncircumcised, use
G2193	ἕως	héōs	of uncertain affinity;	a conjunction, preposition and adverb of continuance, until (of time and place)	even (until, unto), (as) far (as), how long, (un-)til(-l), (hither-, un-, up) to, while(-s)
G2194	Ζαβουλών	Zaboulṓn	of Hebrew origin (H02074);	Zabulon (i.e. Zebulon), a region of Palestine	Zabulon
G2195	Ζακχαῖος	Zakchaîos	of Hebrew origin (compare H02140);	Zacchæus, an Israelite	Zacchæus
G2196	Ζαρά	Zará	of Hebrew origin (H02226);	Zara, (i.e. Zerach), an Israelite	Zara
G2197	Ζαχαρίας	Zacharías	of Hebrew origin (H02148);	Zacharias (i.e. Zechariah), the name of two Israelites	Zacharias
G2198	ζάω	záō	a primary verb;	to live (literally or figuratively)	life(-time), (a-)live(-ly), quick
G2199	Ζεβεδαῖος	Zebedaîos	of Hebrew origin (compare H02067);	Zebedæus, an Israelite	Zebedee
G2200	ζεστός	zestós	from G2204 (ζέω);	boiled, i.e. (by implication) calid (figuratively, fervent)	hot
G2201	ζεῦγος	zeûgos	from the same as G2218 (ζυγός);	a couple, i.e. a team (of oxen yoked together) or brace (of birds tied together)	yoke, pair
G2202	ζευκτηρία	zeuktēría	feminine of a derivative (at the second stage) from the same as G2218 (ζυγός);	a fastening (tiller-rope)	band
G2203	Ζεύς	Zeús	of uncertain affinity;	in the oblique cases there is used instead of it a (probably cognate) name , which is otherwise obsolete; Zeus or Dis (among the Latins, Jupiter or Jove), the supreme deity of the Greeks	Jupiter
G2204	ζέω	zéō	a primary verb;	to be hot (boil, of liquids; or glow, of solids), i.e. (figuratively) be fervid (earnest)	be fervent
G2205	ζῆλος	zēlos	from G2204 (ζέω);	properly, heat, i.e. (figuratively) "zeal" (in a favorable sense, ardor; in an unfavorable one, jealousy, as of a husband (figuratively, of God), or an enemy, malice)	emulation, envy(-ing), fervent mind, indignation, jealousy, zeal
G2206	ζηλόω	zēlóō	from G2205 (ζῆλος);	to have warmth of feeling for or against	affect, covet (earnestly), (have) desire, (move with) envy, be jealous over, (be) zealous(-ly affect)
G2207	ζηλωτής	zēlōtḗs	from G2206 (ζηλόω);	a "zealot"	zealous
G2208	Ζηλωτής	Zēlōtḗs	the same as G2207 (ζηλωτής);	a Zealot, i.e. (specially) partisan for Jewish political independence	Zelotes
G2209	ζημία	zēmía	probably akin to the base of G1150 (δαμάζω) (through the idea of violence);	detriment	damage, loss
G2210	ζημιόω	zēmióō	from G2209 (ζημία);	to injure, i.e. (reflexively or passively) to experience detriment	be cast away, receive damage, lose, suffer loss
G2211	Ζηνᾶς	Zēnâs	probably contracted from a poetic form of G2203 (Ζεύς) and G1435 (δῶρον);	Jove-given; Zenas, a Christian	Zenas
G2212	ζητέω	zētéō	of uncertain affinity;	to seek (literally or figuratively); specially, (by Hebraism) to worship (God), or (in a bad sense) to plot (against life)	be (go) about, desire, endeavour, enquire (for), require, (X will) seek (after, for, means)
G2213	ζήτημα	zḗtēma	from G2212 (ζητέω);	a search (properly concretely), i.e. (in words) a debate	question
G2214	ζήτησις	zḗtēsis	from G2212 (ζητέω);	a searching (properly, the act), i.e. a dispute or its theme	question
G2215	ζιζάνιον	zizánion	of uncertain origin;	darnel or false grain	tares
G2216	Ζοροβάβελ	Zorobábel	of Hebrew origin (H02216);	Zorobabel (i.e. Zerubbabel), an Israelite	Zorobabel
G2217	ζόφος	zóphos	akin to the base of G3509 (νέφος);	gloom (as shrouding like a cloud)	blackness, darkness, mist
G2218	ζυγός	zygós	from the root of (to join, especially by a "yoke");	a coupling, i.e. (figuratively) servitude (a law or obligation); also (literally) the beam of the balance (as connecting the scales)	pair of balances, yoke
G2219	ζύμη	zýmē	probably from G2204 (ζέω);	ferment (as if boiling up)	leaven
G2220	ζυμόω	zymóō	from G2219 (ζύμη);	to cause to ferment	leaven
G2221	ζωγρέω	zōgréō	from the same as G2226 (ζῶον) and G64 (ἀγρεύω);	to take alive (make a prisoner of war), i.e. (figuratively) to capture or ensnare	take captive, catch
G2222	ζωή	zōḗ	from G2198 (ζάω);	life (literally or figuratively)	life(-time)
G2223	ζώνη	zṓnē	probably akin to the base of G2218 (ζυγός);	a belt; by implication, a pocket	girdle, purse
G2224	ζώννυμι	zṓnnymi	from G2223 (ζώνη);	to bind about (especially with a belt)	gird
G2225	ζωογονέω	zōogonéō	from the same as G2226 (ζῶον) and a derivative of G1096 (γίνομαι);	to engender alive, i.e. (by analogy) to rescue (passively, be saved) from death	live, preserve
G2226	ζῶον	zōon	neuter of a derivative of G2198 (ζάω);	a live thing, i.e. an animal	beast
G2227	ζωοποιέω	zōopoiéō	from the same as G2226 (ζῶον) and G4160 (ποιέω);	to (re-)vitalize (literally or figuratively)	make alive, give life, quicken
G2228	ἤ	ḗ	a primary particle of distinction between two connected terms;	disjunctive, or; comparative, than	and, but (either), (n-)either, except it be, (n-)or (else), rather, save, than, that, what, yea
G2229	ἦ	ē	an adverb of confirmation; perhaps intensive of G2228 (ἤ); used only (in the New Testament) before G3303 (μέν);	assuredly	surely
G2230	ἡγεμονεύω	hēgemoneúō	from G2232 (ἡγεμών);	to act as ruler	be governor
G2231	ἡγεμονία	hēgemonía	from G2232 (ἡγεμών);	government, i.e. (in time) official term	reign
G2232	ἡγεμών	hēgemṓn	from G2233 (ἡγέομαι);	a leader, i.e. chief person (or figuratively, place) of a province	governor, prince, ruler
G2233	ἡγέομαι	hēgéomai	middle voice of a (presumed) strengthened form of G71 (ἄγω);	to lead, i.e. command (with official authority); figuratively, to deem, i.e. consider	account, (be) chief, count, esteem, governor, judge, have the rule over, suppose, think
G2234	ἡδέως	hēdéōs	adverb from a derivative of the base of G2237 (ἡδονή);	sweetly, i.e. (figuratively) with pleasure	gladly
G2235	ἤδη	ḗdē	apparently from G2228 (ἤ) (or possibly G2229 (ἦ)) and G1211 (δή);	even now	already, (even) now (already), by this time
G2236	ἥδιστα	hḗdista	neuter plural of the superlative of the same as G2234 (ἡδέως);	with great pleasure	most (very) gladly
G2237	ἡδονή	hēdonḗ	from (to please);	sensual delight; by implication, desire	lust, pleasure
G2238	ἡδύοσμον	hēdýosmon	neuter of the compound of the same as G2234 (ἡδέως) and G3744 (ὀσμή);	a sweet-scented plant, i.e. mint	mint
G2239	ἦθος	ēthos	a strengthened form of G1485 (ἔθος);	usage, i.e. (plural) moral habits	manners
G2240	ἥκω	hḗkō	a primary verb;	to arrive, i.e. be present (literally or figuratively)	come
G2241	ἠλί	ēlí	of Hebrew origin (H0410 with pronominal suffix);	my God	Eli
G2242	Ἡλί	Hēlí	of Hebrew origin (H05941);	Heli (i.e. Eli), an Israelite	Heli
G2243	Ἡλίας	Hēlías	of Hebrew origin (H0452);	Helias (i.e. Elijah), an Israelite	Elias
G2244	ἡλικία	hēlikía	from the same as G2245 (ἡλίκος);	maturity (in years or size)	age, stature
G2245	ἡλίκος	hēlíkos	from (a comrade, i.e. one of the same age);	as big as, i.e. (interjectively) how much	how (what) great
G2246	ἥλιος	hḗlios	from (a ray;	perhaps akin to the alternate of G138 (αἱρέομαι)); the sun; by implication, light	+ east, sun
G2247	ἧλος	hēlos	of uncertain affinity;	a stud, i.e. spike	nail
G2248	ἡμᾶς	hēmâs	accusative case plural of G1473 (ἐγώ);	us	our, us, we
G2249	ἡμεῖς	hēmeîs	nominative plural of G1473 (ἐγώ);	we (only used when emphatic)	us, we (ourselves)
G2250	ἡμέρα	hēméra	feminine (with G5610 (ὥρα) implied) of a derivative of (to sit; akin to the base of G1476 (ἑδραῖος)) meaning tame, i.e. gentle;	day, i.e. (literally) the time space between dawn and dark, or the whole 24 hours (but several days were usually reckoned by the Jews as inclusive of the parts of both extremes); figuratively, a period (always defined more or less clearly by the context)	age, + alway, (mid-)day (by day, (-ly)), + for ever, judgment, (day) time, while, years
G2251	ἡμέτερος	hēméteros	from G2349 (θνητός);	our	our, your (by a different reading)
G2252	ἤμην	ḗmēn	a prolonged form of G2258 (ἦν);	I was	be, was
G2253	ἡμιθανής	hēmithanḗs	from a presumed compound of the base of G2255 (ἥμισυ) and G2348 (θνήσκω);	half dead, i.e. entirely exhausted	half dead
G2254	ἡμῖν	hēmîn	dative case plural of G1473 (ἐγώ);	to (or for, with, by) us	our, (for) us, we
G2255	ἥμισυ	hḗmisy	neuter of a derivative from an inseparable prefix akin to G260 (ἅμα) (through the idea of partition involved in connection) and meaning semi-;	(as noun) half	half
G2256	ἡμιώριον	hēmiṓrion	from the base of G2255 (ἥμισυ) and G5610 (ὥρα);	a half-hour	half an hour
G2257	ἡμῶν	hēmōn	genitive case plural of G1473 (ἐγώ);	of (or from) us	our (company), us, we
G2258	ἦν	ēn	imperfect of G1510 (εἰμί);	I (thou, etc.) was (wast or were)	+ agree, be, X have (+ charge of), hold, use, was(-t), were
G2259	ἡνίκα	hēníka	of uncertain affinity;	at which time	when
G2260	ἤπερ	ḗper	from G2228 (ἤ) and G4007 (περ);	than at all (or than perhaps, than indeed)	than
G2261	ἤπιος	ḗpios	probably from G2031 (ἔπος);	properly, affable, i.e. mild or kind	gentle
G2262	Ἤρ	Ḗr	of Hebrew origin (H06147);	Er, an Israelite	Er
G2263	ἤρεμος	ḗremos	perhaps by transposition from G2048 (ἔρημος) (through the idea of stillness);	tranquil	quiet
G2264	Ἡρώδης	Hērṓdēs	compound of (a "hero") and G1491 (εἶδος);	heroic; Herod, the name of four Jewish kings	Herod
G2265	Ἡρωδιανοί	Hērōdianoí	plural of a derivative of G2264 (Ἡρώδης);	Herodians, i.e. partisans of Herod	Herodians
G2266	Ἡρωδιάς	Hērōdiás	from G2264 (Ἡρώδης);	Herodias, a woman of the Heodian family	Herodias
G2267	Ἡρωδίων	Hērōdíōn	from G2264 (Ἡρώδης);	Herodion, a Christian	Herodion
G2268	Ἡσαΐας	Hēsaḯas	of Hebrew origin (H03470);	Hesaias (i.e. Jeshajah), an Israelite	Esaias
G2269	Ἠσαῦ	Ēsaû	of Hebrew origin (H06215);	Esau, an Edomite	Esau
G2270	ἡσυχάζω	hēsycházō	from the same as G2272 (ἡσύχιος);	to keep still (intransitively), i.e. refrain from labor, meddlesomeness or speech	cease, hold peace, be quiet, rest
G2271	ἡσυχία	hēsychía	feminine of G2272 (ἡσύχιος);	(as noun) stillness, i.e. desistance from bustle or language	quietness, silence
G2272	ἡσύχιος	hēsýchios	a prolonged form of a compound probably of a derivative of the base of G1476 (ἑδραῖος) and perhaps G2192 (ἔχω);	properly, keeping one's seat (sedentary), i.e. (by implication) still (undisturbed, undisturbing)	peaceable, quiet
G2273	ἤτοι	ḗtoi	from G2228 (ἤ) and G5104 (τοί);	either indeed	whether
G2274	ἡττάω	hēttáō	from the same as G2276 (ἥττον);	to make worse, i.e. vanquish (literally or figuratively); by implication, to rate lower	be inferior, overcome
G2275	ἥττημα	hḗttēma	from G2274 (ἡττάω);	a deterioration, i.e. (objectively) failure or (subjectively) loss	diminishing, fault
G2276	ἥττον	hḗtton	neuter of comparative of (slightly) used for that of G2556 (κακός);	worse (as noun); by implication, less (as adverb)	less, worse
G2277	ἤτω	ḗtō	third person singular imperative of G1510 (εἰμί);	let him (or it) be	let … be
G2278	ἠχέω	ēchéō	from G2279 (ἦχος);	to make a loud noise, i.e. reverberate	roar, sound
G2279	ἦχος	ēchos	of uncertain affinity;	a loud or confused noise ("echo"), i.e. roar; figuratively, a rumor	fame, sound
G2280	Θαδδαῖος	Thaddaîos	of uncertain origin;	Thaddæus, one of the Apostles	Thaddæus
G2281	θάλασσα	thálassa	probably prolonged from G251 (ἅλς);	the sea (genitive case or specially)	sea
G2282	θάλπω	thálpō	probably akin to (to warm);	to brood, i.e. (figuratively) to foster	cherish
G2283	Θάμαρ	Thámar	of Hebrew origin (H08559);	Thamar (i.e. Tamar), an Israelitess	Thamar
G2284	θαμβέω	thambéō	from G2285 (θάμβος);	to stupefy (with surprise), i.e. astound	amaze, astonish
G2285	θάμβος	thámbos	akin to an obsolete (to dumbfound);	stupefaction (by surprise), i.e. astonishment	X amazed, + astonished, wonder
G2286	θανάσιμος	thanásimos	from G2288 (θάνατος);	fatal, i.e. poisonous	deadly
G2287	θανατήφορος	thanatḗphoros	from (the feminine form of) G2288 (θάνατος) and G5342 (φέρω);	death-bearing, i.e. fatal	deadly
G2288	θάνατος	thánatos	from G2348 (θνήσκω);	(properly, an adjective used as a noun) death (literally or figuratively)	X deadly, (be…) death
G2289	θανατόω	thanatóō	from G2288 (θάνατος) to kill (literally or figuratively)		become dead, (cause to be) put to death, kill, mortify
G2290	θάπτω	tháptō	a primary verb;	to celebrate funeral rites, i.e. inter	bury
G2291	Θάρα	Thára	of Hebrew origin (H08646);	Thara (i.e. Terach), the father of Abraham	Thara
G2292	θαῤῥέω	tharrhéō	another form for G2293 (θαρσέω);	to exercise courage	be bold, X boldly, have confidence, be confident
G2293	θαρσέω	tharséō	from G2294 (θάρσος);	to have courage	be of good cheer (comfort)
G2294	θάρσος	thársos	akin (by transposition) to (daring);	boldness (subjectively)	courage
G2295	θαῦμα	thaûma	apparently from a form of G2300 (θεάομαι);	wonder (properly concrete; but by implication, abstract)	admiration
G2296	θαυμάζω	thaumázō	from G2295 (θαῦμα);	to wonder; by implication, to admire	admire, have in admiration, marvel, wonder
G2297	θαυμάσιος	thaumásios	from G2295 (θαῦμα);	wondrous, i.e. (neuter as noun) a miracle	wonderful thing
G2298	θαυμαστός	thaumastós	from G2296 (θαυμάζω);	wondered at, i.e. (by implication) wonderful	marvel(-lous)
G2299	θεά	theá	feminine of G2316 (θεός);	a female deity	goddess
G2300	θεάομαι	theáomai	a prolonged form of a primary verb;	to look closely at, i.e. (by implication) perceive (literally or figuratively); by extension to visit	behold, look (upon), see
G2301	θεατρίζω	theatrízō	from G2302 (θέατρον);	to expose as a spectacle	make a gazing stock
G2302	θέατρον	théatron	from G2300 (θεάομαι);	a place for public show ("theatre"), i.e. general audience-room; by implication, a show itself (figuratively)	spectacle, theatre
G2303	θεῖον	theîon	probably neuter of G2304 (θεῖος) (in its original sense of flashing);	sulphur	brimstone
G2304	θεῖος	theîos	from G2316 (θεός);	godlike (neuter as noun, divinity)	divine, godhead
G2305	θειότης	theiótēs	from G2304 (θεῖος);	divinity (abstractly)	godhead
G2306	θειώδης	theiṓdēs	from G2303 (θεῖον) and 1491;	sulphur-like, i.e. sulphurous	brimstone
G2307	θέλημα	thélēma	from the prolonged form of G2309 (θέλω);	a determination (properly, the thing), i.e. (actively) choice (specially, purpose, decree; abstractly, volition) or (passively) inclination	desire, pleasure, will
G2308	θέλησις	thélēsis	from G2309 (θέλω);	determination (properly, the act), i.e. option	will
G2309	θέλω	thélō	apparently strengthened from the alternate form of G138 (αἱρέομαι);	to determine (as an active option from subjective impulse; whereas G1014 (βούλομαι) properly denotes rather a passive acquiescence in objective considerations), i.e. choose or prefer (literally or figuratively); by implication, to wish, i.e. be inclined to (sometimes adverbially, gladly); impersonally for the future tense, to be about to; by Hebraism, to delight in	desire, be disposed (forward), intend, list, love, mean, please, have rather, (be) will (have, -ling, - ling(-ly))
G2310	θεμέλιος	themélios	from a derivative of G5087 (τίθημι);	something put down, i.e. a substruction (of a building, etc.), (literally or figuratively)	foundation
G2311	θεμελιόω	themelióō	from G2310 (θεμέλιος);	to lay a basis for, i.e. (literally) erect, or (figuratively) consolidate	(lay the) found(- ation), ground, settle
G2312	θεοδίδακτος	theodídaktos	from G2316 (θεός) and G1321 (διδάσκω);	divinely instructed	taught of God
G2313	θεομαχέω	theomachéō	from G2314 (θεομάχος);	to resist deity	fight against God
G2314	θεομάχος	theomáchos	from G2316 (θεός) and G3164 (μάχομαι);	an opponent of deity	to fight against God
G2315	θεόπνευστος	theópneustos	from G2316 (θεός) and a presumed derivative of G4154 (πνέω);	divinely breathed in	given by inspiration of God
G2316	θεός	theós	of uncertain affinity; a deity, especially (with G3588 (ὁ)) the supreme Divinity;	figuratively, a magistrate; by Hebraism, very	X exceeding, God, god(-ly, -ward)
G2317	θεοσέβεια	theosébeia	from G2318 (θεοσεβής);	devoutness, i.e. piety	godliness
G2318	θεοσεβής	theosebḗs	from G2316 (θεός) and G4576 (σέβομαι);	reverent of God, i.e. pious	worshipper of God
G2319	θεοστυγής	theostygḗs	from G2316 (θεός) and the base of G4767 (στυγνητός);	hateful to God, i.e. impious	hater of God
G2320	θεότης	theótēs	from G2316 (θεός);	divinity (abstractly)	godhead
G2321	Θεόφιλος	Theóphilos	from G2316 (θεός) and G5384 (φίλος);	friend of God; Theophilus, a Christian	Theophilus
G2322	θεραπεία	therapeía	from G2323 (θεραπεύω);	attendance (specially, medical, i.e. cure); figuratively and collectively, domestics	healing, household
G2323	θεραπεύω	therapeúō	from the same as G2324 (θεράπων);	to wait upon menially, i.e. (figuratively) to adore (God), or (specially) to relieve (of disease)	cure, heal, worship
G2324	θεράπων	therápōn	apparently a participle from an otherwise obsolete derivative of the base of G2330 (θέρος);	a menial attendant (as if cherishing)	servant
G2325	θερίζω	therízō	from G2330 (θέρος) (in the sense of the crop);	to harvest	reap
G2326	θερισμός	therismós	from G2325 (θερίζω);	reaping, i.e. the crop	harvest
G2327	θεριστής	theristḗs	from G2325 (θερίζω);	a harvester	reaper
G2328	θερμαίνω	thermaínō	from G2329 (θέρμη);	to heat (oneself)	(be) warm(-ed, self)
G2329	θέρμη	thérmē	from the base of G2330 (θέρος);	warmth	heat
G2330	θέρος	théros	from a primary (to heat);	properly, heat, i.e. summer	summer
G2331	Θεσσαλονικεύς	Thessalonikeús	from G2332 (Θεσσαλονίκη);	a Thessalonican, i.e. inhabitant of Thessalonice	Thessalonian
G2332	Θεσσαλονίκη	Thessaloníkē	from (a Thessalian) and G3529 (νίκη);	Thessalonice, a place in Asia Minor	Thessalonica
G2333	Θευδᾶς	Theudâs	of uncertain origin;	Theudas, an Israelite	Theudas
G2334	θεωρέω	theōréō	from a derivative of G2300 (θεάομαι) (perhaps by addition of G3708 (ὁράω));	to be a spectator of, i.e. discern, (literally, figuratively (experience) or intensively (acknowledge))	behold, consider, look on, perceive, see
G2335	θεωρία	theōría	from the same as G2334 (θεωρέω);	spectatorship, i.e. (concretely) a spectacle	sight
G2336	θήκη	thḗkē	from G5087 (τίθημι);	a receptacle, i.e. scabbard	sheath
G2337	θηλάζω	thēlázō	from (the nipple);	to suckle, (by implication) to suck	(give) suck(-ling)
G2338	θῆλυς	thēlys	from the same as G2337 (θηλάζω);	female	female, woman
G2339	θήρα	thḗra	from (a wild animal, as game);	hunting, i.e. (figuratively) destruction	trap
G2340	θηρεύω	thēreúō	from G2339 (θήρα);	to hunt (an animal), i.e. (figuratively) to carp at	catch
G2341	θηριομαχέω	thēriomachéō	from a compound of G2342 (θηρίον) and G3164 (μάχομαι);	to be a beast-fighter (in the gladiatorial show), i.e. (figuratively) to encounter (furious men)	fight with wild beasts
G2342	θηρίον	thēríon	diminutive from the same as G2339 (θήρα);	a dangerous animal	(venomous, wild) beast
G2343	θησαυρίζω	thēsaurízō	from G2344 (θησαυρός);	to amass or reserve (literally or figuratively)	lay up (treasure), (keep) in store, (heap) treasure (together, up)
G2344	θησαυρός	thēsaurós	from G5087 (τίθημι);	a deposit, i.e. wealth (literally or figuratively)	treasure
G2345	θιγγάνω	thingánō	a prolonged form of an obsolete primary (to finger);	to manipulate, i.e. have to do with; by implication, to injure	handle, touch
G2346	θλίβω	thlíbō	akin to the base of G5147 (τρίβος);	to crowd (literally or figuratively)	afflict, narrow, throng, suffer tribulation, trouble
G2347	θλῖψις	thlîpsis	from G2346 (θλίβω);	pressure (literally or figuratively)	afflicted(-tion), anguish, burdened, persecution, tribulation, trouble
G2348	θνήσκω	thnḗskō	a strengthened form of a simpler primary (which is used for it only in certain tenses);	to die (literally or figuratively)	be dead, die
G2349	θνητός	thnētós	from G2348 (θνήσκω);	liable to die	mortal(-ity)
G2350	θορυβέω	thorybéō	from G2351 (θόρυβος);	to be in tumult, i.e. disturb, clamor	make ado (a noise), trouble self, set on an uproar
G2351	θόρυβος	thórybos	from the base of G2360 (θροέω);	a disturbance	tumult, uproar
G2352	θραύω	thraúō	a primary verb;	to crush	bruise
G2353	θρέμμα	thrémma	from G5142 (τρέφω);	stock (as raised on a farm)	cattle
G2354	θρηνέω	thrēnéō	from G2355 (θρῆνος);	to bewail	lament, mourn
G2355	θρῆνος	thrēnos	from the base of G2360 (θροέω);	wailing	lamentation
G2356	θρησκεία	thrēskeía	from a derivative of G2357 (θρησκός);	ceremonial observance	religion, worshipping
G2357	θρησκός	thrēskós	probably from the base of G2360 (θροέω);	ceremonious in worship (as demonstrative), i.e. pious	religious
G2358	θριαμβεύω	thriambeúō	from a prolonged compound of the base of G2360 (θροέω);	and a derivative of G680 (ἅπτομαι) (meaning a noisy iambus, sung in honor of Bacchus); to make an acclamatory procession, i.e. (figuratively) to conquer or (by Hebraism) to give victory	(cause) to triumph (over)
G2359	θρίξ	thríx	genitive case , etc.;	of uncertain derivation; hair	hair
G2360	θροέω	throéō	from to wail;	to clamor, i.e. (by implication) to frighten	trouble
G2361	θρόμβος	thrómbos	perhaps from G5142 (τρέφω) (in the sense of thickening);	a clot	great drop
G2362	θρόνος	thrónos	from (to sit);	a stately seat ("throne"); by implication, power or (concretely) a potentate	seat, throne
G2363	Θυάτειρα	Thyáteira	of uncertain derivation;	Thyatira, a place in Asia Minor	Thyatira
G2364	θυγάτηρ	thygátēr	apparently a primary word (compare "daughter");	a female child, or (by Hebraism) descendant (or inhabitant)	daughter
G2365	θυγάτριον	thygátrion	from G2364 (θυγάτηρ);	a daughterling	little (young) daughter
G2366	θύελλα	thýella	from G2380 (θύω) (in the sense of blowing) a storm		tempest
G2367	θύϊνος	thýïnos	from a derivative of G2380 (θύω) (in the sense of blowing;	denoting a certain fragrant tree); made of citron-wood	thyine
G2368	θυμίαμα	thymíama	from G2370 (θυμιάω);	an aroma, i.e. fragrant powder burnt in religious service; by implication, the burning itself	incense, odour
G2369	θυμιαστήριον	thymiastḗrion	from a derivative of G2370 (θυμιάω);	a place of fumigation, i.e. the alter of incense (in the Temple)	censer
G2370	θυμιάω	thymiáō	from a derivative of G2380 (θύω) (in the sense of smoking);	to fumigate, i.e. offer aromatic fumes	burn incense
G2371	θυμομαχέω	thymomachéō	from a presumed compound of G2372 (θυμός) and G3164 (μάχομαι);	to be in a furious fight, i.e. (figuratively) to be exasperated	be highly displeased
G2372	θυμός	thymós	from G2380 (θύω);	passion (as if breathing hard)	fierceness, indignation, wrath
G2373	θυμόω	thymóō	from G2372 (θυμός);	to put in a passion, i.e. enrage	be wroth
G2374	θύρα	thýra	apparently a primary word (compare "door");	a portal or entrance (the opening or the closure, literally or figuratively)	door, gate
G2375	θυρεός	thyreós	from G2374 (θύρα);	a large shield (as door-shaped)	shield
G2376	θυρίς	thyrís	from G2374 (θύρα);	an aperture, i.e. window	window
G2377	θυρωρός	thyrōrós	from G2374 (θύρα) and (a watcher);	a gate- warden	that kept the door, porter
G2378	θυσία	thysía	from G2380 (θύω);	sacrifice (the act or the victim, literally or figuratively)	sacrifice
G2379	θυσιαστήριον	thysiastḗrion	from a derivative of G2378 (θυσία);	a place of sacrifice, i.e. an altar (special or genitive case, literal or figurative)	altar
G2380	θύω	thýō	a primary verb;	properly, to rush (breathe hard, blow, smoke), i.e. (by implication) to sacrifice (properly, by fire, but genitive case); by extension to immolate (slaughter for any purpose)	kill, (do) sacrifice, slay
G2381	Θωμᾶς	Thōmâs	of Chaldee origin (compare H08380);	the twin; Thomas, a Christian	Thomas
G2382	θώραξ	thṓrax	of uncertain affinity;	the chest ("thorax"), i.e. (by implication) a corslet	breast-plate
G2383	Ἰάειρος	Iáeiros	of Hebrew origin (H02971);	Jairus (i.e. Jair), an Israelite	Jairus
G2384	Ἰακώβ	Iakṓb	of Hebrew origin (H03290);	Jacob (i.e. Ja`akob), the progenitor of the Israelites	also an Israelite:--Jacob
G2385	Ἰάκωβος	Iákōbos	the same as G2384 (Ἰακώβ) Græcized;	Jacobus, the name of three Israelites	James
G2386	ἴαμα	íama	from G2390 (ἰάομαι);	a cure (the effect)	healing
G2387	Ἰαμβρῆς	Iambrēs	of Egyptian origin;	Jambres, an Egyptian	Jambres
G2388	Ἰαννά	Ianná	probably of Hebrew origin (compare H03238);	Janna, an Israelite	Janna
G2389	Ἰαννῆς	Iannēs	of Egyptian origin;	Jannes, an Egyptian	Jannes
G2390	ἰάομαι	iáomai	middle voice of apparently a primary verb;	to cure (literally or figuratively)	heal, make whole
G2391	Ἰάρεδ	Iáred	of Hebrew origin (H03382);	Jared (i.e. Jered), an antediluvian	Jared
G2392	ἴασις	íasis	from G2390 (ἰάομαι);	curing (the act)	cure, heal(-ing)
G2393	ἴασπις	íaspis	probably of foreign origin (see H03471);	"jasper", a gem	jasper
G2394	Ἰάσων	Iásōn	future active participle masculine of G2390 (ἰάομαι);	about to cure; Jason, a Christian	Jason
G2395	ἰατρός	iatrós	from G2390 (ἰάομαι);	a physician	physician
G2396	ἴδε	íde	second person singular imperative active of G1492 (εἴδω);	used as an interjection to denote surprise; lo!	behold, lo, see
G2397	ἰδέα	idéa	from G1492 (εἴδω);	a sight (comparative figuratively "idea"), i.e. aspect	countenance
G2398	ἴδιος	ídios	of uncertain affinity;	pertaining to self, i.e. one's own; by implication, private or separate	X his acquaintance, when they were alone, apart, aside, due, his (own, proper, several), home, (her, our, thine, your) own (business), private(-ly), proper, severally, their (own)
G2399	ἰδιώτης	idiṓtēs	from G2398 (ἴδιος);	a private person, i.e. (by implication) an ignoramus (compare "idiot")	ignorant, rude, unlearned
G2400	ἰδού	idoú	second person singular imperative middle voice of G1492 (εἴδω);	used as imperative lo!;	--behold, lo, see
G2401	Ἰδουμαία	Idoumaía	of Hebrew origin (H0123);	Idumæa (i.e. Edom), a region East (and South) of Palestine	Idumæa
G2402	ἱδρώς	hidrṓs	a strengthened form of a primary idos (sweat);	perspiration	sweat
G2403	Ἰεζαβήλ	Iezabḗl	of Hebrew origin (H0348);	Jezabel (i.e. Jezebel), a Tyrian woman (used as a synonym of a termagant or false teacher)	Jezabel
G2404	Ἱεράπολις	Hierápolis	from G2413 (ἱερός) and G4172 (πόλις);	holy city; Hierapolis, a place in Asia Minor	Hierapolis
G2405	ἱερατεία	hierateía	from G2407 (ἱερατεύω);	priestliness, i.e. the sacerdotal function	office of the priesthood, priest's office
G2406	ἱεράτευμα	hieráteuma	from G2407 (ἱερατεύω);	the priestly fraternity, i.e. sacerdotal order (figuratively)	priesthood
G2407	ἱερατεύω	hierateúō	prolongation from G2409 (ἱερεύς);	to be a priest, i.e. perform his functions	execute the priest's office
G2408	Ἱερεμίας	Hieremías	of Hebrew origin (H03414);	Hieremias (i.e. Jermijah), an Israelite	Jeremiah
G2409	ἱερεύς	hiereús	from G2413 (ἱερός);	a priest (literally or figuratively)	(high) priest
G2410	Ἱεριχώ	Hierichṓ	of Hebrew origin (H03405);	Jericho, a place in Palestine	Jericho
G2411	ἱερόν	hierón	neuter of G2413 (ἱερός);	a sacred place, i.e. the entire precincts (whereas G3485 (ναός) denotes the central sanctuary itself) of the Temple (at Jerusalem or elsewhere)	temple
G2412	ἱεροπρεπής	hieroprepḗs	from G2413 (ἱερός) and the same as G4241 (πρέπω);	reverent	as becometh holiness
G2413	ἱερός	hierós	of uncertain affinity;	sacred	holy
G2414	Ἱεροσόλυμα	Hierosólyma	of Hebrew origin (H03389);	Hierosolyma (i.e. Jerushalaim), the capitol of Palestine	Jerusalem
G2415	Ἱεροσολυμίτης	Hierosolymítēs	from G2414 (Ἱεροσόλυμα);	a Hierosolymite, i.e. inhabitant of Hierosolyma	of Jerusalem
G2416	ἱεροσυλέω	hierosyléō	from G2417 (ἱερόσυλος);	to be a temple-robber (figuratively)	commit sacrilege
G2417	ἱερόσυλος	hierósylos	from G2411 (ἱερόν) and G4813 (συλάω);	a temple-despoiler	robber of churches
G2418	ἱερουργέω	hierourgéō	from a compound of G2411 (ἱερόν) and the base of G2041 (ἔργον);	to be a temple-worker, i.e. officiate as a priest (figuratively)	minister
G2419	Ἱερουσαλήμ	Hierousalḗm	of Hebrew origin (H03389);	Hierusalem (i.e. Jerushalem), the capitol of Palestine	Jerusalem
G2420	ἱερωσύνη	hierōsýnē	from G2413 (ἱερός);	sacredness, i.e. (by implication) the priestly office	priesthood
G2421	Ἰεσσαί	Iessaí	of Hebrew origin (H03448);	Jessæ (i.e. Jishai), an Israelite	Jesse
G2422	Ἰεφθάε	Iephtháe	of Hebrew origin (H03316);	Jephthaë (i.e. Jiphtach), an Israelite	Jephthah
G2423	Ἰεχονίας	Iechonías	of Hebrew origin (H03204);	Jechonias (i.e. Jekonjah), an Israelite	Jechonias
G2424	Ἰησοῦς	Iēsoûs	of Hebrew origin (H03091);	Jesus (i.e. Jehoshua), the name of our Lord and two (three) other Israelites	Jesus
G2425	ἱκανός	hikanós	from ( or , akin to G2240 (ἥκω)) (to arrive);	competent (as if coming in season), i.e. ample (in amount) or fit (in character)	able, + content, enough, good, great, large, long (while), many, meet, much, security, sore, sufficient, worthy
G2426	ἱκανότης	hikanótēs	from G2425 (ἱκανός);	ability	sufficiency
G2427	ἱκανόω	hikanóō	from G2425 (ἱκανός);	to enable, i.e. qualify	make able (meet)
G2428	ἱκετηρία	hiketēría	from a derivative of the base of G2425 (ἱκανός) (through the idea of approaching for a favor);	intreaty	supplication
G2429	ἱκμάς	hikmás	of uncertain affinity;	dampness	moisture
G2430	Ἰκόνιον	Ikónion	perhaps from G1504 (εἰκών);	image-like; Iconium, a place in Asia Minor	Iconium
G2431	ἱλαρός	hilarós	from the same as G2436 (ἵλεως);	propitious or merry ("hilarious"), i.e. prompt or willing	cheerful
G2432	ἱλαρότης	hilarótēs	from G2431 (ἱλαρός);	alacrity	cheerfulness
G2433	ἱλάσκομαι	hiláskomai	middle voice from the same as G2436 (ἵλεως);	to conciliate, i.e. (transitively) to atone for (sin), or (intransitively) be propitious	be merciful, make reconciliation for
G2434	ἱλασμός	hilasmós		atonement, i.e. (concretely) an expiator	propitiation
G2435	ἱλαστήριον	hilastḗrion	neuter of a derivative of G2433 (ἱλάσκομαι);	an expiatory (place or thing), i.e. (concretely) an atoning victim, or (specially) the lid of the Ark (in the Temple)	mercyseat, propitiation
G2436	ἵλεως	híleōs	perhaps from the alternate form of G138 (αἱρέομαι);	cheerful (as attractive), i.e. propitious; adverbially (by Hebraism) God be gracious!, i.e. (in averting some calamity) far be it	be it far, merciful
G2437	Ἰλλυρικόν	Illyrikón	neuter of an adjective from a name of uncertain derivation;	(the) Illyrican (shore), i.e. (as a name itself) Illyricum, a region of Europe	Illyricum
G2438	ἱμάς	himás	perhaps from the same as G260 (ἅμα);	a strap, i.e. (specially) the tie (of a sandal) or the lash (of a scourge)	latchet, thong
G2439	ἱματίζω	himatízō	from G2440 (ἱμάτιον);	to dress	clothe
G2440	ἱμάτιον	himátion	neuter of a presumed derivative of ennumi (to put on);	a dress (inner or outer)	apparel, cloke, clothes, garment, raiment, robe, vesture
G2441	ἱματισμός	himatismós	from G2439 (ἱματίζω);	clothing	apparel (X -led), array, raiment, vesture
G2442	ἱμείρομαι	himeíromai	middle voice from (a yearning;	of uncertain affinity); to long for	be affectionately desirous
G2443	ἵνα	hína	probably from the same as the former part of G1438 (ἑαυτοῦ) (through the demonstrative idea;	compare G3588 (ὁ)); in order that (denoting the purpose or the result)	albeit, because, to the intent (that), lest, so as, (so) that, (for) to
G2444	ἱνατί	hinatí	from G2443 (ἵνα) and G5101 (τίς);	for what reason ?, i.e. why?	wherefore, why
G2445	Ἰόππη	Ióppē	of Hebrew origin (H03305);	Joppe (i.e. Japho), a place in Palestine	Joppa
G2446	Ἰορδάνης	Iordánēs	of Hebrew origin (H03383);	the Jordanes (i.e. Jarden), a river of Palestine	Jordan
G2447	ἰός	iós	perhaps from (to go) or (to send);	rust (as if emitted by metals); also venom (as emitted by serpents)	poison, rust
G2448	Ἰουδά	Ioudá	of Hebrew origin (H03063 or perhaps H03194);	Judah (i.e. Jehudah or Juttah), a part of (or place in) Palestine	Judah
G2449	Ἰουδαία	Ioudaía	feminine of G2453 (Ἰουδαῖος) (with G1093 (γῆ) implied);	the Judæan land (i.e. Judæa), a region of Palestine	Judæa
G2450	Ἰουδαΐζω	Ioudaḯzō	from G2453 (Ἰουδαῖος);	to become a Judæan, i.e. "Judaize"	live as the Jews
G2451	Ἰουδαϊκός	Ioudaïkós	from G2453 (Ἰουδαῖος);	Judaïc, i.e. resembling a Judæan	Jewish
G2452	Ἰουδαϊκῶς	Ioudaïkōs	adverb from G2451 (Ἰουδαϊκός);	Judaïcally or in a manner resembling a Judæan	as do the Jews
G2453	Ἰουδαῖος	Ioudaîos	from G2448 (Ἰουδά) (in the sense of G2455 (Ἰούδας) as a country);	Judæan, i.e. belonging to Jehudah	Jew(-ess), of Judæa
G2454	Ἰουδαϊσμός	Ioudaïsmós	from G2450 (Ἰουδαΐζω);	"Judaism", i.e. the Jewish faith and usages	Jews' religion
G2455	Ἰούδας	Ioúdas	of Hebrew origin (H03063);	Judas (i.e. Jehudah), the name of ten Israelites; also of the posterity of one of them and its region	Juda(-h, -s); Jude
G2456	Ἰουλία	Ioulía	feminine of the same as G2457 (Ἰούλιος);	Julia, a Christian woman	Julia
G2457	Ἰούλιος	Ioúlios	of Latin origin;	Julius, a centurion	Julius
G2458	Ἰουνιᾶς	Iouniâs	of Latin origin;	Junias, a Christian	Junias
G2459	Ἰοῦστος	Ioûstos	of Latin origin ("just");	Justus, the name of three Christian	Justus
G2460	ἱππεύς	hippeús	from G2462 (ἵππος);	an equestrian, i.e. member of a cavalry corps	horseman
G2461	ἱππικόν	hippikón	neuter of a derivative of G2462 (ἵππος);	the cavalry force	horse(-men)
G2462	ἵππος	híppos	of uncertain affinity;	a horse	horse
G2463	ἶρις	îris	perhaps from G2046 (ἐρέω) (as a symbol of the female messenger of the pagan deities);	a rainbow ("iris")	rainbow
G2464	Ἰσαάκ	Isaák	of Hebrew origin (H03327);	Isaac (i.e. Jitschak), the son of Abraham	Isaac
G2465	ἰσάγγελος	isángelos	from G2470 (ἴσος) and G32 (ἄγγελος);	like an angel, i.e. angelic	equal unto the angels
G2466	Ἰσαχάρ	Isachár	of Hebrew origin (H03485);	Isachar (i.e. Jissaskar), a son of Jacob (figuratively, his descendant)	Issachar
G2467	ἴσημι	ísēmi	assumed by some as the base of certain irregular forms of G1492 (εἴδω);	to know	know
G2468	ἴσθι	ísthi	second person imperative present of G1510 (εἰμί);	be thou	+ agree, be, X give thyself wholly to
G2469	Ἰσκαριώτης	Iskariṓtēs	of Hebrew origin (probably H0377 and H07149);	inhabitant of Kerioth; Iscariotes (i.e. Keriothite), an epithet of Judas the traitor	Iscariot
G2470	ἴσος	ísos	probably from G1492 (εἴδω) (through the idea of seeming);	similar (in amount and kind)	+ agree, as much, equal, like
G2471	ἰσότης	isótēs		likeness (in condition or proportion); by implication, equity	equal(-ity)
G2472	ἰσότιμος	isótimos	from G2470 (ἴσος) and G5092 (τιμή);	of equal value or honor	like precious
G2473	ἰσόψυχος	isópsychos	from G2470 (ἴσος) and G5590 (ψυχή);	of similar spirit	likeminded
G2474	Ἰσραήλ	Israḗl	of Hebrew origin (H03478);	Israel (i.e. Jisrael), the adopted name of Jacob, including his descendants (literally or figuratively)	Israel
G2475	Ἰσραηλίτης	Israēlítēs	from G2474 (Ἰσραήλ);	an "Israelite", i.e. descendant of Israel (literally or figuratively)	Israelite
G2476	ἵστημι	hístēmi	a prolonged form of a primary (of the same meaning, and used for it in certain tenses);	to stand (transitively or intransitively), used in various applications (literally or figuratively)	abide, appoint, bring, continue, covenant, establish, hold up, lay, present, set (up), stanch, stand (by, forth, still, up)
G2477	ἱστορέω	historéō	from a derivative of G1492 (εἴδω);	to be knowing (learned), i.e. (by implication) to visit for information (interview)	see
G2478	ἰσχυρός	ischyrós	from G2479 (ἰσχύς);	forcible (literally or figuratively)	boisterous, mighty(-ier), powerful, strong(-er, man), valiant
G2479	ἰσχύς	ischýs	from a derivative of (force;	compare , a form of G2192 (ἔχω)); forcefulness (literally or figuratively)	ability, might(-ily), power, strength
G2480	ἰσχύω	ischýō	from G2479 (ἰσχύς);	to have (or exercise) force (literally or figuratively)	be able, avail, can do(-not), could, be good, might, prevail, be of strength, be whole, + much work
G2481	ἴσως	ísōs	adverb from G2470 (ἴσος);	likely, i.e. perhaps	it may be
G2482	Ἰταλία	Italía	probably of foreign origin;	Italia, a region of Europe	Italy
G2483	Ἰταλικός	Italikós	from G2482 (Ἰταλία);	Italic, i.e. belonging to Italia	Italian
G2484	Ἰτουραΐα	Itouraḯa	of Hebrew origin (H03195);	Ituræa (i.e. Jetur), a region of Palestine	Ituræa
G2485	ἰχθύδιον	ichthýdion	diminutive from G2486 (ἰχθύς);	a petty fish	little (small) fish
G2486	ἰχθύς	ichthýs	of uncertain affinity;	a fish	fish
G2487	ἴχνος	íchnos	from (to arrive;	compare G2240 (ἥκω)); a track (figuratively)	step
G2488	Ἰωάθαμ	Iōátham	of Hebrew origin (H03147);	Joatham (i.e. Jotham), an Israelite	Joatham
G2489	Ἰωάννα	Iōánna	feminine of the same as G2491 (Ἰωάννης);	Joanna, a Christian	Joanna
G2490	Ἰωαννᾶς	Iōannâs	a form of G2491 (Ἰωάννης);	Joannas, an Israelite	Joannas
G2491	Ἰωάννης	Iōánnēs	of Hebrew origin (H03110);	Joannes (i.e. Jochanan), the name of four Israelites	John
G2492	Ἰώβ	Iṓb	of Hebrew origin (H0347);	Job (i.e. Ijob), a patriarch	Job
G2493	Ἰωήλ	Iōḗl	of Hebrew origin (H03100);	Joel, an Israelite	Joel
G2494	Ἰωνάν	Iōnán	probably for G2491 (Ἰωάννης) or G2495 (Ἰωνᾶς);	Jonan, an Israelite	Jonan
G2495	Ἰωνᾶς	Iōnâs	of Hebrew origin (H03124);	Jonas (i.e. Jonah), the name of two Israelites	Jonas
G2496	Ἰωράμ	Iōrám	of Hebrew origin (H03141);	Joram, an Israelite	Joram
G2497	Ἰωρείμ	Iōreím	perhaps for G2496 (Ἰωράμ);	Jorim, an Israelite	Jorim
G2498	Ἰωσαφάτ	Iōsaphát	of Hebrew origin (H03092);	Josaphat (i.e. Jehoshaphat), an Israelite	Josaphat
G2499	Ἰωσή	Iōsḗ	genitive case of G2500 (Ἰωσῆς);	Jose, an Israelite	Jose
G2500	Ἰωσῆς	Iōsēs	perhaps for G2501 (Ἰωσήφ);	Joses, the name of two Israelites	Joses
G2501	Ἰωσήφ	Iōsḗph	of Hebrew origin (H03130);	Joseph, the name of seven Israelites	Joseph
G2502	Ἰωσίας	Iōsías	of Hebrew origin (H02977);	Josias (i.e. Joshiah), an Israelite	Josias
G2503	ἰῶτα	iōta	of Hebrew origin (the tenth letter of the Hebrew alphabet);	"iota", the name of the eighth letter of the Greek alphabet, put (figuratively) for a very small part of anything	jot
G2504	κἀγώ	kagṓ	from G2532 (καί) and G1473 (ἐγώ);	so also the dative case , and accusative case and (or also, even, etc.) I, (to) me	(and, even, even so, so) I (also, in like wise), both me, me also
G2505	καθά	kathá	from G2596 (κατά) and the neuter plural of G3739 (ὅς);	according to which things, i.e. just as	as
G2506	καθαίρεσις	kathaíresis	from G2507 (καθαιρέω);	demolition; figuratively, extinction	destruction, pulling down
G2507	καθαιρέω	kathairéō	from G2596 (κατά) and G138 (αἱρέομαι) (including its alternate);	to lower (or with violence) demolish (literally or figuratively)	cast (pull, put, take) down, destroy
G2508	καθαίρω	kathaírō	from G2513 (καθαρός);	to cleanse, i.e. (specially) to prune; figuratively, to expiate	purge
G2509	καθάπερ	katháper	from G2505 (καθά) and G4007 (περ);	exactly as	(even, as well) as
G2510	καθάπτω	katháptō	from G2596 (κατά) and G680 (ἅπτομαι);	to seize upon	fasten on
G2511	καθαρίζω	katharízō	from G2513 (καθαρός);	to cleanse (literally or figuratively)	(make) clean(-se), purge, purify
G2512	καθαρισμός	katharismós	from G2511 (καθαρίζω);	a washing off, i.e. (ceremonially) ablution, (morally) expiation	cleansing, + purge, purification(-fying)
G2513	καθαρός	katharós	of uncertain affinity;	clean (literally or figuratively)	clean, clear, pure
G2514	καθαρότης	katharótēs	from G2513 (καθαρός);	cleanness (ceremonially)	purification
G2515	καθέδρα	kathédra	from G2596 (κατά) and the same as G1476 (ἑδραῖος);	a bench (literally or figuratively)	seat
G2516	καθέζομαι	kathézomai	from G2596 (κατά) and the base of G1476 (ἑδραῖος);	to sit down	sit
G2517	καθεξῆς	kathexēs	from G2596 (κατά) and G1836 (ἑξῆς);	thereafter, i.e. consecutively; as a noun (by ellipsis of noun) a subsequent person or time	after(-ward), by (in) order
G2518	καθεύδω	katheúdō	from G2596 (κατά) and (to sleep);	to lie down to rest, i.e. (by implication) to fall asleep (literally or figuratively)	(be a-)sleep
G2519	καθηγητής	kathēgētḗs	from a compound of G2596 (κατά) and G2233 (ἡγέομαι);	a guide, i.e. (figuratively) a teacher	master
G2520	καθήκω	kathḗkō	from G2596 (κατά) and G2240 (ἥκω);	to reach to, i.e. (neuter of present active participle, figuratively as adjective) becoming	convenient, fit
G2521	κάθημαι	káthēmai	from G2596 (κατά);	and (to sit; akin to the base of G1476 (ἑδραῖος)); to sit down; figuratively, to remain, reside	dwell, sit (by, down)
G2522	καθημερινός	kathēmerinós	from G2596 (κατά) and G2250 (ἡμέρα);	quotidian	daily
G2523	καθίζω	kathízō	another (active) form for G2516 (καθέζομαι);	to seat down, i.e. set (figuratively, appoint); intransitively, to sit (down); figuratively, to settle (hover, dwell)	continue, set, sit (down), tarry
G2524	καθίημι	kathíēmi	from G2596 (κατά);	and (to send); to lower	let down
G2525	καθίστημι	kathístēmi	from G2596 (κατά) and G2476 (ἵστημι);	to place down (permanently), i.e. (figuratively) to designate, constitute, convoy	appoint, be, conduct, make, ordain, set
G2526	καθό	kathó	from G2596 (κατά) and G3739 (ὅς);	according to which thing, i.e. precisely as, in proportion as	according to that, (inasmuch) as
G2527	καθόλου	kathólou	from G2596 (κατά) and G3650 (ὅλος);	on the whole, i.e. entirely	at all
G2528	καθοπλίζω	kathoplízō	from G2596 (κατά);	and G3695 (ὁπλίζω); to equip fully with armor	arm
G2529	καθοράω	kathoráō	from G2596 (κατά) and G3708 (ὁράω);	to behold fully, i.e. (figuratively) distinctly apprehend	clearly see
G2530	καθότι	kathóti	from G2596 (κατά);	and G3739 (ὅς) and G5100 (τὶς); according to which certain thing, i.e. as far (or inasmuch) as	(according, forasmuch) as, because (that)
G2531	καθώς	kathṓs	from G2596 (κατά) and G5613 (ὡς);	just (or inasmuch) as, that	according to, (according, even) as, how, when
G2532	καί	kaí	apparently, a primary particle, having a copulative and sometimes also a cumulative force;	and, also, even, so then, too, etc.; often used in connection (or composition) with other particles or small words	and, also, both, but, even, for, if, or, so, that, then, therefore, when, yet
G2533	Καϊάφας	Kaïáphas	of Chaldee origin;	the dell; Caiaphas (i.e. Cajepha), an Israelite	Caiaphas
G2534	καίγε	kaíge	from G2532 (καί) and G1065 (γέ);	and at least (or even, indeed)	and, at least
G2535	Κάϊν	Káïn	of Hebrew origin (H07014);	Cain, (i.e. Cajin), the son of Adam	Cain
G2536	Καϊνάν	Kaïnán	of Hebrew origin (H07018);	Cainan (i.e. Kenan), the name of two patriarchs	Cainan
G2537	καινός	kainós	of uncertain affinity; new (especially in freshness; while G3501 (νέος) is properly so with respect to age		new
G2538	καινότης	kainótēs	from G2537 (καινός);	renewal (figuratively)	newness
G2539	καίπερ	kaíper	from G2532 (καί) and G4007 (περ);	and indeed, i.e. nevertheless or notwithstanding	and yet, although
G2540	καιρός	kairós	of uncertain affinity;	an occasion, i.e. set or proper time	X always, opportunity, (convenient, due) season, (due, short, while) time, a while
G2541	Καῖσαρ	Kaîsar	of Latin origin;	Cæsar, a title of the Roman emperor	Cæsar
G2542	Καισάρεια	Kaisáreia	from G2541 (Καῖσαρ);	Cæsaria, the name of two places in Palestine	Cæsarea
G2543	καίτοι	kaítoi	from G2532 (καί) and G5104 (τοί);	and yet, i.e. nevertheless	although
G2544	καίτοιγε	kaítoige	from G2543 (καίτοι) and G1065 (γέ);	and yet indeed, i.e. although really	nevertheless, though
G2545	καίω	kaíō	apparently a primary verb;	to set on fire, i.e. kindle or (by implication) consume	burn, light
G2546	κἀκεῖ	kakeî	from G2532 (καί) and G1563 (ἐκεῖ);	likewise in that place	and there, there (thither) also
G2547	κἀκεῖθεν	kakeîthen	from G2532 (καί) and G1564 (ἐκεῖθεν);	likewise from that place (or time)	and afterward (from) (thence), thence also
G2548	κἀκεῖνος	kakeînos	from G2532 (καί) and G1565 (ἐκεῖνος);	likewise that (or those)	and him (other, them), even he, him also, them (also), (and) they
G2549	κακία	kakía	from G2556 (κακός);	badness, i.e. (subjectively) depravity, or (actively) malignity, or (passively) trouble	evil, malice(-iousness), naughtiness, wickedness
G2550	κακοήθεια	kakoḗtheia	from a compound of G2556 (κακός) and G2239 (ἦθος);	bad character, i.e. (specially) mischievousness	malignity
G2551	κακολογέω	kakologéō	from a compound of G2556 (κακός) and G3056 (λόγος);	to revile	curse, speak evil of
G2552	κακοπάθεια	kakopátheia	from a compound of G2256 (ἡμιώριον) and G3806 (πάθος);	hardship	suffering affliction
G2553	κακοπαθέω	kakopathéō	from the same as G2552 (κακοπάθεια);	to undergo hardship	be afflicted, endure afflictions (hardness), suffer trouble
G2554	κακοποιέω	kakopoiéō	from G2555 (κακοποιός);	to be a bad-doer, i.e. (objectively) to injure, or (genitive) to sin	do(ing) evil
G2555	κακοποιός	kakopoiós	from G2556 (κακός) and G4160 (ποιέω);	a bad-doer; (specially), a criminal	evil-doer, malefactor
G2556	κακός	kakós	apparently a primary word;	worthless (intrinsically, such; whereas G4190 (πονηρός) properly refers to effects), i.e. (subjectively) depraved, or (objectively) injurious	bad, evil, harm, ill, noisome, wicked
G2557	κακοῦργος	kakoûrgos	from G2556 (κακός) and the base of G2041 (ἔργον);	a wrong-doer, i.e. criminal	evil-doer, malefactor
G2558	κακουχέω	kakouchéō	from a presumed compound of G2556 (κακός) and G2192 (ἔχω);	to maltreat	which suffer adversity, torment
G2559	κακόω	kakóō	from G2556 (κακός);	to injure; figuratively, to exasperate	make evil affected, entreat evil, harm, hurt, vex
G2560	κακῶς	kakōs	from G2556 (κακός);	badly (physically or morally)	amiss, diseased, evil, grievously, miserably, sick, sore
G2561	κάκωσις	kákōsis	from G2559 (κακόω);	maltreatment	affliction
G2562	καλάμη	kalámē	feminine of G2563 (κάλαμος);	a stalk of grain, i.e. (collectively) stubble	stubble
G2563	κάλαμος	kálamos	of uncertain affinity;	a reed (the plant or its stem, or that of a similar plant); by implication, a pen	pen, reed
G2564	καλέω	kaléō	akin to the base of G2753 (κελεύω);	to "call" (properly, aloud, but used in a variety of applications, directly or otherwise)	bid, call (forth), (whose, whose sur-)name (was (called))
G2565	καλλιέλαιος	kalliélaios	from the base of G2566 (καλλίον) and G1636 (ἐλαία);	a cultivated olive tree, i.e. a domesticated or improved one	good olive tree
G2566	καλλίον	kallíon	neuter of the (irregular) comparative of G2570 (καλός);	(adverbially) better than many	very well
G2567	καλοδιδάσκαλος	kalodidáskalos	from G2570 (καλός) and G1320 (διδάσκαλος);	a teacher of the right	teacher of good things
G2568	Καλοὶ Λιμένες	Kaloì Liménes	plural of G2570 (καλός) and G3040 (λιμήν);	Good Harbors, i.e. Fairhaven, a bay of Crete	fair havens
G2569	καλοποιέω	kalopoiéō	from G2570 (καλός) and G4160 (ποιέω);	to do well, i.e. live virtuously	well doing
G2570	καλός	kalós	of uncertain affinity; properly, beautiful, but chiefly (figuratively) good (literally or morally), i.e. valuable or virtuous (for appearance or use, and thus distinguished from G18 (ἀγαθός), which is properly intrinsic)		X better, fair, good(-ly), honest, meet, well, worthy
G2571	κάλυμα	kályma	from G2572 (καλύπτω);	a cover, i.e. veil	vail
G2572	καλύπτω	kalýptō	akin to G2813 (κλέπτω) and G2928 (κρύπτω);	to cover up (literally or figuratively)	cover, hide
G2573	καλῶς	kalōs	adverb from G2570 (καλός);	well (usually morally)	(in a) good (place), honestly, + recover, (full) well
G2574	κάμηλος	kámēlos	of Hebrew origin (H01581);	a "camel"	camel
G2575	κάμινος	káminos	probably from G2545 (καίω);	a furnace	furnace
G2576	καμμύω	kammýō	from a compound of G2596 (κατά) and the base of G3466 (μυστήριον);	to shut down, i.e. close the eyes	close
G2577	κάμνω	kámnō	apparently a primary verb;	properly, to toil, i.e. (by implication) to tire (figuratively, faint, sicken)	faint, sick, be wearied
G2578	κάμπτω	kámptō	apparently a primary verb;	to bend	bow
G2579	κἄν	kán	from G2532 (καί) and G1437 (ἐάν);	and (or even) if	and (also) if (so much as), if but, at the least, though, yet
G2580	Κανᾶ	Kanâ	of Hebrew origin (compare H07071);	Cana, a place in Palestine	Cana
G2581	Κανανίτης	Kananítēs	of Chaldee origin (compare H07067);	zealous; Cananites, an epithet	Canaanite (by mistake for a derivative from G5477 (Χαναάν))
G2582	Κανδάκη	Kandákē	of foreign origin;	Candacè, an Egyptian queen	Candace
G2583	κανών	kanṓn	from (a straight reed, i.e. rod);	a rule ("canon"), i.e. (figuratively) a standard (of faith and practice); by implication, a boundary, i.e. (figuratively) a sphere (of activity)	line, rule
G2584	Καπερναούμ	Kapernaoúm	of Hebrew origin (probably H03723 and H05151);	Capernaum (i.e. Caphanachum), a place in Palestine	Capernaum
G2585	καπηλεύω	kapēleúō	from (a huckster);	to retail, i.e. (by implication) to adulterate (figuratively)	corrupt
G2586	καπνός	kapnós	of uncertain affinity;	smoke	smoke
G2587	Καππαδοκία	Kappadokía	of foreign origin;	Cappadocia, a region of Asia Minor	Cappadocia
G2588	καρδία	kardía	prolonged from a primary (Latin cor, "heart");	the heart, i.e. (figuratively) the thoughts or feelings (mind); also (by analogy) the middle	(+ broken-)heart(-ed)
G2589	καρδιογνώστης	kardiognṓstēs	from G2588 (καρδία) and G1097 (γινώσκω);	a heart-knower	which knowest the hearts
G2590	καρπός	karpós	probably from the base of G726 (ἁρπάζω);	fruit (as plucked), literally or figuratively	fruit
G2591	Κάρπος	Kárpos	perhaps for G2590 (καρπός);	Carpus, probably a Christian	Carpus
G2592	καρποφορέω	karpophoréō	from G2593 (καρποφόρος);	to be fertile (literally or figuratively)	be (bear, bring forth) fruit(-ful)
G2593	καρποφόρος	karpophóros	from G2590 (καρπός) and G5342 (φέρω);	fruitbearing (figuratively)	fruitful
G2594	καρτερέω	karteréō	from a derivative of G2904 (κράτος) (transposed);	to be strong, i.e. (figuratively) steadfast (patient)	endure
G2595	κάρφος	kárphos	from (to wither);	a dry twig or straw	mote
G2596	κατά	katá	a primary particle;	(prepositionally) down (in place or time), in varied relations (according to the case (genitive, dative or accusative) with which it is joined)	about, according as (to), after, against, (when they were) X alone, among, and, X apart, (even, like) as (concerning, pertaining to touching), X aside, at, before, beyond, by, to the charge of, (charita-)bly, concerning, + covered, (dai-)ly, down, every, (+ far more) exceeding, X more excellent, for, from … to, godly, in(-asmuch, divers, every, -to, respect of), … by, after the manner of, + by any means, beyond (out of) measure, X mightily, more, X natural, of (up-)on (X part), out (of every), over against, (+ your) X own, + particularly, so, through(-oughout, -oughout every), thus, (un-)to(-gether, -ward), X uttermost, where(-by), with
G2597	καταβαίνω	katabaínō	from G2596 (κατά) and the base of G939 (βάσις);	to descend (literally or figuratively)	come (get, go, step) down, fall (down)
G2598	καταβάλλω	katabállō	from G2596 (κατά) and G906 (βάλλω);	to throw down	cast down, lay
G2599	καταβαρέω	katabaréō	from G2596 (κατά) and G916 (βαρέω);	to impose upon	burden
G2600	κατάβασις	katábasis	from G2597 (καταβαίνω);	a declivity	descent
G2601	καταβιβάζω	katabibázō	from G2596 (κατά) and a derivative of the base of G939 (βάσις);	to cause to go down, i.e. precipitate	bring (thrust) down
G2602	καταβολή	katabolḗ	from G2598 (καταβάλλω);	a deposition, i.e. founding; figuratively, conception	conceive, foundation
G2603	καταβραβεύω	katabrabeúō	from G2596 (κατά) and G1018 (βραβεύω) (in its original sense);	to award the price against, i.e. (figuratively) to defraud (of salvation)	beguile of reward
G2604	καταγγελεύς	katangeleús	from G2605 (καταγγέλλω);	a proclaimer	setter forth
G2605	καταγγέλλω	katangéllō	from G2596 (κατά) and the base of G32 (ἄγγελος);	to proclaim, promulgate	declare, preach, shew, speak of, teach
G2606	καταγελάω	katageláō		to laugh down, i.e. deride	laugh to scorn
G2607	καταγινώσκω	kataginṓskō	from G2596 (κατά) and G1097 (γινώσκω);	to note against, i.e. find fault with	blame, condemn
G2608	κατάγνυμι	katágnymi	from G2596 (κατά) and the base of G4486 (ῥήγνυμι);	to rend in pieces, i.e. crack apart	break
G2609	κατάγω	katágō	from G2596 (κατά) and G71 (ἄγω);	to lead down; specially, to moor a vessel	bring (down, forth), (bring to) land, touch
G2610	καταγωνίζομαι	katagōnízomai	from G2596 (κατά) and G75 (ἀγωνίζομαι);	to struggle against, i.e. (by implication) to overcome	subdue
G2611	καταδέω	katadéō	from G2596 (κατά) and G1210 (δέω);	to tie down, i.e. bandage (a wound)	bind up
G2612	κατάδηλος	katádēlos	from G2596 (κατά) intensive and G1212 (δῆλος);	manifest	far more evident
G2613	καταδικάζω	katadikázō	from G2596 (κατά) and a derivative of G1349 (δίκη);	to adjudge against, i.e. pronounce guilty	condemn
G2614	καταδιώκω	katadiṓkō	from G2596 (κατά) and G1377 (διώκω);	to hunt down, i.e. search for	follow after
G2615	καταδουλόω	katadoulóō	from G2596 (κατά) and G1402 (δουλόω);	to enslave utterly	bring into bondage
G2616	καταδυναστεύω	katadynasteúō	from G2596 (κατά) and a derivative of G1413 (δυνάστης);	to exercise dominion against, i.e. oppress	oppress
G2617	καταισχύνω	kataischýnō	from G2596 (κατά) and G153 (αἰσχύνομαι);	to shame down, i.e. disgrace or (by implication) put to the blush	confound, dishonour, (be a-, make a-)shame(-d)
G2618	κατακαίω	katakaíō	from G2596 (κατά) and G2545 (καίω);	to burn down (to the ground), i.e. consume wholly	burn (up, utterly)
G2619	κατακαλύπτω	katakalýptō	from G2596 (κατά) and G2572 (καλύπτω);	to cover wholly, i.e. veil	cover, hide
G2620	κατακαυχάομαι	katakaucháomai	from G2596 (κατά) and G2744 (καυχάομαι);	to exult against (i.e. over)	boast (against), glory, rejoice against
G2621	κατάκειμαι	katákeimai	from G2596 (κατά) and G2749 (κεῖμαι);	to lie down, i.e. (by implication) be sick; specially, to recline at a meal	keep, lie, sit at meat (down)
G2622	κατακλάω	katakláō	from G2596 (κατά) and G2806 (κλάω);	to break down, i.e. divide	break
G2623	κατακλείω	katakleíō	from G2596 (κατά) and G2808 (κλείω);	to shut down (in a dungeon), i.e. incarcerate	shut up
G2624	κατακληροδοτέω	kataklērodotéō	from G2596 (κατά) and a derivative of a compound of G2819 (κλῆρος) and G1325 (δίδωμι);	to be a giver of lots to each, i.e. (by implication) to apportion an estate	divide by lot
G2625	κατακλίνω	kataklínō	from G2596 (κατά) and G2827 (κλίνω);	to recline down, i.e. (specially) to take a place at table	(make) sit down (at meat)
G2626	κατακλύζω	kataklýzō	from G2596 (κατά) and the base of G2830 (κλύδων);	to dash (wash) down, i.e. (by implication) to deluge	overflow
G2627	κατακλυσμός	kataklysmós	from G2626 (κατακλύζω);	an inundation	flood
G2628	κατακολουθέω	katakolouthéō	from G2596 (κατά) and G190 (ἀκολουθέω);	to accompany closely	follow (after)
G2629	κατακόπτω	katakóptō	from G2596 (κατά) and G2875 (κόπτω);	to chop down, i.e. mangle	cut
G2630	κατακρημνίζω	katakrēmnízō	from G2596 (κατά) and a derivative of G2911 (κρημνός);	to precipitate down	cast down headlong
G2631	κατάκριμα	katákrima	from G2632 (κατακρίνω);	an adverse sentence (the verdict)	condemnation
G2632	κατακρίνω	katakrínō	from G2596 (κατά) and G2919 (κρίνω);	to judge against, i.e. sentence	condemn, damn
G2633	κατάκρισις	katákrisis	from G2632 (κατακρίνω);	sentencing adversely (the act)	condemn(-ation)
G2634	κατακυριεύω	katakyrieúō	from G2596 (κατά) and G2961 (κυριεύω);	to lord against, i.e. control, subjugate	exercise dominion over (lordship), be lord over, overcome
G2635	καταλαλέω	katalaléō	from G2637 (κατάλαλος);	to be a traducer, i.e. to slander	speak against (evil of)
G2636	καταλαλία	katalalía	from G2637 (κατάλαλος);	defamation	backbiting, evil speaking
G2637	κατάλαλος	katálalos	from G2596 (κατά) and the base of G2980 (λαλέω);	talkative against, i.e. a slanderer	backbiter
G2638	καταλαμβάνω	katalambánō	from G2596 (κατά) and G2983 (λαμβάνω);	to take eagerly, i.e. seize, possess, etc. (literally or figuratively)	apprehend, attain, come upon, comprehend, find, obtain, perceive, (over-)take
G2639	καταλέγω	katalégō	from G2596 (κατά) and G3004 (λέγω) (in its original meaning);	to lay down, i.e. (figuratively) to enrol	take into the number
G2640	κατάλειμμα	katáleimma	from G2641 (καταλείπω);	a remainder, i.e. (by implication) a few	remnant
G2641	καταλείπω	kataleípō	from G2596 (κατά) and G3007 (λείπω);	to leave down, i.e. behind; by implication, to abandon, have remaining	forsake, leave, reserve
G2642	καταλιθάζω	katalitházō	from G2596 (κατά) and G3034 (λιθάζω);	to stone down, i.e. to death	stone
G2643	καταλλαγή	katallagḗ	from G2644 (καταλλάσσω);	exchange (figuratively, adjustment), i.e. restoration to (the divine) favor	atonement, reconciliation(-ing)
G2644	καταλλάσσω	katallássō	from G2596 (κατά) and G236 (ἀλλάσσω);	to change mutually, i.e. (figuratively) to compound a difference	reconcile
G2645	κατάλοιπος	katáloipos	from G2596 (κατά) and G3062 (λοιποί);	left down (behind), i.e remaining (plural the rest)	residue
G2646	κατάλυμα	katályma	from G2647 (καταλύω);	properly, a dissolution (breaking up of a journey), i.e. (by implication) a lodging-place	guestchamber, inn
G2647	καταλύω	katalýō	from G2596 (κατά) and G3089 (λύω);	to loosen down (disintegrate), i.e. (by implication) to demolish (literally or figuratively); specially (compare G2646 (κατάλυμα)) to halt for the night	destroy, dissolve, be guest, lodge, come to nought, overthrow, throw down
G2648	καταμανθάνω	katamanthánō	from G2596 (κατά) and G3129 (μανθάνω);	to learn thoroughly, i.e. (by implication) to note carefully	consider
G2649	καταμαρτυρέω	katamartyréō	from G2596 (κατά) and G3140 (μαρτυρέω);	to testify against	witness against
G2650	καταμένω	kataménō	from G2596 (κατά) and G3306 (μένω);	to stay fully, i.e. reside	abide
G2651	καταμόνας	katamónas	from G2596 (κατά) and accusative case plural feminine of G3441 (μόνος) (with G5561 (χώρα) implied);	according to sole places, i.e. (adverbially) separately	alone
G2652	κατανάθεμα	katanáthema	from G2596 (κατά) (intensive) and G331 (ἀνάθεμα);	an imprecation	curse
G2653	καταναθεματίζω	katanathematízō	from G2596 (κατά) (intensive) and G332 (ἀναθεματίζω);	to imprecate	curse
G2654	καταναλίσκω	katanalískō	from G2596 (κατά) and G355 (ἀναλίσκω);	to consume utterly	consume
G2655	καταναρκάω	katanarkáō	from G2596 (κατά) and (to be numb);	to grow utterly torpid, i.e. (by implication) slothful (figuratively, expensive)	be burdensome (chargeable)
G2656	κατανεύω	kataneúō	from G2596 (κατά) and G3506 (νεύω);	to nod down (towards), i.e. (by analogy) to make signs to	beckon
G2657	κατανοέω	katanoéō	from G2596 (κατά) and G3539 (νοιέω);	to observe fully	behold, consider, discover, perceive
G2658	καταντάω	katantáō	from G2596 (κατά) and a derivative of G473 (ἀντί);	to meet against, i.e. arrive at (literally or figuratively)	attain, come
G2659	κατάνυξις	katányxis	from G2660 (κατανύσσω);	a prickling (sensation, as of the limbs asleep), i.e. (by implication, (perhaps by some confusion with G3506 (νεύω) or even with G3571 (νύξ))) stupor (lethargy)	slumber
G2660	κατανύσσω	katanýssō	from G2596 (κατά) and G3572 (νύσσω);	to pierce thoroughly, i.e. (figuratively) to agitate violently ("sting to the quick")	prick
G2661	καταξιόω	kataxióō	from G2596 (κατά) and G515 (ἀξιόω);	to deem entirely deserving	(ac-)count worthy
G2662	καταπατέω	katapatéō	from G2596 (κατά) and G3961 (πατέω);	to trample down; figuratively, to reject with disdain	trample, tread (down, underfoot)
G2663	κατάπαυσις	katápausis	from G2664 (καταπαύω);	reposing down, i.e. (by Hebraism) abode	rest
G2664	καταπαύω	katapaúō	from G2596 (κατά) and G3973 (παύω);	to settle down, i.e. (literally) to colonize, or (figuratively) to (cause to) desist	cease, (give) rest(-rain)
G2665	καταπέτασμα	katapétasma	from a compound of G2596 (κατά) and a congener of G4072 (πέτομαι);	something spread thoroughly, i.e. (specially) the door screen (to the Most Holy Place) in the Jewish Temple	vail
G2666	καταπίνω	katapínō	from G2596 (κατά) and G4095 (πίνω);	to drink down, i.e. gulp entire (literally or figuratively)	devour, drown, swallow (up)
G2667	καταπίπτω	katapíptō	from G2596 (κατά) and G4098 (πίπτω);	to fall down	fall (down)
G2668	καταπλέω	katapléō	from G2596 (κατά) and G4126 (πλέω);	to sail down upon a place, i.e. to land at	arrive
G2669	καταπονέω	kataponéō	from G2596 (κατά) and a derivative of G4192 (πόνος);	to labor down, i.e. wear with toil (figuratively, harass)	oppress, vex
G2670	καταποντίζω	katapontízō	from G2596 (κατά) and a derivative of the same as G4195 (Πόντος);	to plunge down, i.e. submerge	drown, sink
G2671	κατάρα	katára	from G2596 (κατά) (intensive) and G685 (ἀρά);	imprecation, execration	curse(-d, ing)
G2672	καταράομαι	kataráomai	middle voice from G2671 (κατάρα);	to execrate; by analogy, to doom	curse
G2673	καταργέω	katargéō	from G2596 (κατά) and G691 (ἀργέω);	to be (render) entirely idle (useless), literally or figuratively	abolish, cease, cumber, deliver, destroy, do away, become (make) of no (none, without) effect, fail, loose, bring (come) to nought, put away (down), vanish away, make void
G2674	καταριθμέω	katarithméō	from G2596 (κατά) and G705 (ἀριθμέω);	to reckon among	number with
G2675	καταρτίζω	katartízō	from G2596 (κατά) and a derivative of G739 (ἄρτιος);	to complete thoroughly, i.e. repair (literally or figuratively) or adjust	fit, frame, mend, (make) perfect(-ly join together), prepare, restore
G2676	κατάρτισις	katártisis	from G2675 (καταρτίζω);	thorough equipment (subjectively)	perfection
G2677	καταρτισμός	katartismós	from G2675 (καταρτίζω);	complete furnishing (objectively)	perfecting
G2678	κατασείω	kataseíō	from G2596 (κατά) and G4579 (σείω);	to sway downward, i.e. make a signal	beckon
G2679	κατασκάπτω	kataskáptō	from G2596 (κατά) and G4626 (σκάπτω);	to undermine, i.e. (by implication) destroy	dig down, ruin
G2680	κατασκευάζω	kataskeuázō	from G2596 (κατά) and a derivative of G4632 (σκεῦος);	to prepare thoroughly (properly, by external equipment; whereas G2090 (ἑτοιμάζω) refers rather to internal fitness); by implication, to construct, create	build, make, ordain, prepare
G2681	κατασκηνόω	kataskēnóō	from G2596 (κατά) and G4637 (σκηνόω);	to camp down, i.e. haunt; figuratively, to remain	lodge, rest
G2682	κατασκήνωσις	kataskḗnōsis	from G2681 (κατασκηνόω);	an encamping, i.e. (figuratively) a perch	nest
G2683	κατασκιάζω	kataskiázō	from G2596 (κατά) and a derivative of G4639 (σκιά);	to overshade, i.e. cover	shadow
G2684	κατασκοπέω	kataskopéō	from G2685 (κατάσκοπος);	to be a sentinel, i.e. to inspect insidiously	spy out
G2685	κατάσκοπος	katáskopos	from G2596 (κατά) (intensive) and G4649 (σκοπός) (in the sense of a watcher);	a reconnoiterer	spy
G2686	κατασοφίζομαι	katasophízomai	middle voice from G2596 (κατά) and G4679 (σοφίζω);	to be crafty against, i.e. circumvent	deal subtilly with
G2687	καταστέλλω	katastéllō	from G2596 (κατά) and G4724 (στέλλω);	to put down, i.e. quell	appease, quiet
G2688	κατάστημα	katástēma	from G2525 (καθίστημι);	properly, a position or condition, i.e. (subjectively) demeanor	behaviour
G2689	καταστολή	katastolḗ	from G2687 (καταστέλλω);	a deposit, i.e. (specially) costume	apparel
G2690	καταστρέφω	katastréphō	from G2596 (κατά) and G4762 (στρέφω);	to turn upside down, i.e. upset	overthrow
G2691	καταστρηνιάω	katastrēniáō	from G2596 (κατά) and G4763 (στρηνιάω);	to become voluptuous against	begin to wax wanton against
G2692	καταστροφή	katastrophḗ	from G2690 (καταστρέφω);	an overturn ("catastrophe"), i.e. demolition; figuratively, apostasy	overthrow, subverting
G2693	καταστρώννυμι	katastrṓnnymi	from G2596 (κατά) and G4766 (στρώννυμι);	to strew down, i.e. (by implication) to prostrate (slay)	overthrow
G2694	κατασύρω	katasýrō	from G2596 (κατά) and G4951 (σύρω);	to drag down, i.e. arrest judicially	hale
G2695	κατασφάττω	kataspháttō	from G2596 (κατά) and G4969 (σφάζω);	to kill down, i.e. slaughter	slay
G2696	κατασφραγίζω	katasphragízō	from G2596 (κατά) and G4972 (σφραγίζω);	to seal closely	seal
G2697	κατάσχεσις	katáschesis	from G2722 (κατέχω);	a holding down, i.e. occupancy	possession
G2698	κατατίθημι	katatíthēmi	from G2596 (κατά) and G5087 (τίθημι);	to place down, i.e. deposit (literally or figuratively)	do, lay, shew
G2699	κατατομή	katatomḗ	from a compound of G2596 (κατά) and (to cut);	a cutting down (off), i.e. mutilation (ironically)	concision
G2700	κατατοξεύω	katatoxeúō	from G2596 (κατά) and a derivative of G5115 (τόξον);	to shoot down with an arrow or other missile	thrust through
G2701	κατατρέχω	katatréchō	from G2596 (κατά) and G5143 (τρέχω);	to run down, i.e. hasten from a tower	run down
G2702	καταφέρω	kataphérō	from G2596 (κατά) and G5342 (φέρω) (including its alternate);	to bear down, i.e. (figuratively) overcome (with drowsiness); specially, to cast a vote	fall, give, sink down
G2703	καταφεύγω	katapheúgō	from G2596 (κατά) and G5343 (φεύγω);	to flee down (away)	flee
G2704	καταφθείρω	kataphtheírō	from G2596 (κατά) and G5351 (φθείρω);	to spoil entirely, i.e. (literally) to destroy; or (figuratively) to deprave;	--corrupt, utterly perish
G2705	καταφιλέω	kataphiléō	from 2596 and 5368;	to kiss earnestly	kiss
G2706	καταφρονέω	kataphronéō	from G2596 (κατά) and G5426 (φρονέω);	to think against, i.e. disesteem	despise
G2707	καταφροντής	kataphrontḗs	from G2706 (καταφρονέω);	a contemner	despiser
G2708	καταχέω	katachéō	from G2596 (κατά) and cheo (to pour);	to pour down (out)	pour
G2709	καταχθόνιος	katachthónios	from G2596 (κατά) and (the ground);	subterranean, i.e. infernal (belonging to the world of departed spirits)	under the earth
G2710	καταχράομαι	katachráomai	from G2596 (κατά) and G5530 (χράομαι);	to overuse, i.e. misuse	abuse
G2711	καταψύχω	katapsýchō	from G2596 (κατά) and G5594 (ψύχω);	to cool down (off), i.e. refresh	cool
G2712	κατείδωλος	kateídōlos	from G2596 (κατά) (intensively) and G1497 (εἴδωλον);	utterly idolatrous	wholly given to idolatry
G2713	κατέναντι	katénanti	from G2596 (κατά) and G1725 (ἔναντι);	directly opposite	before, over against
G2714	κατενώπιον	katenṓpion	from G2596 (κατά) and G1799 (ἐνώπιον);	directly in front of	before (the presence of), in the sight of
G2715	κατεξουσιάζω	katexousiázō	from G2596 (κατά) and G1850 (ἐξουσιάζω);	to have (wield) full privilege over	exercise authority
G2716	κατεργάζομαι	katergázomai	from G2596 (κατά) and G2038 (ἐργάζομαι);	to work fully, i.e. accomplish; by implication, to finish, fashion	cause, to (deed), perform, work (out)
G2718	κατέρχομαι	katérchomai	from G2596 (κατά) and G2064 (ἔρχομαι) (including its alternate);	to come (or go) down (literally or figuratively)	come (down), depart, descend, go down, land
G2719	κατεσθίω	katesthíō	from G2596 (κατά) and G2068 (ἐσθίω) (including its alternate);	to eat down, i.e. devour (literally or figuratively)	devour
G2720	κατευθύνω	kateuthýnō	from G2596 (κατά) and G2116 (εὐθύνω);	to straighten fully, i.e. (figuratively) direct	guide, direct
G2721	κατεφίστημι	katephístēmi	from G2596 (κατά) and G2186 (ἐφίστημι);	to stand over against, i.e. rush upon (assault)	make insurrection against
G2722	κατέχω	katéchō	from G2596 (κατά) and G2192 (ἔχω);	to hold down (fast), in various applications (literally or figuratively)	have, hold (fast), keep (in memory), let, X make toward, possess, retain, seize on, stay, take, withhold
G2723	κατηγορέω	katēgoréō	from G2725 (κατήγορος);	to be a plaintiff, i.e. to charge with some offence	accuse, object
G2724	κατηγορία	katēgoría	from G2725 (κατήγορος);	a complaint ("category"), i.e. criminal charge	accusation (X -ed)
G2725	κατήγορος	katḗgoros	from G2596 (κατά) and G58 (ἀγορά);	against one in the assembly, i.e. a complainant at law; specially, Satan	accuser
G2726	κατήφεια	katḗpheia	from a compound of G2596 (κατά) and perhaps a derivative of the base of G5316 (φαίνω) (meaning downcast in look);	demureness, i.e. (by implication) sadness	heaviness
G2727	κατηχέω	katēchéō	from G2596 (κατά) and G2279 (ἦχος);	to sound down into the ears, i.e. (by implication) to indoctrinate ("catechize") or (genitive case) to apprise of	inform, instruct, teach
G2728	κατιόω	katióō	from G2596 (κατά) and a derivative of G2447 (ἰός);	to rust down, i.e. corrode	canker
G2729	κατισχύω	katischýō	from G2596 (κατά) and G2480 (ἰσχύω);	to overpower	prevail (against)
G2730	κατοικέω	katoikéō	from G2596 (κατά) and G3611 (οἰκέω);	to house permanently, i.e. reside (literally or figuratively)	dwell(-er), inhabitant(-ter)
G2731	κατοίκησις	katoíkēsis	from G2730 (κατοικέω);	residence (properly, the act; but by implication, concretely, the mansion)	dwelling
G2732	κατοικητήριον	katoikētḗrion	from a derivative of G2730 (κατοικέω);	a dwelling-place	habitation
G2733	κατοικία	katoikía		residence (properly, the condition; but by implication, the abode itself)	habitation
G2734	κατοπτρίζομαι	katoptrízomai	middle voice from a compound of G2596 (κατά) and a derivative of G3700 (ὀπτάνομαι) (compare G2072 (ἔσοπτρον));	to mirror oneself, i.e. to see reflected (figuratively)	behold as in a glass
G2735	κατόρθωμα	katórthōma	from a compound of G2596 (κατά) and a derivative of G3717 (ὀρθός) (compare G1357 (διόρθωσις));	something made fully upright, i.e. (figuratively) rectification (specially, good public administration)	very worthy deed
G2736	κάτω	kátō	(compare G2737 (κατώτερος)); adverb from G2596 (κατά);	downwards	beneath, bottom, down, under
G2737	κατώτερος	katṓteros	comparative from G2736 (κάτω);	inferior (locally, of Hades)	lower
G2738	καῦμα	kaûma	from G2545 (καίω);	properly, a burn (concretely), but used (abstractly) of a glow	heat
G2739	καυματίζω	kaumatízō	from G2738 (καῦμα);	to burn	scorch
G2740	καῦσις	kaûsis	from G2545 (καίω);	burning (the act)	be burned
G2741	καυσόω	kausóō	from G2740 (καῦσις);	to set on fire	fervent heat
G2742	καύσων	kaúsōn	from G2741 (καυσόω);	a glare	(burning) heat
G2743	καυτηριάζω	kautēriázō	from a derivative of G2545 (καίω);	to brand ("cauterize"), i.e. (by implication) to render unsensitive (figuratively)	sear with a hot iron
G2744	καυχάομαι	kaucháomai	from some (obsolete) base akin to that of (to boast) and G2172 (εὔχομαι);	to vaunt (in a good or a bad sense)	(make) boast, glory, joy, rejoice
G2745	καύχημα	kaúchēma	from G2744 (καυχάομαι);	a boast (properly, the object; by implication, the act) in a good or a bad sense	boasting, (whereof) to glory (of), glorying, rejoice(-ing)
G2746	καύχησις	kaúchēsis	from G2744 (καυχάομαι);	boasting (properly, the act; by implication, the object), in a good or a bad sense	boasting, whereof I may glory, glorying, rejoicing
G2747	Κεγχρεαί	Kenchreaí	probably from kegchros (millet);	Cenchreæ, a port of Corinth	Cencrea
G2748	Κεδρών	Kedrṓn	of Hebrew origin (H06939);	Cedron (i.e. Kidron), a brook near Jerusalem	Cedron
G2749	κεῖμαι	keîmai	middle voice of a primary verb;	to lie outstretched (literally or figuratively)	be (appointed, laid up, made, set), lay, lie
G2750	κειρία	keiría	of uncertain affinity;	a swathe, i.e. winding-sheet	graveclothes
G2751	κείρω	keírō	a primary verb;	to shear	shear(-er)
G2752	κέλευμα	kéleuma	from G2753 (κελεύω);	a cry of incitement	shout
G2753	κελεύω	keleúō	from a primary (to urge on);	"hail"; to incite by word, i.e. order	bid, (at, give) command(-ment)
G2754	κενοδοξία	kenodoxía	from G2755 (κενόδοξος);	empty glorying, i.e. self-conceit	vain-glory
G2755	κενόδοξος	kenódoxos	from G2756 (κενός) and G1391 (δόξα);	vainly glorifying, i.e. self-conceited	desirous of vain-glory
G2756	κενός	kenós	apparently a primary word;	empty (literally or figuratively)	empty, (in) vain
G2757	κενοφωνία	kenophōnía	from a presumed compound of G2756 (κενός) and G5456 (φωνή);	empty sounding, i.e. fruitless discussion	vain
G2758	κενόω	kenóō	from G2756 (κενός);	to make empty, i.e. (figuratively) to abase, neutralize, falsify	make (of none effect, of no reputation, void), be in vain
G2759	κέντρον	kéntron	from (to prick);	a point ("centre"), i.e. a sting (figuratively, poison) or goad (figuratively, divine impulse)	prick, sting
G2760	κεντυρίων	kentyríōn	of Latin origin;	a centurion, i.e. captain of one hundred soldiers	centurion
G2761	κενῶς	kenōs	adverb from G2756 (κενός);	vainly, i.e. to no purpose	in vain
G2762	κεραία	keraía	feminine of a presumed derivative of the base of G2768 (κέρας);	something horn-like, i.e. (specially) the apex of a Hebrew letter (figuratively, the least particle)	tittle
G2763	κεραμεύς	kerameús	from G2766 (κέραμος);	a potter	potter
G2764	κεραμικός	keramikós	from G2766 (κέραμος);	made of clay, i.e. earthen	of a potter
G2765	κεράμιον	kerámion	neuter of a presumed derivative of G2766 (κέραμος);	an earthenware vessel, i.e. jar	pitcher
G2766	κέραμος	kéramos	probably from the base of G2767 (κεράννυμι) (through the idea of mixing clay and water);	earthenware, i.e. a tile (by analogy, a thin roof or awning)	tiling
G2767	κεράννυμι	keránnymi	prolonged form of a more primary (which is used in certain tenses);	to mingle, i.e. (by implication) to pour out (for drinking)	fill, pour out
G2768	κέρας	kéras	from a primary (the hair of the head);	a horn (literally or figuratively)	horn
G2769	κεράτιον	kerátion	neuter of a presumed derivative of G2768 (κέρας);	something horned, i.e. (specially) the pod of the carob-tree	husk
G2770	κερδαίνω	kerdaínō	from G2771 (κέρδος);	to gain (literally or figuratively)	(get) gain, win
G2771	κέρδος	kérdos	of uncertain affinity;	gain (pecuniary or genitive case)	gain, lucre
G2772	κέρμα	kérma	from G2751 (κείρω);	a clipping (bit), i.e. (specially) a coin	money
G2773	κερματιστής	kermatistḗs	from a derivative of G2772 (κέρμα);	a handler of coins, i.e. money-broker	changer of money
G2774	κεφάλαιον	kephálaion	neuter of a derivative of G2776 (κεφαλή);	a principal thing, i.e. main point; specially, an amount (of money)	sum
G2775	κεφαλαιόω	kephalaióō	from the same as G2774 (κεφάλαιον);	(specially) to strike on the head	wound in the head
G2776	κεφαλή	kephalḗ	from the primary (in the sense of seizing);	the head (as the part most readily taken hold of), literally or figuratively	head
G2777	κεφαλίς	kephalís	from G2776 (κεφαλή);	properly, a knob, i.e. (by implication) a roll (by extension from the end of a stick on which the manuscript was rolled)	volume
G2778	κῆνσος	kēnsos	of Latin origin;	properly, an enrollment ("census"), i.e. (by implication) a tax	tribute
G2779	κῆπος	kēpos	of uncertain affinity;	a garden	garden
G2780	κηπουρός	kēpourós	from G2779 (κῆπος) and (a warden);	a garden-keeper, i.e. gardener	gardener
G2781	κηρίον	kēríon	diminutive from (wax);	a cell for honey, i.e. (collectively) the comb	(honey-)comb
G2782	κήρυγμα	kḗrygma	from G2784 (κηρύσσω);	a proclamation (especially of the gospel; by implication, the gospel itself)	preaching
G2783	κῆρυξ	kēryx	from G2784 (κηρύσσω);	a herald, i.e. of divine truth (especially of the gospel)	preacher
G2784	κηρύσσω	kērýssō	of uncertain affinity;	to herald (as a public crier), especially divine truth (the gospel)	preacher(-er), proclaim, publish
G2785	κῆτος	kētos	probably from the base of G5490 (χάσμα);	a huge fish (as gaping for prey)	whale
G2786	Κηφᾶς	Kēphâs	of Chaldee origin (compare H03710);	the Rock; Cephas (i.e. Kepha), a surname of Peter	Cephas
G2787	κιβωτός	kibōtós	of uncertain derivation;	a box, i.e. the sacred ark and that of Noah	ark
G2788	κιθάρα	kithára	of uncertain affinity;	a lyre	harp
G2789	κιθαρίζω	kitharízō	from G2788 (κιθάρα);	to play on a lyre	harp
G2790	κιθαρῳδός	kitharōidós	from G2788 (κιθάρα) and a derivative of the same as G5603 (ᾠδή);	a lyre-singer(-player), i.e. harpist	harper
G2791	Κιλικία	Kilikía	probably of foreign origin;	Cilicia, a region of Asia Minor	Cilicia
G2792	κινάμωμον	kinámōmon	of foreign origin (compare H07076);	cinnamon	cinnamon
G2793	κινδυνεύω	kindyneúō	from G2794 (κίνδυνος);	to undergo peril	be in danger, be (stand) in jeopardy
G2794	κίνδυνος	kíndynos	of uncertain derivation;	danger	peril
G2795	κινέω	kinéō	from (poetic for , to go);	to stir (transitively), literally or figuratively	(re-)move(-r), way
G2796	κίνησις	kínēsis	from G2795 (κινέω);	a stirring	moving
G2797	Κίς	Kís	of Hebrew origin (H07027);	Cis (i.e. Kish), an Israelite	Cis
G2798	κλάδος	kládos	from G2806 (κλάω);	a twig or bough (as if broken off)	branch
G2799	κλαίω	klaíō	of uncertain affinity;	to sob, i.e. wail aloud (whereas 1145 is rather to cry silently)	bewail, weep
G2800	κλάσις	klásis	from G2806 (κλάω);	fracture (the act)	breaking
G2801	κλάσμα	klásma	from G2806 (κλάω);	a piece (bit)	broken, fragment
G2802	Κλαύδη	Klaúdē	of uncertain derivation;	Claude, an island near Crete	Clauda
G2803	Κλαυδία	Klaudía	feminine of G2804 (Κλαύδιος);	Claudia, a Christian woman	Claudia
G2804	Κλαύδιος	Klaúdios	of Latin origin;	Claudius, the name of two Romans	Claudius
G2805	κλαυθμός	klauthmós	from G2799 (κλαίω);	lamentation	wailing, weeping, X wept
G2806	κλάω	kláō	a primary verb;	to break (specially, of bread)	break
G2807	κλείς	kleís	from G2808 (κλείω);	a key (as shutting a lock), literally or figuratively	key
G2808	κλείω	kleíō	a primary verb;	to close (literally or figuratively)	shut (up)
G2809	κλέμμα	klémma	from G2813 (κλέπτω);	stealing (properly, the thing stolen, but used of the act)	theft
G2810	Κλεόπας	Kleópas	probably contracted from (compound of G2811 (κλέος) and G3962 (πατήρ));	Cleopas, a Christian	Cleopas
G2811	κλέος	kléos	from a shorter form of G2564 (καλέω);	renown (as if being called)	glory
G2812	κλέπτης	kléptēs	from G2813 (κλέπτω);	a stealer (literally or figuratively)	thief
G2813	κλέπτω	kléptō	a primary verb;	to filch	steal
G2814	κλῆμα	klēma	from G2806 (κλάω);	a limb or shoot (as if broken off)	branch
G2815	Κλήμης	Klḗmēs	of Latin origin;	merciful; Clemes (i.e. Clemens), a Christian	Clement
G2816	κληρονομέω	klēronoméō	from G2818 (κληρονόμος);	to be an heir to (literally or figuratively)	be heir, (obtain by) inherit(-ance)
G2817	κληρονομία	klēronomía	from G2818 (κληρονόμος);	heirship, i.e. (concretely) a patrimony or (genitive case) a possession	inheritance
G2818	κληρονόμος	klēronómos	from G2819 (κλῆρος) and the base of G3551 (νόμος) (in its original sense of partitioning, i.e. (reflexively) getting by apportionment);	a sharer by lot, i.e. inheritor (literally or figuratively); by implication, a possessor	heir
G2819	κλῆρος	klēros	probably from G2806 (κλάω) (through the idea of using bits of wood, etc., for the purpose;	a die (for drawing chances); by implication, a portion (as if so secured); by extension, an acquisition (especially a patrimony, figuratively)	heritage, inheritance, lot, part
G2820	κληρόω	klēróō	from G2819 (κλῆρος);	to allot, i.e. (figuratively) to assign (a privilege)	obtain an inheritance
G2821	κλῆσις	klēsis	from a shorter form of G2564 (καλέω);	an invitation (figuratively)	calling
G2822	κλητός	klētós	from the same as G2821 (κλῆσις);	invited, i.e. appointed, or (specially), a saint	called
G2823	κλίβανος	klíbanos	of uncertain derivation;	an earthen pot used for baking in	oven
G2824	κλίμα	klíma	from G2827 (κλίνω);	a slope, i.e. (specially) a "clime" or tract of country	part, region
G2825	κλίνη	klínē	from G2827 (κλίνω);	a couch (for sleep, sickness, sitting or eating)	bed, table
G2826	κλινίδιον	klinídion	neuter of a presumed derivative of G2825 (κλίνη);	a pallet or little couch	bed
G2827	κλίνω	klínō	a primary verb;	to slant or slope, i.e. incline or recline (literally or figuratively)	bow (down), be far spent, lay, turn to flight, wear away
G2828	κλισία	klisía	from a derivative of G2827 (κλίνω);	properly, reclination, i.e. (concretely and specially), a party at a meal	company
G2829	κλοπή	klopḗ	from G2813 (κλέπτω);	stealing	theft
G2830	κλύδων	klýdōn	from (to billow or dash over);	a surge of the sea (literally or figuratively)	raging, wave
G2831	κλυδωνίζομαι	klydōnízomai	middle voice from G2830 (κλύδων);	to surge, i.e. (figuratively) to fluctuate	toss to and fro
G2832	Κλωπᾶς	Klōpâs	of Chaldee origin (corresponding to H0256);	Clopas, an Israelite	Cleophas
G2833	κνήθω	knḗthō	from a primary (to scrape);	to scratch, i.e. (by implication) to tickle	X itching
G2834	Κνίδος	Knídos	probably of foreign origin;	Cnidus, a place in Asia Minor	Cnidus
G2835	κοδράντης	kodrántēs	of Latin origin;	a quadrans, i.e. the fourth part of an as	farthing
G2836	κοιλία	koilía	from ("hollow");	a cavity, i.e. (especially) the abdomen; by implication, the matrix; figuratively, the heart	belly, womb
G2837	κοιμάω	koimáō	from G2749 (κεῖμαι);	to put to sleep, i.e. (passively or reflexively) to slumber; figuratively, to decease	(be a-, fall a-, fall on) sleep, be dead
G2838	κοίμησις	koímēsis	from G2837 (κοιμάω);	sleeping, i.e. (by implication) repose	taking of rest
G2839	κοινός	koinós	probably from G4862 (σύν);	common, i.e. (literally) shared by all or several, or (ceremonially) profane	common, defiled, unclean, unholy
G2840	κοινόω	koinóō	from G2839 (κοινός);	to make (or consider) profane (ceremonially)	call common, defile, pollute, unclean
G2841	κοινωνέω	koinōnéō	from G2844 (κοινωνός);	to share with others (objectively or subjectively)	communicate, distribute, be partaker
G2842	κοινωνία	koinōnía	from G2844 (κοινωνός);	partnership, i.e. (literally) participation, or (social) intercourse, or (pecuniary) benefaction	(to) communicate(-ation), communion, (contri-)distribution, fellowship
G2843	κοινωνικός	koinōnikós	from G2844 (κοινωνός);	communicative, i.e. (pecuniarily) liberal	willing to communicate
G2844	κοινωνός	koinōnós	from G2839 (κοινός);	a sharer, i.e. associate	companion, X fellowship, partaker, partner
G2845	κοίτη	koítē	from G2749 (κεῖμαι);	a couch; by extension, cohabitation; by implication, the male sperm	bed, chambering, X conceive
G2846	κοιτών	koitṓn	from G2845 (κοίτη);	a bedroom	+ chamberlain
G2847	κόκκινος	kókkinos	from G2848 (κόκκος) (from the kernel-shape of the insect);	crimson-colored	scarlet (colour, coloured)
G2848	κόκκος	kókkos	apparently a primary word;	a kernel of seed	corn, grain
G2849	κολάζω	kolázō	from (dwarf);	properly, to curtail, i.e. (figuratively) to chastise (or reserve for infliction)	punish
G2850	κολακεία	kolakeía	from a derivative of (a fawner);	flattery	X flattering
G2851	κόλασις	kólasis	from G2849 (κολάζω);	penal infliction	punishment, torment
G2852	κολαφίζω	kolaphízō	from a derivative of the base of G2849 (κολάζω);	to rap with the fist	buffet
G2853	κολλάω	kolláō	from ("glue");	to glue, i.e. (passively or reflexively) to stick (figuratively)	cleave, join (self), keep company
G2854	κολλούριον	kolloúrion	neuter of a presumed derivative of (a cake;	prob akin to the base of G2853 (κολλάω)); properly, a poultice (as made of or in the form of crackers), i.e. (by analogy) a plaster	eyesalve
G2855	κολλυβιστής	kollybistḗs	from a presumed derivative of (a small coin;	probably akin to G2854 (κολλούριον)); a coin-dealer	(money-)changer
G2856	κολοβόω	kolobóō	from a derivative of the base of G2849 (κολάζω);	to dock, i.e. (figuratively) abridge	shorten
G2857	Κολοσσαί	Kolossaí	apparently feminine plural of kolossos ("colossal");	Colossæ, a place in Asia Minor	Colosse
G2858	Κολοσσαεύς	Kolossaeús	from G2857 (Κολοσσαί);	a Colossæan, (i.e. inhabitant of Colossæ	Colossian
G2859	κόλπος	kólpos	apparently a primary word;	the bosom; by analogy, a bay	bosom, creek
G2860	κολυμβάω	kolymbáō	from (a diver);	to plunge into water	swim
G2861	κολυμβήθρα	kolymbḗthra	from G2860 (κολυμβάω);	a diving-place, i.e. pond for bathing (or swimming)	pool
G2862	κολωνία	kolōnía	of Latin origin;	a Roman "colony" for veterans	colony
G2863	κομάω	komáō	from G2864 (κόμη);	to wear tresses of hair	have long hair
G2864	κόμη	kómē	apparently from the same as G2865 (κομίζω);	the hair of the head (locks, as ornamental, and thus differing from G2359 (θρίξ); which properly denotes merely the scalp)	hair
G2865	κομίζω	komízō	from a primary (to tend, i.e. take care of);	properly, to provide for, i.e. (by implication) to carry off (as if from harm; genitive case obtain)	bring, receive
G2866	κομψότερον	kompsóteron	neuter comparative of a derivative of the base of 2865 (meaning, properly, well dressed, i.e. nice);	figuratively, convalescent	+ began to amend
G2867	κονιάω	koniáō	from (dust;	by analogy, lime); to whitewash	whiten
G2868	κονιορτός	koniortós	from the base of G2867 (κονιάω) and ornumi (to "rouse");	pulverulence (as blown about)	dust
G2869	κοπάζω	kopázō	from G2873 (κόπος);	to tire, i.e. (figuratively) to relax	cease
G2870	κοπετός	kopetós	from G2875 (κόπτω);	mourning (properly, by beating the breast)	lamentation
G2871	κοπή	kopḗ	from G2875 (κόπτω);	cutting, i.e. carnage	slaughter
G2872	κοπιάω	kopiáō	from a derivative of G2873 (κόπος);	to feel fatigue; by implication, to work hard	(bestow) labour, toil, be wearied
G2873	κόπος	kópos	from G2875 (κόπτω);	a cut, i.e. (by analogy) toil (as reducing the strength), literally or figuratively; by implication, pains	labour, + trouble, weariness
G2874	κοπρία	kopría	from (ordure;	perhaps akin to G2875 (κόπτω)); manure	dung(-hill)
G2875	κόπτω	kóptō	a primary verb;	to "chop"; specially, to beat the breast in grief	cut down, lament, mourn, (be-)wail
G2876	κόραξ	kórax	perhaps from G2880 (κορέννυμι);	a crow (from its voracity)	raven
G2877	κοράσιον	korásion	neuter of a presumed derivative of (a maiden);	a (little) girl	damsel, maid
G2878	κορβᾶν	korbân	of Hebrew and Chaldee origin respectively (H07133);	a votive offering and the offering; a consecrated present (to the Temple fund); by extension (the latter term) the Treasury itself, i.e. the room where the contribution boxes stood	Corban, treasury
G2879	Κορέ	Koré	of Hebrew origin (H07141);	Core (i.e. Korach), an Israelite	Core
G2880	κορέννυμι	korénnymi	a primary verb;	to cram, i.e. glut or sate	eat enough, full
G2881	Κορίνθιος	Korínthios	from G2882 (Κόρινθος);	a Corinthian, i.e. inhabitant of Corinth	Corinthian
G2882	Κόρινθος	Kórinthos	of uncertain derivation;	Corinthus, a city of Greece	Corinth
G2883	Κορνήλιος	Kornḗlios	of Latin origin;	Cornelius, a Roman	Cornelius
G2884	κόρος	kóros	of Hebrew origin (H03734);	a cor, i.e. a specific measure	measure
G2885	κοσμέω	kosméō	from G2889 (κόσμος);	to put in proper order, i.e. decorate (literally or figuratively); specially, to snuff (a wick)	adorn, garnish, trim
G2886	κοσμικός	kosmikós	from G2889 (κόσμος) (in its secondary sense);	terrene ("cosmic"), literally (mundane) or figuratively (corrupt)	worldly
G2887	κόσμιος	kósmios	from G2889 (κόσμος) (in its primary sense);	orderly, i.e. decorous	of good behaviour, modest
G2888	κοσμοκράτωρ	kosmokrátōr	from G2889 (κόσμος) and G2902 (κρατέω);	a world-ruler, an epithet of Satan	ruler
G2889	κόσμος	kósmos	probably from the base of G2865 (κομίζω);	orderly arrangement, i.e. decoration; by implication, the world (in a wide or narrow sense, including its inhabitants, literally or figuratively (morally))	adorning, world
G2890	Κούαρτος	Koúartos	of Latin origin (fourth);	Quartus, a Christian	Quartus
G2891	κοῦμι	koûmi	of Chaldee origin (H06966);	cumi (i.e. rise!)	cumi
G2892	κουστωδία	koustōdía	of Latin origin;	"custody", i.e. a Roman sentry	watch
G2893	κουφίζω	kouphízō	from (light in weight);	to unload	lighten
G2894	κόφινος	kóphinos	of uncertain derivation;	a (small) basket	basket
G2895	κράββατος	krábbatos	probably of foreign origin;	a mattress	bed
G2896	κράζω	krázō	a primary verb;	properly, to "croak" (as a raven) or scream, i.e. (genitive case) to call aloud (shriek, exclaim, intreat)	cry (out)
G2897	κραιπάλη	kraipálē	probably from the same as G726 (ἁρπάζω);	properly, a headache (as a seizure of pain) from drunkenness, i.e. (by implication) a debauch (by analogy, a glut)	surfeiting
G2898	κρανίον	kraníon	diminutive of a derivative of the base of G2768 (κέρας);	a skull ("cranium")	Calvary, skull
G2899	κράσπεδον	kráspedon	of uncertain derivation;	a margin, i.e. (specially), a fringe or tassel	border, hem
G2900	κραταιός	krataiós	from G2904 (κράτος);	powerful	mighty
G2901	κραταιόω	krataióō	from G2900 (κραταιός);	to empower, i.e. (passively) increase in vigor	be strengthened, be (wax) strong
G2902	κρατέω	kratéō	from G2904 (κράτος);	to use strength, i.e. seize or retain (literally or figuratively)	hold (by, fast), keep, lay hand (hold) on, obtain, retain, take (by)
G2903	κράτιστος	krátistos	superlative of a derivative of G2904 (κράτος);	strongest, i.e. (in dignity) very honorable	most excellent (noble)
G2904	κράτος	krátos	perhaps a primary word;	vigor ("great") (literally or figuratively)	dominion, might(-ily), power, strength
G2905	κραυγάζω	kraugázō	from G2906 (κραυγή);	to clamor	cry out
G2906	κραυγή	kraugḗ	from G2896 (κράζω);	an outcry (in notification, tumult or grief)	clamour, cry(-ing)
G2907	κρέας	kréas	perhaps a primary word;	(butcher's) meat	flesh
G2908	κρεῖσσον	kreîsson	neuter of an alternate form of G2909 (κρείττων);	(as noun) better, i.e. greater advantage	better
G2909	κρείττων	kreíttōn	comparative of a derivative of G2904 (κράτος);	stronger, i.e. (figuratively) better, i.e. nobler	best, better
G2910	κρεμάννυμι	kremánnymi	a prolonged form of a primary verb;	to hang	hang
G2911	κρημνός	krēmnós	from G2910 (κρεμάννυμι);	overhanging, i.e. a precipice	steep place
G2912	Κρής	Krḗs	from G2914 (Κρήτη);	a Cretan, i.e. inhabitant of Crete	Crete, Cretian
G2913	Κρήσκης	Krḗskēs	of Latin origin;	growing; Cresces (i.e. Crescens), a Christian	Crescens
G2914	Κρήτη	Krḗtē	of uncertain derivation;	Crete, an island in the Mediterranean	Crete
G2915	κριθή	krithḗ	of uncertain derivation;	barley	barley
G2916	κρίθινος	kríthinos	from G2915 (κριθή);	consisting of barley	barley
G2917	κρίμα	kríma	from G2919 (κρίνω);	a decision (the function or the effect, for or against ("crime"))	avenge, condemned, condemnation, damnation, + go to law, judgment
G2918	κρίνον	krínon	perhaps a prim word;	a lily	lily
G2919	κρίνω	krínō	properly, to distinguish, i.e. decide (mentally or judicially);	by implication, to try, condemn, punish	avenge, conclude, condemn, damn, decree, determine, esteem, judge, go to (sue at the) law, ordain, call in question, sentence to, think
G2920	κρίσις	krísis		decision (subjectively or objectively, for or against); by extension, a tribunal; by implication, justice (especially, divine law)	accusation, condemnation, damnation, judgment
G2921	Κρίσπος	Kríspos	of Latin origin;	"crisp"; Crispus, a Corinthian	Crispus
G2922	κριτήριον	kritḗrion	neuter of a presumed derivative of G2923 (κριτής);	a rule of judging ("criterion"), i.e. (by implication) a tribunal	to judge, judgment (seat)
G2923	κριτής	kritḗs	from G2919 (κρίνω);	a judge (genitive case or specially)	judge
G2924	κριτικός	kritikós	from G2923 (κριτής);	decisive ("critical"), i.e. discriminative	discerner
G2925	κρούω	kroúō	apparently a primary verb;	to rap	knock
G2926	κρύπτη	krýptē	feminine of G2927 (κρυπτός);	a hidden place, i.e. cellar ("crypt")	secret
G2927	κρυπτός	kryptós	from G2928 (κρύπτω);	concealed, i.e. private	hid(-den), inward(-ly), secret
G2928	κρύπτω	krýptō	a primary verb;	to conceal (properly, by covering)	hide (self), keep secret, secret(-ly)
G2929	κρυσταλλίζω	krystallízō	from G2930 (κρύσταλλος);	to make (i.e. intransitively, resemble) ice ("crystallize")	be clear as crystal
G2930	κρύσταλλος	krýstallos	from a derivative of (frost);	ice, i.e. (by analogy) rock "crystal"	crystal
G2931	κρυφῆ	kryphē	adverb from G2928 (κρύπτω);	privately	in secret
G2932	κτάομαι	ktáomai	a primary verb;	to get, i.e. acquire (by any means; own)	obtain, possess, provide, purchase
G2933	κτῆμα	ktēma	from G2932 (κτάομαι);	an acquirement, i.e. estate	possession
G2934	κτῆνος	ktēnos	from G2932 (κτάομαι);	property, i.e. (specially) a domestic animal	beast
G2935	κτήτωρ	ktḗtōr	from G2932 (κτάομαι);	an owner	possessor
G2936	κτίζω	ktízō	probably akin to G2932 (κτάομαι) (through the idea of proprietorship of the manufacturer);	to fabricate, i.e. found (form originally)	create, Creator, make
G2937	κτίσις	ktísis	from G2936 (κτίζω);	original formation (properly, the act; by implication, the thing, literally or figuratively)	building, creation, creature, ordinance
G2938	κτίσμα	ktísma	from G2936 (κτίζω);	an original formation (concretely), i.e. product (created thing)	creature
G2939	κτίστης	ktístēs	from G2936 (κτίζω);	a founder, i.e. God (as author of all things)	Creator
G2940	κυβεία	kybeía	from (a "cube", i.e. die for playing);	gambling, i.e. (figuratively) artifice or fraud	sleight
G2941	κυβέρνησις	kybérnēsis	from (of Latin origin, to steer);	pilotage, i.e. (figuratively) directorship (in the church)	government
G2942	κυβερνήτης	kybernḗtēs	from the same as G2941 (κυβέρνησις);	helmsman, i.e. (by implication) captain	(ship) master
G2943	κυκλόθεν	kyklóthen	adverb from the same as G2945 (κύκλῳ);	from the circle, i.e. all around	(round) about
G2944	κυκλόω	kyklóō	from the same as G2945 (κύκλῳ);	to encircle, i.e. surround	compass (about), come (stand) round about
G2945	κύκλῳ	kýklōi	as if dative case of (a ring, "cycle";	akin to G2947 (κυλιόω)); i.e. in a circle (by implication, of G1722 (ἐν)), i.e. (adverbially) all around	round about
G2946	κύλισμα	kýlisma	from G2947 (κυλιόω);	a wallow (the effect of rolling), i.e. filth	wallowing
G2947	κυλιόω	kylióō	from the base of G2949 (κῦμα) (through the idea of circularity;	compare G2945 (κύκλῳ), G1507 (εἱλίσσω)); to roll about	wallow
G2948	κυλλός	kyllós	from the same as G2947 (κυλιόω);	rocking about, i.e. crippled (maimed, in feet or hands)	maimed
G2949	κῦμα	kŷma	from (to swell (with young), i.e. bend, curve);	a billow (as bursting or toppling)	wave
G2950	κύμβαλον	kýmbalon	from a derivative of the base of G2949 (κῦμα);	a "cymbal" (as hollow)	cymbal
G2951	κύμινον	kýminon	of foreign origin (compare H03646);	dill or fennel ("cummin")	cummin
G2952	κυνάριον	kynárion	neuter of a presumed derivative of G2965 (κύων);	a puppy	dog
G2953	Κύπριος	Kýprios	from G2954 (Κύπρος);	a Cyprian (Cypriot), i.e. inhabitant of Cyprus	of Cyprus
G2954	Κύπρος	Kýpros	of uncertain origin;	Cyprus, an island in the Mediterranean	Cyprus
G2955	κύπτω	kýptō	probably from the base of G2949 (κῦμα);	to bend forward	stoop (down)
G2956	Κυρηναῖος	Kyrēnaîos	from G2957 (Κυρήνη);	i.e. Cyrenæan, i.e. inhabitant of Cyrene	of Cyrene, Cyrenian
G2957	Κυρήνη	Kyrḗnē	of uncertain derivation;	Cyrene, a region of Africa	Cyrene
G2958	Κυρήνιος	Kyrḗnios	of Latin origin;	Cyrenius (i.e. Quirinus), a Roman	Cyrenius
G2959	Κυρία	Kyría	feminine of G2962 (κύριος);	Cyria, a Christian woman	lady
G2960	κυριακός	kyriakós	from G2962 (κύριος);	belonging to the Lord (Jehovah or Jesus)	Lord's
G2961	κυριεύω	kyrieúō	from G2962 (κύριος);	to rule	have dominion over, lord, be lord of, exercise lordship over
G2962	κύριος	kýrios	from (supremacy);	supreme in authority, i.e. (as noun) controller; by implication, Master (as a respectful title)	God, Lord, master, Sir
G2963	κυριότης	kyriótēs	from G2962 (κύριος);	mastery, i.e. (concretely and collectively) rulers	dominion, government
G2964	κυρόω	kyróō	from the same as G2962 (κύριος);	to make authoritative, i.e. ratify	confirm
G2965	κύων	kýōn	a primary word;	a dog ("hound") (literally or figuratively)	dog
G2966	κῶλον	kōlon	from the base of G2849 (κολάζω);	a limb of the body (as if lopped)	carcase
G2967	κωλύω	kōlýō	from the base of G2849 (κολάζω);	to estop, i.e. prevent (by word or act)	forbid, hinder, keep from, let, not suffer, withstand
G2968	κώμη	kṓmē	from G2749 (κεῖμαι);	a hamlet (as if laid down)	town, village
G2969	κωμόπολις	kōmópolis	from G2968 (κώμη) and G4172 (πόλις);	an unwalled city	town
G2970	κῶμος	kōmos	from G2749 (κεῖμαι);	a carousal (as if letting loose)	revelling, rioting
G2971	κώνωψ	kṓnōps	apparently a derivative of the base of G2759 (κέντρον) and a derivative of G3700 (ὀπτάνομαι);	a mosquito (from its stinging proboscis)	gnat
G2972	Κώς	Kṓs	of uncertain origin;	Cos, an island in the Mediterranean	Cos
G2973	Κωσάμ	Kōsám	of Hebrew origin (compare H07081);	Cosam (i.e. Kosam) an Israelite	Cosam
G2974	κωφός	kōphós	from G2875 (κόπτω);	blunted, i.e. (figuratively) of hearing (deaf) or speech (dumb)	deaf, dumb, speechless
G2975	λαγχάνω	lanchánō	a prolonged form of a primary verb, which is only used as an alternate in certain tenses;	to lot, i.e. determine (by implication, receive) especially by lot	his lot be, cast lots, obtain
G2976	Λάζαρος	Lázaros	probably of Hebrew origin (H0499);	Lazarus (i.e. Elazar), the name of two Israelites (one imaginary)	Lazarus
G2977	λάθρα	láthra	adverb from G2990 (λανθάνω);	privately	privily, secretly
G2978	λαῖλαψ	laîlaps	of uncertain derivation;	a whirlwind (squall)	storm, tempest
G2979	λακτίζω	laktízō	from adverb (heelwise);	to recalcitrate	kick
G2980	λαλέω	laléō	a prolonged form of an otherwise obsolete verb;	to talk, i.e. utter words	preach, say, speak (after), talk, tell, utter
G2981	λαλιά	laliá	from G2980 (λαλέω);	talk	saying, speech
G2982	λαμά	lamá	of Hebrew origin (H04100 with prepositional prefix);	lama (i.e. why)	lama
G2983	λαμβάνω	lambánō	a prolonged form of a primary verb, which is use only as an alternate in certain tenses; to take (in very many applications, literally and figuratively (properly objective or active, to get hold of; whereas G1209 (δέχομαι) is rather subjective or passive, to have offered to one;	while G138 (αἱρέομαι) is more violent, to seize or remove))	accept, + be amazed, assay, attain, bring, X when I call, catch, come on (X unto), + forget, have, hold, obtain, receive (X after), take (away, up)
G2984	Λάμεχ	Lámech	of Hebrew origin (H03929);	Lamech (i.e. Lemek), a patriarch	Lamech
G2985	λαμπάς	lampás	from G2989 (λάμπω);	a "lamp" or flambeau	lamp, light, torch
G2986	λαμπρός	lamprós	from the same as G2985 (λαμπάς);	radiant; by analogy, limpid; figuratively, magnificent or sumptuous (in appearance)	bright, clear, gay, goodly, gorgeous, white
G2987	λαμπρότης	lamprótēs	from G2986 (λαμπρός);	brilliancy	brightness
G2988	λαμπρῶς	lamprōs	adverb from G2986 (λαμπρός);	brilliantly, i.e. figuratively, luxuriously	sumptuously
G2989	λάμπω	lámpō	a primary verb;	to beam, i.e. radiate brilliancy (literally or figuratively)	give light, shine
G2990	λανθάνω	lanthánō	a prolonged form of a primary verb, which is used only as an alternate in certain tenses;	to lie hid (literally or figuratively); often used adverbially, unwittingly	be hid, be ignorant of, unawares
G2991	λαξευτός	laxeutós	from a compound of (a stone) and the base of G3584 (ξηρός) (in its original sense of scraping);	rock-quarried	hewn in stone
G2992	λαός	laós	apparently a primary word;	a people (in general; thus differing from G1218 (δῆμος), which denotes one's own populace)	people
G2993	Λαοδίκεια	Laodíkeia	from a compound of G2992 (λαός) and G1349 (δίκη);	Laodicia, a place in Asia Minor	Laodicea
G2994	Λαοδικεύς	Laodikeús	from G2993 (Λαοδίκεια);	a Laodicean, i.e. inhabitant of Laodicia	Laodicean
G2995	λάρυγξ	lárynx	of uncertain derivation;	the throat ("larynx")	throat
G2996	Λασαία	Lasaía	of uncertain origin;	Lasæa, a place in Crete	Lasea
G2997	λάσχω	láschō	a strengthened form of a primary verb, which only occurs in this and another prolonged form as alternate in certain tenses;	to crack open (from a fall)	burst asunder
G2998	λατομέω	latoméō	from the same as the first part of G2991 (λαξευτός) and the base of G5114 (τομώτερος);	to quarry	hew
G2999	λατρεία	latreía	from G3000 (λατρεύω);	ministration of God, i.e. worship	(divine) service
G3000	λατρεύω	latreúō	from (a hired menial);	to minister (to God), i.e. render religious homage	serve, do the service, worship(-per)
G3001	λάχανον	láchanon	from (to dig);	a vegetable	herb
G3002	Λεββαῖος	Lebbaîos	of uncertain origin;	Lebbæus, a Christian	Lebbæus
G3003	λεγεών	legeṓn	of Latin origin;	a "legion", i.e. Roman regiment (figuratively)	legion
G3004	λέγω	légō	a primary verb;	properly, to "lay" forth, i.e. (figuratively) relate (in words (usually of systematic or set discourse; whereas G2036 (ἔπω) and G5346 (φημί) generally refer to an individual expression or speech respectively; while G4483 (ῥέω) is properly to break silence merely, and G2980 (λαλέω) means an extended or random harangue)); by implication, to mean	ask, bid, boast, call, describe, give out, name, put forth, say(-ing, on), shew, speak, tell, utter
G3005	λεῖμμα	leîmma	from G3007 (λείπω);	a remainder	remnant
G3006	λεῖος	leîos	apparently a primary word;	smooth, i.e. "level"	smooth
G3007	λείπω	leípō	a primary verb;	to leave, i.e. (intransitively or passively) to fail or be absent	be destitute (wanting), lack
G3008	λειτουργέω	leitourgéō	from G3011 (λειτουργός);	to be a public servant, i.e. (by analogy) to perform religious or charitable functions (worship, obey, relieve)	minister
G3009	λειτουργία	leitourgía	from G3008 (λειτουργέω);	public function (as priest ("liturgy") or almsgiver)	ministration(-try), service
G3010	λειτουργικός	leitourgikós	from the same as G3008 (λειτουργέω);	functional publicly ("liturgic"); i.e. beneficient	ministering
G3011	λειτουργός	leitourgós	from a derivative of G2992 (λαός) and G2041 (ἔργον);	a public servant, i.e. a functionary in the Temple or Gospel, or (genitive case) a worshipper (of God) or benefactor (of man)	minister(-ed)
G3012	λέντιον	léntion	of Latin origin;	a "linen" cloth, i.e. apron	towel
G3013	λεπίς	lepís	from (to peel);	a flake	scale
G3014	λέπρα	lépra	from the same as G3013 (λεπίς);	scaliness, i.e. "leprosy"	leprosy
G3015	λεπρός	leprós	from the same as G3014 (λέπρα);	scaly, i.e. leprous (a leper)	leper
G3016	λεπτόν	leptón	neuter of a derivative of the same as G3013 (λεπίς);	something scaled (light), i.e. a small coin	mite
G3017	Λευΐ	Leuḯ	of Hebrew origin (H03878);	Levi, the name of three Israelites	Levi
G3018	Λευΐς	Leuḯs	a form of G3017 (Λευΐ);	Lewis (i.e. Levi), a Christian	Levi
G3019	Λευΐτης	Leuḯtēs	from G3017 (Λευΐ);	a Levite, i.e. descendant of Levi	Levite
G3020	Λευϊτικός	Leuïtikós	from G3019 (Λευΐτης);	Levitic, i.e. relating to the Levites	Levitical
G3021	λευκαίνω	leukaínō	from G3022 (λευκός);	to whiten	make white, whiten
G3022	λευκός	leukós	from ("light");	white	white
G3023	λέων	léōn	a primary word;	a "lion"	lion
G3024	λήθη	lḗthē	from G2990 (λανθάνω);	forgetfulness	+ forget
G3025	ληνός	lēnós	apparently a primary word;	a trough, i.e. wine-vat	winepress
G3026	λῆρος	lēros	apparently a primary word;	twaddle, i.e. an incredible story	idle tale
G3027	λῃστής	lēistḗs	from (to plunder);	a brigand	robber, thief
G3028	λῆμψις	lēmpsis	from G2983 (λαμβάνω);	receipt (the act)	receiving
G3029	λίαν	lían	of uncertain affinity;	much (adverbially)	exceeding, great(-ly), sore, very (+ chiefest)
G3030	λίβανος	líbanos	of foreign origin (H03828);	the incense-tree, i.e. (by implication) incense itself	frankincense
G3031	λιβανωτός	libanōtós	from G3030 (λίβανος);	frankincense, i.e. (by extension) a censer for burning it	censer
G3032	Λιβερτῖνος	Libertînos	of Latin origin;	a Roman freedman	Libertine
G3033	Λιβύη	Libýē	probably from G3047 (λίψ);	Libye, a region of Africa	Libya
G3034	λιθάζω	litházō	from G3037 (λίθος);	to lapidate	stone
G3035	λίθινος	líthinos	from G3037 (λίθος);	stony, i.e. made of stone	of stone
G3036	λιθοβολέω	lithoboléō	from a compound of G3037 (λίθος) and G906 (βάλλω);	to throw stones, i.e. lapidate	stone, cast stones
G3037	λίθος	líthos	apparently a primary word;	a stone (literally or figuratively)	(mill-, stumbling-)stone
G3038	λιθόστρωτος	lithóstrōtos	from G3037 (λίθος) and a derivative of G4766 (στρώννυμι);	stone-strewed, i.e. a tessellated mosaic on which the Roman tribunal was placed	Pavement
G3039	λικμάω	likmáō	from , the equivalent of (a winnowing fan or basket);	to winnow, i.e. (by analogy), to triturate	grind to powder
G3040	λιμήν	limḗn	apparently a primary word;	a harbor	haven
G3041	λίμνη	límnē	probably from G3040 (λιμήν) (through the idea of nearness of shore);	a pond (large or small)	lake
G3042	λιμός	limós	probably from G3007 (λείπω) (through the idea of destitution);	a scarcity of food	dearth, famine, hunger
G3043	λίνον	línon	probably a primary word;	flax, i.e. (by implication) "linen"	linen
G3044	Λίνος	Línos	perhaps from G3043 (λίνον);	Linus, a Christian	Linus
G3045	λιπαρός	liparós	from (grease);	fat, i.e. (figuratively) sumptuous	dainty
G3046	λίτρα	lítra	of Latin origin (libra);	a pound in weight	pound
G3047	λίψ	líps	probably from (to pour a "libation");	the south(- west) wind (as bringing rain, i.e. (by extension) the south quarter)	southwest
G3048	λογία	logía	from G3056 (λόγος) (in the commercial sense);	a contribution	collection, gathering
G3049	λογίζομαι	logízomai	middle voice from G3056 (λόγος);	to take an inventory, i.e. estimate (literally or figuratively)	conclude, (ac-)count (of), + despise, esteem, impute, lay, number, reason, reckon, suppose, think (on)
G3050	λογικός	logikós	from G3056 (λόγος);	rational ("logical")	reasonable, of the word
G3051	λόγιον	lógion	neuter of G3052 (λόγιος);	an utterance (of God)	oracle
G3052	λόγιος	lógios	from G3056 (λόγος);	fluent, i.e. an orator	eloquent
G3053	λογισμός	logismós	from G3049 (λογίζομαι);	computation, i.e. (figuratively) reasoning (conscience, conceit)	imagination, thought
G3054	λογομαχέω	logomachéō	from a compound of G3056 (λόγος) and G3164 (μάχομαι);	to be disputatious (on trifles)	strive about words
G3055	λογομαχία	logomachía	from the same as G3054 (λογομαχέω);	disputation about trifles ("logomachy")	strife of words
G3056	λόγος	lógos	from G3004 (λέγω);	something said (including the thought); by implication, a topic (subject of discourse), also reasoning (the mental faculty) or motive; by extension, a computation; specially, (with the article in John) the Divine Expression (i.e. Christ)	account, cause, communication, X concerning, doctrine, fame, X have to do, intent, matter, mouth, preaching, question, reason, + reckon, remove, say(-ing), shew, X speaker, speech, talk, thing, + none of these things move me, tidings, treatise, utterance, word, work
G3057	λόγχη	lónchē	perhaps a primary word;	a "lance"	spear
G3058	λοιδορέω	loidoréō	from G3060 (λοίδορος);	to reproach, i.e. vilify	revile
G3059	λοιδορία	loidoría	from G3060 (λοίδορος);	slander or vituperation	railing, reproach(-fully)
G3060	λοίδορος	loídoros	from (mischief);	abusive, i.e. a blackguard	railer, reviler
G3061	λοιμός	loimós	of uncertain affinity;	a plague (literally, the disease, or figuratively, a pest)	pestilence(-t)
G3062	λοιποί	loipoí	masculine plural of a derivative of G3007 (λείπω);	remaining ones	other, which remain, remnant, residue, rest
G3063	λοιπόν	loipón	neuter singular of the same as G3062 (λοιποί);	something remaining (adverbially)	besides, finally, furthermore, (from) henceforth, moreover, now, + it remaineth, then
G3064	λοιποῦ	loipoû	genitive case singular of the same as G3062 (λοιποί);	remaining time	from henceforth
G3065	Λουκᾶς	Loukâs	contracted from Latin Lucanus;	Lucas, a Christian	Lucas, Luke
G3066	Λούκιος	Loúkios	of Latin origin;	illuminative; Lucius, a Christian	Lucius
G3067	λουτρόν	loutrón	from G3068 (λούω);	a bath, i.e. (figuratively), baptism	washing
G3068	λούω	loúō	a primary verb;	to bathe (the whole person; whereas G3538 (νίπτω) means to wet a part only, and G4150 (πλύνω) to wash, cleanse garments exclusively)	wash
G3069	Λύδδα	Lýdda	of Hebrew origin (H03850);	Lydda (i.e. Lod), a place in Palestine	Lydda
G3070	Λυδία	Lydía	properly, feminine of Ludios (of foreign origin) (a Lydian, in Asia Minor);	Lydia, a Christian woman	Lydia
G3071	Λυκαονία	Lykaonía	perhaps remotely from G3074 (λύκος);	Lycaonia, a region of Asia Minor	Lycaonia
G3072	Λυκαονιστί	Lykaonistí	adverb from a derivative of G3071 (Λυκαονία);	Lycaonistically, i.e. in the language of the Lycaonians	in the speech of Lycaonia
G3073	Λυκία	Lykía	probably remotely from G3074 (λύκος);	Lycia, a province of Asia Minor	Lycia
G3074	λύκος	lýkos	perhaps akin to the base of G3022 (λευκός) (from the whitish hair);	a wolf	wolf
G3075	λυμαίνομαι	lymaínomai	middle voice from a probably derivative of G3089 (λύω) (meaning filth);	properly, to soil, i.e. (figuratively) insult (maltreat)	make havock of
G3076	λυπέω	lypéō	from G3077 (λύπη);	to distress; reflexively or passively, to be sad	cause grief, grieve, be in heaviness, (be) sorrow(-ful), be (make) sorry
G3077	λύπη	lýpē	apparently a primary word;	sadness	grief, grievous, + grudgingly, heaviness, sorrow
G3078	Λυσανίας	Lysanías	from G3080 (λύσις) and (trouble);	grief-dispelling; Lysanias, a governor of Abilene	Lysanias
G3079	Λυσίας	Lysías	of uncertain affinity;	Lysias, a Roman	Lysias
G3080	λύσις	lýsis	from G3089 (λύω);	a loosening, i.e. (specially), divorce	to be loosed
G3081	λυσιτελεῖ	lysiteleî	third person singular present indicative active of a derivative of a compound of G3080 (λύσις) and G5056 (τέλος);	impersonally, it answers the purpose, i.e. is advantageous	it is better
G3082	Λύστρα	Lýstra	of uncertain origin;	Lystra, a place in Asia Minor	Lystra
G3083	λύτρον	lýtron	from G3089 (λύω);	something to loosen with, i.e. a redemption price (figuratively, atonement)	ransom
G3084	λυτρόω	lytróō	from G3083 (λύτρον);	to ransom (literally or figuratively)	redeem
G3085	λύτρωσις	lýtrōsis	from G3084 (λυτρόω);	a ransoming (figuratively)	+ redeemed, redemption
G3086	λυτρωτής	lytrōtḗs	from G3084 (λυτρόω);	a redeemer (figuratively)	deliverer
G3087	λυχνία	lychnía	from G3088 (λύχνος);	a lamp-stand (literally or figuratively)	candlestick
G3088	λύχνος	lýchnos	from the base of G3022 (λευκός);	a portable lamp or other illuminator (literally or figuratively)	candle, light
G3089	λύω	lýō	a primary verb;	to "loosen" (literally or figuratively)	break (up), destroy, dissolve, (un-)loose, melt, put off
G3090	Λωΐς	Lōḯs	of uncertain origin;	Lois, a Christian woman	Lois
G3091	Λώτ	Lṓt	of Hebrew origin (H03876);	Lot, a patriarch	Lot
G3092	Μαάθ	Maáth	probably of Hebrew origin;	Maath, an Israelite	Maath
G3093	Μαγδαλά	Magdalá	of Chaldee origin (compare H04026);	the tower; Magdala (i.e. Migdala), a place in Palestine	Magdala
G3094	Μαγδαληνή	Magdalēnḗ	feminine of a derivative of G3093 (Μαγδαλά);	a female Magdalene, i.e. inhabitant of Magdala	Magdalene
G3095	μαγεία	mageía	from G3096 (μαγεύω);	"magic"	sorcery
G3096	μαγεύω	mageúō	from G3097 (μάγος);	to practice magic	use sorcery
G3097	μάγος	mágos	of foreign origin (H07248);	a Magian, i.e. Oriental scientist; by implication, a magician	sorcerer, wise man
G3098	Μαγώγ	Magṓg	of Hebrew origin (H04031);	Magog, a foreign nation, i.e. (figuratively) an Antichristian party	Magog
G3099	Μαδιάν	Madián	of Hebrew origin (H04080);	Madian (i.e. Midian), a region of Arabia	Madian
G3100	μαθητεύω	mathēteúō	from G3101 (μαθητής);	intransitively, to become a pupil; transitively, to disciple, i.e. enrol as scholar	be disciple, instruct, teach
G3101	μαθητής	mathētḗs	from G3129 (μανθάνω);	a learner, i.e. pupil	disciple
G3102	μαθήτρια	mathḗtria	feminine from G3101 (μαθητής);	a female pupil	disciple
G3103	Μαθουσάλα	Mathousála	of Hebrew origin (H04968);	Mathusala (i.e. Methushelach), an antediluvian	Mathusala
G3104	Μαϊνάν	Maïnán	probably of Hebrew origin;	Mainan, an Israelite	Mainan
G3105	μαίνομαι	maínomai	middle voice from a primary (to long for;	through the idea of insensate craving); to rave as a "maniac"	be beside self (mad)
G3106	μακαρίζω	makarízō	from G3107 (μακάριος);	to beatify, i.e. pronounce (or esteem) fortunate	call blessed, count happy
G3107	μακάριος	makários	a prolonged form of the poetical (meaning the same);	supremely blest; by extension, fortunate, well off	blessed, happy(X -ier)
G3108	μακαρισμός	makarismós	from G3106 (μακαρίζω);	beatification, i.e. attribution of good fortune	blessedness
G3109	Μακεδονία	Makedonía	from G3110 (Μακεδών);	Macedonia, a region of Greece	Macedonia
G3110	Μακεδών	Makedṓn	of uncertain derivation;	a Macedon (Macedonian), i.e. inhabitant of Macedonia	of Macedonia, Macedonian
G3111	μάκελλον	mákellon	of Latin origin (macellum);	a butcher's stall, meat market or provision-shop	shambles
G3112	μακράν	makrán	feminine accusative case singular of G3117 (μακρός) (G3598 (ὁδός) being implied);	at a distance (literally or figuratively)	(a-)far (off), good (great) way off
G3113	μακρόθεν	makróthen	adverb from G3117 (μακρός);	from a distance or afar	afar off, from far
G3114	μακροθυμέω	makrothyméō	from the same as G3116 (μακροθυμώς);	to be long-spirited, i.e. (objectively) forbearing or (subjectively) patient	bear (suffer) long, be longsuffering, have (long) patience, be patient, patiently endure
G3115	μακροθυμία	makrothymía	from the same as G3116 (μακροθυμώς);	longanimity, i.e. (objectively) forbearance or (subjectively) fortitude	longsuffering, patience
G3116	μακροθυμώς	makrothymṓs	adverb of a compound of G3117 (μακρός) and G2372 (θυμός);	with long (enduring) temper, i.e. leniently	patiently
G3117	μακρός	makrós	from G3372 (μῆκος);	long (in place (distant) or time (neuter plural))	far, long
G3118	μακροχρόνιος	makrochrónios	from G3117 (μακρός) and G5550 (χρόνος);	long-timed, i.e. long-lived	live long
G3119	μαλακία	malakía	from G3120 (μαλακός);	softness, i.e. enervation (debility)	disease
G3120	μαλακός	malakós	of uncertain affinity;	soft, i.e. fine (clothing); figuratively, a catamite	effeminate, soft
G3121	Μαλελεήλ	Maleleḗl	of Hebrew origin (H04111);	Maleleel (i.e. Mahalalel), an antediluvian	Maleleel
G3122	μάλιστα	málista	neuter plural of the superlative of an apparently primary adverb (very);	(adverbially) most (in the greatest degree) or particularly	chiefly, most of all, (e-)specially
G3123	μᾶλλον	mâllon	neuter of the comparative of the same as G3122 (μάλιστα);	(adverbially) more (in a greater degree)) or rather	+ better, X far, (the) more (and more), (so) much (the more), rather
G3124	Μάλχος	Málchos	of Hebrew origin (H04429);	Malchus, an Israelite	Malchus
G3125	μάμμη	mámmē	of natural origin ("mammy");	a grandmother	grandmother
G3126	μαμμωνᾶς	mammōnâs	of Chaldee origin (confidence, i.e. wealth, personified);	mammonas, i.e. avarice (deified)	mammon
G3127	Μαναήν	Manaḗn	of uncertain origin;	Manaën, a Christian	Manaen
G3128	Μανασσῆς	Manassēs	of Hebrew origin (H04519);	Mannasses (i.e. Menashsheh), an Israelite	Manasses
G3129	μανθάνω	manthánō	prolongation from a primary verb, another form of which, , is used as an alternate in certain tenses;	to learn (in any way)	learn, understand
G3130	μανία	manía	from G3105 (μαίνομαι);	craziness	(+ make) X mad
G3131	μάννα	mánna	of Hebrew origin (H04478);	manna (i.e. man), an edible gum	manna
G3132	μαντεύομαι	manteúomai	from a derivative of G3105 (μαίνομαι) (meaning a prophet, as supposed to rave through inspiration);	to divine, i.e. utter spells (under pretense of foretelling	by soothsaying
G3133	μαραίνω	maraínō	of uncertain affinity;	to extinguish (as fire), i.e. (figuratively and passively) to pass away	fade away
G3134	μαρὰν ἀθά	maràn athá	of Chaldee origin (meaning our Lord has come);	maranatha, i.e. an exclamation of the approaching divine judgment	Maran-atha
G3135	μαργαρίτης	margarítēs	from (a pearl-oyster);	a pearl	pearl
G3136	Μάρθα	Mártha	probably of Chaldee origin (meaning mistress);	Martha, a Christian woman	Martha
G3137	Μαρία	María	of Hebrew origin (H04813);	Maria or Mariam (i.e. Mirjam), the name of six Christian females	Mary
G3138	Μάρκος	Márkos	of Latin origin;	Marcus, a Christian	Marcus, Mark
G3139	μάρμαρος	mármaros	from (to glisten);	marble (as sparkling white)	marble
G3140	μαρτυρέω	martyréō	from G3144 (μάρτυς);	to be a witness, i.e. testify (literally or figuratively)	charge, give (evidence), bear record, have (obtain, of) good (honest) report, be well reported of, testify, give (have) testimony, (be, bear, give, obtain) witness
G3141	μαρτυρία	martyría	from G3144 (μάρτυς);	evidence given (judicially or genitive case)	record, report, testimony, witness
G3142	μαρτύριον	martýrion	neuter of a presumed derivative of G3144 (μάρτυς);	something evidential, i.e. (genitive case) evidence given or (specially), the Decalogue (in the sacred Tabernacle)	to be testified, testimony, witness
G3143	μαρτύρομαι	martýromai	middle voice from G3144 (μάρτυς);	to be adduced as a witness, i.e. (figuratively) to obtest (in affirmation or exhortation)	take to record, testify
G3144	μάρτυς	mártys	of uncertain affinity;	a witness (literally (judicially) or figuratively (genitive case)); by analogy, a "martyr"	martyr, record, witness
G3145	μασσάομαι	massáomai	from a primary (to handle or squeeze);	to chew	gnaw
G3146	μαστιγόω	mastigóō	from G3148 (μάστιξ);	to flog (literally or figuratively)	scourge
G3147	μαστίζω	mastízō	from G3149 (μαστός);	to whip (literally)	scourge
G3148	μάστιξ	mástix	probably from the base of G3145 (μασσάομαι) (through the idea of contact);	a whip (literally, the Roman flagellum for criminals; figuratively, a disease)	plague, scourging
G3149	μαστός	mastós	from the base of G3145 (μασσάομαι);	a (properly, female) breast (as if kneaded up)	pap
G3150	ματαιολογία	mataiología	from G3151 (ματαιολόγος);	random talk, i.e. babble	vain jangling
G3151	ματαιολόγος	mataiológos	from G3152 (μάταιος) and G3004 (λέγω);	an idle (i.e. senseless or mischievous) talker, i.e. a wrangler	vain talker
G3152	μάταιος	mátaios	from the base of G3155 (μάτην);	empty, i.e. (literally) profitless, or (specially), an idol	vain, vanity
G3153	ματαιότης	mataiótēs	from G3152 (μάταιος);	inutility; figuratively, transientness; morally, depravity	vanity
G3154	ματαιόω	mataióō	from G3152 (μάταιος);	to render (passively, become) foolish, i.e. (morally) wicked or (specially), idolatrous	become vain
G3155	μάτην	mátēn	accusative case of a derivative of the base of G3145 (μασσάομαι) (through the idea of tentative manipulation, i.e. unsuccessful search, or else of punishment);	folly, i.e. (adverbially) to no purpose	in vain
G3156	Ματθαῖος	Matthaîos	a shorter form of G3164 (μάχομαι);	Matthæus (i.e. Matthitjah), an Israelite and a Christian	Matthew
G3157	Ματθάν	Matthán	of Hebrew origin (H04977);	Matthan (i.e. Mattan), an Israelite	Matthan
G3158	Ματθάτ	Matthát	probably a shortened form of G3161 (Ματταθίας);	Matthat (i.e. Mattithjah), the name of two Israelites	Mathat
G3159	Ματθίας	Matthías	apparently a shortened form of G3161 (Ματταθίας);	Matthias (i.e. Mattithjah), an Israelite	Matthias
G3160	Ματταθά	Mattathá	probably a shortened form of G3161 (Ματταθίας) (compare G4992 (σωτήριον));	Mattatha (i.e. Mattithjah), an Israelite	Mattatha
G3161	Ματταθίας	Mattathías	of Hebrew origin (H04993);	Mattathias (i.e. Mattithjah), an Israelite and a Christian	Mattathias
G3162	μάχαιρα	máchaira	probably feminine of a presumed derivative of G3163 (μάχη);	a knife, i.e. dirk; figuratively, war, judicial punishment	sword
G3163	μάχη	máchē	from G3164 (μάχομαι);	a battle, i.e. (figuratively) controversy	fighting, strive, striving
G3164	μάχομαι	máchomai	middle voice of an apparently primary verb;	to war, i.e. (figuratively) to quarrel, dispute	fight, strive
G3165	μέ	mé	a shorter (and probably original) form of G1691 (ἐμέ);	me	I, me, my
G3166	μεγαλαυχέω	megalauchéō	from a compound of G3173 (μέγας) and (to boast;	akin to G837 (αὐξάνω) and G2744 (καυχάομαι)); to talk big, i.e. be grandiloquent (arrogant, egotistic)	boast great things
G3167	μεγαλεῖος	megaleîos	from G3173 (μέγας);	magnificent, i.e. (neuter, plural as noun) a conspicuous favor, or (subjectively) perfection	great things, wonderful works
G3168	μεγαλειότης	megaleiótēs	from G3167 (μεγαλεῖος);	superbness, i.e. glory or splendor	magnificence, majesty, mighty power
G3169	μεγαλοπρεπής	megaloprepḗs	from G3173 (μέγας) and G4241 (πρέπω);	befitting greatness or magnificence (majestic)	excellent
G3170	μεγαλύνω	megalýnō	from G3173 (μέγας);	to make (or declare) great, i.e. increase or (figuratively) extol	enlarge, magnify, shew great
G3171	μεγάλως	megálōs	adverb from G3173 (μέγας);	much	greatly
G3172	μεγαλωσύνη	megalōsýnē	from G3173 (μέγας);	greatness, i.e. (figuratively) divinity (often God himself)	majesty
G3173	μέγας	mégas	(including the prolonged forms, feminine , plural , etc.; compare also G3176 (μέγιστος), G3187 (μείζων));	big (literally or figuratively, in a very wide application)	(+ fear) exceedingly, great(-est), high, large, loud, mighty, + (be) sore (afraid), strong, X to years
G3174	μέγεθος	mégethos	from G3173 (μέγας);	magnitude (figuratively)	greatness
G3175	μεγιστᾶνες	megistânes	plural from G3176 (μέγιστος);	grandees	great men, lords
G3176	μέγιστος	mégistos	superlative of G3173 (μέγας);	greatest or very great	exceeding great
G3177	μεθερμηνεύω	methermēneúō	from G3326 (μετά) and G2059 (ἑρμηνεύω);	to explain over, i.e. translate	(by) interpret(-ation)
G3178	μέθη	méthē	apparently a primary word;	an intoxicant, i.e. (by implication) intoxication	drunkenness
G3179	μεθίστημι	methístēmi	from G3326 (μετά) and G2476 (ἵστημι);	to transfer, i.e. carry away, depose or (figuratively) exchange, seduce	put out, remove, translate, turn away
G3180	μεθοδεία	methodeía	from a compound of G3326 (μετά) and G3593 (ὁδεύω) (compare "method");	travelling over, i.e. travesty (trickery)	wile, lie in wait
G3181	μεθόριος	methórios	from G3326 (μετά) and G3725 (ὅριον);	bounded alongside, i.e. contiguous (neuter plural as noun, frontier)	border
G3182	μεθύσκω	methýskō	a prolonged (transitive) form of G3184 (μεθύω);	to intoxicate	be drunk(-en)
G3183	μέθυσος	méthysos	from G3184 (μεθύω);	tipsy, i.e. (as noun) a sot	drunkard
G3184	μεθύω	methýō	from another form of G3178 (μέθη);	to drink to intoxication, i.e. get drunk	drink well, make (be) drunk(-en)
G3185	μεῖζον	meîzon	neuter of G3187 (μείζων);	(adverbially) in greater degree	the more
G3186	μειζότερος	meizóteros	continued comparative of G3187 (μείζων);	still larger (figuratively)	greater
G3187	μείζων	meízōn	irregular comparative of G3173 (μέγας);	larger (literally or figuratively, specially, in age)	elder, greater(-est), more
G3188	μέλαν	mélan	neuter of G3189 (μέλας) as noun;	ink	ink
G3189	μέλας	mélas	apparently a primary word;	black	black
G3190	Μελεᾶς	Meleâs	of uncertain origin;	Meleas, an Israelite	Meleas
G3191	μελετάω	meletáō	from a presumed derivative of G3199 (μέλω);	to take care of, i.e. (by implication) revolve in the mind	imagine, (pre-)meditate
G3192	μέλι	méli	apparently a primary word;	honey	honey
G3193	μελίσσιος	melíssios	from G3192 (μέλι);	relating to honey, i.e. bee (comb)	honeycomb
G3194	Μελίτη	Melítē	of uncertain origin;	Melita, an island in the Mediterranean	Melita
G3195	μέλλω	méllō	a strengthened form of G3199 (μέλω) (through the idea of expectation);	to intend, i.e. be about to be, do, or suffer something (of persons or things, especially events; in the sense of purpose, duty, necessity, probability, possibility, or hesitation)	about, after that, be (almost), (that which is, things, + which was for) to come, intend, was to (be), mean, mind, be at the point, (be) ready, + return, shall (begin), (which, that) should (after, afterwards, hereafter) tarry, which was for, will, would, be yet
G3196	μέλος	mélos	of uncertain affinity;	a limb or part of the body	member
G3197	Μελχί	Melchí	of Hebrew origin (H04428 with pronominal suffix, my king);	Melchi (i.e. Malki), the name of two Israelites	Melchi
G3198	Μελχισεδέκ	Melchisedék	of Hebrew origin (H04442);	Melchisedek (i.e. Malkitsedek), a patriarch	Melchisedec
G3199	μέλω	mélō	a primary verb;	to be of interest to, i.e. to concern (only third person singular present indicative used impersonally, it matters)	(take) care
G3200	μεμβράνα	membrána	of Latin origin ("membrane");	a (written) sheep-skin	parchment
G3201	μέμφομαι	mémphomai	middle voice of an apparently primary verb;	to blame	find fault
G3202	μεμψίμοιρος	mempsímoiros	from a presumed derivative of G3201 (μέμφομαι) and (fate;	akin to the base of G3313 (μέρος)); blaming fate, i.e. querulous (discontented)	complainer
G3303	μέν	mén	a primary particle;	properly, indicative of affirmation or concession (in fact); usually followed by a contrasted clause with G1161 (δέ) (this one, the former, etc.)	even, indeed, so, some, truly, verily
G3304	μενοῦνγε	menoûnge	from G3203 and G3767 (οὖν) and G1065 (γέ);	so then at least	nay but, yea doubtless (rather, verily)
G3305	μέντοι	méntoi	from G3203 and G5104 (τοί);	indeed though, i.e. however	also, but, howbeit, nevertheless, yet
G3306	μένω	ménō	a primary verb;	to stay (in a given place, state, relation or expectancy)	abide, continue, dwell, endure, be present, remain, stand, tarry (for), X thine own
G3307	μερίζω	merízō	from G3313 (μέρος);	to part, i.e. (literally) to apportion, bestow, share, or (figuratively) to disunite, differ	deal, be difference between, distribute, divide, give participle
G3308	μέριμνα	mérimna	from G3307 (μερίζω) (through the idea of distraction);	solicitude	care
G3309	μεριμνάω	merimnáō	from G3308 (μέριμνα);	to be anxious about	(be, have) care(-ful), take thought
G3310	μερίς	merís	feminine of G3313 (μέρος);	a portion, i.e. province, share or (abstractly) participation	part (X -akers)
G3311	μερισμός	merismós	from G3307 (μερίζω);	a separation or distribution	dividing asunder, gift
G3312	μεριστής	meristḗs	from G3307 (μερίζω);	an apportioner (administrator)	divider
G3313	μέρος	méros	from an obsolete but more primary form of (to get as a section or allotment);	a division or share (literally or figuratively, in a wide application)	behalf, course, coast, craft, particular (+ -ly), part (+ -ly), piece, portion, respect, side, some sort(-what)
G3314	μεσημβρία	mesēmbría	from G3319 (μέσος) and G2250 (ἡμέρα);	midday; by implication, the south	noon, south
G3315	μεσιτεύω	mesiteúō	from G3316 (μεσίτης);	to interpose (as arbiter), i.e (by implication) to ratify (as surety)	confirm
G3316	μεσίτης	mesítēs	from G3319 (μέσος);	a go-between, i.e. (simply) an internunciator, or (by implication) a reconciler (intercessor)	mediator
G3317	μεσονύκτιον	mesonýktion	neuter of compound of G3319 (μέσος) and G3571 (νύξ);	midnight (especially as a watch)	midnight
G3318	Μεσοποταμία	Mesopotamía	from G3319 (μέσος) and G4215 (ποταμός);	Mesopotamia (as lying between the Euphrates and the Tigris; compare 0763), a region of Asia	Mesopotamia
G3319	μέσος	mésos	from G3326 (μετά);	middle (as an adjective or (neuter) noun)	among, X before them, between, + forth, mid(-day, -night), midst, way
G3320	μεσότοιχον	mesótoichon	from G3319 (μέσος) and G5109 (τοῖχος);	a partition (figuratively)	middle wall
G3321	μεσουράνημα	mesouránēma	from a presumed compound of G3319 (μέσος) and G3772 (οὐρανός);	mid-sky	midst of heaven
G3322	μεσόω	mesóō	from G3319 (μέσος);	to form the middle, i.e. (in point of time), to be half-way over	be about the midst
G3323	Μεσσίας	Messías	of Hebrew origin (H04899);	the Messias (i.e. Mashiach), or Christ	Messias
G3324	μεστός	mestós	of uncertain derivation;	replete (literally or figuratively)	full
G3325	μεστόω	mestóō	from G3324 (μεστός);	to replenish, i.e. (by implication) to intoxicate	fill
G3326	μετά	metá	a primary preposition (often used adverbially);	properly, denoting accompaniment; "amid" (local or causal); modified variously according to the case (genitive association, or accusative succession) with which it is joined; occupying an intermediate position between G575 (ἀπό) or G1537 (ἐκ) and G1519 (εἰς) or G4314 (πρός); less intimate than G1722 (ἐν) and less close than G4862 (σύν))	after(-ward), X that he again, against, among, X and, + follow, hence, hereafter, in, of, (up-)on, + our, X and setting, since, (un-)to, + together, when, with (+ -out)
G3327	μεταβαίνω	metabaínō	from G3326 (μετά) and the base of G939 (βάσις);	to change place	depart, go, pass, remove
G3328	μεταβάλλω	metabállō	from G3326 (μετά) and G906 (βάλλω);	to throw over, i.e. (middle voice figuratively) to turn about in opinion	change mind
G3329	μετάγω	metágō	from G3326 (μετά) and G718 (ἁρμόζω);	to lead over, i.e. transfer (direct)	turn about
G3330	μεταδίδωμι	metadídōmi	from G3326 (μετά) and G1325 (δίδωμι);	to give over, i.e. share	give, impart
G3331	μετάθεσις	metáthesis	from G3346 (μετατίθημι);	transposition, i.e. transferral (to heaven), disestablishment (of a law)	change, removing, translation
G3332	μεταίρω	metaírō	from G3326 (μετά) and G142 (αἴρω);	to betake oneself, i.e. remove (locally)	depart
G3333	μετακαλέω	metakaléō	from G3326 (μετά) and G2564 (καλέω);	to call elsewhere, i.e. summon	call (for, hither)
G3334	μετακινέω	metakinéō	from G3326 (μετά) and G2795 (κινέω);	to stir to a place elsewhere, i.e. remove (figuratively)	move away
G3335	μεταλαμβάνω	metalambánō	from G3326 (μετά) and G2983 (λαμβάνω);	to participate; genitive case, to accept (and use)	eat, have, be partaker, receive, take
G3336	μετάλημψις	metálēmpsis	from G3335 (μεταλαμβάνω);	participation	taking
G3337	μεταλλάσσω	metallássō	from G3326 (μετά) and G236 (ἀλλάσσω);	to exchange	change
G3338	μεταμέλλομαι	metaméllomai	from G3326 (μετά) and the middle voice of G3199 (μέλω);	to care afterwards, i.e. regret	repent (self)
G3339	μεταμορφόω	metamorphóō	from G3326 (μετά) and G3445 (μορφόω);	to transform (literally or figuratively, "metamorphose")	change, transfigure, transform
G3340	μετανοέω	metanoéō	from G3326 (μετά) and G3539 (νοιέω);	to think differently or afterwards, i.e. reconsider (morally, feel compunction)	repent
G3341	μετάνοια	metánoia	from G3340 (μετανοέω);	(subjectively) compunction (for guilt, including reformation); by implication, reversal (of (another's) decision)	repentance
G3342	μεταξύ	metaxý	from G3326 (μετά) and a form of G4862 (σύν);	betwixt (of place or person); (of time) as adjective, intervening, or (by implication) adjoining	between, mean while, next
G3343	μεταπέμπω	metapémpō	from G3326 (μετά) and G3992 (πέμπω);	to send from elsewhere, i.e. (middle voice) to summon or invite	call (send) for
G3344	μεταστρέφω	metastréphō	from G3326 (μετά) and G4762 (στρέφω);	to turn across, i.e. transmute or (figuratively) corrupt	pervert, turn
G3345	μετασχηματίζω	metaschēmatízō	from G3326 (μετά) and a derivative of G4976 (σχῆμα);	to transfigure or disguise; figuratively, to apply (by accommodation)	transfer, transform (self)
G3346	μετατίθημι	metatíthēmi	from G3326 (μετά) and G5087 (τίθημι);	to transfer, i.e. (literally) transport, (by implication) exchange, (reflexively) change sides, or (figuratively) pervert	carry over, change, remove, translate, turn
G3347	μετέπειτα	metépeita	from G3326 (μετά) and G1899 (ἔπειτα);	thereafter	afterward
G3348	μετέχω	metéchō	from G3326 (μετά) and G2192 (ἔχω);	to share or participate; by implication, belong to, eat (or drink)	be partaker, pertain, take part, use
G3349	μετεωρίζω	meteōrízō	from a compound of G3326 (μετά) and a collateral form of G142 (αἴρω) or perhaps rather G109 (ἀήρ) (compare "meteor");	to raise in mid-air, i.e. (figuratively) suspend (passively, fluctuate or be anxious)	be of doubtful mind
G3350	μετοικεσία	metoikesía	from a derivative of a compound of G3326 (μετά) and G3624 (οἶκος);	a change of abode, i.e. (specially), expatriation	X brought, carried(-ying) away (in-)to
G3351	μετοικίζω	metoikízō	from the same as G3350 (μετοικεσία);	to transfer as a settler or captive, i.e colonize or exile	carry away, remove into
G3352	μετοχή	metochḗ	from G3348 (μετέχω);	participation, i.e. intercourse	fellowship
G3353	μέτοχος	métochos	from G3348 (μετέχω);	participant, i.e. (as noun) a sharer; by implication, an associate	fellow, partaker, partner
G3354	μετρέω	metréō	from G3358 (μέτρον);	to measure (i.e. ascertain in size by a fixed standard); by implication, to admeasure (i.e. allot by rule)	figuratively, to estimate:--measure, mete
G3355	μετρητής	metrētḗs	from G3354 (μετρέω);	a measurer, i.e. (specially), a certain standard measure of capacity for liquids	firkin
G3356	μετριοπαθέω	metriopathéō	from a compound of the base of G3357 (μετρίως) and G3806 (πάθος);	to be moderate in passion, i.e. gentle (to treat indulgently)	have compassion
G3357	μετρίως	metríōs	adverb from a derivative of G3358 (μέτρον);	moderately, i.e. slightly	a little
G3358	μέτρον	métron	an apparently primary word;	a measure ("metre"), literally or figuratively; by implication, a limited portion (degree)	measure
G3359	μέτωπον	métōpon	from G3326 (μετά) and ops (the face);	the forehead (as opposite the countenance)	forehead
G3360	μέχρι	méchri	from G3372 (μῆκος);	as far as, i.e. up to a certain point (as a preposition, of extent (denoting the terminus, whereas G891 (ἄχρι) refers especially to the space of time or place intervening) or conjunction)	till, (un-)to, until
G3361	μή	mḗ	a primary particle of qualified negation (whereas G3756 (οὐ) expresses an absolute denial);	(adverb) not, (conjunction) lest; also (as an interrogative implying a negative answer (whereas G3756 (οὐ) expects an affirmative one)) whether	any but (that), X forbear, + God forbid, + lack, lest, neither, never, no (X wise in), none, nor, (can-)not, nothing, that not, un(-taken), without
G3362	ἐὰν μή	eàn mḗ	i.e. G1437 (ἐάν) and G3361 (μή);	if not, i.e. unless	X before, but, except, if, no, (if, + whosoever) not
G3363	ἵνα μή	hína mḗ	i.e. G2443 (ἵνα) and G3361 (μή);	in order (or so) that not	albeit not, lest, that, no(-t, (-thing))
G3364	οὐ μή	ou mḗ	i.e. G3756 (οὐ) and G3361 (μή);	a double negative strengthening the denial; not at all	any more, at all, by any (no) means, neither, never, no (at all), in no case (wise), nor ever, not (at all, in any wise)
G3365	μηδαμῶς	mēdamōs	adverb from a compound of G3361 (μή) and (somebody);	by no means	not so
G3366	μηδέ	mēdé	from G3361 (μή) and G1161 (δέ);	but not, not even; in a continued negation, nor	neither, nor (yet), (no) not (once, so much as)
G3367	μηδείς	mēdeís	from G3361 (μή) and G1520 (εἷς);	not even one (man, woman, thing)	any (man, thing), no (man), none, not (at all, any man, a whit), nothing, + without delay
G3368	μηδέποτε	mēdépote	from G3366 (μηδέ) and G4218 (ποτέ);	not even ever	never
G3369	μηδέπω	mēdépō	from G3366 (μηδέ) and G4452 (-πω);	not even yet	not yet
G3370	Μῆδος	Mēdos	of foreign origin (compare H04074);	a Median, or inhabitant of Media	Mede
G3371	μηκέτι	mēkéti	from G3361 (μή) and G2089 (ἔτι);	no further	any longer, (not) henceforth, hereafter, no henceforward (longer, more, soon), not any more
G3372	μῆκος	mēkos	probably akin to G3173 (μέγας);	length (literally or figuratively) length.	
G3373	μηκύνω	mēkýnō	from G3372 (μῆκος);	to lengthen, i.e. (middle voice) to enlarge	grow up
G3374	μηλωτή	mēlōtḗ	from (a sheep);	a sheep-skin	sheepskin
G3375	μήν	mḗn	a stronger form of G3303 (μέν);	a particle of affirmation (only with G2229 (ἦ)); assuredly	+ surely
G3376	μήν	mḗn	a primary word;	a month	month
G3377	μηνύω	mēnýō	probably from the same base as G3145 (μασσάομαι) and G3415 (μνάομαι) (i.e. , to strive);	to disclose (through the idea of mental effort and thus calling to mind), i.e. report, declare, intimate	shew, tell
G3378	μὴ οὐκ	mḕ ouk	i.e. G3361 (μή) and G3756 (οὐ);	as interrogative and negative, is it not that?	neither (followed by no), + never, not
G3379	μήποτε	mḗpote	from G3361 (μή) and G4218 (ποτέ);	not ever; also if (or lest) ever (or perhaps)	if peradventure, lest (at any time, haply), not at all, whether or not
G3380	μήπω	mḗpō	from G3361 (μή) and G4452 (-πω);	not yet	not yet
G3381	μήπως	mḗpōs	from G3361 (μή) and G4458 (-πώς);	lest somehow	lest (by any means, by some means, haply, perhaps)
G3382	μηρός	mērós	perhaps a primary word;	a thigh	thigh
G3383	μήτε	mḗte	from G3361 (μή) and G5037 (τέ);	not too, i.e. (in continued negation) neither or nor; also, not even	neither, (n-)or, so as much
G3384	μήτηρ	mḗtēr	apparently a primary word;	a "mother" (literally or figuratively, immediate or remote)	mother
G3385	μήτι	mḗti	from G3361 (μή) and the neuter of G5100 (τὶς);	whether at all	not (the particle usually not expressed, except by the form of the question)
G3386	μήτιγε	mḗtige	from G3385 (μήτι) and G1065 (γέ);	not at all then, i.e. not to say (the rather still)	how much more
G3387	μήτις	mḗtis	from G3361 (μή) and G5100 (τὶς);	whether any	any (sometimes unexpressed except by the simple interrogative form of the sentence)
G3388	μήτρα	mḗtra	from G3384 (μήτηρ);	the matrix	womb
G3389	μητραλῴας	mētralṓias	from G3384 (μήτηρ) and the base of G257 (ἅλων);	a mother-thresher, i.e. matricide	murderer of mothers
G3390	μητρόπολις	mētrópolis	from G3384 (μήτηρ) and G4172 (πόλις);	a mother city, i.e. "metropolis"	chiefest city
G3391	μία	mía	irregular feminine of G1520 (εἷς);	one or first	a (certain), + agree, first, one, X other
G3392	μιαίνω	miaínō	perhaps a primary verb;	to sully or taint, i.e. contaminate (ceremonially or morally)	defile
G3393	μίασμα	míasma	from G3392 (μιαίνω) ("miasma");	(morally) foulness (properly, the effect)	pollution
G3394	μιασμός	miasmós	from G3392 (μιαίνω);	(morally) contamination (properly, the act)	uncleanness
G3395	μίγμα	mígma	from G3396 (μίγνυμι);	a compound	mixture
G3396	μίγνυμι	mígnymi	a primary verb;	to mix	mingle
G3397	μικρόν	mikrón	masculine or neuter singular of G3398 (μικρός) (as noun);	a small space of time or degree	a (little) (while)
G3398	μικρός	mikrós	apparently a primary word;	small (in size, quantity, number or (figuratively) dignity)	least, less, little, small
G3399	Μίλητος	Mílētos	of uncertain origin;	Miletus, a city of Asia Minor	Miletus
G3400	μίλιον	mílion	of Latin origin;	a thousand paces, i.e. a "mile"	mile
G3401	μιμέομαι	miméomai	middle voice from (a "mimic");	to imitate	follow
G3402	μιμητής	mimētḗs	from G3401 (μιμέομαι);	an imitator	follower
G3403	μιμνήσκω	mimnḗskō	a prolonged form of G3415 (μνάομαι) (from which some of the tenses are borrowed);	to remind, i.e. (middle voice) to recall to mind	be mindful, remember
G3404	μισέω	miséō	from a primary (hatred);	to detest (especially to persecute); by extension, to love less	hate(-ful)
G3405	μισθαποδοσία	misthapodosía	from G3406 (μισθαποδότης);	requital (good or bad)	recompence of reward
G3406	μισθαποδότης	misthapodótēs	from G3409 (μισθόω) and G591 (ἀποδίδωμι);	a renumerator	rewarder
G3407	μίσθιος	místhios	from G3408 (μισθός);	a wage-earner	hired servant
G3408	μισθός	misthós	apparently a primary word;	pay for service (literally or figuratively), good or bad	hire, reward, wages
G3409	μισθόω	misthóō	from G3408 (μισθός);	to let out for wages, i.e. (middle voice) to hire	hire
G3410	μίσθωμα	místhōma	from G3409 (μισθόω);	a rented building	hired house
G3411	μισθωτός	misthōtós	from G3409 (μισθόω);	a wage-worker (good or bad)	hired servant, hireling
G3412	Μιτυλήνη	Mitylḗnē	for (abounding in shellfish);	Mitylene (or Mytilene), a town on the island of Lesbos	Mitylene
G3413	Μιχαήλ	Michaḗl	of Hebrew origin (H04317);	Michael, an archangel	Michael
G3414	μνᾶ	mnâ	of Latin origin;	a mna (i.e. mina), a certain weight	pound
G3415	μνάομαι	mnáomai	middle voice of a derivative of G3306 (μένω) or perhaps of the base of G3145 (μασσάομαι) (through the idea of fixture in the mind or of mental grasp);	to bear in mind, i.e. recollect; by implication, to reward or punish	be mindful, remember, come (have) in remembrance
G3416	Μνάσων	Mnásōn	of uncertain origin;	Mnason, a Christian	Mnason
G3417	μνεία	mneía	from G3415 (μνάομαι) or G3403 (μιμνήσκω);	recollection; by implication, recital	mention, remembrance
G3418	μνῆμα	mnēma	from G3415 (μνάομαι);	a memorial, i.e. sepulchral monument (burial-place)	grave, sepulchre, tomb
G3419	μνημεῖον	mnēmeîon	from G3420 (μνήμη);	a remembrance, i.e. cenotaph (place of interment)	grave, sepulchre, tomb
G3420	μνήμη	mnḗmē	from G3403 (μιμνήσκω);	memory	remembrance
G3421	μνημονεύω	mnēmoneúō	from a derivative of G3420 (μνήμη);	to exercise memory, i.e. recollect; by implication, to punish; also to rehearse	make mention; be mindful, remember
G3422	μνημόσυνον	mnēmósynon	from G3421 (μνημονεύω);	a reminder (memorandum), i.e. record	memorial
G3423	μνηστεύω	mnēsteúō	from a derivative of G3415 (μνάομαι);	to give a souvenir (engagement present), i.e. betroth	espouse
G3424	μογιλάλος	mogilálos	from G3425 (μόγις) and G2980 (λαλέω);	hardly talking, i.e. dumb (tongue-tied)	having an impediment in his speech
G3425	μόγις	mógis	adverb from a primary (toil);	with difficulty	hardly
G3426	μόδιος	módios	of Latin origin;	a modius, i.e. certain measure for things dry (the quantity or the utensil)	bushel
G3427	μοί	moí	the simpler form of G1698 (ἐμοί);	to me	I, me, mine, my
G3428	μοιχαλίς	moichalís	a prolonged form of the feminine of G3432 (μοιχός);	an adulteress (literally or figuratively)	adulteress(-ous, -y)
G3429	μοιχάω	moicháō	from G3432 (μοιχός);	(middle voice) to commit adultery	commit adultery
G3430	μοιχεία	moicheía	from G3431 (μοιχεύω);	adultery	adultery
G3431	μοιχεύω	moicheúō	from G3432 (μοιχός);	to commit adultery	commit adultery
G3432	μοιχός	moichós	perhaps a primary word;	a (male) paramour; figuratively, apostate	adulterer
G3433	μόλις	mólis	probably by variation for G3425 (μόγις);	with difficulty	hardly, scarce(-ly), + with much work
G3434	Μολόχ	Molóch	of Hebrew origin (H04432);	Moloch (i.e. Molek), an idol	Moloch
G3435	μολύνω	molýnō	probably from G3189 (μέλας);	to soil (figuratively)	defile
G3436	μολυσμός	molysmós	from G3435 (μολύνω);	a stain; i.e. (figuratively) immorality	filthiness
G3437	μομφή	momphḗ	from G3201 (μέμφομαι);	blame, i.e. (by implication), a fault	quarrel
G3438	μονή	monḗ	from G3306 (μένω);	a staying, i.e. residence (the act or the place)	abode, mansion
G3439	μονογενής	monogenḗs	from G3441 (μόνος) and G1096 (γίνομαι);	only-born, i.e. sole	only (begotten, child)
G3440	μόνον	mónon	neuter of G3441 (μόνος) as adverb;	merely	alone, but, only
G3441	μόνος	mónos	probably from G3306 (μένω);	remaining, i.e. sole or single; by implication, mere	alone, only, by themselves
G3442	μονόφθαλμος	monóphthalmos	from G3441 (μόνος) and G3788 (ὀφθαλμός);	one-eyed	with one eye
G3443	μονόω	monóō	from G3441 (μόνος);	to isolate, i.e. bereave	be desolate
G3444	μορφή	morphḗ	perhaps from the base of G3313 (μέρος) (through the idea of adjustment of parts);	shape; figuratively, nature	form
G3445	μορφόω	morphóō	from the same as G3444 (μορφή);	to fashion (figuratively)	form
G3446	μόρφωσις	mórphōsis	from G3445 (μορφόω);	formation, i.e. (by implication), appearance (semblance or (concretely) formula)	form
G3447	μοσχοποιέω	moschopoiéō	from G3448 (μόσχος) and G4160 (ποιέω);	to fabricate the image of a bullock	make a calf
G3448	μόσχος	móschos	probably strengthened for (a shoot);	a young bullock	calf
G3449	μόχθος	móchthos	from the base of G3425 (μόγις);	toil, i.e. (by implication) sadness	painfulness, travail
G3450	μοῦ	moû	the simpler form of G1700 (ἐμοῦ);	of me	I, me, mine (own), my
G3451	μουσικός	mousikós	from (a Muse);	"musical", i.e. (as noun) a minstrel	musician
G3452	μυελός	myelós	perhaps a primary word;	the marrow	marrow
G3453	μυέω	myéō	from the base of G3466 (μυστήριον);	to initiate, i.e. (by implication) to teach	instruct
G3454	μῦθος	mŷthos	perhaps from the same as G3453 (μυέω) (through the idea of tuition);	a tale, i.e. fiction ("myth")	fable
G3455	μυκάομαι	mykáomai	from a presumed derivative of ( to "moo");	to bellow (roar)	roar
G3456	μυκτηρίζω	myktērízō	from a derivative of the base of G3455 (μυκάομαι) (meaning snout, as that whence lowing proceeds);	to make mouths at, i.e. ridicule	mock
G3457	μυλικός	mylikós	from G3458 (μύλος);	belonging to a mill	mill(-stone)
G3458	μύλος	mýlos	probably ultimately from the base of G3433 (μόλις) (through the idea of hardship);	a "mill", i.e. (by implication), a grinder (millstone)	millstone
G3459	μύλων	mýlōn	from G3458 (μύλος);	a mill-house	mill
G3460	Μύρα	Mýra	of uncertain derivation;	Myra, a place in Asia Minor	Myra
G3461	μυριάς	myriás	from G3463 (μύριοι);	a ten-thousand; by extension, a "myriad" or indefinite number	ten thousand
G3462	μυρίζω	myrízō	from G3464 (μύρον);	to apply (perfumed) unguent to	anoint
G3463	μύριοι	mýrioi	plural of an apparently primary word (properly, meaning very many);	ten thousand; by extension, innumerably many	ten thousand
G3464	μύρον	mýron	probably of foreign origin (compare H04753, G4666 (σμύρνα));	"myrrh", i.e. (by implication) perfumed oil	ointment
G3465	Μυσία	Mysía	of uncertain origin;	Mysia, a region of Asia Minor	Mysia
G3466	μυστήριον	mystḗrion	from a derivative of (to shut the mouth);	a secret or "mystery" (through the idea of silence imposed by initiation into religious rites)	mystery
G3467	μυωπάζω	myōpázō	from a compound of the base of G3466 (μυστήριον) and (the face;	from G3700 (ὀπτάνομαι)); to shut the eyes, i.e. blink (see indistinctly)	cannot see far off
G3468	μώλωψ	mṓlōps	from ("moil";	probably akin to the base of G3433 (μόλις)) and probably (the face; from G3700 (ὀπτάνομαι)); a mole ("black eye") or blow-mark	stripe
G3469	μωμάομαι	mōmáomai	from G3470 (μῶμος);	to carp at, i.e. censure (discredit)	blame
G3470	μῶμος	mōmos	perhaps from G3201 (μέμφομαι);	a flaw or blot, i.e. (figuratively) disgraceful person	blemish
G3471	μωραίνω	mōraínō	from G3474 (μωρός);	to become insipid; figuratively, to make (passively, act) as a simpleton	become fool, make foolish, lose savour
G3472	μωρία	mōría	from G3474 (μωρός);	silliness, i.e. absurdity	foolishness
G3473	μωρολογία	mōrología	from a compound of G3474 (μωρός) and G3004 (λέγω);	silly talk, i.e. buffoonery	foolish talking
G3474	μωρός	mōrós	probably from the base of G3466 (μυστήριον);	dull or stupid (as if shut up), i.e. heedless, (morally) blockhead, (apparently) absurd	fool(-ish, X -ishness)
G3475	Μωσεύς	Mōseús	of Hebrew origin; (H04872);	Moseus, Moses, or Mouses (i.e. Mosheh), the Hebrew lawgiver	Moses
G3476	Ναασσών	Naassṓn	of Hebrew origin (H05177);	Naasson (i.e. Nachshon), an Israelite	Naasson
G3477	Ναγγαί	Nangaí	probably of Hebrew origin (compare H05052);	Nangæ (i.e. perhaps Nogach), an Israelite	Nagge
G3478	Ναζαρέθ	Nazaréth	of uncertain derivation;	Nazareth or Nazaret, a place in Palestine	Nazareth
G3479	Ναζαρηνός	Nazarēnós	from G3478 (Ναζαρέθ);	a Nazarene, i.e. inhabitant of Nazareth	of Nazareth
G3480	Ναζωραῖος	Nazōraîos	from G3478 (Ναζαρέθ);	a Nazoræan, i.e. inhabitant of Nazareth; by extension, a Christian	Nazarene, of Nazareth
G3481	Ναθάν	Nathán	of Hebrew origin (H05416);	Nathan, an Israelite	Nathan
G3482	Ναθαναήλ	Nathanaḗl	of Hebrew origin (H05417);	Nathanaël (i.e. Nathanel), an Israelite and Christian	Nathanael
G3483	ναί	naí	a primary particle of strong affirmation;	yes	even so, surely, truth, verily, yea, yes
G3484	Ναΐν	Naḯn	probably of Hebrew origin (compare H04999);	Nain, a place in Palestine	Nain
G3485	ναός	naós	from a primary (to dwell);	a fane, shrine, temple	shrine, temple
G3486	Ναούμ	Naoúm	of Hebrew origin (H05151);	Naum (i.e. Nachum), an Israelite	Naum
G3487	νάρδος	nárdos	of foreign origin (compare H05373);	"nard"	(spike-)nard
G3488	Νάρκισσος	Nárkissos	a flower of the same name, from (stupefaction, as a "narcotic");	Narcissus, a Roman	Narcissus
G3489	ναυαγέω	nauagéō	from a compound of G3491 (ναῦς) and G71 (ἄγω);	to be shipwrecked (stranded, "navigate"), literally or figuratively	make (suffer) shipwreck
G3490	ναύκληρος	naúklēros	from G3491 (ναῦς) and G2819 (κλῆρος) ("clerk");	a captain	owner of a ship
G3491	ναῦς	naûs	from or (to float);	a boat (of any size)	ship
G3492	ναύτης	naútēs	from G3491 (ναῦς);	a boatman, i.e. seaman	sailor, shipman
G3493	Ναχώρ	Nachṓr	of Hebrew origin (H05152);	Nachor, the grandfather of Abraham	Nachor
G3494	νεανίας	neanías	from a derivative of G3501 (νέος);	a youth (up to about forty years)	young man
G3495	νεανίσκος	neanískos	from the same as G3494 (νεανίας);	a youth (under forty)	young man
G3496	Νεάπολις	Neápolis	from G3501 (νέος) and G4172 (πόλις);	new town; Neapolis, a place in Macedonia	Neapolis
G3497	Νεεμάν	Neemán	of Hebrew origin (H05283);	Neeman (i.e. Naaman), a Syrian	Naaman
G3498	νεκρός	nekrós	from an apparently primary (a corpse);	dead (literally or figuratively; also as noun)	dead
G3499	νεκρόω	nekróō	from G3498 (νεκρός);	to deaden, i.e. (figuratively) to subdue	be dead, mortify
G3500	νέκρωσις	nékrōsis	from G3499 (νεκρόω);	decease; figuratively, impotency	deadness, dying
G3501	νέος	néos	including the comparative ; a primary word;	"new", i.e. (of persons) youthful, or (of things) fresh; figuratively, regenerate	new, young
G3502	νεοσσός	neossós	from G3501 (νέος);	a youngling (nestling)	young
G3503	νεότης	neótēs	from G3501 (νέος);	newness, i.e. youthfulness	youth
G3504	νεόφυτος	neóphytos	from G3501 (νέος) and a derivative of G5453 (φύω);	newly planted, i.e. (figuratively) a young convert ("neophyte")	novice
G3505	Νέρων	Nérōn	of Latin origin;	Neron (i.e. Nero), a Roman emperor	Nero
G3506	νεύω	neúō	apparently a primary verb;	to "nod", i.e. (by analogy), signal	beckon
G3507	νεφέλη	nephélē	from G3509 (νέφος);	properly, cloudiness, i.e. (concretely) a cloud	cloud
G3508	Νεφθαλείμ	Nephthaleím	of Hebrew origin (H05321);	Nephthaleim (i.e. Naphthali), a tribe in Palestine	Nephthalim
G3509	νέφος	néphos	apparently a primary word;	a cloud	cloud
G3510	νεφρός	nephrós	of uncertain affinity;	a kidney (plural), i.e. (figuratively) the inmost mind	reins
G3511	νεωκόρος	neōkóros	from a form of G3485 (ναός) and (to sweep);	a temple-servant, i.e. (by implication) a votary	worshipper
G3512	νεωτερικός	neōterikós	from the comparative of G3501 (νέος);	appertaining to younger persons, i.e. juvenile	youthful
G3513	νή	nḗ	probably an intensive form of G3483 (ναί);	a particle of attestation (accompanied by the object invoked or appealed to in confirmation); as sure as	I protest by
G3514	νήθω	nḗthō	from (of like meaning);	to spin	spin
G3515	νηπιάζω	nēpiázō	from G3516 (νήπιος);	to act as a babe, i.e. (figuratively) innocently	be a child
G3516	νήπιος	nḗpios	from an obsolete particle (implying negation) and G2031 (ἔπος);	not speaking, i.e. an infant (minor); figuratively, a simple-minded person, an immature Christian	babe, child (+ -ish)
G3517	Νηρεύς	Nēreús	apparently from a derivative of the base of G3491 (ναῦς) (meaning wet);	Nereus, a Christian	Nereus
G3518	Νηρί	Nērí	of Hebrew origin (H05374);	Neri (i.e. Nerijah), an Israelite	Neri
G3519	νησίον	nēsíon	diminutive of G3520 (νῆσος);	an islet	island
G3520	νῆσος	nēsos	probably from the base of G3491 (ναῦς);	an island	island, isle
G3521	νηστεία	nēsteía	from G3522 (νηστεύω);	abstinence (from lack of food, or voluntary and religious); specially, the fast of the Day of Atonement	fast(-ing)
G3522	νηστεύω	nēsteúō	from G3523 (νῆστις);	to abstain from food (religiously)	fast
G3523	νῆστις	nēstis	from the inseparable negative particle (not) and G2068 (ἐσθίω);	not eating, i.e. abstinent from food (religiously)	fasting
G3524	νηφάλεος	nēpháleos	from G3525 (νήφω);	sober, i.e. (figuratively) circumspect	sober
G3525	νήφω	nḗphō	of uncertain affinity;	to abstain from wine (keep sober), i.e. (figuratively) be discreet	be sober, watch
G3526	Νίγερ	Níger	of Latin origin;	black; Niger, a Christian	Niger
G3527	Νικάνωρ	Nikánōr	probably from G3528 (νικάω);	victorious; Nicanor, a Christian	Nicanor
G3528	νικάω	nikáō	from G3529 (νίκη);	to subdue (literally or figuratively)	conquer, overcome, prevail, get the victory
G3529	νίκη	níkē	apparently a primary word;	conquest (abstractly), i.e. (figuratively) the means of success	victory
G3530	Νικόδημος	Nikódēmos	from G3534 (νῖκος) and G1218 (δῆμος);	victorious among his people; Nicodemus, an Israelite	Nicodemus
G3531	Νικολαΐτης	Nikolaḯtēs	from G3532 (Νικόλαος);	a Nicolaite, i.e. adherent of Nicolaus	Nicolaitane
G3532	Νικόλαος	Nikólaos	from G3534 (νῖκος) and G2994 (Λαοδικεύς);	victorious over the people; Nicolaus, a heretic	Nicolaus
G3533	Νικόπολις	Nikópolis	from G3534 (νῖκος) and G4172 (πόλις);	victorious city; Nicopolis, a place in Macedonia	Nicopolis
G3534	νῖκος	nîkos	from G3529 (νίκη);	a conquest (concretely), i.e. (by implication) triumph	victory
G3535	Νινευΐ	Nineuḯ	of Hebrew origin (H05210);	Ninevi (i.e. Nineveh), the capital of Assyria	Nineve
G3536	Νινευΐτης	Nineuḯtēs	from G3535 (Νινευΐ);	a Ninevite, i.e. inhabitant of Nineveh	of Nineve, Ninevite
G3537	νιπτήρ	niptḗr	from G3538 (νίπτω);	a ewer	bason
G3538	νίπτω	níptō		to cleanse (especially the hands or the feet or the face); ceremonially, to perform ablution	wash
G3539	νοιέω	noiéō	from G3563 (νοῦς);	to exercise the mind (observe), i.e. (figuratively) to comprehend, heed	consider, perceive, think, understand
G3540	νόημα	nóēma	from G3539 (νοιέω);	a perception, i.e. purpose, or (by implication) the intellect, disposition, itself	device, mind, thought
G3541	νόθος	nóthos	of uncertain affinity;	a spurious or illegitimate son	bastard
G3542	νομή	nomḗ	feminine from the same as G3551 (νόμος);	pasture, i.e. (the act) feeding (figuratively, spreading of a gangrene), or (the food) pasturage	X eat, pasture
G3543	νομίζω	nomízō	from G3551 (νόμος);	properly, to do by law (usage), i.e. to accustom (passively, be usual); by extension, to deem or regard	suppose, thing, be wont
G3544	νομικός	nomikós	from G3551 (νόμος);	according (or pertaining) to law, i.e. legal (ceremonially); as noun, an expert in the (Mosaic) law	about the law, lawyer
G3545	νομίμως	nomímōs	adverb from a derivative of G3551 (νόμος);	legitimately (specially, agreeably to the rules of the lists)	lawfully
G3546	νόμισμα	nómisma	from G3543 (νομίζω);	what is reckoned as of value (after the Latin numisma), i.e. current coin	money
G3547	νομοδιδάσκαλος	nomodidáskalos	from G3551 (νόμος) and G1320 (διδάσκαλος);	an expounder of the (Jewish) law, i.e. a Rabbi	doctor (teacher) of the law
G3548	νομοθεσία	nomothesía	from G3550 (νομοθέτης);	legislation (specially, the institution of the Mosaic code)	giving of the law
G3549	νομοθετέω	nomothetéō	from G3550 (νομοθέτης);	to legislate, i.e. (passively) to have (the Mosaic) enactments injoined, be sanctioned (by them)	establish, receive the law
G3550	νομοθέτης	nomothétēs	from G3551 (νόμος) and a derivative of G5087 (τίθημι);	a legislator	lawgiver
G3551	νόμος	nómos	from a primary (to parcel out, especially food or grazing to animals);	law (through the idea of prescriptive usage), genitive case (regulation), specially, (of Moses (including the volume); also of the Gospel), or figuratively (a principle)	law
G3552	νοσέω	noséō	from G3554 (νόσος);	to be sick, i.e. (by implication, of a diseased appetite) to hanker after (figuratively, to harp upon)	dote
G3553	νόσημα	nósēma	from G3552 (νοσέω);	an ailment	disease
G3554	νόσος	nósos	of uncertain affinity;	a malady (rarely figuratively, of moral disability)	disease, infirmity, sickness
G3555	νοσσιά	nossiá	from G3502 (νεοσσός);	a brood (of chickens)	brood
G3556	νοσσίον	nossíon	diminutive of G3502 (νεοσσός);	a birdling	chicken
G3557	νοσφίζομαι	nosphízomai	middle voice from (apart or clandestinely);	to sequestrate for oneself, i.e. embezzle	keep back, purloin
G3558	νότος	nótos	of uncertain affinity;	the south(-west) wind; by extension, the southern quarter itself	south (wind)
G3559	νουθεσία	nouthesía	from G3563 (νοῦς) and a derivative of G5087 (τίθημι);	calling attention to, i.e. (by implication) mild rebuke or warning	admonition
G3560	νουθετέω	nouthetéō	from the same as G3559 (νουθεσία);	to put in mind, i.e. (by implication) to caution or reprove gently	admonish, warn
G3561	νουμηνία	noumēnía	feminine of a compound of G3501 (νέος) and G3376 (μήν) (as noun by implication, of G2250 (ἡμέρα));	the festival of new moon	new moon
G3562	νουνεχῶς	nounechōs	adverb from a comparative of the accusative case of G3563 (νοῦς) and G2192 (ἔχω);	in a mind-having way, i.e. prudently	discreetly
G3563	νοῦς	noûs	probably from the base of G1097 (γινώσκω);	the intellect, i.e. mind (divine or human; in thought, feeling, or will); by implication, meaning	mind, understanding
G3564	Νυμφᾶς	Nymphâs	probably contracted for a compound of G3565 (νύμφη) and G1435 (δῶρον);	nymph-given (i.e. -born); Nymphas, a Christian	Nymphas
G3565	νύμφη	nýmphē	from a primary but obsolete verb (to veil as a bride;	compare Latin "nupto," to marry); a young married woman (as veiled), including a betrothed girl; by implication, a son's wife	bride, daughter in law
G3566	νυμφίος	nymphíos	from G3565 (νύμφη);	a bride-groom (literally or figuratively)	bridegroom
G3567	νυμφών	nymphṓn	from G3565 (νύμφη);	the bridal room	bridechamber
G3568	νῦν	nŷn	a primary particle of present time;	"now" (as adverb of date, a transition or emphasis); also as noun or adjective present or immediate	henceforth, + hereafter, of late, soon, present, this (time)
G3569	τανῦν	tanŷn	from neuter plural of G3588 (ὁ) and G3568 (νῦν);	the things now, i.e. (adverbially) at present	(but) now
G3570	νυνί	nyní	a prolonged form of G3568 (νῦν) for emphasis;	just now	now
G3571	νύξ	nýx	a primary word;	"night" (literally or figuratively)	(mid-)night
G3572	νύσσω	nýssō	apparently a primary word;	to prick ("nudge")	pierce
G3573	νυστάζω	nystázō	from a presumed derivative of G3506 (νεύω);	to nod, i.e. (by implication) to fall asleep; figuratively, to delay	slumber
G3574	νυχθήμερον	nychthḗmeron	from G3571 (νύξ) and G2250 (ἡμέρα);	a day-and-night, i.e. full day of twenty-four hours	night and day
G3575	Νῶε	Nōe	of Hebrew origin (H05146);	Noë, (i.e. Noäch), a patriarch	Noe
G3576	νωθρός	nōthrós	from a derivative of G3541 (νόθος);	sluggish, i.e. (literally) lazy, or (figuratively) stupid	dull, slothful
G3577	νῶτος	nōtos	of uncertain affinity;	the back	back
G3578	ξενία	xenía	from G3581 (ξένος);	hospitality, i.e. (by implication) a place of entertainment	lodging
G3579	ξενίζω	xenízō	from G3581 (ξένος);	to be a host (passively, a guest); by implication, be (make, appear) strange	entertain, lodge, (think it) strange
G3580	ξενοδοχέω	xenodochéō	from a compound of G3581 (ξένος) and G1209 (δέχομαι);	to be hospitable	lodge strangers
G3581	ξένος	xénos	apparently a primary word;	foreign (literally, alien, or figuratively, novel); by implication, a guest or (vice-versa) entertainer	host, strange(-r)
G3582	ξέστης	xéstēs	as if from (properly, to smooth;	by implication, (of friction) to boil or heat); a vessel (as fashioned or for cooking) (or perhaps by corruption from the Latin sextarius, the sixth of a modius, i.e. about a pint), i.e. (specially), a measure for liquids or solids, (by analogy, a pitcher)	pot
G3583	ξηραίνω	xēraínō	from G3584 (ξηρός);	to desiccate; by implication, to shrivel, to mature	dry up, pine away, be ripe, wither (away)
G3584	ξηρός	xērós	from the base of G3582 (ξέστης) (through the idea of scorching);	arid; by implication, shrunken, earth (as opposed to water)	dry land, withered
G3585	ξύλινος	xýlinos	from G3586 (ξύλον);	wooden	of wood
G3586	ξύλον	xýlon	from another form of the base of G3582 (ξέστης);	timber (as fuel or material); by implication, a stick, club or tree or other wooden article or substance	staff, stocks, tree, wood
G3587	ξυράω	xyráō	from a derivative of the same as G3586 (ξύλον) (meaning a razor);	to shave or "shear" the hair	shave
G3588	ὁ	ho	the definite article;	the (sometimes to be supplied, at others omitted, in English idiom)	the, this, that, one, he, she, it, etc
G3589	ὀγδοήκοντα	ogdoḗkonta	from G3590 (ὄγδοος);	ten times eight	fourscore
G3590	ὄγδοος	ógdoos	from G3638 (ὀκτώ);	the eighth	eighth
G3591	ὄγκος	ónkos	probably from the same as G43 (ἀγκάλη);	a mass (as bending or bulging by its load), i.e. burden (hindrance)	weight
G3592	ὅδε	hóde	from G3588 (ὁ) and G1161 (δέ);	the same, i.e. this or that one (plural these or those); often used as a personal pronoun	he, she, such, these, thus
G3593	ὁδεύω	hodeúō	from G3598 (ὁδός);	to travel	journey
G3594	ὁδηγέω	hodēgéō	from G3595 (ὁδηγός);	to show the way (literally or figuratively (teach))	guide, lead
G3595	ὁδηγός	hodēgós	from G3598 (ὁδός) and G2233 (ἡγέομαι);	a conductor (literally or figuratively (teacher))	guide, leader
G3596	ὁδοιπορέω	hodoiporéō	from a compound of G3598 (ὁδός) and G4198 (πορεύομαι);	to be a wayfarer, i.e. travel	go on a journey
G3597	ὁδοιπορία	hodoiporía	from the same as G3596 (ὁδοιπορέω);	travel	journey(-ing)
G3598	ὁδός	hodós	apparently a primary word;	a road; by implication, a progress (the route, act or distance); figuratively, a mode or means	journey, (high-)way
G3599	ὀδούς	odoús	perhaps from the base of G2068 (ἐσθίω);	a "tooth"	tooth
G3600	ὀδυνάω	odynáō	from G3601 (ὀδύνη);	to grieve	sorrow, torment
G3601	ὀδύνη	odýnē	from G1416 (δύνω);	grief (as dejecting)	sorrow
G3602	ὀδυρμός	odyrmós	from a derivative of the base of G1416 (δύνω);	moaning, i.e. lamentation	mourning
G3603	ὅ ἐστι	hó esti	from the neuter of G3739 (ὅς) and the third person singular present indicative of G1510 (εἰμί);	which is	called, which is (make), that is (to say)
G3604	Ὀζίας	Ozías	of Hebrew origin (H05818);	Ozias (i.e. Uzzijah), an Israelite	Ozias
G3605	ὄζω	ózō	a primary verb (in a strengthened form);	to scent (usually an ill "odor")	stink
G3606	ὅθεν	hóthen	from G3739 (ὅς) with the directive enclitic of source;	from which place or source or cause (adverb or conjunction)	from thence, (from) whence, where(-by, -fore, -upon)
G3607	ὀθόνη	othónē	of uncertain affinity;	a linen cloth, i.e. (especially) a sail	sheet
G3608	ὀθόνιον	othónion	neuter of a presumed derivative of G3607 (ὀθόνη);	a linen bandage	linen clothes
G3609	οἰκεῖος	oikeîos	from G3624 (οἶκος);	domestic, i.e. (as noun), a relative, adherent	(those) of the (his own) house(-hold)
G3610	οἰκέτης	oikétēs	from G3611 (οἰκέω);	a fellow resident, i.e. menial domestic	(household) servant
G3611	οἰκέω	oikéō	from G3624 (οἶκος);	to occupy a house, i.e. reside (figuratively, inhabit, remain, inhere); by implication, to cohabit	dwell
G3612	οἴκημα	oíkēma	from G3611 (οἰκέω);	a tenement, i.e. (specially), a jail	prison
G3613	οἰκητήριον	oikētḗrion	neuter of a presumed derivative of G3611 (οἰκέω) (equivalent to G3612 (οἴκημα));	a residence (literally or figuratively)	habitation, house
G3614	οἰκία	oikía	from G3624 (οἶκος);	properly, residence (abstractly), but usually (concretely) an abode (literally or figuratively); by implication, a family (especially domestics)	home, house(-hold)
G3615	οἰκιακός	oikiakós	from G3614 (οἰκία);	familiar, i.e. (as noun) relatives	they (them) of (his own) household
G3616	οἰκοδεσποτέω	oikodespotéō	from G3617 (οἰκοδεσπότης);	to be the head of (i.e. rule) a family	guide the house
G3617	οἰκοδεσπότης	oikodespótēs	from G3624 (οἶκος) and G1203 (δεσπότης);	the head of a family	goodman (of the house), householder, master of the house
G3618	οἰκοδομέω	oikodoméō	from the same as G3619 (οἰκοδομή);	to be a house-builder, i.e. construct or (figuratively) confirm	(be in) build(-er, -ing, up), edify, embolden
G3619	οἰκοδομή	oikodomḗ	feminine (abstract) of a compound of G3624 (οἶκος) and the base of G1430 (δῶμα);	architecture, i.e. (concretely) a structure; figuratively, confirmation	building, edify(-ication, -ing)
G3620	οἰκοδομία	oikodomía	from the same as G3619 (οἰκοδομή);	confirmation	edifying
G3621	οἰκονομέω	oikonoméō	from G3623 (οἰκονόμος);	to manage (a house, i.e. an estate)	be steward
G3622	οἰκονομία	oikonomía	from G3623 (οἰκονόμος);	administration (of a household or estate); specially, a (religious) "economy"	dispensation, stewardship
G3623	οἰκονόμος	oikonómos	from G3624 (οἶκος) and the base of G3551 (νόμος);	a house-distributor (i.e. manager), or overseer, i.e. an employee in that capacity; by extension, a fiscal agent (treasurer); figuratively, a preacher (of the Gospel)	chamberlain, governor, steward
G3624	οἶκος	oîkos	of uncertain affinity;	a dwelling (more or less extensive, literal or figurative); by implication, a family (more or less related, literally or figuratively)	home, house(-hold), temple
G3625	οἰκουμένη	oikouménē	feminine participle present passive of G3611 (οἰκέω) (as noun, by implication, of G1093 (γῆ));	land, i.e. the (terrene part of the) globe; specially, the Roman empire	earth, world
G3626	οἰκουρός	oikourós	from G3624 (οἶκος) and (a guard;	be "ware"); a stayer at home, i.e. domestically inclined (a "good housekeeper")	keeper at home
G3627	οἰκτείρω	oikteírō	from (pity);	to exercise pity	have compassion on
G3628	οἰκτιρμός	oiktirmós	from G3627 (οἰκτείρω);	pity	mercy
G3629	οἰκτίρμων	oiktírmōn	from G3627 (οἰκτείρω);	compassionate	merciful, of tender mercy
G3630	οἰνοπότης	oinopótēs	from G3631 (οἶνος) and a derivative of the alternate of G4095 (πίνω);	a tippler	winebibber
G3631	οἶνος	oînos	a primary word (or perhaps of Hebrew origin (H03196));	"wine" (literally or figuratively)	wine
G3632	οἰνοφλυγία	oinophlygía	from G3631 (οἶνος) and a form of the base of G5397 (φλύαρος);	an overflow (or surplus) of wine, i.e. vinolency (drunkenness)	excess of wine
G3633	οἴομαι	oíomai	middle voice apparently from G3634 (οἷος);	to make like (oneself), i.e. imagine (be of the opinion)	suppose, think
G3634	οἷος	hoîos	probably akin to G3588 (ὁ), G3739 (ὅς), and G3745 (ὅσος);	such or what sort of (as a correlation or exclamation); especially the neuter (adverbially) with negative, not so	so (as), such as, what (manner of), which
G3635	ὀκνέω	oknéō	from (hesitation);	to be slow (figuratively, loath)	delay
G3636	ὀκνηρός	oknērós	from G3635 (ὀκνέω);	tardy, i.e. indolent; (figuratively) irksome	grievous, slothful
G3637	ὀκταήμερος	oktaḗmeros	from G3638 (ὀκτώ) and G2250 (ἡμέρα);	an eight-day old person or act	the eighth day
G3638	ὀκτώ	oktṓ	a primary numeral;	"eight"	eight
G3639	ὄλεθρος	ólethros	from a primary (to destroy;	a prolonged form); ruin, i.e. death, punishment	destruction
G3640	ὀλιγόπιστος	oligópistos	from G3641 (ὀλίγος) and G4102 (πίστις);	incredulous, i.e. lacking confidence (in Christ)	of little faith
G3641	ὀλίγος	olígos	of uncertain affinity;	puny (in extent, degree, number, duration or value); especially neuter (adverbially) somewhat	+ almost, brief(-ly), few, (a) little, + long, a season, short, small, a while
G3642	ὀλιγόψυχος	oligópsychos	from G3641 (ὀλίγος) and G6590;	little-spirited, i.e. faint-hearted	feebleminded
G3643	ὀλιγωρέω	oligōréō	from a compound of G3641 (ὀλίγος) and ("care");	to have little regard for, i.e. to disesteem	despise
G3644	ὀλοθρευτής	olothreutḗs	from G3645 (ὀλοθρεύω);	a ruiner, i.e. (specially), a venomous serpent	destroyer
G3645	ὀλοθρεύω	olothreúō	from G3639 (ὄλεθρος);	to spoil, i.e. slay	destroy
G3646	ὁλοκαύτωμα	holokaútōma	from a derivative of a compound of G3650 (ὅλος) and a derivative of G2545 (καίω);	a wholly-consumed sacrifice ("holocaust")	(whole) burnt offering
G3647	ὁλοκληρία	holoklēría	from G3648 (ὁλόκληρος);	integrity, i.e. physical wholeness	perfect soundness
G3648	ὁλόκληρος	holóklēros	from G3650 (ὅλος) and G2819 (κλῆρος);	complete in every part, i.e. perfectly sound (in body)	entire, whole
G3649	ὀλολύζω	ololýzō	a reduplicated primary verb;	to "howl" or "halloo", i.e. shriek	howl
G3650	ὅλος	hólos	a primary word;	"whole" or "all", i.e. complete (in extent, amount, time or degree), especially (neuter) as noun or adverb	all, altogether, every whit, + throughout, whole
G3651	ὁλοτελής	holotelḗs	from G3650 (ὅλος) and G5056 (τέλος);	complete to the end, i.e. absolutely perfect	wholly
G3652	Ὀλυμπᾶς	Olympâs	probably a contraction from (Olympian-bestowed, i.e. heaven-descended);	Olympas, a Christian	Olympas
G3653	ὄλυνθος	ólynthos	of uncertain derivation;	an unripe (because out of season) fig	untimely fig
G3654	ὅλως	hólōs	adverb from G3650 (ὅλος);	completely, i.e. altogether; (by analogy), everywhere; (negatively) not by any means	at all, commonly, utterly
G3655	ὄμβρος	ómbros	of uncertain affinity;	a thunder storm	shower
G3656	ὁμιλέω	homiléō	from G3658 (ὅμιλος);	to be in company with, i.e. (by implication) to converse	commune, talk
G3657	ὁμιλία	homilía	from G3658 (ὅμιλος);	companionship ("homily"), i.e. (by implication) intercourse	communication
G3658	ὅμιλος	hómilos	from the base of G3674 (ὁμοῦ) and a derivative of the alternate of G138 (αἱρέομαι) (meaning a crowd);	association together, i.e. a multitude	company
G3659	ὄμμα	ómma	from G3700 (ὀπτάνομαι);	a sight, i.e. (by implication) the eye	eye
G3660	ὀμνύω	omnýō	a prolonged form of a primary, but obsolete , for which another prolonged form is used in certain tenses;	to swear, i.e. take (or declare on) oath	swear
G3661	ὁμοθυμαδόν	homothymadón	adverb from a compound of the base of G3674 (ὁμοῦ) and G2372 (θυμός);	unanimously	with one accord (mind)
G3662	ὁμοιάζω	homoiázō	from G3664 (ὅμοιος);	to resemble	agree
G3663	ὁμοιοπαθής	homoiopathḗs	from G3664 (ὅμοιος) and the alternate of G3958 (πάσχω);	similarly affected	of (subject to) like passions
G3664	ὅμοιος	hómoios	from the base of G3674 (ὁμοῦ);	similar (in appearance or character)	like, + manner
G3665	ὁμοιότης	homoiótēs	from G3664 (ὅμοιος);	resemblance	like as, similitude
G3666	ὁμοιόω	homoióō	from G3664 (ὅμοιος);	to assimilate, i.e. compare; passively, to become similar	be (make) like, (in the) liken(-ess), resemble
G3667	ὁμοίωμα	homoíōma	from G3666 (ὁμοιόω);	a form; abstractly, resemblance	made like to, likeness, shape, similitude
G3668	ὁμοίως	homoíōs	adverb from G3664 (ὅμοιος);	similarly	likewise, so
G3669	ὁμοίωσις	homoíōsis	from G3666 (ὁμοιόω);	assimilation, i.e. resemblance	similitude
G3670	ὁμολογέω	homologéō	from a compound of the base of G3674 (ὁμοῦ) and G3056 (λόγος);	to assent, i.e. covenant, acknowledge	con- (pro-)fess, confession is made, give thanks, promise
G3671	ὁμολογία	homología	from the same as G3670 (ὁμολογέω);	acknowledgment	con- (pro-)fession, professed
G3672	ὁμολογουμένως	homologouménōs	adverb of present passive participle of G3670 (ὁμολογέω);	confessedly	without controversy
G3673	ὁμότεχνος	homótechnos	from the base of G3674 (ὁμοῦ) and G5078 (τέχνη);	a fellow-artificer	of the same craft
G3674	ὁμοῦ	homoû	genitive case of (the same;	akin to G260 (ἅμα)) as adverb; at the same place or time	together
G3675	ὁμόφρων	homóphrōn	from the base of G3674 (ὁμοῦ) and G5424 (φρήν);	like-minded, i.e. harmonious	of one mind
G3676	ὅμως	hómōs	adverb from the base of G3674 (ὁμοῦ);	at the same time, i.e. (conjunctionally) notwithstanding, yet still	and even, nevertheless, though but
G3677	ὄναρ	ónar	of uncertain derivation;	a dream	dream
G3678	ὀνάριον	onárion	neuter of a presumed derivative of G3688 (ὄνος);	a little ass	young ass
G3679	ὀνειδίζω	oneidízō	from G3681 (ὄνειδος);	to defame, i.e. rail at, chide, taunt	cast in teeth, (suffer) reproach, revile, upbraid
G3680	ὀνειδισμός	oneidismós	from G3679 (ὀνειδίζω);	contumely	reproach
G3681	ὄνειδος	óneidos	probably akin to the base of G3686 (ὄνομα);	notoriety, i.e. a taunt (disgrace)	reproach
G3682	Ὀνήσιμος	Onḗsimos	from G3685 (ὀνίνημι);	profitable; Onesimus, a Christian	Onesimus
G3683	Ὀνησίφορος	Onēsíphoros	from a derivative of G3685 (ὀνίνημι) and G5411 (φόρος);	profit-bearer; Onesiphorus, a Christian	Onespiphorus
G3684	ὀνικός	onikós	from G3688 (ὄνος);	belonging to a ass, i.e. large (so as to be turned by a ass)	millstone
G3685	ὀνίνημι	onínēmi	a prolonged form of an apparently primary verb (, to slur);	for which another prolonged form () is used as an alternate in some tenses (unless indeed it be identical with the base of G3686 (ὄνομα) through the idea of notoriety); to gratify, i.e. (middle voice) to derive pleasure or advantage from	have joy
G3686	ὄνομα	ónoma	from a presumed derivative of the base of G1097 (γινώσκω) (compare G3685 (ὀνίνημι));	a "name" (literally or figuratively) (authority, character)	called, (+ sur-)name(-d)
G3687	ὀνομάζω	onomázō	from G3686 (ὄνομα);	to name, i.e. assign an appellation; by extension, to utter, mention, profess	call, name
G3688	ὄνος	ónos	apparently a primary word;	a donkey	an ass
G3689	ὄντως	óntōs	adverb of the oblique cases of G5607 (ὤν);	really	certainly, clean, indeed, of a truth, verily
G3690	ὄξος	óxos	from G3691 (ὀξύς);	vinegar, i.e. sour wine	vinegar
G3691	ὀξύς	oxýs	probably akin to the base of G188 (ἀκμήν) ("acid");	keen; by analogy, rapid	sharp, swift
G3692	ὀπή	opḗ	probably from G3700 (ὀπτάνομαι);	a hole (as if for light), i.e. cavern; by analogy, a spring (of water)	cave, place
G3693	ὄπισθεν	ópisthen	from (regard;	from G3700 (ὀπτάνομαι)) with enclitic of source; from the rear (as a secure aspect), i.e. at the back (adverb and preposition of place or time)	after, backside, behind
G3694	ὀπίσω	opísō	from the same as G3693 (ὄπισθεν) with enclitic of direction;	to the back, i.e. aback (as adverb or preposition of time or place; or as noun)	after, back(-ward), (+ get) behind, + follow
G3695	ὁπλίζω	hoplízō	from G3696 (ὅπλον);	to equip (with weapons (middle voice and figuratively))	arm self
G3696	ὅπλον	hóplon	probably from a primary (to be busy about);	an implement or utensil or tool (literally or figuratively, especially, offensive for war)	armour, instrument, weapon
G3697	ὁποῖος	hopoîos	from G3739 (ὅς) and G4169 (ποῖος);	of what kind that, i.e. how (as) great (excellent) (specially, as an indefinite correlative to the definite antecedent G5108 (τοιοῦτος) of quality)	what manner (sort) of, such as whatsoever
G3698	ὁπότε	hopóte	from G3739 (ὅς) and G4218 (ποτέ);	what(-ever) then, i.e. (of time) as soon as	when
G3699	ὅπου	hópou	from G3739 (ὅς) and G4225 (πού);	what(-ever) where, i.e. at whichever spot	in what place, where(-as, -soever), whither (+ soever)
G3700	ὀπτάνομαι	optánomai	a (middle voice) prolonged form of the primary (middle voice) ; which is used for it in certain tenses; and both as alternate of G3708 (ὁράω);	to gaze (i.e. with wide-open eyes, as at something remarkable; and thus differing from G991 (βλέπω), which denotes simply voluntary observation; and from G1492 (εἴδω), which expresses merely mechanical, passive or casual vision; while G2300 (θεάομαι), and still more emphatically its intensive G2334 (θεωρέω), signifies an earnest but more continued inspection; and G4648 (σκοπέω) a watching from a distance)	appear, look, see, shew self
G3701	ὀπτασία	optasía	from a presumed derivative of G3700 (ὀπτάνομαι);	visuality, i.e. (concretely) an apparition	vision
G3702	ὀπτός	optós	from an obsolete verb akin to (to "steep");	cooked, i.e. roasted	broiled
G3703	ὀπώρα	opṓra	apparently from the base of G3796 (ὀψέ) and G5610 (ὥρα);	properly, even-tide of the (summer) season (dog-days), i.e. (by implication) ripe fruit	fruit
G3704	ὅπως	hópōs	from G3739 (ὅς) and G4459 (πῶς);	what(-ever) how, i.e. in the manner that (as adverb or conjunction of coincidence, intentional or actual)	because, how, (so) that, to, when
G3705	ὅραμα	hórama	from G3708 (ὁράω);	something gazed at, i.e. a spectacle (especially supernatural)	sight, vision
G3706	ὅρασις	hórasis	from G3708 (ὁράω);	the act of gazing, i.e. (externally) an aspect or (internally) an inspired appearance	sight, vision
G3707	ὁρατός	horatós	from G3708 (ὁράω);	gazed at, i.e. (by implication) capable of being seen	visible
G3708	ὁράω	horáō	properly, to stare at (compare G3700 (ὀπτάνομαι)), i.e. (by implication) to discern clearly (physically or mentally);	by extension, to attend to; by Hebraism, to experience; passively, to appear	behold, perceive, see, take heed
G3709	ὀργή	orgḗ	from G3713 (ὀρέγομαι);	properly, desire (as a reaching forth or excitement of the mind), i.e. (by analogy), violent passion (ire, or (justifiable) abhorrence); by implication punishment	anger, indignation, vengeance, wrath
G3710	ὀργίζω	orgízō	from G3709 (ὀργή);	to provoke or enrage, i.e. (passively) become exasperated	be angry (wroth)
G3711	ὀργίλος	orgílos	from G3709 (ὀργή);	irascible	soon angry
G3712	ὀργυιά	orguiá	from G3713 (ὀρέγομαι);	a stretch of the arms, i.e. a fathom	fathom
G3713	ὀρέγομαι	orégomai	middle voice of apparently a prolonged form of an obsolete primary (compare G3735 (ὄρος));	to stretch oneself, i.e. reach out after (long for)	covet after, desire
G3714	ὀρεινός	oreinós	from G3735 (ὄρος);	mountainous, i.e. (feminine by implication, of G5561 (χώρα)) the Highlands (of Judæa)	hill country
G3715	ὄρεξις	órexis	from G3713 (ὀρέγομαι);	excitement of the mind, i.e. longing after	lust
G3716	ὀρθοποδέω	orthopodéō	from a compound of G3717 (ὀρθός) and G4228 (πούς);	to be straight-footed, i.e. (figuratively) to go directly forward	walk uprightly
G3717	ὀρθός	orthós	probably from the base of G3735 (ὄρος);	right (as rising), i.e. (perpendicularly) erect (figuratively, honest), or (horizontally) level or direct	straight, upright
G3718	ὀρθοτομέω	orthotoméō	from a compound of G3717 (ὀρθός) and the base of G5114 (τομώτερος), to make a straight cut, i.e. (figuratively) to dissect (expound) correctly (the divine message)		rightly divide
G3719	ὀρθρίζω	orthrízō	from G3722 (ὄρθρος);	to use the dawn, i.e. (by implication) to repair betimes	come early in the morning
G3720	ὀρθρινός	orthrinós	from G3722 (ὄρθρος);	relating to the dawn, i.e. matutinal (as an epithet of Venus, especially brilliant in the early day)	morning
G3721	ὄρθριος	órthrios	from G3722 (ὄρθρος);	in the dawn, i.e. up at day-break	early
G3722	ὄρθρος	órthros	from the same as G3735 (ὄρος);	dawn (as sun-rise, rising of light); by extension, morn	early in the morning
G3723	ὀρθῶς	orthōs	adverb from G3717 (ὀρθός);	in a straight manner, i.e. (figuratively) correctly (also morally)	plain, right(-ly)
G3724	ὁρίζω	horízō	from G3725 (ὅριον);	to mark out or bound ("horizon"), i.e. (figuratively) to appoint, decree, specify	declare, determine, limit, ordain
G3725	ὅριον	hórion	neuter of a derivative of an apparently primary (a bound or limit);	a boundary-line, i.e. (by implication) a frontier (region)	border, coast
G3726	ὁρκίζω	horkízō	from G3727 (ὅρκος);	to put on oath, i.e. make swear; by analogy, to solemnly enjoin	adjure, charge
G3727	ὅρκος	hórkos	from (a fence;	perhaps akin to G3725 (ὅριον)); a limit, i.e. (sacred) restraint (specially, an oath)	oath
G3728	ὁρκωμοσία	horkōmosía	from a compound of G3727 (ὅρκος) and a derivative of G3660 (ὀμνύω);	asseveration on oath	oath
G3729	ὁρμάω	hormáō	from G3730 (ὁρμή);	to start, spur or urge on, i.e. (reflexively) to dash or plunge	run (violently), rush
G3730	ὁρμή	hormḗ	of uncertain affinity;	a violent impulse, i.e. onset	assault
G3731	ὅρμημα	hórmēma	from G3730 (ὁρμή);	an attack, i.e. (abstractly) precipitancy	violence
G3732	ὄρνεον	órneon	neuter of a presumed derivative of G3733 (ὄρνις);	a birdling	bird, fowl
G3733	ὄρνις	órnis	probably from a prolonged form of the base of G3735 (ὄρος);	a bird (as rising in the air), i.e. (specially), a hen (or female domestic fowl)	hen
G3734	ὁροθεσία	horothesía	from a compound of the base of G3725 (ὅριον) and a derivative of G5087 (τίθημι);	a limit-placing, i.e. (concretely) boundary-line	bound
G3735	ὄρος	óros	probably from an obsolete (to rise or "rear";	perhaps akin to G142 (αἴρω); compare G3733 (ὄρνις)); a mountain (as lifting itself above the plain)	hill, mount(-ain)
G3736	ὀρύσσω	orýssō	apparently a primary verb;	to "burrow" in the ground, i.e. dig	dig
G3737	ὀρφανός	orphanós	of uncertain affinity;	bereaved ("orphan"), i.e. parentless	comfortless, fatherless
G3738	ὀρχέομαι	orchéomai	middle voice from (a row or ring);	to dance (from the ranklike or regular motion)	dance
G3739	ὅς	hós	probably a primary word (or perhaps a form of the article G3588 (ὁ));	the relatively (sometimes demonstrative) pronoun, who, which, what, that	one, (an-, the) other, some, that, what, which, who(-m, -se), etc
G3740	ὁσάκις	hosákis	multiple adverb from G3739 (ὅς);	how (i.e. with G302 (ἄν), so) many times as	as oft(-en) as
G3741	ὅσιος	hósios	of uncertain affinity; properly, right (by intrinsic or divine character; thus distinguished from 1342, which refers rather to human statutes and relations; from G2413 (ἱερός), which denotes formal consecration;	and from G40 (ἅγιος), which relates to purity from defilement), i.e. hallowed (pious, sacred, sure)	holy, mercy, shalt be
G3742	ὁσιότης	hosiótēs	from G3741 (ὅσιος);	piety	holiness
G3743	ὁσίως	hosíōs	adverb from G3741 (ὅσιος);	piously	holily
G3744	ὀσμή	osmḗ	from G3605 (ὄζω);	fragrance (literally or figuratively)	odour, savour
G3745	ὅσος	hósos	by reduplication from G3739 (ὅς);	as (much, great, long, etc.) as	all (that), as (long, many, much) (as), how great (many, much), (in-)asmuch as, so many as, that (ever), the more, those things, what (great, -soever), wheresoever, wherewithsoever, which, X while, who(-soever)
G3746	ὅσπερ	hósper	from G3739 (ὅς) and G4007 (περ);	who especially	whomsoever
G3747	ὀστέον	ostéon	of uncertain affinity;	a bone	bone
G3748	ὅστις	hóstis	from G3739 (ὅς) and G5100 (τὶς);	which some, i.e. any that; also (definite) which same	X and (they), (such) as, (they) that, in that they, what(-soever), whereas ye, (they) which, who(-soever)
G3749	ὀστράκινος	ostrákinos	from ("oyster") (a tile, i.e. terra cotta);	earthen-ware, i.e. clayey; by implication, frail	of earth, earthen
G3750	ὄσφρησις	ósphrēsis	from a derivative of G3605 (ὄζω);	smell (the sense)	smelling
G3751	ὀσφῦς	osphŷs	of uncertain affinity;	the loin (externally), i.e. the hip; internally (by extension) procreative power	loin
G3752	ὅταν	hótan	from G3753 (ὅτε) and G302 (ἄν);	whenever (implying hypothesis or more or less uncertainty); also causatively (conjunctionally) inasmuch as	as long (soon) as, that, + till, when(-soever), while
G3753	ὅτε	hóte	from G3739 (ὅς) and G5037 (τέ);	at which (thing) too, i.e. when	after (that), as soon as, that, when, while
G3754	ὅτι	hóti	neuter of G3748 (ὅστις) as conjunction;	demonstrative, that (sometimes redundant); causative, because	as concerning that, as though, because (that), for (that), how (that), (in) that, though, why
G3755	ὅτου	hótou	for the genitive case of G3748 (ὅστις) (as adverb);	during which same time, i.e. whilst	whiles
G3756	οὐ	ou	a primary word;	the absolute negative (compare G3361 (μή)) adverb; no or not	+ long, nay, neither, never, no (X man), none, (can-)not, + nothing, + special, un(-worthy), when, + without, + yet but
G3757	οὗ	hoû	genitive case of G3739 (ὅς) as adverb;	at which place, i.e. where	where(-in), whither(-soever)
G3758	οὐά	ouá	a primary exclamation of surprise;	"ah"	ah
G3759	οὐαί	ouaí	a primary exclamation of grief;	"woe"	alas, woe
G3760	οὐδαμῶς	oudamōs	adverb from (the feminine) of G3762 (οὐδείς);	by no means	not
G3761	οὐδέ	oudé	from G3756 (οὐ) and G1161 (δέ);	not however, i.e. neither, nor, not even	neither (indeed), never, no (more, nor, not), nor (yet), (also, even, then) not (even, so much as), + nothing, so much as
G3762	οὐδείς	oudeís	from G3761 (οὐδέ) and G1520 (εἷς);	not even one (man, woman or thing), i.e. none, nobody, nothing	any (man), aught, man, neither any (thing), never (man), no (man), none (+ of these things), not (any, at all, -thing), nought
G3763	οὐδέποτε	oudépote	from G3761 (οὐδέ) and G4218 (ποτέ);	not even at any time, i.e. never at all	neither at any time, never, nothing at any time
G3764	οὐδέπω	oudépō	from G3761 (οὐδέ) and G4452 (-πω);	not even yet	as yet not, never before (yet), (not) yet
G3765	οὐκέτι	oukéti	from G3756 (οὐ) and G2089 (ἔτι);	not yet, no longer	after that (not), (not) any more, henceforth (hereafter) not, no longer (more), not as yet (now), now no more (not), yet (not)
G3766	οὐκοῦν	oukoûn	from G3756 (οὐ) and G3767 (οὖν);	is it not therefore that, i.e. (affirmatively) hence or so	then
G3767	οὖν	oûn	apparently a primary word;	(adverbially) certainly, or (conjunctionally) accordingly	and (so, truly), but, now (then), so (likewise then), then, therefore, verily, wherefore
G3768	οὔπω	oúpō	from G3756 (οὐ) and G4452 (-πω);	not yet	hitherto not, (no…) as yet, not yet
G3769	οὐρά	ourá	apparently a primary word;	a tail	tail
G3770	οὐράνιος	ouránios	from G3772 (οὐρανός);	celestial, i.e. belonging to or coming from the sky	heavenly
G3771	οὐρανόθεν	ouranóthen	from G3772 (οὐρανός) and the enclitic of source;	from the sky	from heaven
G3772	οὐρανός	ouranós	perhaps from the same as G3735 (ὄρος) (through the idea of elevation);	the sky; by extension, heaven (as the abode of God); by implication, happiness, power, eternity; specially, the Gospel (Christianity)	air, heaven(-ly), sky
G3773	Οὐρβανός	Ourbanós	of Latin origin;	Urbanus (of the city, "urbane"), a Christian	Urbanus
G3774	Οὐρίας	Ourías	of Hebrew origin (H0223);	Urias (i.e. Urijah), a Hittite	Urias
G3775	οὖς	oûs	apparently a primary word;	the ear (physically or mentally)	ear
G3776	οὐσία	ousía	from the feminine of G5607 (ὤν);	substance, i.e. property (possessions)	goods, substance
G3777	οὔτε	oúte	from G3756 (οὐ) and G5037 (τέ);	not too, i.e. neither or nor; by analogy, not even	neither, none, nor (yet), (no, yet) not, nothing
G3778	οὗτος	hoûtos	from the article G3588 (ὁ) and G846 (αὐτός);	the he (she or it), i.e. this or that (often with article repeated)	he (it was that), hereof, it, she, such as, the same, these, they, this (man, same, woman), which, who
G3779	οὕτω	hoútō	adverb from G3778 (οὗτος);	in this way (referring to what precedes or follows)	after that, after (in) this manner, as, even (so), for all that, like(-wise), no more, on this fashion(-wise), so (in like manner), thus, what
G3780	οὐχί	ouchí	intensive of G3756 (οὐ);	not indeed	nay, not
G3781	ὀφειλέτης	opheilétēs	from G3784 (ὀφείλω);	an ower, i.e. person indebted; figuratively, a delinquent; morally, a transgressor (against God)	debtor, which owed, sinner
G3782	ὀφειλή	opheilḗ	from G3784 (ὀφείλω);	indebtedness, i.e. (concretely) a sum owed; figuratively, obligation, i.e. (conjugal) duty	debt, due
G3783	ὀφείλημα	opheílēma	from (the alternate of) G3784 (ὀφείλω);	something owed, i.e. (figuratively) a due; morally, a fault	debt
G3784	ὀφείλω	opheílō	probably from the base of G3786 (ὄφελος) (through the idea of accruing);	to owe (pecuniarily); figuratively, to be under obligation (ought, must, should); morally, to fail in duty	behove, be bound, (be) debt(-or), (be) due(-ty), be guilty (indebted), (must) need(-s), ought, owe, should
G3785	ὄφελον	óphelon	first person singular of a past tense of G3784 (ὀφείλω);	I ought (wish), i.e. (interjection) oh that!	would (to God)
G3786	ὄφελος	óphelos	from (to heap up, i.e. accumulate or benefit);	gain	advantageth, profit
G3787	ὀφθαλμοδουλεία	ophthalmodouleía	from G3788 (ὀφθαλμός) and G1397 (δουλεία);	sight-labor, i.e. that needs watching (remissness)	eye-service
G3788	ὀφθαλμός	ophthalmós	from G3700 (ὀπτάνομαι);	the eye (literally or figuratively); by implication, vision; figuratively, envy (from the jealous side-glance)	eye, sight
G3789	ὄφις	óphis	probably from G3700 (ὀπτάνομαι) (through the idea of sharpness of vision);	a snake, figuratively, (as a type of sly cunning) an artful malicious person, especially Satan	serpent
G3790	ὀφρῦς	ophrŷs	perhaps from G3700 (ὀπτάνομαι) (through the idea of the shading or proximity to the organ of vision);	the eye-"brow" or forehead, i.e. (figuratively) the brink of a precipice	brow
G3791	ὀχλέω	ochléō	from G3793 (ὄχλος);	to mob, i.e. (by implication) to harass	vex
G3792	ὀχλοποιέω	ochlopoiéō	from G3793 (ὄχλος) and G4160 (ποιέω);	to make a crowd, i.e. raise a public disturbance	gather a company
G3793	ὄχλος	óchlos	from a derivative of G2192 (ἔχω) (meaning a vehicle);	a throng (as borne along); by implication, the rabble; by extension, a class of people; figuratively, a riot	company, multitude, number (of people), people, press
G3794	ὀχύρωμα	ochýrōma	from a remote derivative of G2192 (ἔχω) (meaning to fortify, through the idea of holding safely);	a castle (figuratively, argument)	stronghold
G3795	ὀψάριον	opsárion	neuter of a presumed derivative of the base of G3702 (ὀπτός);	a relish to other food (as if cooked sauce), i.e. (specially), fish (presumably salted and dried as a condiment)	fish
G3796	ὀψέ	opsé	from the same as G3694 (ὀπίσω) (through the idea of backwardness);	(adverbially) late in the day; by extension, after the close of the day	(at) even, in the end
G3797	ὄψιμος	ópsimos	from G3796 (ὀψέ);	later, i.e. vernal (showering)	latter
G3798	ὄψιος	ópsios	from G3796 (ὀψέ);	late; feminine (as noun) afternoon (early eve) or nightfall (later eve)	even(-ing, (-tide))
G3799	ὄψις	ópsis	from G3700 (ὀπτάνομαι);	properly, sight (the act), i.e. (by implication) the visage, an external show	appearance, countenance, face
G3800	ὀψώνιον	opsṓnion	neuter of a presumed derivative of the same as G3795 (ὀψάριον);	rations for a soldier, i.e. (by extension) his stipend or pay	wages
G3801	ὁ ὢν καί ὁ ἦν καί ὁ ἐρχόμενος	ho ṑn kaí ho ēn kaí ho erchómenos	a phrase combining G3588 (ὁ) with the present participle and imperfect of G1510 (εἰμί) and the present participle of G2064 (ἔρχομαι) by means of G2532 (καί);	the one being and the one that was and the one coming, i.e. the Eternal, as a divine epithet of Christ	which art (is, was), and (which) wast (is, was), and art (is) to come (shalt be)
G3802	παγιδεύω	pagideúō	from G3803 (παγίς);	to ensnare (figuratively)	entangle
G3803	παγίς	pagís	from G4078 (πήγνυμι);	a trap (as fastened by a noose or notch); figuratively, a trick or statagem (temptation)	snare
G3804	πάθημα	páthēma	from a presumed derivative of G3806 (πάθος);	something undergone, i.e. hardship or pain; subjectively, an emotion or influence	affection, affliction, motion, suffering
G3805	παθητός	pathētós	from the same as G3804 (πάθημα);	liable (i.e. doomed) to experience pain	suffer
G3806	πάθος	páthos	from the alternate of G3958 (πάσχω);	properly, suffering ("pathos"), i.e. (subjectively) a passion (especially concupiscence)	(inordinate) affection, lust
G3807	παιδαγωγός	paidagōgós	from G3816 (παῖς) and a reduplicated form of G71 (ἄγω);	a boy-leader, i.e. a servant whose office it was to take the children to school; (by implication, (figuratively) a tutor ("pædagogue"))	instructor, schoolmaster
G3808	παιδάριον	paidárion	neuter of a presumed derivative of G3816 (παῖς);	a little boy	child, lad
G3809	παιδεία	paideía	from G3811 (παιδεύω);	tutorage, i.e. education or training; by implication, disciplinary correction	chastening, chastisement, instruction, nurture
G3810	παιδευτής	paideutḗs	from G3811 (παιδεύω);	a trainer, i.e. teacher or (by implication) discipliner	which corrected, instructor
G3811	παιδεύω	paideúō	from G3816 (παῖς);	to train up a child, i.e. educate, or (by implication), discipline (by punishment)	chasten(-ise), instruct, learn, teach
G3812	παιδιόθεν	paidióthen	adverb (of source) from G3813 (παιδίον);	from infancy	of a child
G3813	παιδίον	paidíon	neuter diminutive of G3816 (παῖς);	a childling (of either sex), i.e. (properly), an infant, or (by extension) a half-grown boy or girl; figuratively, an immature Christian	(little, young) child, damsel
G3814	παιδίσκη	paidískē	feminine diminutive of G3816 (παῖς);	a girl, i.e. (specially), a female slave or servant	bondmaid(-woman), damsel, maid(-en)
G3815	παίζω	paízō	from G3816 (παῖς);	to sport (as a boy)	play
G3816	παῖς	paîs	perhaps from G3817 (παίω);	a boy (as often beaten with impunity), or (by analogy), a girl, and (genitive case) a child; specially, a slave or servant (especially a minister to a king; and by eminence to God)	child, maid(-en), (man) servant, son, young man
G3817	παίω	paíō	a primary verb;	to hit (as if by a single blow and less violently than G5180 (τύπτω)); specially, to sting (as a scorpion)	smite, strike
G3818	Πακατιανή	Pakatianḗ	feminine of an adjective of uncertain derivation;	Pacatianian, a section of Phrygia	Pacatiana
G3819	πάλαι	pálai	probably another form for G3825 (πάλιν) (through the idea of retrocession);	(adverbially) formerly, or (by relatively) sometime since; (elliptically as adjective) ancient	any while, a great while ago, (of) old, in time past
G3820	παλαιός	palaiós	from G3819 (πάλαι);	antique, i.e. not recent, worn out	old
G3821	παλαιότης	palaiótēs	from G3820 (παλαιός);	antiquatedness	oldness
G3822	παλαιόω	palaióō	from G3820 (παλαιός);	to make (passively, become) worn out, or declare obsolete	decay, make (wax) old
G3823	πάλη	pálē	from (to vibrate;	another form for G906 (βάλλω)); wrestling	+ wrestle
G3824	παλιγγενεσία	palingenesía	from G3825 (πάλιν) and G1078 (γένεσις);	(spiritual) rebirth (the state or the act), i.e. (figuratively) spiritual renovation; specially, Messianic restoration	regeneration
G3825	πάλιν	pálin	probably from the same as G3823 (πάλη) (through the idea of oscillatory repetition);	(adverbially) anew, i.e. (of place) back, (of time) once more, or (conjunctionally) furthermore or on the other hand	again
G3826	παμπληθεί	pamplētheí	dative case (adverb) of a compound of G3956 (πᾶς) and G4128 (πλῆθος);	in full multitude, i.e. concertedly or simultaneously	all at once
G3827	πάμπολυς	pámpolys	from G3956 (πᾶς) and G4183 (πολύς);	full many, i.e. immense	very great
G3828	Παμφυλία	Pamphylía	from a compound of G3956 (πᾶς) and G4443 (πυρά);	every-tribal, i.e. heterogeneous (G5561 (χώρα) being implied); Pamphylia, a region of Asia Minor	Pamphylia
G3829	πανδοχεῖον	pandocheîon	neuter of a presumed compound of G3956 (πᾶς) and a derivative of G1209 (δέχομαι);	all-receptive, i.e. a public lodging-place (caravanserai or khan)	inn
G3830	πανδοχεύς	pandocheús	from the same as G3829 (πανδοχεῖον);	an innkeeper (warden of a caravanserai)	host
G3831	πανήγυρις	panḗgyris	from G3956 (πᾶς) and a derivative of G58 (ἀγορά);	a mass-meeting, i.e. (figuratively) universal companionship	general assembly
G3832	πανοικί	panoikí	adverb from G3956 (πᾶς) and G3624 (οἶκος);	with the whole family	with all his house
G3833	πανοπλία	panoplía	from a compound of G3956 (πᾶς) and G3696 (ὅπλον);	full armor ("panoply")	all (whole) armour
G3834	πανουργία	panourgía	from G3835 (πανοῦργος);	adroitness, i.e. (in a bad sense) trickery or sophistry	(cunning) craftiness, subtilty
G3835	πανοῦργος	panoûrgos	from G3956 (πᾶς) and G2041 (ἔργον);	all-working, i.e. adroit (shrewd)	crafty
G3836	πανταχόθεν	pantachóthen	adverb (of source) from G3837 (πανταχοῦ);	from all directions	from every quarter
G3837	πανταχοῦ	pantachoû	genitive case (as adverb of place) of a presumed derivative of G3956 (πᾶς);	universally	in all places, everywhere
G3838	παντελής	pantelḗs	from G3956 (πᾶς) and G5056 (τέλος);	full-ended, i.e. entire (neuter as noun, completion)	+ in (no) wise, uttermost
G3839	πάντη	pántē	adverb (of manner) from G3956 (πᾶς);	wholly	always
G3840	πάντοθεν	pántothen	adverb (of source) from G3956 (πᾶς);	from (i.e. on) all sides	on every side, round about
G3841	παντοκράτωρ	pantokrátōr	from G3956 (πᾶς) and G2904 (κράτος);	the all-ruling, i.e. God (as absolute and universal sovereign)	Almighty, Omnipotent
G3842	πάντοτε	pántote	from G3956 (πᾶς) and G3753 (ὅτε);	every when, i.e. at all times	alway(-s), ever(-more)
G3843	πάντως	pántōs	adverb from G3956 (πᾶς);	entirely; specially, at all events, (with negative, following) in no event	by all means, altogether, at all, needs, no doubt, in (no) wise, surely
G3844	παρά	pará	a primary preposition;	properly, near; i.e. (with genitive case) from beside (literally or figuratively), (with dative case) at (or in) the vicinity of (objectively or subjectively), (with accusative case) to the proximity with (local (especially beyond or opposed to) or causal (on account of)	above, against, among, at, before, by, contrary to, X friend, from, + give (such things as they), + that (she) had, X his, in, more than, nigh unto, (out) of, past, save, side…by, in the sight of, than, (there-)fore, with
G3845	παραβαίνω	parabaínō	from G3844 (παρά) and the base of G939 (βάσις);	to go contrary to, i.e. violate a command	(by) transgress(-ion)
G3846	παραβάλλω	parabállō	from G3844 (παρά) and G906 (βάλλω);	to throw alongside, i.e. (reflexively) to reach a place, or (figuratively) to liken	arrive, compare
G3847	παράβασις	parábasis	from G3845 (παραβαίνω);	violation	breaking, transgression
G3848	παραβάτης	parabátēs	from G3845 (παραβαίνω);	a violator	breaker, transgress(-or)
G3849	παραβιάζομαι	parabiázomai	from G3844 (παρά) and the middle voice of G971 (βιάζω);	to force contrary to (nature), i.e. compel (by entreaty)	constrain
G3850	παραβολή	parabolḗ	from G3846 (παραβάλλω);	a similitude ("parable"), i.e. (symbolic) fictitious narrative (of common life conveying a moral), apothegm or adage	comparison, figure, parable, proverb
G3851	παραβουλεύομαι	parabouleúomai	from G3844 (παρά) and the middle voice of G1011 (βουλεύω);	to misconsult, i.e. disregard	not (to) regard(-ing)
G3852	παραγγελία	parangelía	from G3853 (παραγγέλλω);	a mandate	charge, command
G3853	παραγγέλλω	parangéllō	from G3844 (παρά) and the base of G32 (ἄγγελος);	to transmit a message, i.e. (by implication) to enjoin	(give in) charge, (give) command(-ment), declare
G3854	παραγίνομαι	paragínomai	from G3844 (παρά) and G1096 (γίνομαι);	to become near, i.e. approach (have arrived); by implication, to appear publicly	come, go, be present
G3855	παράγω	parágō	from G3844 (παρά) and G71 (ἄγω);	to lead near, i.e. (reflexively or intransitively) to go along or away	depart, pass (away, by, forth)
G3856	παραδειγματίζω	paradeigmatízō	from G3844 (παρά) and G1165 (δειγματίζω);	to show alongside (the public), i.e. expose to infamy	make a public example, put to an open shame
G3857	παράδεισος	parádeisos	of Oriental origin (compare H06508);	a park, i.e. (specially), an Eden (place of future happiness, "paradise")	paradise
G3858	παραδέχομαι	paradéchomai	from G3844 (παρά) and G1209 (δέχομαι);	to accept near, i.e. admit or (by implication) delight in	receive
G3859	παραδιατριβή	paradiatribḗ	from a compound of G3844 (παρά) and G1304 (διατρίβω);	misemployment, i.e. meddlesomeness	perverse disputing
G3860	παραδίδωμι	paradídōmi	from G3844 (παρά) and G1325 (δίδωμι);	to surrender, i.e yield up, intrust, transmit	betray, bring forth, cast, commit, deliver (up), give (over, up), hazard, put in prison, recommend
G3861	παράδοξος	parádoxos	from G3844 (παρά) and G1391 (δόξα) (in the sense of seeming);	contrary to expectation, i.e. extraordinary ("paradox")	strange
G3862	παράδοσις	parádosis	from G3860 (παραδίδωμι);	transmission, i.e. (concretely) a precept; specially, the Jewish traditionary law	ordinance, tradition
G3863	παραζηλόω	parazēlóō	from G3844 (παρά) and G2206 (ζηλόω);	to stimulate alongside, i.e. excite to rivalry	provoke to emulation (jealousy)
G3864	παραθαλάσσιος	parathalássios	from G3844 (παρά) and G2281 (θάλασσα);	along the sea, i.e. maritime (lacustrine)	upon the sea coast
G3865	παραθεωρέω	paratheōréō	from G3844 (παρά) and G2334 (θεωρέω);	to overlook or disregard	neglect
G3866	παραθήκη	parathḗkē	from G3908 (παρατίθημι);	a deposit, i.e. (figuratively) trust	committed unto
G3867	παραινέω	parainéō	from G3844 (παρά) and G134 (αἰνέω);	to mispraise, i.e. recommend or advise (a different course)	admonish, exhort
G3868	παραιτέομαι	paraitéomai	from G3844 (παρά) and the middle voice of G154 (αἰτέω);	to beg off, i.e. deprecate, decline, shun	avoid, (make) excuse, intreat, refuse, reject
G3869	παρακαθίζω	parakathízō	from G3844 (παρά) and G2523 (καθίζω);	to sit down near	sit
G3870	παρακαλέω	parakaléō	from G3844 (παρά) and G2564 (καλέω);	to call near, i.e. invite, invoke (by imploration, hortation or consolation)	beseech, call for, (be of good) comfort, desire, (give) exhort(-ation), intreat, pray
G3871	παρακαλύπτω	parakalýptō	from G3844 (παρά) and G2572 (καλύπτω);	to cover alongside, i.e. veil (figuratively)	hide
G3872	παρακαταθήκη	parakatathḗkē	from a compound of G3844 (παρά) and G2698 (κατατίθημι);	something put down alongside, i.e. a deposit (sacred trust)	that (thing) which is committed (un-)to (trust)
G3873	παράκειμαι	parákeimai	from G3844 (παρά) and G2749 (κεῖμαι);	to lie near, i.e. be at hand (figuratively, be prompt or easy)	be present
G3874	παράκλησις	paráklēsis	from G3870 (παρακαλέω);	imploration, hortation, solace	comfort, consolation, exhortation, intreaty
G3875	παράκλητος	paráklētos		an intercessor, consoler	advocate, comforter
G3876	παρακοή	parakoḗ	from G3878 (παρακούω);	inattention, i.e. (by implication) disobedience	disobedience
G3877	παρακολουθέω	parakolouthéō	from G3844 (παρά) and G190 (ἀκολουθέω);	to follow near, i.e. (figuratively) attend (as a result), trace out, conform to	attain, follow, fully know, have understanding
G3878	παρακούω	parakoúō	from G3844 (παρά) and G191 (ἀκούω);	to mishear, i.e. (by implication) to disobey	neglect to hear
G3879	παρακύπτω	parakýptō	from G3844 (παρά) and G2955 (κύπτω);	to bend beside, i.e. lean over (so as to peer within)	look (into), stoop down
G3880	παραλαμβάνω	paralambánō	from G3844 (παρά) and G2983 (λαμβάνω);	to receive near, i.e. associate with oneself (in any familiar or intimate act or relation); by analogy, to assume an office; figuratively, to learn	receive, take (unto, with)
G3881	παραλέγομαι	paralégomai	from G3844 (παρά) and the middle voice of G3004 (λέγω) (in its original sense);	(specially), to lay one's course near, i.e. sail past	pass, sail by
G3882	παράλιος	parálios	from G3844 (παρά) and G251 (ἅλς);	beside the salt (sea), i.e. maritime	sea coast
G3883	παραλλαγή	parallagḗ	from a compound of G3844 (παρά) and G236 (ἀλλάσσω);	transmutation (of phase or orbit), i.e. (figuratively) fickleness	variableness
G3884	παραλογίζομαι	paralogízomai	from G3844 (παρά) and G3049 (λογίζομαι);	to misreckon, i.e. delude	beguile, deceive
G3885	παραλυτικός	paralytikós	from a derivative of G3886 (παραλύω);	as if dissolved, i.e. "paralytic"	that had (sick of) the palsy
G3886	παραλύω	paralýō	from G3844 (παρά) and G3089 (λύω);	to loosen beside, i.e. relax (perfect passive participle, paralyzed or enfeebled)	feeble, sick of the (taken with) palsy
G3887	παραμένω	paraménō	from G3844 (παρά) and G3306 (μένω);	to stay near, i.e. remain (literally, tarry; or figuratively, be permanent, persevere)	abide, continue
G3888	παραμυθέομαι	paramythéomai	from G3844 (παρά) and the middle voice of a derivative of G3454 (μῦθος);	to relate near, i.e. (by implication) encourage, console	comfort
G3889	παραμυθία	paramythía	from G3888 (παραμυθέομαι);	consolation (properly, abstract)	comfort
G3890	παραμύθιον	paramýthion	neuter of G3889 (παραμυθία);	consolation (properly, concretely)	comfort
G3891	παρανομέω	paranoméō	from a compound of G3844 (παρά) and G3551 (νόμος);	to be opposed to law, i.e. to transgress	contrary to law
G3892	παρανομία	paranomía	from the same as G3891 (παρανομέω);	transgression	iniquity
G3893	παραπικραίνω	parapikraínō	from G3844 (παρά) and G4087 (πικραίνω);	to embitter alongside, i.e. (figuratively) to exasperate	provoke
G3894	παραπικρασμός	parapikrasmós	from G3893 (παραπικραίνω);	irritation	provocation
G3895	παραπίπτω	parapíptō	from G3844 (παρά) and G4098 (πίπτω);	to fall aside, i.e. (figuratively) to apostatize	fall away
G3896	παραπλέω	parapléō	from G3844 (παρά) and G4126 (πλέω);	to sail near	sail by
G3897	παραπλήσιον	paraplḗsion	neuter of a compound of G3844 (παρά) and the base of G4139 (πλησίον) (as adverb);	close by, i.e. (figuratively) almost	nigh unto
G3898	παραπλησίως	paraplēsíōs	adverb from the same as G3897 (παραπλήσιον);	in a manner near by, i.e. (figuratively) similarly	likewise
G3899	παραπορεύομαι	paraporeúomai	from G3844 (παρά) and G4198 (πορεύομαι);	to travel near	go, pass (by)
G3900	παράπτωμα	paráptōma	from G3895 (παραπίπτω);	a side-slip (lapse or deviation), i.e. (unintentional) error or (wilful) transgression	fall, fault, offence, sin, trespass
G3901	παραῤῥυέω	pararrhyéō	from G3844 (παρά) and the alternate of G4482 (ῥέω);	to flow by, i.e. (figuratively) carelessly pass (miss)	let slip
G3902	παράσημος	parásēmos	from G3844 (παρά) and the base of G4591 (σημαίνω);	side-marked, i.e. labelled (with a badge (figure-head) of a ship)	sign
G3903	παρασκευάζω	paraskeuázō	from G3844 (παρά) and a derivative of G4632 (σκεῦος);	to furnish aside, i.e. get ready	prepare self, be (make) ready
G3904	παρασκευή	paraskeuḗ	as if from G3903 (παρασκευάζω);	readiness	preparation
G3905	παρατείνω	parateínō	from G3844 (παρά) and teino (to stretch);	to extend along, i.e. prolong (in point of time)	continue
G3906	παρατηρέω	paratēréō	from G3844 (παρά) and G5083 (τηρέω);	to inspect alongside, i.e. note insidiously or scrupulously	observe, watch
G3907	παρατήρησις	paratḗrēsis	from G3906 (παρατηρέω);	inspection, i.e. ocular evidence	obervation
G3908	παρατίθημι	paratíthēmi	from G3844 (παρά) and G5087 (τίθημι);	to place alongside, i.e. present (food, truth); by implication, to deposit (as a trust or for protection)	allege, commend, commit (the keeping of), put forth, set before
G3909	παρατυγχάνω	paratynchánō	from G3844 (παρά) and G5177 (τυγχάνω);	to chance near, i.e. fall in with	meet with
G3910	παραυτίκα	parautíka	from G3844 (παρά) and a derivative of G846 (αὐτός);	at the very instant, i.e. momentary	but for a moment
G3911	παραφέρω	paraphérō	from G3844 (παρά) and G5342 (φέρω) (including its alternate forms);	to bear along or aside, i.e. carry off (literally or figuratively); by implication, to avert	remove, take away
G3912	παραφρονέω	paraphronéō	from G3844 (παρά) and G5426 (φρονέω);	to misthink, i.e. be insane (silly)	as a fool
G3913	παραφρονία	paraphronía	from G3912 (παραφρονέω);	insanity, i.e. foolhardiness	madness
G3914	παραχειμάζω	paracheimázō	from G3844 (παρά) and G5492 (χειμάζω);	to winter near, i.e. stay with over the rainy season	winter
G3915	παραχειμασία	paracheimasía	from G3914 (παραχειμάζω);	a wintering over	winter in
G3916	παραχρῆμα	parachrēma	from G3844 (παρά) and G5536 (χρῆμα) (in its original sense);	at the thing itself, i.e. instantly	forthwith, immediately, presently, straightway, soon
G3917	πάρδαλις	párdalis	feminine of (a panther);	a leopard	leopard
G3918	πάρειμι	páreimi	from G3844 (παρά) and G1510 (εἰμί) (including its various forms);	to be near, i.e. at hand; neuter present participle (singular) time being, or (plural) property	come, X have, be here, + lack, (be here) present
G3919	παρεισάγω	pareiságō	from G3844 (παρά) and G1521 (εἰσάγω);	to lead in aside, i.e. introduce surreptitiously	privily bring in
G3920	παρείσακτος	pareísaktos	from G3919 (παρεισάγω);	smuggled in	unawares brought in
G3921	παρεισδύνω	pareisdýnō	from G3844 (παρά) and a compound of G1519 (εἰς) and G1416 (δύνω);	to settle in alongside, i.e. lodge stealthily	creep in unawares
G3922	παρεισέρχομαι	pareisérchomai	from G3844 (παρά) and G1525 (εἰσέρχομαι);	to come in alongside, i.e. supervene additionally or steathily	come in privily, enter
G3923	παρεισφέρω	pareisphérō	from G3844 (παρά) and G1533 (εἰσφέρω);	to bear in alongside, i.e. introduce simultaneously	give
G3924	παρεκτός	parektós	from G3844 (παρά) and G1622 (ἐκτός);	near outside, i.e. besides	except, saving, without
G3925	παρεμβολή	parembolḗ	from a compound of G3844 (παρά) and G1685 (ἐμβάλλω);	a throwing in beside (juxtaposition), i.e. (specially), battle-array, encampment or barracks (tower Antonia)	army, camp, castle
G3926	παρενοχλέω	parenochléō	from G3844 (παρά) and G1776 (ἐνοχλέω);	to harass further, i.e. annoy	trouble
G3927	παρεπίδημος	parepídēmos	from G3844 (παρά) and the base of G1927 (ἐπιδημέω);	an alien alongside, i.e. a resident foreigner	pilgrim, stranger
G3928	παρέρχομαι	parérchomai	from G3844 (παρά) and G2064 (ἔρχομαι);	to come near or aside, i.e. to approach (arrive), go by (or away), (figuratively) perish or neglect, (causative) avert	come (forth), go, pass (away, by, over), past, transgress
G3929	πάρεσις	páresis	from G2935 (κτήτωρ);	praetermission, i.e. toleration	remission
G3930	παρέχω	paréchō	from G3844 (παρά) and G2192 (ἔχω);	to hold near, i.e. present, afford, exhibit, furnish occasion	bring, do, give, keep, minister, offer, shew, + trouble
G3931	παρηγορία	parēgoría	from a compound of G3844 (παρά) and a derivative of G58 (ἀγορά) (meaning to harangue an assembly);	an address alongside, i.e. (specially), consolation	comfort
G3932	παρθενία	parthenía	from G3933 (παρθένος);	maidenhood	virginity
G3933	παρθένος	parthénos	of unknown origin;	a maiden; by implication, an unmarried daughter	virgin
G3934	Πάρθος	Párthos	probably of foreign origin;	a Parthian, i.e. inhabitant of Parthia	Parthian
G3935	παρίημι	paríēmi	from G3844 (παρά) and hiemi (to send);	to let by, i.e. relax	hang down
G3936	παρίστημι	parístēmi	from G3844 (παρά) and G2476 (ἵστημι);	to stand beside, i.e. (transitively) to exhibit, proffer, (specially), recommend, (figuratively) substantiate; or (intransitively) to be at hand (or ready), aid	assist, bring before, command, commend, give presently, present, prove, provide, shew, stand (before, by, here, up, with), yield
G3937	Παρμενᾶς	Parmenâs	probably by contraction for (a derivative of a compound of G3844 (παρά) and G3306 (μένω));	constant; Parmenas, a Christian	Parmenas
G3938	πάροδος	párodos	from G3844 (παρά) and G3598 (ὁδός);	a by-road, i.e. (actively) a route	way
G3939	παροικέω	paroikéō	from G3844 (παρά) and G3611 (οἰκέω);	to dwell near, i.e. reside as a foreigner	sojourn in, be a stranger
G3940	παροικία	paroikía	from G3941 (πάροικος);	foreign residence	sojourning, X as strangers
G3941	πάροικος	pároikos	from G3844 (παρά) and G3624 (οἶκος);	having a home near, i.e. (as noun) a by-dweller (alien resident)	foreigner, sojourn, stranger
G3942	παροιμία	paroimía	from a compound of G3844 (παρά) and perhaps a derivative of G3633 (οἴομαι);	apparently a state alongside of supposition, i.e. (concretely) an adage; specially, an enigmatical or fictitious illustration	parable, proverb
G3943	πάροινος	pároinos	from G3844 (παρά) and G3631 (οἶνος);	staying near wine, i.e. tippling (a toper)	given to wine
G3944	παροίχομαι	paroíchomai	from G3844 (παρά) and (to depart);	to escape along, i.e. be gone	past
G3945	παρομοιάζω	paromoiázō	from G3946 (παρόμοιος);	to resemble	be like unto
G3946	παρόμοιος	parómoios	from G3844 (παρά) and G3664 (ὅμοιος);	alike nearly, i.e. similar	like
G3947	παροξύνω	paroxýnō	from G3844 (παρά) and a derivative of G3691 (ὀξύς);	to sharpen alongside, i.e. (figuratively) to exasperate	easily provoke, stir
G3948	παροξυσμός	paroxysmós	from G3947 (παροξύνω) ("paroxysm");	incitement (to good), or dispute (in anger)	contention, provoke unto
G3949	παροργίζω	parorgízō	from G3844 (παρά) and G3710 (ὀργίζω);	to anger alongside, i.e. enrage	anger, provoke to wrath
G3950	παροργισμός	parorgismós	from G3949 (παροργίζω);	rage	wrath
G3951	παροτρύνω	parotrýnō	from G3844 (παρά) and (to spur);	to urge along, i.e. stimulate (to hostility)	stir up
G3952	παρουσία	parousía	from the present participle of G3918 (πάρειμι);	a being near, i.e. advent (often, return; specially, of Christ to punish Jerusalem, or finally the wicked); (by implication) physically, aspect	coming, presence
G3953	παροψίς	paropsís	from G3844 (παρά) and the base of G3795 (ὀψάριον);	a side-dish (the receptacle)	platter
G3954	παῤῥησία	parrhēsía	from G3956 (πᾶς) and a derivative of G4483 (ῥέω);	all out-spokenness, i.e. frankness, bluntness, publicity; by implication, assurance	bold (X -ly, -ness, -ness of speech), confidence, X freely, X openly, X plainly(-ness)
G3955	παῤῥησιάζομαι	parrhēsiázomai	middle voice from G3954 (παῤῥησία);	to be frank in utterance, or confident in spirit and demeanor	be (wax) bold, (preach, speak) boldly
G3956	πᾶς	pâs	including all the forms of declension; apparently a primary word;	all, any, every, the whole	all (manner of, means), alway(-s), any (one), X daily, + ever, every (one, way), as many as, + no(-thing), X thoroughly, whatsoever, whole, whosoever
G3957	πάσχα	páscha	of Chaldee origin (compare H06453);	the Passover (the meal, the day, the festival or the special sacrifices connected with it)	Easter, Passover
G3958	πάσχω	páschō	apparently a primary verb;	to experience a sensation or impression (usually painful)	feel, passion, suffer, vex
G3959	Πάταρα	Pátara	probably of foreign origin;	Patara, a place in Asia Minor	Patara
G3960	πατάσσω	patássō	probably prolongation from G3817 (παίω);	to knock (gently or with a weapon or fatally)	smite, strike
G3961	πατέω	patéō	from a derivative probably of G3817 (παίω) (meaning a "path");	to trample (literally or figuratively)	tread (down, under foot)
G3962	πατήρ	patḗr	apparently a primary word;	a "father" (literally or figuratively, near or more remote)	father, parent
G3963	Πάτμος	Pátmos	of uncertain derivation;	Patmus, an islet in the Mediterranean	Patmos
G3964	πατραλῴας	patralṓias	from G3962 (πατήρ) and the same as the latter part of G3389 (μητραλῴας);	a parricide	murderer of fathers
G3965	πατριά	patriá	as if feminine of a derivative of G3962 (πατήρ);	paternal descent, i.e. (concretely) a group of families or a whole race (nation)	family, kindred, lineage
G3966	πατριάρχης	patriárchēs	from G3965 (πατριά) and G757 (ἄρχω);	a progenitor ("patriarch")	patriarch
G3967	πατρικός	patrikós	from G3962 (πατήρ);	paternal, i.e. ancestral	of fathers
G3968	πατρίς	patrís	from G3902 (παράσημος);	a father-land, i.e. native town; (figuratively) heavenly home	(own) country
G3969	Πατροβᾶς	Patrobâs	perhaps a contraction for (a compound of G3962 (πατήρ) and G979 (βίος));	father's life; Patrobas, a Christian	Patrobas
G3970	πατροπαράδοτος	patroparádotos	from G3962 (πατήρ) and a derivative of G3860 (παραδίδωμι) (in the sense of handing over or down);	traditionary	received by tradition from fathers
G3971	πατρῷος	patrōios	from G3962 (πατήρ);	paternal, i.e. hereditary	of fathers
G3972	Παῦλος	Paûlos	of Latin origin;	(little; but remotely from a derivative of G3973 (παύω), meaning the same); Paulus, the name of a Roman and of an apostle	Paul, Paulus
G3973	παύω	paúō	a primary verb ("pause");	to stop (transitively or intransitively), i.e. restrain, quit, desist, come to an end	cease, leave, refrain
G3974	Πάφος	Páphos	of uncertain derivation;	Paphus, a place in Cyprus	Paphos
G3975	παχύνω	pachýnō	from a derivative of G4078 (πήγνυμι) (meaning thick);	to thicken, i.e. (by implication) to fatten (figuratively, stupefy or render callous)	wax gross
G3976	πέδη	pédē	ultimately from G4228 (πούς);	a shackle for the feet	fetter
G3977	πεδινός	pedinós	from a derivative of G4228 (πούς) (meaning the ground);	level (as easy for the feet)	plain
G3978	πεζεύω	pezeúō	from the same as G3979 (πεζῇ);	to foot a journey, i.e. travel by land	go afoot
G3979	πεζῇ	pezēi	dative case feminine of a derivative of G4228 (πούς) (as adverb);	foot-wise, i.e. by walking	a- (on) foot
G3980	πειθαρχέω	peitharchéō	from a compound of G3982 (πείθω) and G757 (ἄρχω);	to be persuaded by a ruler, i.e. (genitive case) to submit to authority; by analogy, to conform to advice	hearken, obey (magistrates)
G3981	πειθός	peithós	from G3982 (πείθω);	persuasive	enticing
G3982	πείθω	peíthō	a primary verb;	to convince (by argument, true or false); by analogy, to pacify or conciliate (by other fair means); reflexively or passively, to assent (to evidence or authority), to rely (by inward certainty)	agree, assure, believe, have confidence, be (wax) conflent, make friend, obey, persuade, trust, yield
G3983	πεινάω	peináō	from the same as G3993 (πένης) (through the idea of pinching toil;	"pine"); to famish (absolutely or comparatively); figuratively, to crave	be an hungered
G3984	πεῖρα	peîra	from the base of G4008 (πέραν) (through the idea of piercing);	a test, i.e. attempt, experience	assaying, trial
G3985	πειράζω	peirázō	from G3984 (πεῖρα);	to test (objectively), i.e. endeavor, scrutinize, entice, discipline	assay, examine, go about, prove, tempt(-er), try
G3986	πειρασμός	peirasmós	from G3985 (πειράζω);	a putting to proof (by experiment (of good), experience (of evil), solicitation, discipline or provocation); by implication, adversity	temptation, X try
G3987	πειράω	peiráō	from G3984 (πεῖρα);	to test (subjectively), i.e. (reflexively) to attempt	assay
G3988	πεισμονή	peismonḗ	from a presumed derivative of G3982 (πείθω);	persuadableness, i.e. credulity	persuasion
G3989	πέλαγος	pélagos	of uncertain affinity;	deep or open sea, i.e. the main	depth, sea
G3990	πελεκίζω	pelekízō	from a derivative of G4141 (πλήσσω) (meaning an axe);	to chop off (the head), i.e. truncate	behead
G3991	πέμπτος	pémptos	from G4002 (πέντε);	fifth	fifth
G3992	πέμπω	pémpō	apparently a primary verb;	to dispatch (from the subjective view or point of departure, whereas (as a stronger form of ) refers rather to the objective point or terminus ad quem, and G4724 (στέλλω) denotes properly, the orderly motion involved), especially on a temporary errand; also to transmit, bestow, or wield	send, thrust in
G3993	πένης	pénēs	from a primary (to toil for daily subsistence);	starving, i.e. indigent	poor
G3994	πενθερά	pentherá	feminine of G3995 (πενθερός);	a wife's mother	mother in law, wife's mother
G3995	πενθερός	pentherós	of uncertain affinity;	a wife's father	father in law
G3996	πενθέω	penthéō	from G3997 (πένθος);	to grieve (the feeling or the act)	mourn, (be-)wail
G3997	πένθος	pénthos	strengthened from the alternate of G3958 (πάσχω);	grief	mourning, sorrow
G3998	πενιχρός	penichrós	prolongation from the base of G3993 (πένης);	necessitous	poor
G3999	πεντάκις	pentákis	multiplicative adverb from G4002 (πέντε);	five times	five times
G4000	πεντακισχίλιοι	pentakischílioi	from G3999 (πεντάκις) and G5507 (χίλιοι);	five times a thousand	five thousand
G4001	πεντακόσιοι	pentakósioi	from G4002 (πέντε) and G1540 (ἑκατόν);	five hundred	five hundred
G4002	πέντε	pénte	a primary number;	"five"	five
G4003	πεντεκαιδέκατος	pentekaidékatos	from G4002 (πέντε) and G2532 (καί) and G1182 (δέκατος);	five and tenth	fifteenth
G4004	πεντήκοντα	pentḗkonta	multiplicative of G4002 (πέντε);	fifty	fifty
G4005	πεντηκοστή	pentēkostḗ	feminine of the ordinal of G4004 (πεντήκοντα);	fiftieth (G2250 (ἡμέρα) being implied) from Passover, i.e. the festival of "Pentecost"	Pentecost
G4006	πεποίθησις	pepoíthēsis	from the perfect of the alternate of G3958 (πάσχω);	reliance	confidence, trust
G4007	περ	per	from the base of G4008 (πέραν);	an enclitic particle significant of abundance (thoroughness), i.e. emphasis; much, very or ever	(whom-)soever
G4008	πέραν	péran	apparently accusative case of an obsolete derivative of (to "pierce");	through (as adverb or preposition), i.e. across	beyond, farther (other) side, over
G4009	πέρας	péras	from the same as G4008 (πέραν);	an extremity	end, ut-(ter-)most participle
G4010	Πέργαμος	Pérgamos	from G4444 (πύργος);	fortified; Pergamus, a place in Asia Minor	Pergamos
G4011	Πέργη	Pérgē	probably from the same as G4010 (Πέργαμος);	a tower; Perga, a place in Asia Minor	Perga
G4012	περί	perí	from the base of G4008 (πέραν);	properly, through (all over), i.e. around; figuratively with respect to; used in various applications, of place, cause or time (with the genitive case denoting the subject or occasion or superlative point; with the accusative case the locality, circuit, matter, circumstance or general period)	(there-)about, above, against, at, on behalf of, X and his company, which concern, (as) concerning, for, X how it will go with, ((there-, where-)) of, on, over, pertaining (to), for sake, X (e-)state, (as) touching, (where-)by (in), with
G4013	περιάγω	periágō	from G4012 (περί) and G71 (ἄγω);	to take around (as a companion); reflexively, to walk around	compass, go (round) about, lead about
G4014	περιαιρέω	periairéō	from G4012 (περί) and G138 (αἱρέομαι) (including its alternate);	to remove all around, i.e. unveil, cast off (anchor); figuratively, to expiate	take away (up)
G4015	περιαστράπτω	periastráptō	from G4012 (περί) and G797 (ἀστράπτω);	to flash all around, i.e. envelop in light	shine round (about)
G4016	περιβάλλω	peribállō	from G4012 (περί) and G906 (βάλλω);	to throw all around, i.e. invest (with a palisade or with clothing)	array, cast about, clothe(-d me), put on
G4017	περιβλέπω	periblépō	from G4012 (περί) and G991 (βλέπω);	to look all around	look (round) about (on)
G4018	περιβόλαιον	peribólaion	neuter of a presumed derivative of G4016 (περιβάλλω);	something thrown around one, i.e. a mantle, veil	covering, vesture
G4019	περιδέω	peridéō	from G4012 (περί) and G1210 (δέω);	to bind around one, i.e. enwrap	bind about
G4020	περιεργάζομαι	periergázomai	from G4012 (περί) and G2038 (ἐργάζομαι);	to work all around, i.e. bustle about (meddle)	be a busybody
G4021	περίεργος	períergos	from G4012 (περί) and G2041 (ἔργον);	working all around, i.e. officious (meddlesome, neuter plural magic)	busybody, curious arts
G4022	περιέρχομαι	periérchomai	from G4012 (περί) and G2064 (ἔρχομαι) (including its alternate);	to come all around, i.e. stroll, vacillate, veer	fetch a compass, vagabond, wandering about
G4023	περιέχω	periéchō	from G4012 (περί) and G2192 (ἔχω);	to hold all around, i.e. include, clasp (figuratively)	+ astonished, contain, after (this manner)
G4024	περιζώννυμι	perizṓnnymi	from G4012 (περί) and G2224 (ζώννυμι);	to gird all around, i.e. (middle voice or passive) to fasten on one's belt (literally or figuratively)	gird (about, self)
G4025	περίθεσις	períthesis	from G4060 (περιτίθημι);	a putting all around, i.e. decorating oneself with	wearing
G4026	περιΐστημι	periḯstēmi	from G4012 (περί) and G2476 (ἵστημι);	to stand all around, i.e. (near) to be a bystander, or (aloof) to keep away from	avoid, shun, stand by (round about)
G4027	περικάθαρμα	perikátharma	from a compound of G4012 (περί) and G2508 (καθαίρω);	something cleaned off all around, i.e. refuse (figuratively)	filth
G4028	περικαλύπτω	perikalýptō	from G4012 (περί) and G2572 (καλύπτω);	to cover all around, i.e. entirely (the face, a surface)	blindfold, cover, overlay
G4029	περίκειμαι	períkeimai	from G4012 (περί) and G2749 (κεῖμαι);	to lie all around, i.e. inclose, encircle, hamper (literally or figuratively)	be bound (compassed) with, hang about
G4030	περικεφαλαία	perikephalaía	feminine of a compound of G4012 (περί) and G2776 (κεφαλή);	encirclement of the head, i.e. a helmet	helmet
G4031	περικρατής	perikratḗs	from G4012 (περί) and G2904 (κράτος);	strong all around, i.e. a master (manager)	+ come by
G4032	περικρύπτω	perikrýptō	from G4012 (περί) and G2928 (κρύπτω);	to conceal all around, i.e. entirely	hide
G4033	περικυκλόω	perikyklóō	from G4012 (περί) and G2944 (κυκλόω);	to encircle all around, i.e. blockade completely	compass round
G4034	περιλάμπω	perilámpō	from G4012 (περί) and G2989 (λάμπω);	to illuminate all around, i.e. invest with a halo	shine round about
G4035	περιλείπω	perileípō	from G4012 (περί) and G3007 (λείπω);	to leave all around, i.e. (passively) survive	remain
G4036	περίλυπος	perílypos	from G4012 (περί) and G3077 (λύπη);	grieved all around, i.e. intensely sad	exceeding (very) sorry(-owful)
G4037	περιμένω	periménō	from G4012 (περί) and G3306 (μένω);	to stay around, i.e. await	wait for
G4038	πέριξ	périx	adverb from G4012 (περί);	all around, i.e. (as an adjective) circumjacent	round about
G4039	περιοικέω	perioikéō	from G4012 (περί) and G3611 (οἰκέω);	to reside around, i.e. be a neighbor	dwell round about
G4040	περίοικος	períoikos	from G4012 (περί) and G3624 (οἶκος);	housed around, i.e. neighboring (used elliptically as a noun)	neighbour
G4041	περιούσιος	perioúsios	from the present participle feminine of a compound of 4012 and G1510 (εἰμί);	being beyond usual, i.e. special (one's own)	peculiar
G4042	περιοχή	periochḗ	from G4023 (περιέχω);	a being held around, i.e. (concretely) a passage (of Scripture, as circumscribed)	place
G4043	περιπατέω	peripatéō	from G4012 (περί) and G3961 (πατέω);	to tread all around, i.e. walk at large (especially as proof of ability); figuratively, to live, deport oneself, follow (as a companion or votary)	go, be occupied with, walk (about)
G4044	περιπείρω	peripeírō	from G4012 (περί) and the base of G4008 (πέραν);	to penetrate entirely, i.e. transfix (figuratively)	pierce through
G4045	περιπίπτω	peripíptō	from G4012 (περί) and G4098 (πίπτω);	to fall into something that is all around, i.e. light among or upon, be surrounded with	fall among (into)
G4046	περιποιέομαι	peripoiéomai	middle voice from G4012 (περί) and G4160 (ποιέω);	to make around oneself, i.e. acquire (buy)	purchase
G4047	περιποίησις	peripoíēsis	from G4046 (περιποιέομαι);	acquisition (the act or the thing); by extension, preservation	obtain(-ing), peculiar, purchased, possession, saving
G4048	περιῤῥήγνυμι	perirrhḗgnymi	from G4012 (περί) and G4486 (ῥήγνυμι);	to tear all around, i.e. completely away	rend off
G4049	περισπάω	perispáō	from G4012 (περί) and G4685 (σπάω);	to drag all around, i.e. (figuratively) to distract (with care)	cumber
G4050	περισσεία	perisseía	from G4052 (περισσεύω);	surplusage, i.e. superabundance	abundance(-ant, (-ly)), superfluity
G4051	περίσσευμα	perísseuma	from G4052 (περισσεύω);	a surplus, or superabundance	abundance, that was left, over and above
G4052	περισσεύω	perisseúō	from G4053 (περισσός);	to superabound (in quantity or quality), be in excess, be superfluous; also (transitively) to cause to superabound or excel	(make, more) abound, (have, have more) abundance (be more) abundant, be the better, enough and to spare, exceed, excel, increase, be left, redound, remain (over and above)
G4053	περισσός	perissós	from G4012 (περί) (in the sense of beyond);	superabundant (in quantity) or superior (in quality); by implication, excessive; adverbially (with G1537 (ἐκ)) violently; neuter (as noun) preeminence	exceeding abundantly above, more abundantly, advantage, exceedingly, very highly, beyond measure, more, superfluous, vehement(-ly)
G4054	περισσότερον	perissóteron	neuter of G4055 (περισσότερος) (as adverb);	in a more superabundant way	more abundantly, a great deal, far more
G4055	περισσότερος	perissóteros	comparative of G4053 (περισσός);	more superabundant (in number, degree or character)	more abundant, greater (much) more, overmuch
G4056	περισσοτέρως	perissotérōs	adverb from G4055 (περισσότερος);	more superabundantly	more abundant(-ly), X the more earnest, (more) exceedingly, more frequent, much more, the rather
G4057	περισσῶς	perissōs	adverb from G4053 (περισσός);	superabundantly	exceedingly, out of measure, the more
G4058	περιστερά	peristerá	of uncertain derivation;	a pigeon	dove, pigeon
G4059	περιτέμνω	peritémnō	from G4012 (περί) and the base of G5114 (τομώτερος);	to cut around, i.e. (specially) to circumcise	circumcise
G4060	περιτίθημι	peritíthēmi	from G4012 (περί) and G5087 (τίθημι);	to place around; by implication, to present	bestow upon, hedge round about, put about (on, upon), set about
G4061	περιτομή	peritomḗ	from G4059 (περιτέμνω);	circumcision (the rite, the condition or the people, literally or figuratively)	X circumcised, circumcision
G4062	περιτρέπω	peritrépō	from G4012 (περί) and the base of G5157 (τροπή);	to turn around, i.e. (mentally) to craze	+ make mad
G4063	περιτρέχω	peritréchō	from G4012 (περί) and G5143 (τρέχω) (including its alternate);	to run around, i.e. traverse	run through
G4064	περιφέρω	periphérō	from G4012 (περί) and G5342 (φέρω);	to convey around, i.e. transport hither and thither	bear (carry) about
G4065	περιφρονέω	periphronéō	from G4012 (περί) and G5426 (φρονέω);	to think beyond, i.e. depreciate (contemn)	despise
G4066	περίχωρος	períchōros	from G4012 (περί) and G5561 (χώρα);	around the region, i.e. circumjacent (as noun, with G1093 (γῆ) implied vicinity)	country (round) about, region (that lieth) round about
G4067	περίψωμα	perípsōma	from a comparative of G4012 (περί) and (to rub);	something brushed all around, i.e. off-scrapings (figuratively, scum)	offscouring
G4068	περπερεύομαι	perpereúomai	middle voice from (braggart;	perhaps by reduplication of the base of G4008 (πέραν)); to boast	vaunt itself
G4069	Περσίς	Persís		a Persian woman; Persis, a Christian female	Persis
G4070	πέρυσι	pérysi	adverb from G4009 (πέρας);	the by-gone, i.e. (as noun) last year	+ a year ago
G4071	πετεινόν	peteinón	neuter of a derivative of G4072 (πέτομαι);	a flying animal, i.e. bird	bird, fowl
G4072	πέτομαι	pétomai	middle voice of a primary verb;	to fly	fly(-ing)
G4073	πέτρα	pétra	feminine of the same as G4074 (Πέτρος);	a (mass of) rock (literally or figuratively)	rock
G4074	Πέτρος	Pétros	apparently a primary word;	a (piece of) rock (larger than G3037 (λίθος)); as a name, Petrus, an apostle	Peter, rock
G4075	πετρώδης	petrṓdēs	from G4073 (πέτρα) and G1491 (εἶδος);	rock-like, i.e. rocky	stony
G4076	πήγανον	pḗganon	from G4078 (πήγνυμι);	rue (from its thick or fleshy leaves)	rue
G4077	πηγή	pēgḗ	probably from G4078 (πήγνυμι) (through the idea of gushing plumply);	a fount (literally or figuratively), i.e. source or supply (of water, blood, enjoyment) (not necessarily the original spring)	fountain, well
G4078	πήγνυμι	pḗgnymi	a prolonged form of a primary verb (which in its simpler form occurs only as an alternate in certain tenses);	to fix ("peg"), i.e. (specially) to set up (a tent)	pitch
G4079	πηδάλιον	pēdálion	neuter of a (presumed) derivative of (the blade of an oar;	from the same as G3976 (πέδη)); a "pedal", i.e. helm	rudder
G4080	πηλίκος	pēlíkos	a quantitative form (the feminine) of the base of G4225 (πού);	how much (as an indefinite), i.e. in size or (figuratively) dignity	how great (large)
G4081	πηλός	pēlós	perhaps a primary word;	clay	clay
G4082	πήρα	pḗra	of uncertain affinity;	a wallet or leather pouch for food	scrip
G4083	πῆχυς	pēchys	of uncertain affinity;	the fore-arm, i.e. (as a measure) a cubit	cubit
G4084	πιάζω	piázō	probably another form of G971 (βιάζω);	to squeeze, i.e. seize (gently by the hand (press), or officially (arrest), or in hunting (capture))	apprehend, catch, lay hand on, take
G4085	πιέζω	piézō	another form for G4084 (πιάζω);	to pack	press down
G4086	πιθανολογία	pithanología	from a compound of a derivative of G3982 (πείθω) and G3056 (λόγος);	persuasive language	enticing words
G4087	πικραίνω	pikraínō	from G4089 (πικρός);	to embitter (literally or figuratively)	be (make) bitter
G4088	πικρία	pikría	from G4089 (πικρός);	acridity (especially poison), literally or figuratively	bitterness
G4089	πικρός	pikrós	perhaps from G4078 (πήγνυμι) (through the idea of piercing);	sharp (pungent), i.e. acrid (literally or figuratively)	bitter
G4090	πικρῶς	pikrōs	adverb from G4089 (πικρός);	bitterly, i.e. (figuratively) violently	bitterly
G4091	Πιλᾶτος	Pilâtos	of Latin origin;	close-pressed, i.e. firm; Pilatus, a Roman	Pilate
G4092	πίμπρημι	pímprēmi	a reduplicated and prolonged form of a primary ; which occurs only as an alternate in certain tenses);	to fire, i.e. burn (figuratively and passively, become inflamed with fever)	be (X should have) swollen
G4093	πινακίδιον	pinakídion	diminutive of G4094 (πίναξ);	a tablet (for writing on)	writing table
G4094	πίναξ	pínax	apparently a form of G4109 (πλάξ);	a plate	charger, platter
G4095	πίνω	pínō	a prolonged form of ; which (together with another form) ; occurs only as an alternate in certain tenses;	to imbibe (literally or figuratively)	drink
G4096	πιότης	piótēs	from (fat;	perhaps akin to the alternate of G4095 (πίνω) through the idea of repletion); plumpness, i.e. (by implication) richness (oiliness)	fatness
G4097	πιπράσκω	pipráskō	contracted from (to traverse;	from the base of G4008 (πέραν)); to traffic (by travelling), i.e. dispose of as merchandise or into slavery (literally or figuratively)	sell
G4098	πίπτω	píptō	probably akin to G4072 (πέτομαι) through the idea of alighting;	to fall (literally or figuratively)	fail, fall (down), light on
G4099	Πισιδία	Pisidía	probably of foreign origin;	Pisidia, a region of Asia Minor	Pisidia
G4100	πιστεύω	pisteúō	from G4102 (πίστις);	to have faith (in, upon, or with respect to, a person or thing), i.e. credit; by implication, to entrust (especially one's spiritual well-being to Christ)	believe(-r), commit (to trust), put in trust with
G4101	πιστικός	pistikós	from G4102 (πίστις);	trustworthy, i.e. genuine (unadulterated)	spike-(nard)
G4102	πίστις	pístis	from G3982 (πείθω);	persuasion, i.e. credence; moral conviction (of religious truth, or the truthfulness of God or a religious teacher), especially reliance upon Christ for salvation; abstractly, constancy in such profession; by extension, the system of religious (Gospel) truth itself	assurance, belief, believe, faith, fidelity
G4103	πιστός	pistós	from G3982 (πείθω);	objectively, trustworthy; subjectively, trustful	believe(-ing, -r), faithful(-ly), sure, true
G4104	πιστόω	pistóō	from G4103 (πιστός);	to assure	assure of
G4105	πλανάω	planáō	from G4106 (πλάνη);	to (properly, cause to) roam (from safety, truth, or virtue)	go astray, deceive, err, seduce, wander, be out of the way
G4106	πλάνη	plánē	feminine of G4108 (πλάνος) (as abstractly);	objectively, fraudulence; subjectively, a straying from orthodoxy or piety	deceit, to deceive, delusion, error
G4107	πλανήτης	planḗtēs	from G4108 (πλάνος);	a rover ("planet"), i.e. (figuratively) an erratic teacher	wandering
G4108	πλάνος	plános	of uncertain affinity;	roving (as a tramp), i.e. (by implication) an impostor or misleader;	--deceiver, seducing
G4109	πλάξ	pláx	from G4111 (πλάσσω);	a moulding-board, i.e. flat surface ("plate", or tablet, literally or figuratively)	table
G4110	πλάσμα	plásma	from G4111 (πλάσσω);	something moulded	thing formed
G4111	πλάσσω	plássō	a primary verb;	to mould, i.e. shape or fabricate	form
G4112	πλαστός	plastós	from G4111 (πλάσσω);	moulded, i.e. (by implication) artificial or (figuratively) fictitious (false)	feigned
G4113	πλατεῖα	plateîa	feminine of G4116 (πλατύς);	a wide "plat" or "place", i.e. open square	street
G4114	πλάτος	plátos	from G4116 (πλατύς);	width	breadth
G4115	πλατύνω	platýnō	from G4116 (πλατύς);	to widen (literally or figuratively)	make broad, enlarge
G4116	πλατύς	platýs	from G4111 (πλάσσω);	spread out "flat" ("plot"), i.e. broad	wide
G4117	πλέγμα	plégma	from G4120 (πλέκω);	a plait (of hair)	broidered hair
G4118	πλεῖστος	pleîstos	irregular superlative of G4183 (πολύς);	the largest number or very large	very great, most
G4119	πλείων	pleíōn	comparative of G4183 (πολύς);	more in quantity, number, or quality; also (in plural) the major portion	X above, + exceed, more excellent, further, (very) great(-er), long(-er), (very) many, greater (more) part, + yet but
G4120	πλέκω	plékō	a primary word;	to twine or braid	plait
G4121	πλεονάζω	pleonázō	from G4119 (πλείων);	to do, make or be more, i.e. increase (transitively or intransitively); by extension, to superabound	abound, abundant, make to increase, have over
G4122	πλεονεκτέω	pleonektéō	from G4123 (πλεονέκτης);	to be covetous, i.e. (by implication) to over-reach	get an advantage, defraud, make a gain
G4123	πλεονέκτης	pleonéktēs	from G4119 (πλείων) and G2192 (ἔχω);	holding (desiring) more, i.e. eager for gain (avaricious, hence a defrauder)	covetous
G4124	πλεονεξία	pleonexía	from G4123 (πλεονέκτης);	avarice, i.e. (by implication) fraudulency, extortion	covetous(-ness) practices, greediness
G4125	πλευρά	pleurá	of uncertain affinity;	a rib, i.e. (by extension) side	side
G4126	πλέω	pléō	probably a form of G4150 (πλύνω) (through the idea of plunging through the water);	to pass in a vessel	sail
G4127	πληγή	plēgḗ	from G4141 (πλήσσω);	a stroke; by implication, a wound; figuratively, a calamity	plague, stripe, wound(-ed)
G4128	πλῆθος	plēthos	from G4130 (πλήθω);	a fulness, i.e. a large number, throng, populace	bundle, company, multitude
G4129	πληθύνω	plēthýnō	from another form of G4128 (πλῆθος);	to increase (transitively or intransitively)	abound, multiply
G4130	πλήθω	plḗthō	a prolonged form of a primary (which appears only as an alternate in certain tenses and in the reduplicated form pimplemi);	to "fill" (literally or figuratively (imbue, influence, supply)); specially, to fulfil (time)	accomplish, full (…come), furnish
G4131	πλήκτης	plḗktēs	from G4141 (πλήσσω);	a smiter, i.e. pugnacious (quarrelsome)	striker
G4132	πλήμμυρα	plḗmmyra	prolonged from G4130 (πλήθω);	flood-tide, i.e. (by analogy) a freshet	flood
G4133	πλήν	plḗn	from G4119 (πλείων);	moreover (besides), i.e. albeit, save that, rather, yet	but (rather), except, nevertheless, notwithstanding, save, than
G4134	πλήρης	plḗrēs	from G4130 (πλήθω);	replete, or covered over; by analogy, complete	full
G4135	πληροφορέω	plērophoréō	from G4134 (πλήρης) and G5409 (φορέω);	to carry out fully (in evidence), i.e. completely assure (or convince), entirely accomplish	most surely believe, fully know (persuade), make full proof of
G4136	πληροφορία	plērophoría	from G4135 (πληροφορέω);	entire confidence	(full) assurance
G4137	πληρόω	plēróō	from G4134 (πλήρης);	to make replete, i.e. (literally) to cram (a net), level up (a hollow), or (figuratively) to furnish (or imbue, diffuse, influence), satisfy, execute (an office), finish (a period or task), verify (or coincide with a prediction), etc.	accomplish, X after, (be) complete, end, expire, fill (up), fulfil, (be, make) full (come), fully preach, perfect, supply
G4138	πλήρωμα	plḗrōma	from G4137 (πληρόω);	repletion or completion, i.e. (subjectively) what fills (as contents, supplement, copiousness, multitude), or (objectively) what is filled (as container, performance, period)	which is put in to fill up, piece that filled up, fulfilling, full, fulness
G4139	πλησίον	plēsíon	neuter of a derivative of (near);	(adverbially) close by; as noun, a neighbor, i.e. fellow (as man, countryman, Christian or friend)	near, neighbour
G4140	πλησμονή	plēsmonḗ	from a presumed derivative of G4130 (πλήθω);	a filling up, i.e. (figuratively) gratification	satisfying
G4141	πλήσσω	plḗssō	apparently another form of G4111 (πλάσσω) (through the idea of flattening out);	to pound, i.e. (figuratively) to inflict with (calamity)	smite
G4142	πλοιάριον	ploiárion	neuter of a presumed derivative of G4143 (πλοῖον);	a boat	boat, little (small) ship
G4143	πλοῖον	ploîon	from G4126 (πλέω);	a sailer, i.e. vessel	ship(-ing)
G4144	πλόος	plóos	from G4126 (πλέω);	a sail, i.e. navigation	course, sailing, voyage
G4145	πλούσιος	ploúsios	from G4149 (πλοῦτος);	wealthy; figuratively, abounding with	rich
G4146	πλουσίως	plousíōs	adverb from G4145 (πλούσιος);	copiously	abundantly, richly
G4147	πλουτέω	ploutéō	from G4148 (πλουτίζω);	to be (or become) wealthy (literally or figuratively)	be increased with goods, (be made, wax) rich
G4148	πλουτίζω	ploutízō	from G4149 (πλοῦτος);	to make wealthy (figuratively)	en- (make) rich
G4149	πλοῦτος	ploûtos	from the base of G4130 (πλήθω);	wealth (as fulness), i.e. (literally) money, possessions, or (figuratively) abundance, richness, (specially), valuable bestowment	riches
G4150	πλύνω	plýnō	a prolonged form of an obsolete (to "flow");	to "plunge", i.e. launder clothing	wash
G4151	πνεῦμα	pneûma	from G4154 (πνέω);	a current of air, i.e. breath (blast) or a breeze; by analogy or figuratively, a spirit, i.e. (human) the rational soul, (by implication) vital principle, mental disposition, etc., or (superhuman) an angel, demon, or (divine) God, Christ's spirit, the Holy Spirit	ghost, life, spirit(-ual, -ually), mind
G4152	πνευματικός	pneumatikós	from G4151 (πνεῦμα);	non-carnal, i.e. (humanly) ethereal (as opposed to gross), or (dæmoniacally) a spirit (concretely), or (divinely) supernatural, regenerate, religious	spiritual
G4153	πνευματικῶς	pneumatikōs	adverb from G4152 (πνευματικός);	non-physically, i.e. divinely, figuratively	spiritually
G4154	πνέω	pnéō	a primary word;	to breathe hard, i.e. breeze	blow
G4155	πνίγω	pnígō	strengthened from G4154 (πνέω);	to wheeze, i.e. (causative, by implication) to throttle or strangle (drown)	choke, take by the throat
G4156	πνικτός	pniktós	from G4155 (πνίγω);	throttled, i.e. (neuter concretely) an animal choked to death (not bled)	strangled
G4157	πνοή	pnoḗ	from G4154 (πνέω);	respiration, a breeze	breath, wind
G4158	ποδήρης	podḗrēs	from G4228 (πούς) and another element of uncertain affinity;	a dress (G2066 (ἐσθής) implied) reaching the ankles	garment down to the foot
G4159	πόθεν	póthen	from the base of G4213 (πόσις) with enclitic adverb of origin;	from which (as interrogative) or what (as relative) place, state, source or cause	whence
G4160	ποιέω	poiéō	apparently a prolonged form of an obsolete primary;	to make or do (in a very wide application, more or less direct)	abide, + agree, appoint, X avenge, + band together, be, bear, + bewray, bring (forth), cast out, cause, commit, + content, continue, deal, + without any delay, (would) do(-ing), execute, exercise, fulfil, gain, give, have, hold, X journeying, keep, + lay wait, + lighten the ship, make, X mean, + none of these things move me, observe, ordain, perform, provide, + have purged, purpose, put, + raising up, X secure, shew, X shoot out, spend, take, tarry, + transgress the law, work, yield
G4161	ποίημα	poíēma	from G4160 (ποιέω);	a product, i.e. fabric (literally or figuratively)	thing that is made, workmanship
G4162	ποίησις	poíēsis	from G4160 (ποιέω);	action, i.e. performance (of the law)	deed
G4163	ποιητής	poiētḗs	from G4160 (ποιέω);	a performer; specially, a "poet";	--doer, poet
G4164	ποικίλος	poikílos	of uncertain derivation;	motley, i.e. various in character	divers, manifold
G4165	ποιμαίνω	poimaínō	from G4166 (ποιμήν);	to tend as a shepherd of (figuratively, superviser)	feed (cattle), rule
G4166	ποιμήν	poimḗn	of uncertain affinity;	a shepherd (literally or figuratively)	shepherd, pastor
G4167	ποίμνη	poímnē	contraction from G4165 (ποιμαίνω);	a flock (literally or figuratively)	flock, fold
G4168	ποίμνιον	poímnion	neuter of a presumed derivative of G4167 (ποίμνη);	a flock, i.e. (figuratively) group (of believers)	flock
G4169	ποῖος	poîos	from the base of G4226 (ποῦ) and G3634 (οἷος);	individualizing interrogative (of character) what sort of, or (of number) which one	what (manner of), which
G4170	πολεμέω	poleméō	from G4171 (πόλεμος);	to be (engaged) in warfare, i.e. to battle (literally or figuratively)	fight, (make) war
G4171	πόλεμος	pólemos	from (to bustle);	warfare (literally or figuratively; a single encounter or a series)	battle, fight, war
G4172	πόλις	pólis	probably from the same as G4171 (πόλεμος), or perhaps from G4183 (πολύς);	a town (properly, with walls, of greater or less size)	city
G4173	πολιτάρχης	politárchēs	from G4172 (πόλις) and G757 (ἄρχω);	a town-officer, i.e. magistrate	ruler of the city
G4174	πολιτεία	politeía	from G4177 (πολίτης) ("polity");	citizenship; concretely, a community	commonwealth, freedom
G4175	πολίτευμα	políteuma	from G4176 (πολιτεύομαι);	a community, i.e. (abstractly) citizenship (figuratively)	conversation
G4176	πολιτεύομαι	politeúomai	middle voice of a derivative of G4177 (πολίτης);	to behave as a citizen (figuratively)	let conversation be, live
G4177	πολίτης	polítēs	from G4172 (πόλις);	a townsman	citizen
G4178	πολλάκις	pollákis	multiplicative adverb from G4183 (πολύς);	many times, i.e. frequently	oft(-en, -entimes, -times)
G4179	πολλαπλασίων	pollaplasíōn	from G4183 (πολύς) and probably a derivative of G4120 (πλέκω);	manifold, i.e. (neuter as noun) very much more	manifold more
G4180	πολυλογία	polylogía	from a compound of G4183 (πολύς) and G3056 (λόγος);	loquacity, i.e. prolixity	much speaking
G4181	πολυμερῶς	polymerōs	adverb from a compound of G4183 (πολύς) and G3313 (μέρος);	in many portions, i.e. variously as to time and agency (piecemeal)	at sundry times
G4182	πολυποίκιλος	polypoíkilos	from G4183 (πολύς) and G4164 (ποικίλος);	much variegated, i.e. multifarious	manifold
G4183	πολύς	polýs	including the forms from the alternate ;	(singular) much (in any respect) or (plural) many; neuter (singular) as adverbial, largely; neuter (plural) as adverb or noun often, mostly, largely	abundant, + altogether, common, + far (passed, spent), (+ be of a) great (age, deal, -ly, while), long, many, much, oft(-en (-times)), plenteous, sore, straitly
G4184	πολύσπλαγχνος	polýsplanchnos	from G4183 (πολύς) and G4698 (σπλάγχνον) (figuratively);	extremely compassionate	very pitiful
G4185	πολυτελής	polytelḗs	from G4183 (πολύς) and G5056 (τέλος);	extremely expensive	costly, very precious, of great price
G4186	πολύτιμος	polýtimos	from G4183 (πολύς) and G5092 (τιμή);	extremely valuable	very costly, of great price
G4187	πολυτρόπως	polytrópōs	adverb from a compound of G4183 (πολύς) and G5158 (τρόπος);	in many ways, i.e. variously as to method or form	in divers manners
G4188	πόμα	póma	from the alternate of G4095 (πίνω);	a beverage	drink
G4189	πονηρία	ponēría	from G4190 (πονηρός);	depravity, i.e. (specially), malice; plural (concretely) plots, sins	iniquity, wickedness
G4190	πονηρός	ponērós	from a derivative of G4192 (πόνος);	hurtful, i.e. evil (properly, in effect or influence, and thus differing from G2556 (κακός), which refers rather to essential character, as well as from G4550 (σαπρός), which indicates degeneracy from original virtue); figuratively, calamitous; also (passively) ill, i.e. diseased; but especially (morally) culpable, i.e. derelict, vicious, facinorous; neuter (singular) mischief, malice, or (plural) guilt; masculine (singular) the devil, or (plural) sinners	bad, evil, grievous, harm, lewd, malicious, wicked(-ness)
G4191	πονηρότερος	ponēróteros	comparative of G4190 (πονηρός);	more evil	more wicked
G4192	πόνος	pónos	from the base of G3993 (πένης);	toil, i.e. (by implication) anguish	pain
G4193	Ποντικός	Pontikós	from G4195 (Πόντος);	a Pontican, i.e. native of Pontus	born in Pontus
G4194	Πόντιος	Póntios	of Latin origin;	apparently bridged; Pontius, a Roman	Pontius
G4195	Πόντος	Póntos	of Latin origin;	a sea; Pontus, a region of Asia Minor	Pontus
G4196	Πόπλιος	Póplios	of Latin origin;	apparently "popular"; Poplius (i.e. Publius), a Roman	Publius
G4197	πορεία	poreía	from G4198 (πορεύομαι);	travel (by land); figuratively (plural) proceedings, i.e. career	journey(-ing), ways
G4198	πορεύομαι	poreúomai	middle voice from a derivative of the same as G3984 (πεῖρα);	to traverse, i.e. travel (literally or figuratively; especially to remove (figuratively, die), live, etc.);	--depart, go (away, forth, one's way, up), (make a, take a) journey, walk
G4199	πορθέω	porthéō	prolongation from (to sack);	to ravage (figuratively)	destroy, waste
G4200	πορισμός	porismós	from a derivative of (a way, i.e. means);	furnishing (procuring), i.e. (by implication) money-getting (acquisition)	gain
G4201	Πόρκιος	Pórkios	of Latin origin;	apparently swinish; Porcius, a Roman	Porcius
G4202	πορνεία	porneía	from G4203 (πορνεύω);	harlotry (including adultery and incest); figuratively, idolatry	fornication
G4203	πορνεύω	porneúō	from G4204 (πόρνη);	to act the harlot, i.e. (literally) indulge unlawful lust (of either sex), or (figuratively) practise idolatry	commit (fornication)
G4204	πόρνη	pórnē	feminine of G4205 (πόρνος);	a strumpet; figuratively, an idolater	harlot, whore
G4205	πόρνος	pórnos	from (to sell;	akin to the base of G4097 (πιπράσκω)); a (male) prostitute (as venal), i.e. (by analogy) a debauchee (libertine)	fornicator, whoremonger
G4206	πόῤῥω	pórrhō	adverb from G4253 (πρό);	forwards, i.e. at a distance	far, a great way off
G4207	πόῤῥωθεν	pórrhōthen	from G4206 (πόῤῥω) with adverbial enclitic of source;	from far, or (by implication) at a distance, i.e. distantly	afar off
G4208	ποῤῥωτέρω	porrhōtérō	adverb comparative of G4206 (πόῤῥω);	further, i.e. a greater distance	farther
G4209	πορφύρα	porphýra	of Latin origin;	the "purple" mussel, i.e. (by implication) the red-blue color itself, and finally a garment dyed with it	purple
G4210	πορφυροῦς	porphyroûs	from G4209 (πορφύρα);	purpureal, i.e. bluish red	purple
G4211	πορφυρόπωλις	porphyrópōlis	feminine of a compound of G4209 (πορφύρα) and G4453 (πωλέω);	a female trader in purple cloth	seller of purple
G4212	ποσάκις	posákis	multiplicative from G4214 (πόσος);	how many times	how oft(-en)
G4213	πόσις	pósis	from the alternate of G4095 (πίνω);	a drinking (the act), i.e. (concretely) a draught	drink
G4214	πόσος	pósos	from an absolute (who, what) and G3739 (ὅς);	interrogative pronoun (of amount) how much (large, long or (plural) many)	how great (long, many), what
G4215	ποταμός	potamós	probably from a derivative of the alternate of G4095 (πίνω) (compare G4224 (πότος));	a current, brook or freshet (as drinkable), i.e. running water	flood, river, stream, water
G4216	ποταμοφόρητος	potamophórētos	from G4215 (ποταμός) and a derivative of G5409 (φορέω);	river-borne, i.e. overwhelmed by a stream	carried away of the flood
G4217	ποταπός	potapós	apparently from G4219 (πότε) and the base of G4226 (ποῦ);	interrogatively, whatever, i.e. of what possible sort	what (manner of)
G4218	ποτέ	poté	from the base of G4225 (πού) and G5037 (τέ);	indefinite adverb, at some time, ever	afore-(any, some-)time(-s), at length (the last), (+ n- )ever, in the old time, in time past, once, when
G4219	πότε	póte	from the base of G4226 (ποῦ) and G5037 (τέ);	interrogative adverb, at what time	+ how long, when
G4220	πότερον	póteron	neuter of a comparative of the base of G4226 (ποῦ);	interrogative as adverb, which (of two), i.e. is it this or that	whether
G4221	ποτήριον	potḗrion	neuter of a derivative of the alternate of G4095 (πίνω);	a drinking-vessel; by extension, the contents thereof, i.e. a cupful (draught); figuratively, a lot or fate	cup
G4222	ποτίζω	potízō	from a derivative of the alternate of G4095 (πίνω);	to furnish drink, irrigate	give (make) to drink, feed, water
G4223	Ποτίολοι	Potíoloi	of Latin origin;	little wells, i.e. mineral springs; Potioli (i.e. Puteoli), a place in Italy	Puteoli
G4224	πότος	pótos	from the alternate of G4095 (πίνω);	a drinking-bout or carousal	banqueting
G4225	πού	poú	genitive case of an indefinite pronoun (some) otherwise obsolete (compare G4214 (πόσος));	as adverb of place, somewhere, i.e. nearly	about, a certain place
G4226	ποῦ	poû	genitive case of an interrogative pronoun (what) otherwise obsolete (perhaps the same as G4225 (πού) used with the rising slide of inquiry);	as adverb of place; at (by implication, to) what locality	where, whither
G4227	Πούδης	Poúdēs	of Latin origin;	modest; Pudes (i.e. Pudens), a Christian	Pudens
G4228	πούς	poús	a primary word;	a "foot" (figuratively or literally)	foot(-stool)
G4229	πρᾶγμα	prâgma	from G4238 (πράσσω);	a deed; by implication, an affair; by extension, an object (material)	business, matter, thing, work
G4230	πραγματεία	pragmateía	from G4231 (πραγματεύομαι);	a transaction, i.e. negotiation	affair
G4231	πραγματεύομαι	pragmateúomai	from G4229 (πρᾶγμα);	to busy oneself with, i.e. to trade	occupy
G4232	πραιτώριον	praitṓrion	of Latin origin;	the prætorium or governor's courtroom (sometimes including the whole edifice and camp)	(common, judgment) hall (of judgment), palace, prætorium
G4233	πράκτωρ	práktōr	from a derivative of G4238 (πράσσω);	a practiser, i.e. (specially), an official collector	officer
G4234	πρᾶξις	prâxis	from G4238 (πράσσω);	practice, i.e. (concretely) an act; by extension, a function	deed, office, work
G4235	πρᾷος	prâios	a form of G4239 (πραΰς), used in certain parts;	gentle, i.e. humble	meek
G4236	πρᾳότης	praiótēs	from G4235 (πρᾷος);	gentleness, by implication, humility	meekness
G4237	πρασιά	prasiá	perhaps from (a leek, and so an onion-patch);	a garden plot, i.e. (by implication, of regular beds) a row (repeated in plural by Hebraism, to indicate an arrangement)	in ranks
G4238	πράσσω	prássō	a primary verb;	to "practise", i.e. perform repeatedly or habitually (thus differing from G4160 (ποιέω), which properly refers to a single act); by implication, to execute, accomplish, etc.; specially, to collect (dues), fare (personally)	commit, deeds, do, exact, keep, require, use arts
G4239	πραΰς	praÿs	apparently a primary word;	mild, i.e. (by implication) humble	meek
G4240	πραΰτης	praÿtēs	from G4239 (πραΰς);	mildness, i.e. (by implication) humility	meekness
G4241	πρέπω	prépō	apparently a primary verb;	to tower up (be conspicuous), i.e. (by implication) to be suitable or proper (third person singular present indicative, often used impersonally, it is fit or right)	become, comely
G4242	πρεσβεία	presbeía	from G4243 (πρεσβεύω);	seniority (eldership), i.e. (by implication) an embassy (concretely, ambassadors)	ambassage, message
G4243	πρεσβεύω	presbeúō	from the base of G4245 (πρεσβύτερος);	to be a senior, i.e. (by implication) act as a representative (figuratively, preacher)	be an ambassador
G4244	πρεσβυτέριον	presbytérion	neuter of a presumed derivative of G4245 (πρεσβύτερος);	the order of elders, i.e. (specially), Israelite Sanhedrin or Christian "presbytery"	(estate of) elder(-s), presbytery
G4245	πρεσβύτερος	presbýteros	comparative of (elderly);	older; as noun, a senior; specially, an Israelite Sanhedrist (also figuratively, member of the celestial council) or Christian "presbyter"	elder(-est), old
G4246	πρεσβύτης	presbýtēs	from the same as G4245 (πρεσβύτερος);	an old man	aged (man), old man
G4247	πρεσβῦτις	presbŷtis	feminine of G4246 (πρεσβύτης);	an old woman	aged woman
G4248	πρηνής	prēnḗs	from G4253 (πρό);	leaning (falling) forward ("prone"), i.e. head foremost	headlong
G4249	πρίζω	prízō	a strengthened form of a primary prio (to saw);	to saw in two	saw asunder
G4250	πρίν	prín	adverb from G4253 (πρό);	prior, sooner	before (that), ere
G4251	Πρίσκα	Príska	of Latin origin;	feminine of Priscus, ancient; Priska, a Christian woman	Prisca
G4252	Πρίσκιλλα	Prískilla	diminutive of G4251 (Πρίσκα);	Priscilla (i.e. little Prisca), a Christian woman	Priscilla
G4253	πρό	pró	a primary preposition;	"fore", i.e. in front of, prior (figuratively, superior) to	above, ago, before, or ever
G4254	προάγω	proágō	from G4253 (πρό) and G71 (ἄγω);	to lead forward (magisterially); intransitively, to precede (in place or time (participle, previous))	bring (forth, out), go before
G4255	προαιρέομαι	proairéomai	from G4253 (πρό) and G138 (αἱρέομαι);	to choose for oneself before another thing (prefer), i.e. (by implication) to propose (intend)	purpose
G4256	προαιτιάομαι	proaitiáomai	from G4253 (πρό) and a derivative of G156 (αἰτία);	to accuse already, i.e. previously charge	prove before
G4257	προακούω	proakoúō	from G4253 (πρό) and G191 (ἀκούω);	to hear already,i.e. anticipate	hear before
G4258	προαμαρτάνω	proamartánō	from G4253 (πρό) and G264 (ἁμαρτάνω);	to sin previously (to conversion)	sin already, heretofore sin
G4259	προαύλιον	proaúlion	neuter of a presumed compound of G4253 (πρό) and G833 (αὐλή);	a forecourt, i.e. vestibule (alley-way)	porch
G4260	προβαίνω	probaínō	from G4253 (πρό) and the base of G939 (βάσις);	to walk forward, i.e. advance (literally, or in years)	+ be of a great age, go farther (on), be well stricken
G4261	προβάλλω	probállō	from G4253 (πρό) and G906 (βάλλω);	to throw forward, i.e. push to the front, germinate	put forward, shoot forth
G4262	προβατικός	probatikós	from G4263 (πρόβατον);	relating to sheep, i.e. (a gate) through which they were led into Jerusalem	sheep (market)
G4263	πρόβατον	próbaton	probably neuter of a presumed derivative of G4260 (προβαίνω);	something that walks forward (a quadruped), i.e. (specially), a sheep (literally or figuratively)	sheep(-fold)
G4264	προβιβάζω	probibázō	from G4253 (πρό) and a reduplicated form of G971 (βιάζω);	to force forward, i.e. bring to the front, instigate	draw, before instruct
G4265	προβλέπω	problépō	from G4253 (πρό) and G991 (βλέπω);	to look out beforehand, i.e. furnish in advance	provide
G4266	προγίνομαι	progínomai	from G4253 (πρό) and G1096 (γίνομαι);	to be already, i.e. have previousy transpired	be past
G4267	προγινώσκω	proginṓskō	from G4253 (πρό) and G1097 (γινώσκω);	to know beforehand, i.e. foresee	foreknow (ordain), know (before)
G4268	πρόγνωσις	prógnōsis	from G4267 (προγινώσκω);	forethought	foreknowledge
G4269	πρόγονος	prógonos	from G4266 (προγίνομαι);	an ancestor, (grand-)parent	forefather, parent
G4270	προγράφω	prográphō	from G4253 (πρό) and G1125 (γράφω);	to write previously; figuratively, to announce, prescribe	before ordain, evidently set forth, write (afore, aforetime)
G4271	πρόδηλος	pródēlos	from G4253 (πρό) and G1212 (δῆλος);	plain before all men, i.e. obvious	evident, manifest (open) beforehand
G4272	προδίδωμι	prodídōmi	from G4253 (πρό) and G1325 (δίδωμι);	to give before the other party has given	first give
G4273	προδότης	prodótēs	from G4272 (προδίδωμι) (in the sense of giving forward into another's (the enemy's) hands);	a surrender	betrayer, traitor
G4274	πρόδρομος	pródromos	from the alternate of G4390 (προτρέχω);	a runner ahead, i.e. scout (figuratively, precursor)	forerunner
G4275	προείδω	proeídō	from G4253 (πρό) and G1492 (εἴδω);	foresee	foresee, saw before
G4276	προελπίζω	proelpízō	from G4253 (πρό) and G1679 (ἐλπίζω);	to hope in advance of other confirmation	first trust
G4277	προέπω	proépō	from G4253 (πρό) and G2036 (ἔπω);	to say already, to predict	forewarn, say (speak, tell) before
G4278	προενάρχομαι	proenárchomai	from G4253 (πρό) and G1728 (ἐνάρχομαι);	to commence already	begin (before)
G4279	προεπαγγέλλομαι	proepangéllomai	middle voice from G4253 (πρό) and G1861 (ἐπαγγέλλω);	to promise of old	promise before
G4280	προερέω	proeréō	from G4253 (πρό) and G2046 (ἐρέω);	used as alternate of G4277 (προέπω); to say already, predict	foretell, say (speak, tell) before
G4281	προέρχομαι	proérchomai	from G4253 (πρό) and G2064 (ἔρχομαι) (including its alternate);	to go onward, precede (in place or time)	go before (farther, forward), outgo, pass on
G4282	προετοιμάζω	proetoimázō	from G4253 (πρό) and G2090 (ἑτοιμάζω);	to fit up in advance (literally or figuratively)	ordain before, prepare afore
G4283	προευαγγελίζομαι	proeuangelízomai	middle voice from G4253 (πρό) and G2097 (εὐαγγελίζω);	to announce glad news in advance	preach before the gospel
G4284	προέχομαι	proéchomai	middle voice from G4253 (πρό) and G2192 (ἔχω);	to hold oneself before others, i.e. (figuratively) to excel	be better
G4285	προηγέομαι	proēgéomai	from G4253 (πρό) and G2233 (ἡγέομαι);	to lead the way for others, i.e. show deference	prefer
G4286	πρόθεσις	próthesis	from G4388 (προτίθεμαι);	a setting forth, i.e. (figuratively) proposal (intention); specially, the show-bread (in the Temple) as exposed before God	purpose, shew(-bread)
G4287	προθέσμιος	prothésmios	from G4253 (πρό) and a derivative of G5087 (τίθημι);	fixed beforehand, i.e. (feminine with G2250 (ἡμέρα) implied) a designated day	time appointed
G4288	προθυμία	prothymía	from G4289 (πρόθυμος);	predisposition, i.e. alacrity	forwardness of mind, readiness (of mind), ready (willing) mind
G4289	πρόθυμος	próthymos	from G4253 (πρό) and G2372 (θυμός);	forward in spirit, i.e. predisposed; neuter (as noun) alacrity	ready, willing
G4290	προθύμως	prothýmōs	adverb from G4289 (πρόθυμος);	with alacrity	willingly
G4291	προΐστημι	proḯstēmi	from G4253 (πρό) and G2476 (ἵστημι);	to stand before, i.e. (in rank) to preside, or (by implication) to practise	maintain, be over, rule
G4292	προκαλέομαι	prokaléomai	middle voice from G4253 (πρό) and G2564 (καλέω);	to call forth to oneself (challenge), i.e. (by implication) to irritate	provoke
G4293	προκαταγγέλλω	prokatangéllō	from G4253 (πρό) and G2605 (καταγγέλλω);	to anounce beforehand, i.e. predict, promise	foretell, have notice, (shew) before
G4294	προκαταρτίζω	prokatartízō	from G4253 (πρό) and G2675 (καταρτίζω);	to prepare in advance	make up beforehand
G4295	πρόκειμαι	prókeimai	from G4253 (πρό) and G2749 (κεῖμαι);	to lie before the view, i.e. (figuratively) to be present (to the mind), to stand forth (as an example or reward)	be first, set before (forth)
G4296	προκηρύσσω	prokērýssō	from G4253 (πρό) and G2784 (κηρύσσω);	to herald (i.e. proclaim) in advance	before (first) preach
G4297	προκοπή	prokopḗ	from G4298 (προκόπτω);	progress, i.e. advancement (subjectively or objectively)	furtherance, profit
G4298	προκόπτω	prokóptō	from G4253 (πρό) and G2875 (κόπτω);	to drive forward (as if by beating), i.e. (figuratively and intransitively) to advance (in amount, to grow; in time, to be well along)	increase, proceed, profit, be far spent, wax
G4299	πρόκριμα	prókrima	from a compound of G4253 (πρό) and G2919 (κρίνω);	a prejudgment (prejudice), i.e. prepossession	prefer one before another
G4300	προκυρόω	prokyróō	from G4253 (πρό) and G2964 (κυρόω);	to ratify previously	confirm before
G4301	προλαμβάνω	prolambánō	from G4253 (πρό) and G2983 (λαμβάνω);	to take in advance, i.e. (literally) eat before others have an opportunity; (figuratively) to anticipate, surprise	come aforehand, overtake, take before
G4302	προλέγω	prolégō	from G4253 (πρό) and G3004 (λέγω);	to say beforehand, i.e. predict, forewarn	foretell, tell before
G4303	προμαρτύρομαι	promartýromai	from G4253 (πρό) and G3143 (μαρτύρομαι);	to be a witness in advance i.e. predict	testify beforehand
G4304	προμελετάω	promeletáō	from G4253 (πρό) and G3191 (μελετάω);	to premeditate	meditate before
G4305	προμεριμνάω	promerimnáō	from G4253 (πρό) and G3309 (μεριμνάω);	to care (anxiously) in advance	take thought beforehand
G4306	προνοέω	pronoéō	from G4253 (πρό) and G3539 (νοιέω);	to consider in advance, i.e. look out for beforehand (actively, by way of maintenance for others; middle voice by way of circumspection for oneself)	provide (for)
G4307	πρόνοια	prónoia	from G4306 (προνοέω);	forethought, i.e. provident care or supply	providence, provision
G4308	προοράω	prooráō	from G4253 (πρό) and G3708 (ὁράω);	to behold in advance, i.e. (actively) to notice (another) previously, or (middle voice) to keep in (one's own) view	foresee, see before
G4309	προορίζω	proorízō	from G4253 (πρό) and G3724 (ὁρίζω);	to limit in advance, i.e. (figuratively) predetermine	determine before, ordain, predestinate
G4310	προπάσχω	propáschō	from G4253 (πρό) and G3958 (πάσχω);	to undergo hardship previously	suffer before
G4311	προπέμπω	propémpō	from G4253 (πρό) and G3992 (πέμπω);	to send forward, i.e. escort or aid in travel	accompany, bring (forward) on journey (way), conduct forth
G4312	προπετής	propetḗs	from a compound of G4253 (πρό) and G4098 (πίπτω);	falling forward, i.e. headlong (figuratively, precipitate)	heady, rash(-ly)
G4313	προπορεύομαι	proporeúomai	from G4253 (πρό) and G4198 (πορεύομαι);	to precede (as guide or herald)	go before
G4314	πρός	prós	a strengthened form of G4253 (πρό);	a preposition of direction; forward to, i.e. toward (with the genitive case, the side of, i.e. pertaining to; with the dative case, by the side of, i.e. near to; usually with the accusative case, the place, time, occasion, or respect, which is the destination of the relation, i.e. whither or for which it is predicated)	about, according to , against, among, at, because of, before, between, (where-)by, for, X at thy house, in, for intent, nigh unto, of, which pertain to, that, to (the end that), X together, to (you) -ward, unto, with(-in)
G4315	προσάββατον	prosábbaton	from G4253 (πρό) and G4521 (σάββατον);	a fore-sabbath, i.e. the Sabbath-eve	day before the sabbath
G4316	προσαγορεύω	prosagoreúō	from G4314 (πρός) and a derivative of G58 (ἀγορά) (mean to harangue);	to address, i.e. salute by name	call
G4317	προσάγω	proságō	from G4314 (πρός) and G71 (ἄγω);	to lead towards, i.e. (transitively) to conduct near (summon, present), or (intransitively) to approach	bring, draw near
G4318	προσαγωγή	prosagōgḗ	from G4317 (προσάγω) (compare G72 (ἀγωγή));	admission	access
G4319	προσαιτέω	prosaitéō	from G4314 (πρός) and G154 (αἰτέω);	to ask repeatedly (importune), i.e. solicit	beg
G4320	προσαναβαίνω	prosanabaínō	from G4314 (πρός) and G305 (ἀναβαίνω);	to ascend farther, i.e. be promoted (take an upper (more honorable) seat)	go up
G4321	προσαναλίσκω	prosanalískō	from G4314 (πρός) and G355 (ἀναλίσκω);	to expend further	spend
G4322	προσαναπληρόω	prosanaplēróō	from G4314 (πρός) and G378 (ἀναπληρόω);	to fill up further, i.e. furnish fully	supply
G4323	προσανατίθημι	prosanatíthēmi	from G4314 (πρός) and G394 (ἀνατίθεμαι);	to lay up in addition, i.e. (middle voice and figuratively) to impart or (by implication) to consult	in conference add, confer
G4324	προσαπειλέω	prosapeiléō	from G4314 (πρός) and G546 (ἀπειλέω);	to menace additionally	i
G4325	προσδαπανάω	prosdapanáō	from G4314 (πρός) and G1159 (δαπανάω);	to expend additionally	spend more
G4326	προσδέομαι	prosdéomai	from G4314 (πρός) and G1189 (δέομαι);	to require additionally, i.e. want further	need
G4327	προσδέχομαι	prosdéchomai	from G4314 (πρός) and G1209 (δέχομαι);	to admit (to intercourse, hospitality, credence, or (figuratively) endurance); by implication, to await (with confidence or patience)	accept, allow, look (wait) for, take
G4328	προσδοκάω	prosdokáō	from G4314 (πρός) and dokeuo (to watch);	to anticipate (in thought, hope or fear); by implication, to await	(be in) expect(-ation), look (for), when looked, tarry, wait for
G4329	προσδοκία	prosdokía	from G4328 (προσδοκάω);	apprehension (of evil); by implication, infliction anticipated	expectation, looking after
G4330	προσεάω	proseáō	from G4314 (πρός) and G1439 (ἐάω);	to permit further progress	suffer
G4331	προσεγγίζω	prosengízō	from G4314 (πρός) and G1448 (ἐγγίζω);	to approach near	come nigh
G4332	προσεδρεύω	prosedreúō	from a compound of G4314 (πρός) and the base of G1476 (ἑδραῖος);	to sit near, i.e. attend as a servant	wait at
G4333	προσεργάζομαι	prosergázomai	from G4314 (πρός) and G2038 (ἐργάζομαι);	to work additionally, i.e. (by implication) acquire besides	gain
G4334	προσέρχομαι	prosérchomai	from G4314 (πρός) and G2064 (ἔρχομαι) (including its alternate);	to approach, i.e. (literally) come near, visit, or (figuratively) worship, assent to	(as soon as he) come (unto), come thereunto, consent, draw near, go (near, to, unto)
G4335	προσευχή	proseuchḗ	from G4336 (προσεύχομαι);	prayer (worship); by implication, an oratory (chapel)	X pray earnestly, prayer
G4336	προσεύχομαι	proseúchomai	from G4314 (πρός) and G2172 (εὔχομαι);	to pray to God, i.e. supplicate, worship	pray (X earnestly, for), make prayer
G4337	προσέχω	proséchō	from G4314 (πρός) and G2192 (ἔχω);	(figuratively) to hold the mind (3563 implied) towards, i.e. pay attention to, be cautious about, apply oneself to, adhere to	(give) attend(-ance, -ance at, -ance to, unto), beware, be given to, give (take) heed (to unto); have regard
G4338	προσηλόω	prosēlóō	from G4314 (πρός) and a derivative of G2247 (ἧλος);	to peg to, i.e. spike fast	nail to
G4339	προσήλυτος	prosḗlytos	from the alternate of G4334 (προσέρχομαι);	an arriver from a foreign region, i.e. (specially), an acceder (convert) to Judaism ("proselyte")	proselyte
G4340	πρόσκαιρος	próskairos	from G4314 (πρός) and G2540 (καιρός);	for the occasion only, i.e. temporary	dur-(eth) for awhile, endure for a time, for a season, temporal
G4341	προσκαλέομαι	proskaléomai	middle voice from G4314 (πρός) and G2564 (καλέω);	to call toward oneself, i.e. summon, invite	call (for, to, unto)
G4342	προσκαρτερέω	proskarteréō	from G4314 (πρός) and G2594 (καρτερέω);	to be earnest towards, i.e. (to a thing) to persevere, be constantly diligent, or (in a place) to attend assiduously all the exercises, or (to a person) to adhere closely to (as a servitor)	attend (give self) continually (upon), continue (in, instant in, with), wait on (continually)
G4343	προσκαρτέρησις	proskartérēsis	from G4342 (προσκαρτερέω);	persistancy	perseverance
G4344	προσκεφάλαιον	proskephálaion	neuter of a presumed compound of G4314 (πρός) and G2776 (κεφαλή);	something for the head, i.e. a cushion	pillow
G4345	προσκληρόω	prosklēróō	from G4314 (πρός) and G2820 (κληρόω);	to give a common lot to, i.e. (figuratively) to associate with	consort with
G4346	πρόσκλισις	prósklisis	from a compound of G4314 (πρός) and G2827 (κλίνω);	a leaning towards, i.e. (figuratively) proclivity (favoritism)	partiality
G4347	προσκολλάω	proskolláō	from G4314 (πρός) and G2853 (κολλάω);	to glue to, i.e. (figuratively) to adhere	cleave, join (self)
G4348	πρόσκομμα	próskomma	from G4350 (προσκόπτω);	a stub, i.e. (figuratively) occasion of apostasy	offence, stumbling(-block, (-stone))
G4349	προσκοπή	proskopḗ	from G4350 (προσκόπτω);	a stumbling, i.e. (figuratively and concretely) occasion of sin	offence
G4350	προσκόπτω	proskóptō	from G4314 (πρός) and G2875 (κόπτω);	to strike at, i.e. surge against (as water); specially, to stub on, i.e. trip up (literally or figuratively)	beat upon, dash, stumble (at)
G4351	προσκυλίω	proskylíō	from G4314 (πρός) and G2947 (κυλιόω);	to roll towards, i.e. block against	roll (to)
G4352	προσκυνέω	proskynéō	from G4314 (πρός) and a probable derivative of G2965 (κύων) (meaning to kiss, like a dog licking his master's hand);	to fawn or crouch to, i.e. (literally or figuratively) prostrate oneself in homage (do reverence to, adore)	worship
G4353	προσκυνητής	proskynētḗs	from G4352 (προσκυνέω);	an adorer	worshipper
G4354	προσλαλέω	proslaléō	from G4314 (πρός) and G2980 (λαλέω);	to talk to, i.e. converse with	speak to (with)
G4355	προσλαμβάνω	proslambánō	from G4314 (πρός) and G2983 (λαμβάνω);	to take to oneself, i.e. use (food), lead (aside), admit (to friendship or hospitality)	receive, take (unto)
G4356	πρόσληψις	próslēpsis	from G4355 (προσλαμβάνω);	admission	receiving
G4357	προσμένω	prosménō	from G4314 (πρός) and G3306 (μένω);	to stay further, i.e. remain in a place, with a person; figuratively, to adhere to, persevere in	abide still, be with, cleave unto, continue in (with)
G4358	προσορμίζω	prosormízō	from G4314 (πρός) and a derivative of the same as G3730 (ὁρμή) (meaning to tie (anchor) or lull);	to moor to, i.e. (by implication) land at	draw to the shore
G4359	προσοφείλω	prosopheílō	from G4314 (πρός) and G3784 (ὀφείλω);	to be indebted additionally	over besides
G4360	προσοχθίζω	prosochthízō	from G4314 (πρός) and a form of (to be vexed with something irksome);	to feel indignant at	be grieved at
G4361	πρόσπεινος	próspeinos	from G4314 (πρός) and the same as G3983 (πεινάω);	hungering further, i.e. intensely hungry	very hungry
G4362	προσπήγνυμι	prospḗgnymi	from G4314 (πρός) and G4078 (πήγνυμι);	to fasten to, i.e. (specially), to impale (on a cross)	crucify
G4363	προσπίπτω	prospíptō	from G4314 (πρός) and G4098 (πίπτω);	to fall towards, i.e. (gently) prostrate oneself (in supplication or homage), or (violently) to rush upon (in storm)	beat upon, fall (down) at (before)
G4364	προσποιέομαι	prospoiéomai	middle voice from G4314 (πρός) and G4160 (ποιέω);	to do forward for oneself, i.e. pretend (as if about to do a thing)	make as though
G4365	προσπορεύομαι	prosporeúomai	from G4314 (πρός) and G4198 (πορεύομαι);	to journey towards, i.e. approach (not the same as G4313 (προπορεύομαι))	go before
G4366	προσρήγνυμι	prosrḗgnymi	from G4314 (πρός) and G4486 (ῥήγνυμι);	to tear towards, i.e. burst upon (as a tempest or flood)	beat vehemently against (upon)
G4367	προστάσσω	prostássō	from G4314 (πρός) and G5021 (τάσσω);	to arrange towards, i.e. (figuratively) enjoin	bid, command
G4368	προστάτις	prostátis	feminine of a derivative of G4291 (προΐστημι);	a patroness, i.e. assistant	succourer
G4369	προστίθημι	prostíthēmi	from G4314 (πρός) and G5087 (τίθημι);	to place additionally, i.e. lay beside, annex, repeat	add, again, give more, increase, lay unto, proceed further, speak to any more
G4370	προστρέχω	prostréchō	from G4314 (πρός) and G5143 (τρέχω) (including its alternate);	to run towards, i.e. hasten to meet or join	run (thither to, to)
G4371	προσφάγιον	prosphágion	neuter of a presumed derivative of a compound of G4314 (πρός) and G5315 (φάγω);	something eaten in addition to bread, i.e. a relish (specially, fish; compare G3795 (ὀψάριον))	meat
G4372	πρόσφατος	prósphatos	from G4253 (πρό) and a derivative of G4969 (σφάζω);	previously (recently) slain (fresh), i.e. (figuratively) lately made	new
G4373	προσφάτως	prosphátōs	adverb from G4372 (πρόσφατος);	recently	lately
G4374	προσφέρω	prosphérō	from G4314 (πρός) and G5342 (φέρω) (including its alternate);	to bear towards, i.e. lead to, tender (especially to God), treat	bring (to, unto), deal with, do, offer (unto, up), present unto, put to
G4375	προσφιλής	prosphilḗs	from a presumed compound of G4314 (πρός) and G5368 (φιλέω);	friendly towards, i.e. acceptable	lovely
G4376	προσφορά	prosphorá	from G4374 (προσφέρω);	presentation; concretely, an oblation (bloodless) or sacrifice	offering (up)
G4377	προσφωνέω	prosphōnéō	from G4314 (πρός) and G5455 (φωνέω);	to sound towards, i.e. address, exclaim, summon	call unto, speak (un-)to
G4378	πρόσχυσις	próschysis	from a comparative of G4314 (πρός) and (to pour);	a shedding forth, i.e. affusion	sprinkling
G4379	προσψαύω	prospsaúō	from G4314 (πρός) and (to touch);	to impinge, i.e. lay a finger on (in order to relieve)	touch
G4380	προσωποληπτέω	prosōpolēptéō	from G4381 (προσωπολήπτης);	to favor an individual, i.e. show partiality	have respect to persons
G4381	προσωπολήπτης	prosōpolḗptēs	from G4383 (πρόσωπον) and G2983 (λαμβάνω);	an accepter of a face (individual), i.e. (specially), one exhibiting partiality	respecter of persons
G4382	προσωποληψία	prosōpolēpsía	from G4381 (προσωπολήπτης);	partiality, i.e. favoritism	respect of persons
G4383	πρόσωπον	prósōpon	from G4314 (πρός) and (the visage, from G3700 (ὀπτάνομαι));	the front (as being towards view), i.e. the countenance, aspect, appearance, surface; by implication, presence, person	(outward) appearance, X before, countenance, face, fashion, (men's) person, presence
G4384	προτάσσω	protássō	from G4253 (πρό) and G5021 (τάσσω);	to pre-arrange, i.e. prescribe	before appoint
G4385	προτείνω	proteínō	from G4253 (πρό) and (to stretch);	to protend, i.e. tie prostrate (for scourging)	bind
G4386	πρότερον	próteron	neuter of G4387 (πρότερος) as adverb (with or without the article);	previously	before, (at the) first, former
G4387	πρότερος	próteros	comparative of G4253 (πρό);	prior or previous	former
G4388	προτίθεμαι	protíthemai	middle voice from G4253 (πρό) and G5087 (τίθημι);	to place before, i.e. (for oneself) to exhibit; (to oneself) to propose (determine)	purpose, set forth
G4389	προτρέπομαι	protrépomai	middle voice from G4253 (πρό) and the base of G5157 (τροπή);	to turn forward for oneself, i.e. encourage	exhort
G4390	προτρέχω	protréchō	from G4253 (πρό) and G5143 (τρέχω) (including its alternate);	to run forward, i.e. outstrip, precede	outrun, run before
G4391	προϋπάρχω	proÿpárchō	from G4253 (πρό) and G5225 (ὑπάρχω);	to exist before, i.e. (adverbially) to be or do something previously	+ be before(-time)
G4392	πρόφασις	próphasis	from a compound of G4253 (πρό) and G5316 (φαίνω);	an outward showing, i.e. pretext	cloke, colour, pretence, show
G4393	προφέρω	prophérō	from G4253 (πρό) and G5342 (φέρω);	to bear forward, i.e. produce	bring forth
G4394	προφητεία	prophēteía	from G4396 (προφήτης) ("prophecy");	prediction (scriptural or other)	prophecy, prophesying
G4395	προφητεύω	prophēteúō	from G4396 (προφήτης);	to foretell events, divine, speak under inspiration, exercise the prophetic office	prophesy
G4396	προφήτης	prophḗtēs	from a compound of G4253 (πρό) and G5346 (φημί);	a foreteller ("prophet"); by analogy, an inspired speaker; by extension, a poet	prophet
G4397	προφητικός	prophētikós	from G4396 (προφήτης);	pertaining to a foreteller ("prophetic")	of prophecy, of the prophets
G4398	προφῆτις	prophētis	feminine of G4396 (προφήτης);	a female foreteller or an inspired woman	prophetess
G4399	προφθάνω	prophthánō	from G4253 (πρό) and G5348 (φθάνω);	to get an earlier start of, i.e. anticipate	prevent
G4400	προχειρίζομαι	procheirízomai	middle voice from G4253 (πρό) and a derivative of G5495 (χείρ);	to handle for oneself in advance, i.e. (figuratively) to purpose	choose, make
G4401	προχειροτονέω	procheirotonéō	from G4253 (πρό) and G5500 (χειροτονέω);	to elect in advance	choose before
G4402	Πρόχορος	Próchoros	from G4253 (πρό) and G5525 (χορός);	before the dance; Prochorus, a Christian	Prochorus
G4403	πρύμνα	prýmna	feminine of (hindmost);	the stern of a ship	hinder part, stern
G4404	πρωΐ	prōḯ	adverb from G4253 (πρό);	at dawn; by implication, the day-break watch	early (in the morning), (in the) morning
G4405	πρωΐα	prōḯa	feminine of a derivative of G4404 (πρωΐ) as noun;	day-dawn	early, morning
G4406	πρώϊμος	prṓïmos	from G4404 (πρωΐ);	dawning, i.e. (by analogy) autumnal (showering, the first of the rainy season)	early
G4407	πρωϊνός	prōïnós	from G4404 (πρωΐ);	pertaining to the dawn, i.e. matutinal	morning
G4408	πρῶρα	prōra	feminine of a presumed derivative of G4253 (πρό) as noun;	the prow, i.e. forward part of a vessel	forepart(-ship)
G4409	πρωτεύω	prōteúō	from G4413 (πρῶτος);	to be first (in rank or influence)	have the preeminence
G4410	πρωτοκαθεδρία	prōtokathedría	from G4413 (πρῶτος) and G2515 (καθέδρα);	a sitting first (in the front row), i.e. preeminence in council	chief (highest, uppermost) seat
G4411	πρωτοκλισία	prōtoklisía	from G4413 (πρῶτος) and G2828 (κλισία);	a reclining first (in the place of honor) at the dinner-bed, i.e. preeminence at meals	chief (highest, uppermost) room
G4412	πρῶτον	prōton	neuter of G4413 (πρῶτος) as adverb (with or without G3588 (ὁ));	firstly (in time, place, order, or importance)	before, at the beginning, chiefly (at, at the) first (of all)
G4413	πρῶτος	prōtos	contracted superlative of G4253 (πρό);	foremost (in time, place, order or importance)	before, beginning, best, chief(-est), first (of all), former
G4414	πρωτοστάτης	prōtostátēs	from G4413 (πρῶτος) and G2476 (ἵστημι);	one standing first in the ranks, i.e. a captain (champion)	ringleader
G4415	πρωτοτόκια	prōtotókia	from G4416 (πρωτότοκος);	primogeniture (as a privilege)	birthright
G4416	πρωτότοκος	prōtótokos	from G4413 (πρῶτος) and the alternate of G5088 (τίκτω);	first-born (usually as noun, literally or figuratively)	firstbegotten(-born)
G4417	πταίω	ptaíō	a form of G4098 (πίπτω);	to trip, i.e. (figuratively) to err, sin, fail (of salvation)	fall, offend, stumble
G4418	πτέρνα	ptérna	of uncertain derivation;	the heel (figuratively)	heel
G4419	πτερύγιον	pterýgion	neuter of a presumed derivative of G4420 (πτέρυξ);	a winglet, i.e. (figuratively) extremity (top corner)	pinnacle
G4420	πτέρυξ	ptéryx	from a derivative of G4072 (πέτομαι) (meaning a feather);	a wing	wing
G4421	πτηνόν	ptēnón	contraction for G4071 (πετεινόν);	a bird	bird
G4422	πτοέω	ptoéō	probably akin to the alternate of G4098 (πίπτω) (through the idea of causing to fall) or to G4072 (πέτομαι) (through that of causing to fly away);	to scare	frighten
G4423	πτόησις	ptóēsis	from G4422 (πτοέω);	alarm	amazement
G4424	Πτολεμαΐς	Ptolemaḯs	from (Ptolemy, after whom it was named);	Ptolemais, a place in Palestine	Ptolemais
G4425	πτύον	ptýon	from G4429 (πτύω);	a winnowing-fork (as scattering like spittle)	fan
G4426	πτύρω	ptýrō	from a presumed derivative of G4429 (πτύω) (and thus akin to G4422 (πτοέω));	to frighten	terrify
G4427	πτύσμα	ptýsma	from G4429 (πτύω);	saliva	spittle
G4428	πτύσσω	ptýssō	probably akin to (to spread;	and thus apparently allied to G4072 (πέτομαι) through the idea of expansion, and to 4429 through that of flattening; compare G3961 (πατέω)); to fold, i.e. furl a scroll	close
G4429	πτύω	ptýō	a primary verb (compare G4428 (πτύσσω));	to spit	spit
G4430	πτῶμα	ptōma	from the alternate of G4098 (πίπτω);	a ruin, i.e. (specially), lifeless body (corpse, carrion)	dead body, carcase, corpse
G4431	πτῶσις	ptōsis	from the alternate of G4098 (πίπτω);	a crash, i.e. downfall (literally or figuratively)	fall
G4432	πτωχεία	ptōcheía	from G4433 (πτωχεύω);	beggary, i.e. indigence (literally or figuratively)	poverty
G4433	πτωχεύω	ptōcheúō	from G4434 (πτωχός);	to be a beggar, i.e. (by implication) to become indigent (figuratively)	become poor
G4434	πτωχός	ptōchós	from (to crouch);	akin to G4422 (πτοέω) and the alternate of G4098 (πίπτω)); a beggar (as cringing), i.e. pauper (strictly denoting absolute or public mendicancy, although also used in a qualified or relative sense; whereas G3993 (πένης) properly means only straitened circumstances in private), literally (often as noun) or figuratively (distressed)	beggar(-ly), poor
G4435	πυγμή	pygmḗ	from a primary (the fist as a weapon);	the clenched hand, i.e. (only in dative case as adverb) with the fist (hard scrubbing)	oft
G4436	Πύθων	Pýthōn	from (the name of the region where Delphi, the seat of the famous oracle, was located);	a Python, i.e. (by analogy, with the supposed diviner there) inspiration (soothsaying)	divination
G4437	πυκνός	pyknós	from the same as G4635 (σκηνοποιός);	clasped (thick), i.e. (figuratively) frequent; neuter plural (as adverb) frequently	often(-er)
G4438	πυκτέω	pyktéō	from a derivative of the same as G4435 (πυγμή);	to box (with the fist), i.e. contend (as a boxer) at the games (figuratively)	fight
G4439	πύλη	pýlē	apparently a primary word;	a gate, i.e. the leaf or wing of a folding entrance (literally or figuratively)	gate
G4440	πυλών	pylṓn	from G4439 (πύλη);	a gate-way, door-way of a building or city; by implication, a portal or vestibule	gate, porch
G4441	πυνθάνομαι	pynthánomai	middle voice prolonged from a primary (which occurs only as an alternate in certain tenses);	to question, i.e. ascertain by inquiry (as a matter of information merely; and thus differing from G2065 (ἐρωτάω), which properly means a request as a favor; and from G154 (αἰτέω), which is strictly a demand for something due; as well as from G2212 (ζητέω), which implies a search for something hidden; and from G1189 (δέομαι), which involves the idea of urgent need); by implication, to learn (by casual intelligence)	ask, demand, enquire, understand
G4442	πῦρ	pŷr	a primary word;	"fire" (literally or figuratively, specially, lightning)	fiery, fire
G4443	πυρά	pyrá	from G4442 (πῦρ);	a fire (concretely)	fire
G4444	πύργος	pýrgos	apparently a primary word ("burgh");	a tower or castle	tower
G4445	πυρέσσω	pyréssō	from G4443 (πυρά);	to be on fire, i.e. (specially), to have a fever	be sick of a fever
G4446	πυρετός	pyretós	from G4445 (πυρέσσω);	inflamed, i.e. (by implication) feverish (as noun, fever)	fever
G4447	πύρινος	pýrinos	from G4443 (πυρά);	fiery, i.e. (by implication) flaming	of fire
G4448	πυρόω	pyróō	from G4442 (πῦρ);	to kindle, i.e. (passively) to be ignited, glow (literally), be refined (by implication), or (figuratively) to be inflamed (with anger, grief, lust)	burn, fiery, be on fire, try
G4449	πυῤῥάζω	pyrrházō	from G4450 (πυῤῥός);	to redden (intransitively)	be red
G4450	πυῤῥός	pyrrhós	from G4442 (πῦρ);	fire-like, i.e. (specially), flame- colored	red
G4451	πύρωσις	pýrōsis	from G4448 (πυρόω);	ignition, i.e. (specially), smelting (figuratively, conflagration, calamity as a test)	burning, trial
G4452	-πω	-pō	another form of the base of G4458 (-πώς);	an enclitic particle of indefiniteness; yet, even; used only in the comparative. See G3369 (μηδέπω), G3380 (μήπω), G3764 (οὐδέπω), G3768 (οὔπω), G4455 (πώποτε).	
G4453	πωλέω	pōléō	probably ultimately from (to be busy, to trade);	to barter (as a pedlar), i.e. to sell	sell, whatever is sold
G4454	πῶλος	pōlos	apparently a primary word;	a "foal" or "filly", i.e. (specially), a young ass	colt
G4455	πώποτε	pṓpote	from G4452 (-πω) and G4218 (ποτέ);	at any time, i.e. (with negative particle) at no time	at any time, + never (…to any man), + yet, never man
G4456	πωρόω	pōróō	apparently from (a kind of stone);	to petrify, i.e. (figuratively) to indurate (render stupid or callous)	blind, harden
G4457	πώρωσις	pṓrōsis	from G4456 (πωρόω);	stupidity or callousness	blindness, hardness
G4458	-πώς	-pṓs	adverb from the base of G4225 (πού);	an enclitic particle of indefiniteness of manner; somehow or anyhow; used only in composition	haply, by any (some) means, perhaps
G4459	πῶς	pōs	adverb from the base of G4226 (ποῦ);	an interrogative particle of manner; in what way? (sometimes the question is indirect, how?); also as exclamation, how much!	how, after (by) what manner (means), that
G4460	Ῥαάβ	Rhaáb	of Hebrew origin (G7343);	Raab (i.e. Rachab), a Canaanitess	Rahab
G4461	ῥαββί	rhabbí	of Hebrew origin (H07227 with pronominal suffix);	my master, i.e Rabbi, as an official title of honor	Master, Rabbi
G4462	ῥαββονί	rhabboní	of Chaldee origin;	corresponding to G4461 (ῥαββί)	Lord, Rabboni
G4463	ῥαβδίζω	rhabdízō	from G4464 (ῥάβδος);	to strike with a stick, i.e. bastinado	beat (with rods)
G4464	ῥάβδος	rhábdos	from the base of G4474 (ῥαπίζω);	a stick or wand (as a cudgel, a cane or a baton of royalty)	rod, sceptre, staff
G4465	ῥαβδοῦχος	rhabdoûchos	from G4464 (ῥάβδος) and G2192 (ἔχω);	a rod- (the Latin fasces) holder, i.e. a Roman lictor (constable or executioner)	serjeant
G4466	Ῥαγαῦ	Rhagaû	of Hebrew origin (H07466);	Ragau (i.e. Reu), a patriarch	Ragau
G4467	ῥᾳδιούργημα	rhaidioúrgēma	from a comparative of (easy, i.e. reckless) and G2041 (ἔργον);	easy-going behavior, i.e. (by extension) a crime	lewdness
G4468	ῥᾳδιουργία	rhaidiourgía	from the same as G4467 (ῥᾳδιούργημα);	recklessness, i.e. (by extension) malignity	mischief
G4469	ῥακά	rhaká	of Chaldee origin (compare H07386);	O empty one, i.e. thou worthless (as a term of utter vilification)	Raca
G4470	ῥάκος	rhákos	from G4486 (ῥήγνυμι);	a "rag," i.e. piece of cloth	cloth
G4471	Ῥαμᾶ	Rhamâ	of Hebrew origin (H07414);	Rama (i.e. Ramah), a place in Palestine	Rama
G4472	ῥαντίζω	rhantízō	from a derivative of (to sprinkle);	to render besprinkled, i.e. asperse (ceremonially or figuratively)	sprinkle
G4473	ῥαντισμός	rhantismós	from G4472 (ῥαντίζω);	aspersion (ceremonially or figuratively)	sprinkling
G4474	ῥαπίζω	rhapízō	from a derivative of a primary (to let fall, "rap");	to slap	smite (with the palm of the hand)
G4475	ῥάπισμα	rhápisma	from G4474 (ῥαπίζω);	a slap	(+ strike with the) palm of the hand, smite with the hand
G4476	ῥαφίς	rhaphís	from a primary (to sew;	perhaps rather akin to the base of G4474 (ῥαπίζω) through the idea of puncturing); a needle	needle
G4477	Ῥαχάβ	Rhacháb	from the same as G4460 (Ῥαάβ);	Rachab, a Canaanitess	Rachab
G4478	Ῥαχήλ	Rhachḗl	of Hebrew origin (H07354);	Rachel, the wife of Jacob	Rachel
G4479	Ῥεβέκκα	Rhebékka	of Hebrew origin (H07259);	Rebecca (i.e. Ribkah), the wife of Isaac	Rebecca
G4480	ῥέδα	rhéda	of Latin origin;	a rheda, i.e. four-wheeled carriage (wagon for riding)	chariot
G4481	Ῥεμφάν	Rhemphán	by incorrect transliteration for a word of Hebrew origin (H03594);	Remphan (i.e. Kijun), an Egyptian idol	Remphan
G4482	ῥέω	rhéō	a primary verb;	for some tenses of which a prolonged form is used to flow ("run"; as water)	flow
G4483	ῥέω	rhéō	perhaps akin (or identical) with G4482 (ῥέω) (through the idea of pouring forth);	to utter, i.e. speak or say	command, make, say, speak (of)
G4484	Ῥήγιον	Rhḗgion	of Latin origin;	Rhegium, a place in Italy	Rhegium
G4485	ῥῆγμα	rhēgma	from G4486 (ῥήγνυμι);	something torn, i.e. a fragment (by implication and abstractly, a fall)	ruin
G4486	ῥήγνυμι	rhḗgnymi	both prolonged forms of (which appears only in certain forms, and is itself probably a strengthened form of (see in G2608 (κατάγνυμι))) to "break," "wreck" or "crack", i.e. (especially) to sunder (by separation of the parts;	G2608 (κατάγνυμι) being its intensive (with the preposition in composition), and G2352 (θραύω) a shattering to minute fragments; but not a reduction to the constituent particles, like G3089 (λύω)) or disrupt, lacerate; by implication, to convulse (with spasms); figuratively, to give vent to joyful emotions	break (forth), burst, rend, tear
G4487	ῥῆμα	rhēma	from G4483 (ῥέω);	an utterance (individually, collectively or specially),; by implication, a matter or topic (especially of narration, command or dispute); with a negative naught whatever	+ evil, + nothing, saying, word
G4488	Ῥησά	Rhēsá	probably of Hebrew origin (apparently for H07509);	Resa (i.e. Rephajah), an Israelite	Rhesa
G4489	ῥήτωρ	rhḗtōr	from G4483 (ῥέω);	a speaker, i.e. (by implication) a forensic advocate	orator
G4490	ῥητῶς	rhētōs	adverb from a derivative of G4483 (ῥέω);	out-spokenly, i.e. distinctly	expressly
G4491	ῥίζα	rhíza	apparently a primary word;	a "root" (literally or figuratively)	root
G4492	ῥιζόω	rhizóō	from G4491 (ῥίζα);	to root (figuratively, become stable)	root
G4493	ῥιπή	rhipḗ	from G4496 (ῥίπτω);	a jerk (of the eye, i.e. (by analogy) an instant)	twinkling
G4494	ῥιπίζω	rhipízō	from a derivative of G4496 (ῥίπτω) (meaning a fan or bellows);	to breeze up, i.e. (by analogy) to agitate (into waves)	toss
G4495	ῥιπτέω	rhiptéō	from a derivative of G4496 (ῥίπτω);	to toss up	cast off
G4496	ῥίπτω	rhíptō	a primary verb (perhaps rather akin to the base of G4474 (ῥαπίζω), through the idea of sudden motion);	to fling (properly, with a quick toss, thus differing from G906 (βάλλω), which denotes a deliberate hurl; and from (see in G1614 (ἐκτείνω)), which indicates an extended projection); by qualification, to deposit (as if a load); by extension, to disperse	cast (down, out), scatter abroad, throw
G4497	Ῥοβοάμ	Rhoboám	of Hebrew origin (H07346);	Roboam (i.e. Rechobam), an Israelite	Roboam
G4498	Ῥόδη	Rhódē	probably for rhode (a rose);	Rode, a servant girl	Rhoda
G4499	Ῥόδος	Rhódos	probably from (a rose);	Rhodus, an island of the Mediterranean	Rhodes
G4500	ῥοιζηδόν	rhoizēdón	adverb from a derivative of (a whir);	whizzingly, i.e. with a crash	with a great noise
G4501	ῥομφαία	rhomphaía	probably of foreign origin;	a sabre, i.e. a long and broad cutlass (any weapon of the kind, literally or figuratively)	sword
G4502	Ῥουβήν	Rhoubḗn	of Hebrew origin (H07205);	Ruben (i.e. Reuben), an Israelite	Reuben
G4503	Ῥούθ	Rhoúth	of Hebrew origin (H07327);	Ruth, a Moabitess	Ruth
G4504	Ῥοῦφος	Rhoûphos	of Latin origin;	red; Rufus, a Christian	Rufus
G4505	ῥύμη	rhýmē	prolongation from G4506 (ῥύομαι) in its original sense;	an alley or avenue (as crowded)	lane, street
G4506	ῥύομαι	rhýomai	middle voice of an obsolete verb, akin to G4482 (ῥέω) (through the idea of a current;	compare G4511 (ῥύσις)); to rush or draw (for oneself), i.e. rescue	deliver(-er)
G4507	ῥυπαρία	rhyparía	from G4508 (ῥυπαρός);	dirtiness (morally)	turpitude
G4508	ῥυπαρός	rhyparós	from G4509 (ῥύπος);	dirty, i.e. (relatively) cheap or shabby; morally, wicked	vile
G4509	ῥύπος	rhýpos	of uncertain affinity;	dirt, i.e. (morally) depravity	filth
G4510	ῥυπόω	rhypóō	from G4509 (ῥύπος);	to soil, i.e. (intransitively) to become dirty (morally)	be filthy
G4511	ῥύσις	rhýsis	from G4506 (ῥύομαι) in the sense of its congener G4482 (ῥέω);	a flux (of blood)	issue
G4512	ῥυτίς	rhytís	from G4506 (ῥύομαι);	a fold (as drawing together), i.e. a wrinkle (especially on the face)	wrinkle
G4513	Ῥωμαϊκός	Rhōmaïkós	from G4514 (Ῥωμαῖος);	Romaic, i.e. Latin	Latin
G4514	Ῥωμαῖος	Rhōmaîos	from G4516 (Ῥώμη);	Romæan, i.e. Roman (as noun)	Roman, of Rome
G4515	Ῥωμαϊστί	Rhōmaïstí	adverb from a presumed derivative of G4516 (Ῥώμη);	Romaistically, i.e. in the Latin language	Latin
G4516	Ῥώμη	Rhṓmē	from the base of G4517 (ῥώννυμι);	strength; Roma, the capital of Italy	Rome
G4517	ῥώννυμι	rhṓnnymi	prolongation from (to dart;	probably akin to G4506 (ῥύομαι)); to strengthen, i.e. (impersonal passive) have health (as a parting exclamation, good-bye)	farewell
G4518	σαβαχθάνι	sabachtháni	of Chaldee or (H07662 with pronominal suffix);	thou hast left me; sabachthani (i.e. shebakthani), a cry of distress	sabachthani
G4519	σαβαώθ	sabaṓth	of Hebrew origin (H06635 in feminine plural);	armies; sabaoth (i.e. tsebaoth), a military epithet of God	sabaoth
G4520	σαββατισμός	sabbatismós	from a derivative of G4521 (σάββατον);	a "sabbatism", i.e. (figuratively) the repose of Christianity (as a type of heaven)	rest
G4521	σάββατον	sábbaton	of Hebrew origin (H07676);	the Sabbath (i.e. Shabbath), or day of weekly repose from secular avocations (also the observance or institution itself); by extension, a se'nnight, i.e. the interval between two Sabbaths; likewise the plural in all the above applications	sabbath (day), week
G4522	σαγήνη	sagḗnē	from a derivative of (to equip) meaning furniture, especially a pack-saddle (which in the East is merely a bag of netted rope);	a "seine" for fishing	net
G4523	Σαδδουκαῖος	Saddoukaîos	probably from G4524 (Σαδώκ);	a Sadducæan (i.e. Tsadokian), or follower of a certain heretical Israelite	Sadducee
G4524	Σαδώκ	Sadṓk	of Hebrew origin (H06659);	Sadoc (i.e. Tsadok), an Israelite	Sadoc
G4525	σαίνω	saínō	akin to G4579 (σείω);	to wag (as a dog its tail fawningly), i.e. (generally) to shake (figuratively, disturb)	move
G4526	σάκκος	sákkos	of Hebrew origin (H08242);	"sack"-cloth, i.e. mohair (the material or garments made of it, worn as a sign of grief)	sackcloth
G4527	Σαλά	Salá	of Hebrew origin (H07974);	Sala (i.e. Shelach), a patriarch	Sala
G4528	Σαλαθιήλ	Salathiḗl	of Hebrew origin (H07597);	Salathiel (i.e. Shealtiel), an Israelite	Salathiel
G4529	Σαλαμίς	Salamís	probably from G4535 (σάλος) (from the surge on the shore);	Salamis, a place in Cyprus	Salamis
G4530	Σαλείμ	Saleím	probably from the same as G4531 (σαλεύω);	Salim, a place in Palestine	Salim
G4531	σαλεύω	saleúō	from G4535 (σάλος);	to waver, i.e. agitate, rock, topple or (by implication) destroy; figuratively, to disturb, incite	move, shake (together), which can(-not) be shaken, stir up
G4532	Σαλήμ	Salḗm	of Hebrew origin (H08004);	Salem (i.e. Shalem), a place in Palestine	Salem
G4533	Σαλμών	Salmṓn	of Hebrew origin (H08012);	Salmon, an Israelite	Salmon
G4534	Σαλμώνη	Salmṓnē	perhaps of similar origin to G4529 (Σαλαμίς);	Salmone, a place in Crete	Salmone
G4535	σάλος	sálos	probably from the base of G4525 (σαίνω);	a vibration, i.e. (specially), billow	wave
G4536	σάλπιγξ	sálpinx	perhaps from G4535 (σάλος) (through the idea of quavering or reverberation);	a trumpet	trump(-et)
G4537	σαλπίζω	salpízō	from G4536 (σάλπιγξ);	to trumpet, i.e. sound a blast (literally or figuratively)	(which are yet to) sound (a trumpet)
G4538	σαλπιστής	salpistḗs	from G4537 (σαλπίζω);	a trumpeter	trumpeter
G4539	Σαλώμη	Salṓmē	probably of Hebrew origin (feminine from H07965);	Salome (i.e. Shelomah), an Israelitess	Salome
G4540	Σαμάρεια	Samáreia	of Hebrew origin (H08111);	Samaria (i.e. Shomeron), a city and region of Palestine	Samaria
G4541	Σαμαρείτης	Samareítēs	from G4540 (Σαμάρεια);	a Samarite, i.e. inhabitant of Samaria	Samaritan
G4542	Σαμαρεῖτις	Samareîtis	feminine of G4541 (Σαμαρείτης);	a Samaritess, i.e. woman of Samaria	of Samaria
G4543	Σαμοθρᾴκη	Samothráikē	from G4544 (Σάμος) and (Thrace);	Samo-thrace (Samos of Thrace), an island in the Mediterranean	Samothracia
G4544	Σάμος	Sámos	of uncertain affinity;	Samus, an island of the Mediterranean	Samos
G4545	Σαμουήλ	Samouḗl	of Hebrew origin (H08050);	Samuel (i.e. Shemuel), an Israelite	Samuel
G4546	Σαμψών	Sampsṓn	of Hebrew origin (H08123);	Sampson (i.e. Shimshon), an Israelite	Samson
G4547	σανδάλιον	sandálion	neuter of a derivative of (a "sandal";	of uncertain origin); a slipper or sole-pad	sandal
G4548	σανίς	sanís	of uncertain affinity;	a plank	board
G4549	Σαούλ	Saoúl	of Hebrew origin (H07586);	Saul (i.e. Shaul), the Jewish name of Paul	Saul
G4550	σαπρός	saprós	from G4595 (σήπω);	rotten, i.e. worthless (literally or morally)	bad, corrupt
G4551	Σαπφείρη	Sappheírē	feminine of G4552 (σάπφειρος);	Sapphire, an Israelitess	Sapphira
G4552	σάπφειρος	sáppheiros	of Hebrew origin (H05601);	a "sapphire" or lapis-lazuli gem	sapphire
G4553	σαργάνη	sargánē	apparently of Hebrew origin (H08276);	a basket (as interwoven or wicker-work	basket
G4554	Σάρδεις	Sárdeis	plural of uncertain derivation;	Sardis, a place in Asia Minor	Sardis
G4555	σάρδινος	sárdinos	from the same as G4556 (σάρδιος);	sardine (G3037 (λίθος) being implied), i.e. a gem, so called	sardine
G4556	σάρδιος	sárdios	properly, an adjective from an uncertain base;	sardian (3037 being implied), i.e. (as noun) the gem so called	sardius
G4557	σαρδόνυξ	sardónyx	from the base of G4556 (σάρδιος) and (the nail of a finger;	hence the "onyx" stone); a "sardonyx", i.e. the gem so called	sardonyx
G4558	Σάρεπτα	Sárepta	of Hebrew origin (H06886);	Sarepta (i.e. Tsarephath), a place in Palestine	Sarepta
G4559	σαρκικός	sarkikós	from G4561 (σάρξ);	pertaining to flesh, i.e. (by extension) bodily, temporal, or (by implication) animal, unregenerate	carnal, fleshly
G4560	σάρκινος	sárkinos	from G4561 (σάρξ);	similar to flesh, i.e. (by analogy) soft	fleshly
G4561	σάρξ	sárx	probably from the base of G4563 (σαρόω);	flesh (as stripped of the skin), i.e. (strictly) the meat of an animal (as food), or (by extension) the body (as opposed to the soul (or spirit), or as the symbol of what is external, or as the means of kindred), or (by implication) human nature (with its frailties (physically or morally) and passions), or (specially), a human being (as such)	carnal(-ly, + -ly minded), flesh(-ly)
G4562	Σαρούχ	Saroúch	of Hebrew origin (H08286);	Saruch (i.e. Serug), a patriarch	Saruch
G4563	σαρόω	saróō	from a derivative of (to brush off;	akin to G4951 (σύρω)); meaning a broom; to sweep	sweep
G4564	Σάῤῥα	Sárrha	of Hebrew origin (H08283);	Sarra (i.e. Sarah), the wife of Abraham	Sara, Sarah
G4565	Σάρων	Sárōn	of Hebrew origin (H08289);	Saron (i.e. Sharon), a district of Palestine	Saron
G4566	Σατᾶν	Satân	of Hebrew origin (H07854);	Satan, i.e. the devil	Satan
G4567	Σατανᾶς	Satanâs	of Chaldee origin corresponding to H04566 (with the definite affix);	the accuser, i.e. the devil	Satan
G4568	σάτον	sáton	of Hebrew origin (H05429);	a certain measure for things dry	measure
G4569	Σαῦλος	Saûlos	of Hebrew origin, the same as G4549 (Σαούλ);	Saulus (i.e. Shaul), the Jewish name of Paul	Saul
G4570	σβέννυμι	sbénnymi	a prolonged form of an apparently primary verb;	to extinguish (literally or figuratively)	go out, quench
G4571	σέ	sé	accusative case singular of G4771 (σύ);	thee	thee, thou, X thy house
G4572	σεαυτοῦ	seautoû	genitive case from G4571 (σέ) and G846 (αὐτός), also dative case of the same, , and accusative case , likewise contracted , , and , respectively;	of (with, to) thyself	thee, thine own self, (thou) thy(-self)
G4573	σεβάζομαι	sebázomai	middle voice from a derivative of G4576 (σέβομαι);	to venerate, i.e. adore	worship
G4574	σέβασμα	sébasma	from G4573 (σεβάζομαι);	something adored, i.e. an object of worship (god, altar, etc)	devotion, that is worshipped
G4575	σεβαστός	sebastós	from G4573 (σεβάζομαι);	venerable (august), i.e. (as noun) a title of the Roman Emperor, or (as adjective) imperial	Augustus(-')
G4576	σέβομαι	sébomai	middle voice of an apparently primary verb;	to revere, i.e. adore	devout, religious, worship
G4577	σειρά	seirá	probably from G4951 (σύρω) through its congener (to fasten;	akin to G138 (αἱρέομαι)); a chain (as binding or drawing)	chain
G4578	σεισμός	seismós	from G4579 (σείω);	a commotion, i.e. (of the air) a gale, (of the ground) an earthquake	earthquake, tempest
G4579	σείω	seíō	apparently a primary verb;	to rock (vibrate, properly, sideways or to and fro), i.e. (generally) to agitate (in any direction; cause to tremble); figuratively, to throw into a tremor (of fear or concern)	move, quake, shake
G4580	Σεκοῦνδος	Sekoûndos	of Latin origin;	"second"; Secundus, a Christian	Secundus
G4581	Σελεύκεια	Seleúkeia	from (Seleucus, a Syrian king);	Seleuceia, a place in Syria	Seleucia
G4582	σελήνη	selḗnē	from (brilliancy;	probably akin to the alternate of G138 (αἱρέομαι), through the idea of attractiveness); the moon	moon
G4583	σεληνιάζομαι	selēniázomai	middle voice or passive from a presumed derivative of G4582 (σελήνη);	to be moon-struck, i.e. crazy	be a lunatic
G4584	Σεμεΐ	Semeḯ	of Hebrew origin (H08096);	Semei (i.e. Shimi), an Israelite	Semei
G4585	σεμίδαλις	semídalis	probably of foreign origin;	fine wheaten flour	fine flour
G4586	σεμνός	semnós	from G4576 (σέβομαι);	venerable, i.e. honorable	grave, honest
G4587	σεμνότης	semnótēs	from G4586 (σεμνός);	venerableness, i.e. probity	gravity, honesty
G4588	Σέργιος	Sérgios	of Latin origin;	Sergius, a Roman	Sergius
G4589	Σήθ	Sḗth	of Hebrew origin (H08352);	Seth (i.e. Sheth), a patriarch	Seth
G4590	Σήμ	Sḗm	of Hebrew origin (H08035);	Sem (i.e. Shem), a patriarch	Sem
G4591	σημαίνω	sēmaínō	from (a mark;	of uncertain derivation); to indicate	signify
G4592	σημεῖον	sēmeîon	neuter of a presumed derivative of the base of G4591 (σημαίνω);	an indication, especially ceremonially or supernaturally	miracle, sign, token, wonder
G4593	σημειόω	sēmeióō	from G4592 (σημεῖον);	to distinguish, i.e. mark (for avoidance)	note
G4594	σήμερον	sḗmeron	neuter (as adverb) of a presumed compound of the article G3588 (ὁ) (t changed to s) and G2250 (ἡμέρα);	on the (i.e. this) day (or night current or just passed); generally, now (i.e. at present, hitherto)	this (to-)day
G4595	σήπω	sḗpō	apparently a primary verb;	to putrefy, i.e. (figuratively) perish	be corrupted
G4596	σηρικός	sērikós	from (an Indian tribe from whom silk was procured;	hence the name of the silk-worm); Seric, i.e. silken (neuter as noun, a silky fabric)	silk
G4597	σής	sḗs	apparently of Hebrew origin (H05580);	a moth	moth
G4598	σητόβρωτος	sētóbrōtos	from G4597 (σής) and a derivative of G977 (βιβρώσκω);	moth-eaten	motheaten
G4599	σθενόω	sthenóō	from (bodily vigor;	probably akin to the base of G2476 (ἵστημι)); to strengthen, i.e. (figuratively) confirm (in spiritual knowledge and power)	strengthen
G4600	σιαγών	siagṓn	of uncertain derivation;	the jaw-bone, i.e. (by implication) the cheek or side of the face	cheek
G4601	σιγάω	sigáō	from G4602 (σιγή);	to keep silent (transitively or intransitively)	keep close (secret, silence), hold peace
G4602	σιγή	sigḗ	apparently from (to hiss, i.e. hist or hush);	silence	silence
G4603	σιδήρεος	sidḗreos	from G4604 (σίδηρος);	made of iron	(of) iron
G4604	σίδηρος	sídēros	of uncertain derivation;	iron	iron
G4605	Σιδών	Sidṓn	of Hebrew origin (H06721);	Sidon (i.e. Tsidon), a place in Palestine	Sidon
G4606	Σιδώνιος	Sidṓnios	from G4605 (Σιδών);	a Sidonian, i.e. inhabitant of Sidon	of Sidon
G4607	σικάριος	sikários	of Latin origin;	a dagger-man or assassin; a freebooter (Jewish fanatic outlawed by the Romans)	murderer
G4608	σίκερα	síkera	of Hebrew origin (H07941);	an intoxicant, i.e. intensely fermented liquor	strong drink
G4609	Σίλας	Sílas	contraction for G4610 (Σιλουανός);	Silas, a Christian	Silas
G4610	Σιλουανός	Silouanós	of Latin origin;	"silvan"; Silvanus, a Christian	Silvanus
G4611	Σιλωάμ	Silōám	of Hebrew origin (H07975);	Siloam (i.e. Shiloach), a pool of Jerusalem	Siloam
G4612	σιμικίνθιον	simikínthion	of Latin origin;	a semicinctium or half-girding, i.e. narrow covering (apron)	apron
G4613	Σίμων	Símōn	of Hebrew origin (H08095);	Simon (i.e. Shimon), the name of nine Israelites	Simon
G4614	Σινᾶ	Sinâ	of Hebrew origin (H05514);	Sina (i.e. Sinai), a mountain in Arabia	Sina
G4615	σίναπι	sínapi	perhaps from (to hurt, i.e. sting);	mustard (the plant)	mustard
G4616	σινδών	sindṓn	of uncertain (perhaps foreign) origin;	byssos, i.e. bleached linen (the cloth or a garment of it)	(fine) linen (cloth)
G4617	σινιάζω	siniázō	from (a sieve);	to riddle (figuratively)	sift
G4618	σιτευτός	siteutós	from a derivative of G4621 (σῖτος);	grain-fed, i.e. fattened	fatted
G4619	σιτιστός	sitistós	from a derivative of G4621 (σῖτος);	grained, i.e. fatted	fatling
G4620	σιτόμετρον	sitómetron	from G4621 (σῖτος) and G3358 (μέτρον);	a grain-measure, i.e. (by implication) ration (allowance of food)	portion of meat
G4621	σῖτος	sîtos	of uncertain derivation;	grain, especially wheat	corn, wheat
G4622	Σιών	Siṓn	of Hebrew origin (H06726);	Sion (i.e. Tsijon), a hill of Jerusalem; figuratively, the Church (militant or triumphant)	Sion
G4623	σιωπάω	siōpáō	from (silence, i.e. a hush;	properly, muteness, i.e. involuntary stillness, or inability to speak; and thus differing from G4602 (σιγή), which is rather a voluntary refusal or indisposition to speak, although the terms are often used synonymously); to be dumb (but not deaf also, like 2974 properly); figuratively, to be calm (as quiet water)	dumb, (hold) peace
G4624	σκανδαλίζω	skandalízō	from G4625 (σκάνδαλον);	to entrap, i.e. trip up (figuratively, stumble (transitively) or entice to sin, apostasy or displeasure)	(make to) offend
G4625	σκάνδαλον	skándalon	("scandal"); probably from a derivative of G2578 (κάμπτω);	a trap-stick (bent sapling), i.e. snare (figuratively, cause of displeasure or sin)	occasion to fall (of stumbling), offence, thing that offends, stumblingblock
G4626	σκάπτω	skáptō	apparently a primary verb;	to dig	dig
G4627	σκάφη	skáphē		a "skiff" (as if dug out), or yawl (carried aboard a large vessel for landing)	boat
G4628	σκέλος	skélos	apparently from (to parch;	through the idea of leanness); the leg (as lank)	leg
G4629	σκέπασμα	sképasma	from a derivative of (a covering;	perhaps akin to the base of G4649 (σκοπός) through the idea of noticeableness); clothing	raiment
G4630	Σκευᾶς	Skeuâs	apparently of Latin origin;	left-handed; Scevas (i.e. Scævus), an Israelite	Sceva
G4631	σκευή	skeuḗ	from G4632 (σκεῦος);	furniture, i.e. spare tackle	tackling
G4632	σκεῦος	skeûos	of uncertain affinity;	a vessel, implement, equipment or apparatus (literally or figuratively [specially, a wife as contributing to the usefulness of the husband])	goods, sail, stuff, vessel
G4633	σκηνή	skēnḗ	apparently akin to G4632 (σκεῦος) and G4639 (σκιά);	a tent or cloth hut (literally or figuratively)	habitation, tabernacle
G4634	σκηνοπηγία	skēnopēgía	from G4636 (σκῆνος) and G4078 (πήγνυμι);	the Festival of Tabernacles (so called from the custom of erecting booths for temporary homes)	tabernacles
G4635	σκηνοποιός	skēnopoiós	from G4633 (σκηνή) and G4160 (ποιέω);	a manufacturer of tents	tent-maker
G4636	σκῆνος	skēnos	from G4633 (σκηνή);	a hut or temporary residence, i.e. (figuratively) the human body (as the abode of the spirit)	tabernacle
G4637	σκηνόω	skēnóō	from G4636 (σκῆνος);	to tent or encamp, i.e. (figuratively) to occupy (as a mansion) or (specially), to reside (as God did in the Tabernacle of old, a symbol of protection and communion)	dwell
G4638	σκήνωμα	skḗnōma	from G4637 (σκηνόω);	an encampment, i.e. (figuratively) the Temple (as God's residence), the body (as a tenement for the soul)	tabernacle
G4639	σκιά	skiá	apparently a primary word;	"shade" or a shadow (literally or figuratively (darkness of error or an adumbration))	shadow
G4640	σκιρτάω	skirtáō	akin to (to skip);	to jump, i.e. sympathetically move (as the quickening of a fetus)	leap (for joy)
G4641	σκληροκαρδία	sklērokardía	feminine of a compound of G4642 (σκληρός) and G2588 (καρδία);	hard-heartedness, i.e. (specially), destitution of (spiritual) perception	hardness of heart
G4642	σκληρός	sklērós	from the base of G4628 (σκέλος);	dry, i.e. hard or tough (figuratively, harsh, severe)	fierce, hard
G4643	σκληρότης	sklērótēs	from G4642 (σκληρός);	callousness, i.e. (figuratively) stubbornness	hardness
G4644	σκληροτράχηλος	sklērotráchēlos	from G4642 (σκληρός) and G5137 (τράχηλος);	hardnaped, i.e. (figuratively) obstinate	stiffnecked
G4645	σκληρύνω	sklērýnō	from G4642 (σκληρός);	to indurate, i.e. (figuratively) render stubborn	harden
G4646	σκολιός	skoliós	from the base of G4628 (σκέλος);	warped, i.e. winding; figuratively, perverse	crooked, froward, untoward
G4647	σκόλοψ	skólops	perhaps from the base of G4628 (σκέλος) and G3700 (ὀπτάνομαι);	withered at the front, i.e. a point or prickle (figuratively, a bodily annoyance or disability)	thorn
G4648	σκοπέω	skopéō	from G4649 (σκοπός);	to take aim at (spy), i.e. (figuratively) regard	consider, take heed, look at (on), mark
G4649	σκοπός	skopós	from (to peer about ("skeptic");	perhaps akin to G4626 (σκάπτω) through the idea of concealment; compare G4629 (σκέπασμα)); a watch (sentry or scout), i.e. (by implication) a goal	mark
G4650	σκορπίζω	skorpízō	apparently from the same as G4651 (σκορπίος) (through the idea of penetrating);	to dissipate, i.e. (figuratively) put to flight, waste, be liberal	disperse abroad, scatter (abroad)
G4651	σκορπίος	skorpíos	probably from an obsolete (perhaps strengthened from the base of G4649 (σκοπός) and meaning to pierce);	a "scorpion" (from its sting)	scorpion
G4652	σκοτεινός	skoteinós	from G4655 (σκότος);	opaque, i.e. (figuratively) benighted	dark, full of darkness
G4653	σκοτία	skotía	from G4655 (σκότος);	dimness, obscurity (literally or figuratively)	dark(-ness)
G4654	σκοτίζω	skotízō	from G4655 (σκότος);	to obscure (literally or figuratively)	darken
G4655	σκότος	skótos	from the base of G4639 (σκιά);	shadiness, i.e. obscurity (literally or figuratively)	darkness
G4656	σκοτόω	skotóō	from G4655 (σκότος);	to obscure or blind (literally or figuratively)	be full of darkness
G4657	σκύβαλον	skýbalon	neuter of a presumed derivative of G1519 (εἰς) and G2965 (κύων) and G906 (βάλλω);	what is thrown to the dogs, i.e. refuse (ordure)	dung
G4658	Σκύθης	Skýthēs	probably of foreign origin;	a Scythene or Scythian, i.e. (by implication) a savage	Scythian
G4659	σκυθρωπός	skythrōpós	from (sullen) and a derivative of G3700 (ὀπτάνομαι);	angry-visaged, i.e. gloomy or affecting a mournful appearance	of a sad countenance
G4660	σκύλλω	skýllō	apparently a primary verb;	to flay, i.e. (figuratively) to harass	trouble(self)
G4661	σκῦλον	skŷlon	neuter from G4660 (σκύλλω);	something stripped (as a hide), i.e. booty	spoil
G4662	σκωληκόβρωτος	skōlēkóbrōtos	from G4663 (σκώληξ) and a derivative of G977 (βιβρώσκω);	worm-eaten, i.e. diseased with maggots	eaten of worms
G4663	σκώληξ	skṓlēx	of uncertain derivation;	a grub, maggot or earth-worm	worm
G4664	σμαράγδινος	smarágdinos	from G4665 (σμάραγδος);	consisting of emerald	emerald
G4665	σμάραγδος	smáragdos	of uncertain derivation;	the emerald or green gem so called	emerald
G4666	σμύρνα	smýrna	apparently strengthened for G3464 (μύρον);	myrrh	myrrh
G4667	Σμύρνα	Smýrna	the same as G4666 (σμύρνα);	Smyrna, a place in Asia Minor	Smyrna
G4668	Σμυρναῖος	Smyrnaîos	from G4667 (Σμύρνα);	a Smyrnæan	in Smyrna
G4669	σμυρνίζω	smyrnízō	from G4667 (Σμύρνα);	to tincture with myrrh, i.e. embitter (as a narcotic)	mingle with myrrh
G4670	Σόδομα	Sódoma	plural of Hebrew origin (H05467);	Sodoma (i.e. Sedom), a place in Palestine	Sodom
G4671	σοί	soí	dative case of G4771 (σύ);	to thee	thee, thine own, thou, thy
G4672	Σολομών	Solomṓn	of Hebrew origin (H08010);	Solomon (i.e. Shelomoh), the son of David	Solomon
G4673	σορός	sorós	probably akin to the base of G4987 (σωρεύω);	a funereal receptacle (urn, coffin), i.e. (by analogy) a bier	bier
G4674	σός	sós	from G4771 (σύ);	thine	thine (own), thy (friend)
G4675	σοῦ	soû	genitive case of G4771 (σύ);	of thee, thy	X home, thee, thine (own), thou, thy
G4676	σουδάριον	soudárion	of Latin origin;	a sudarium (sweat-cloth), i.e. towel (for wiping the perspiration from the face, or binding the face of a corpse)	handkerchief, napkin
G4677	Σουσάννα	Sousánna	of Hebrew origin (H07799 feminine);	lily; Susannah (i.e. Shoshannah), an Israelitess	Susanna
G4678	σοφία	sophía	from G4680 (σοφός);	wisdom (higher or lower, worldly or spiritual)	wisdom
G4679	σοφίζω	sophízō	from G4680 (σοφός);	to render wise; in a sinister acceptation, to form "sophisms", i.e. continue plausible error	cunningly devised, make wise
G4680	σοφός	sophós	akin to (clear);	wise (in a most general application)	wise
G4681	Σπανία	Spanía	probably of foreign origin;	Spania, a region of Europe	Spain
G4682	σπαράσσω	sparássō	prolongation from (to grasp;	apparently strengthened from G4685 (σπάω) through the idea of spasmodic contraction); to mangle, i.e. convluse with epilepsy	rend, tear
G4683	σπαργανόω	sparganóō	from (a strip;	from a derivative of the base of G4682 (σπαράσσω) meaning to strap or wrap with strips); to swathe (an infant after the Oriental custom)	wrap in swaddling clothes
G4684	σπαταλάω	spataláō	from (luxury);	to be voluptuous	live in pleasure, be wanton
G4685	σπάω	spáō	a primary verb;	to draw	draw (out)
G4686	σπεῖρα	speîra	of immediate Latin origin, but ultimately a derivative of G138 (αἱρέομαι) in the sense of its cognate G1507 (εἱλίσσω);	a coil (spira, "spire"), i.e. (figuratively) a mass of men (a Roman military cohort; also (by analogy) a squad of Levitical janitors)	band
G4687	σπείρω	speírō	probably strengthened from G4685 (σπάω) (through the idea of extending);	to scatter, i.e. sow (literally or figuratively)	sow(- er), receive seed
G4688	σπεκουλάτωρ	spekoulátōr	of Latin origin;	a speculator, i.e. military scout (spy or (by extension) life-guardsman)	executioner
G4689	σπένδω	spéndō	apparently a primary verb;	to pour out as a libation, i.e. (figuratively) to devote (one's life or blood, as a sacrifice) ("spend")	(be ready to) be offered
G4690	σπέρμα	spérma	from G4687 (σπείρω);	something sown, i.e. seed (including the male "sperm"); by implication, offspring; specially, a remnant (figuratively, as if kept over for planting)	issue, seed
G4691	σπερμολόγος	spermológos	from G4690 (σπέρμα) and G3004 (λέγω);	a seed-picker (as the crow), i.e. (figuratively) a sponger, loafer (specially, a gossip or trifler in talk)	babbler
G4692	σπεύδω	speúdō	probably strengthened from G4228 (πούς);	to "speed" ("study"), i.e. urge on (diligently or earnestly); by implication, to await eagerly	(make, with) haste unto
G4693	σπήλαιον	spḗlaion	neuter of a presumed derivative of (a grotto);	a cavern; by implication, a hiding-place or resort	cave, den
G4694	σπιλάς	spilás	of uncertain derivation;	a ledge or reef of rock in the sea	spot (by confusion with G4696 (σπίλος))
G4695	σπιλόω	spilóō	from G4696 (σπίλος);	to stain or soil (literally or figuratively)	defile, spot
G4696	σπίλος	spílos	of uncertain derivation;	a stain or blemish, i.e. (figuratively) defect, disgrace	spot
G4697	σπλαγχνίζομαι	splanchnízomai	middle voice from G4698 (σπλάγχνον);	to have the bowels yearn, i.e. (figuratively) feel sympathy, to pity	have (be moved with) compassion
G4698	σπλάγχνον	splánchnon	probably strengthened from (the "spleen");	an intestine (plural); figuratively, pity or sympathy	bowels, inward affection, + tender mercy
G4699	σπόγγος	spóngos	perhaps of foreign origin;	a "sponge"	spunge
G4700	σποδός	spodós	of uncertain derivation;	ashes	ashes
G4701	σπορά	sporá	from G4687 (σπείρω);	a sowing, i.e. (by implication) parentage	seed
G4702	σπόριμος	spórimos	from G4703 (σπόρος);	sown, i.e. (neuter plural) a planted field	corn(-field)
G4703	σπόρος	spóros	from G4687 (σπείρω);	a scattering (of seed), i.e. (concretely) seed (as sown)	seed (X sown)
G4704	σπουδάζω	spoudázō	from G4710 (σπουδή);	to use speed, i.e. to make effort, be prompt or earnest	do (give) diligence, be diligent (forward), endeavour, labour, study
G4705	σπουδαῖος	spoudaîos	from G4710 (σπουδή);	prompt, energetic, earnest	diligent
G4706	σπουδαιότερον	spoudaióteron	neuter of G4707 (σπουδαιότερος) as adverb;	more earnestly than others), i.e. very promptly	very diligently
G4707	σπουδαιότερος	spoudaióteros	comparative of G4705 (σπουδαῖος);	more prompt, more earnest	more diligent (forward)
G4708	σπουδαιοτέρως	spoudaiotérōs	adverb from G4707 (σπουδαιότερος);	more speedily, i.e. sooner than otherwise	more carefully
G4709	σπουδαίως	spoudaíōs	adverb from G4705 (σπουδαῖος);	earnestly, promptly	diligently, instantly
G4710	σπουδή	spoudḗ	from G4692 (σπεύδω);	"speed", i.e. (by implication) despatch, eagerness, earnestness	business, (earnest) care(-fulness), diligence, forwardness, haste
G4711	σπυρίς	spyrís	from G4687 (σπείρω) (as woven);	a hamper or lunch-receptacle	basket
G4712	στάδιον	stádion	from the base of G2476 (ἵστημι) (as fixed);	a stade or certain measure of distance; by implication, a stadium or race-course	furlong, race
G4713	στάμνος	stámnos	from the base of G2476 (ἵστημι) (as stationary);	a jar or earthen tank	pot
G4714	στάσις	stásis	from the base of G2476 (ἵστημι);	a standing (properly, the act), i.e. (by analogy) position (existence); by implication, a popular uprising; figuratively, controversy	dissension, insurrection, X standing, uproar
G4715	στατήρ	statḗr	from the base of G2746 (καύχησις);	a stander (standard of value), i.e. (specially), a stater or certain coin	piece of money
G4716	σταυρός	staurós	from the base of G2476 (ἵστημι);	a stake or post (as set upright), i.e. (specially), a pole or cross (as an instrument of capital punishment); figuratively, exposure to death, i.e. self-denial; by implication, the atonement of Christ	cross
G4717	σταυρόω	stauróō	from G4716 (σταυρός);	to impale on the cross; figuratively, to extinguish (subdue) passion or selfishness	crucify
G4718	σταφυλή	staphylḗ	probably from the base of G4735 (στέφανος);	a cluster of grapes (as if intertwined)	grapes
G4719	στάχυς	stáchys	from the base of G2476 (ἵστημι);	a head of grain (as standing out from the stalk)	ear (of corn)
G4720	Στάχυς	Stáchys	the same as G4719 (στάχυς);	Stachys, a Christian	Stachys
G4721	στέγη	stégē	strengthened from a primary (a "thatch" or "deck" of a building);	a roof	roof
G4722	στέγω	stégō	from G4721 (στέγη);	to roof over, i.e. (figuratively) to cover with silence (endure patiently)	(for-)bear, suffer
G4723	στείρος	steíros	a contraction from G4731 (στερεός) (as stiff and unnatural);	"sterile"	barren
G4724	στέλλω	stéllō	probably strengthened from the base of G2476 (ἵστημι);	properly, to set fast ("stall"), i.e. (figuratively) to repress (reflexively, abstain from associating with)	avoid, withdraw self
G4725	στέμμα	stémma	from the base of G4735 (στέφανος);	a wreath for show	garland
G4726	στεναγμός	stenagmós	from G4727 (στενάζω);	a sigh	groaning
G4727	στενάζω	stenázō	from G4728 (στενός);	to make (intransitively, be) in straits, i.e. (by implication) to sigh, murmur, pray inaudibly	with grief, groan, grudge, sigh
G4728	στενός	stenós	probably from the base of G2476 (ἵστημι);	narrow (from obstacles standing close about)	strait
G4729	στενοχωρέω	stenochōréō	from the same as G4730 (στενοχωρία);	to hem in closely, i.e. (figuratively) cramp	distress, straiten
G4730	στενοχωρία	stenochōría	from a compound of G4728 (στενός) and G5561 (χώρα);	narrowness of room, i.e. (figuratively) calamity	anguish, distress
G4731	στερεός	stereós	from G2476 (ἵστημι);	stiff, i.e. solid, stable (literally or figuratively)	stedfast, strong, sure
G4732	στερεόω	stereóō	from G4731 (στερεός);	to solidify, i.e. confirm (literally or figuratively)	establish, receive strength, make strong
G4733	στερέωμα	steréōma	from G4732 (στερεόω);	something established, i.e. (abstractly) confirmation (stability)	stedfastness
G4734	Στεφανᾶς	Stephanâs	probably contraction for (crowned;	from G4737 (στεφανόω)); Stephanas, a Christian	Stephanas
G4735	στέφανος	stéphanos	from an apparently primary (to twine or wreathe);	a chaplet (as a badge of royalty, a prize in the public games or a symbol of honor generally; but more conspicuous and elaborate than the simple fillet, G1238 (διάδημα)), literally or figuratively	crown
G4736	Στέφανος	Stéphanos	the same as G4735 (στέφανος);	Stephanus, a Christian	Stephen
G4737	στεφανόω	stephanóō	from G4735 (στέφανος);	to adorn with an honorary wreath (literally or figuratively)	crown
G4738	στῆθος	stēthos	from G2476 (ἵστημι) (as standing prominently);	the (entire external) bosom, i.e. chest	breast
G4739	στήκω	stḗkō	from the perfect tense of G2476 (ἵστημι);	to be stationary, i.e. (figuratively) to persevere	stand (fast)
G4740	στηριγμός	stērigmós	from G4741 (στηρίζω);	stability (figuratively)	stedfastness
G4741	στηρίζω	stērízō	from a presumed derivative of G2476 (ἵστημι) (like G4731 (στερεός));	to set fast, i.e. (literally) to turn resolutely in a certain direction, or (figuratively) to confirm	fix, (e-)stablish, stedfastly set, strengthen
G4742	στίγμα	stígma	from a primary (to "stick", i.e. prick);	a mark incised or punched (for recognition of ownership), i.e. (figuratively) scar of service	mark
G4743	στιγμή	stigmḗ	feminine of G4742 (στίγμα);	a point of time, i.e. an instant	moment
G4744	στίλβω	stílbō	apparently a primary verb;	to gleam, i.e. flash intensely	shining
G4745	στοά	stoá	probably from G2476 (ἵστημι);	a colonnade or interior piazza	porch
G4746	στοιβάς	stoibás	from a primary (to "step" or "stamp");	a spread (as if tramped flat) of loose materials for a couch, i.e. (by implication) a bough of a tree so employed	branch
G4747	στοιχεῖον	stoicheîon	neuter of a presumed derivative of the base of G4748 (στοιχέω);	something orderly in arrangement, i.e. (by implication) a serial (basal, fundamental, initial) constituent (literally), proposition (figuratively)	element, principle, rudiment
G4748	στοιχέω	stoichéō	from a derivative of (to range in regular line);	to march in (military) rank (keep step), i.e. (figuratively) to conform to virtue and piety	walk (orderly)
G4749	στολή	stolḗ	from G4724 (στέλλω);	equipment, i.e. (specially), a "stole" or long-fitting gown (as a mark of dignity)	long clothing (garment), (long) robe
G4750	στόμα	stóma	probably strengthened from a presumed derivative of the base of G5114 (τομώτερος);	the mouth (as if a gash in the face); by implication, language (and its relations); figuratively, an opening (in the earth); specially, the front or edge (of a weapon)	edge, face, mouth
G4751	στόμαχος	stómachos	from G4750 (στόμα);	an orifice (the gullet), i.e. (specially), the "stomach"	stomach
G4752	στρατεία	strateía	from G4754 (στρατεύομαι);	military service, i.e. (figuratively) the apostolic career (as one of hardship and danger)	warfare
G4753	στράτευμα	stráteuma	from G4754 (στρατεύομαι);	an armament, i.e. (by implication) a body of troops (more or less extensive or systematic)	army, soldier, man of war
G4754	στρατεύομαι	strateúomai	middle voice from the base of G4756 (στρατιά);	to serve in a military campaign; figuratively, to execute the apostolate (with its arduous duties and functions), to contend with carnal inclinations	soldier, (go to) war(-fare)
G4755	στρατηγός	stratēgós	from the base of G4756 (στρατιά) and G71 (ἄγω) or G2233 (ἡγέομαι);	a general, i.e. (by implication or analogy) a (military) governor (prætor), the chief (præfect) of the (Levitical) temple-wardens	captain, magistrate
G4756	στρατιά	stratiá	feminine of a derivative of (an army;	from the base of G4766 (στρώννυμι), as encamped); camp-likeness, i.e. an army, i.e. (figuratively) the angels, the celestial luminaries	host
G4757	στρατιώτης	stratiṓtēs	from a presumed derivative of the same as G4756 (στρατιά);	a camper-out, i.e. a (common) warrior (literally or figuratively)	soldier
G4758	στρατολογέω	stratologéō	from a compound of the base of G4756 (στρατιά) and G3004 (λέγω) (in its original sense);	to gather (or select) as a warrior, i.e. enlist in the army	choose to be a soldier
G4759	στρατοπεδάρχης	stratopedárchēs	from G4760 (στρατόπεδον) and G757 (ἄρχω);	a ruler of an army, i.e. (specially), a Prætorian præfect	captain of the guard
G4760	στρατόπεδον	stratópedon	from the base of G4756 (στρατιά) and the same as G3977 (πεδινός);	a camping-ground, i.e. (by implication) a body of troops	army
G4761	στρεβλόω	streblóō	from a derivative of G4762 (στρέφω);	to wrench, i.e. (specially), to torture (by the rack), but only figuratively, to pervert	wrest
G4762	στρέφω	stréphō	strengthened from the base of G5157 (τροπή);	to twist, i.e. turn quite around or reverse (literally or figuratively)	convert, turn (again, back again, self, self about)
G4763	στρηνιάω	strēniáō	from a presumed derivative of G4764 (στρῆνος);	to be luxurious	live deliciously
G4764	στρῆνος	strēnos	akin to G4731 (στερεός);	a "straining", "strenuousness" or "strength", i.e. (figuratively) luxury (voluptuousness)	delicacy
G4765	στρουθίον	strouthíon	diminutive of (a sparrow);	a little sparrow	sparrow
G4766	στρώννυμι	strṓnnymi	prolongation from a still simpler , (used only as an alternate in certain tenses) (probably akin to G4731 (στερεός) through the idea of positing);	to "strew," i.e. spread (as a carpet or couch)	make bed, furnish, spread, strew
G4767	στυγνητός	stygnētós	from a derivative of an obsolete apparently primary (to hate);	hated, i.e. odious	hateful
G4768	στυγνάζω	stygnázō	from the same as G4767 (στυγνητός);	to render gloomy, i.e. (by implication) glower (be overcast with clouds, or sombreness of speech)	lower, be sad
G4769	στῦλος	stŷlos	from (to stiffen;	properly akin to the base of G2476 (ἵστημι)); a post ("style"), i.e. (figuratively) support	pillar
G4770	Στωϊκός	Stōïkós	from G4745 (στοά);	a "Stoic" (as occupying a particular porch in Athens), i.e. adherent of a certin philosophy	Stoick
G4771	σύ	sý	the personal pronoun of the second person singular;	thou	thou
G4772	συγγένεια	syngéneia	from G4773 (συγγενής);	relationship, i.e. (concretely) relatives	kindred
G4773	συγγενής	syngenḗs	from G4862 (σύν) and G1085 (γένος);	a relative (by blood); by extension, a fellow countryman	cousin, kin(-sfolk, -sman)
G4774	συγγνώμη	syngnṓmē	from a compound of G4862 (σύν) and G1097 (γινώσκω);	fellow knowledge, i.e. concession	permission
G4775	συγκάθημαι	synkáthēmai	from G4862 (σύν) and G2521 (κάθημαι);	to seat oneself in company with	sit with
G4776	συγκαθίζω	synkathízō	from G4862 (σύν) and G2523 (καθίζω);	to give (or take) a seat in company with	(make) sit (down) together
G4777	συγκακοπαθέω	synkakopathéō	from G4862 (σύν) and G2553 (κακοπαθέω);	to suffer hardship in company with	be partaker of afflictions
G4778	συγκακουχέω	synkakouchéō	from G4862 (σύν) and G2558 (κακουχέω);	to maltreat in company with, i.e. (passively) endure persecution together	suffer affliction with
G4779	συγκαλέω	synkaléō	from G4862 (σύν) and G2564 (καλέω);	to convoke	call together
G4780	συγκαλύπτω	synkalýptō	from G4862 (σύν) and G2572 (καλύπτω);	to conceal altogether	cover
G4781	συγκάμπτω	synkámptō	from G4862 (σύν) and G2578 (κάμπτω);	to bend together, i.e. (figuratively) to afflict	bow down
G4782	συγκαταβαίνω	synkatabaínō	from G4862 (σύν) and G2597 (καταβαίνω);	to descend in company with	go down with
G4783	συγκατάθεσις	synkatáthesis	from G4784 (συγκατατίθεμαι);	a deposition (of sentiment) in company with, i.e. (figuratively) accord with	agreement
G4784	συγκατατίθεμαι	synkatatíthemai	middle from G4862 (σύν) and G2698 (κατατίθημι);	to deposit (one's vote or opinion) in company with, i.e. (figuratively) to accord with	consent
G4785	συγκαταψηφίζω	synkatapsēphízō	from G4862 (σύν) and a compound of G2596 (κατά) and G5585 (ψηφίζω);	to count down in company with, i.e. enroll among	number with
G4786	συγκεράννυμι	synkeránnymi	from G4862 (σύν) and G2767 (κεράννυμι);	to commingle, i.e. (figuratively) to combine or assimilate	mix with, temper together
G4787	συγκινέω	synkinéō	from G4682 (σπαράσσω) and G2795 (κινέω);	to move together, i.e. (specially), to excite as a mass (to sedition)	stir up
G4788	συγκλείω	synkleíō	from G4862 (σύν) and G2808 (κλείω);	to shut together, i.e. include or (figuratively) embrace in a common subjection to	conclude, inclose, shut up
G4789	συγκληρονόμος	synklēronómos	from G4862 (σύν) and G2818 (κληρονόμος);	a co-heir, i.e. (by analogy) participant in common	fellow (joint)-heir, heir together, heir with
G4790	συγκοινωνέω	synkoinōnéō	from G4862 (σύν) and G2841 (κοινωνέω);	to share in company with, i.e. co-participate in	communicate (have fellowship) with, be partaker of
G4791	συγκοινωνός	synkoinōnós	from G4862 (σύν) and G2844 (κοινωνός);	a co-participant	companion, partake(-r, -r with)
G4792	συγκομίζω	synkomízō	from G4862 (σύν) and G2865 (κομίζω);	to convey together, i.e. collect or bear away in company with others	carry
G4793	συγκρίνω	synkrínō	from G4862 (σύν) and G2919 (κρίνω);	to judge of one thing in connection with another, i.e. combine (spiritual ideas with appropriate expressions) or collate (one person with another by way of contrast or resemblance)	compare among (with)
G4794	συγκύπτω	synkýptō	from G4862 (σύν) and G2955 (κύπτω);	to stoop altogether, i.e. be completely overcome by	bow together
G4795	συγκυρία	synkyría	from a comparative of G4862 (σύν) and (to light or happen;	from the base of G2962 (κύριος)); concurrence, i.e. accident	chance
G4796	συγχαίρω	synchaírō	from G4862 (σύν) and G5463 (χαίρω);	to sympathize in gladness, congratulate	rejoice in (with)
G4797	συγχέω	synchéō	from G4862 (σύν) and (to pour) or its alternate;	to commingle promiscuously, i.e. (figuratively) to throw (an assembly) into disorder, to perplex (the mind)	confound, confuse, stir up, be in an uproar
G4798	συγχράομαι	synchráomai	from G4862 (σύν) and G5530 (χράομαι);	to use jointly, i.e. (by implication) to hold intercourse in common	have dealings with
G4799	σύγχυσις	sýnchysis	from G4797 (συγχέω);	commixture, i.e. (figuratively) riotous disturbance	confusion
G4800	συζάω	syzáō	from G4862 (σύν) and G2198 (ζάω);	to continue to live in common with, i.e. co-survive (literally or figuratively)	live with
G4801	συζεύγνυμι	syzeúgnymi	from G4862 (σύν) and the base of G2201 (ζεῦγος);	to yoke together, i.e. (figuratively) conjoin (in marriage)	join together
G4802	συζητέω	syzētéō	from G4862 (σύν) and G2212 (ζητέω);	to investigate jointly, i.e. discuss, controvert, cavil	dispute (with), enquire, question (with), reason (together)
G4803	συζήτησις	syzḗtēsis	from G4802 (συζητέω);	mutual questioning, i.e. discussion	disputation(-ting), reasoning
G4804	συζητητής	syzētētḗs	from G4802 (συζητέω);	a disputant, i.e. sophist	disputer
G4805	σύζυγος	sýzygos	from G4801 (συζεύγνυμι);	co-yoked, i.e. (figuratively) as noun, a colleague; probably rather as a proper name; Syzygus, a Christian	yokefellow
G4806	συζωοποιέω	syzōopoiéō	from G4862 (σύν) and G2227 (ζωοποιέω);	to reanimate conjointly with (figuratively)	quicken together with
G4807	συκάμινος	sykáminos	of Hebrew origin (H08256) in imitation of G4809 (συκομωραία);	a sycamore-fig tree	sycamine tree
G4808	συκῆ	sykē	from G4810 (σῦκον);	a fig-tree	fig tree
G4809	συκομωραία	sykomōraía	from G4810 (σῦκον) and (the mulberry);	the "sycamore"-fig tree	sycamore tree
G4810	σῦκον	sŷkon	apparently a primary word;	a fig	fig
G4811	συκοφαντέω	sykophantéō	from a compound of G4810 (σῦκον) and a derivative of G5316 (φαίνω);	to be a fig-informer (reporter of the law forbidding the exportation of figs from Greece), "sycophant", i.e. (genitive and by extension) to defraud (exact unlawfully, extort)	accuse falsely, take by false accusation
G4812	συλαγωγέω	sylagōgéō	from the base of G4813 (συλάω) and (the reduplicated form of) G71 (ἄγω);	to lead away as booty, i.e. (figuratively) seduce	spoil
G4813	συλάω	syláō	from a derivative of (to strip;	probably akin to G138 (αἱρέομαι); compare G4661 (σκῦλον)); to despoil	rob
G4814	συλλαλέω	syllaléō	from G4862 (σύν) and G2980 (λαλέω);	to talk together, i.e. converse	commune (confer, talk) with, speak among
G4815	συλλαμβάνω	syllambánō	from G4862 (σύν) and G2983 (λαμβάνω);	to clasp, i.e. seize (arrest, capture); specially, to conceive (literally or figuratively); by implication, to aid	catch, conceive, help, take
G4816	συλλέγω	syllégō	from G4862 (σύν) and G3004 (λέγω) in its original sense;	to collect	gather (together, up)
G4817	συλλογίζομαι	syllogízomai	from G4862 (σύν) and G3049 (λογίζομαι);	to reckon together (with oneself), i.e. deliberate	reason with
G4818	συλλυπέω	syllypéō	from G4862 (σύν) and G3076 (λυπέω);	to afflict jointly, i.e. (passive) sorrow at (on account of) someone	be grieved
G4819	συμβαίνω	symbaínō	from G4862 (σύν) and the base of G939 (βάσις);	to walk (figuratively, transpire) together, i.e. concur (take place)	be(-fall), happen (unto)
G4820	συμβάλλω	symbállō	from G4862 (σύν) and G906 (βάλλω);	to combine, i.e. (in speaking) to converse, consult, dispute, (mentally) to consider, (by implication) to aid, (personally) to join, attack	confer, encounter, help, make, meet with, ponder
G4821	συμβασιλεύω	symbasileúō	from G4862 (σύν) and G936 (βασιλεύω);	to be co-regent (figuratively)	reign with
G4822	συμβιβάζω	symbibázō	from G4862 (σύν) and (to force;	causative (by reduplication) of the base of G939 (βάσις)); to drive together, i.e. unite (in association or affection), (mentally) to infer, show, teach	compact, assuredly gather, intrust, knit together, prove
G4823	συμβουλεύω	symbouleúō	from G4862 (σύν) and G1011 (βουλεύω);	to give (or take) advice jointly, i.e. recommend, deliberate or determine	consult, (give, take) counsel (together)
G4824	συμβούλιον	symboúlion	neuter of a presumed derivative of G4825 (σύμβουλος);	advisement; specially, a deliberative body, i.e. the provincial assessors or lay-court	consultation, counsel, council
G4825	σύμβουλος	sýmboulos	from G4862 (σύν) and G1012 (βουλή);	a consultor, i.e. adviser	counsellor
G4826	Συμεών	Symeṓn	from the same as G4613 (Σίμων);	Symeon (i.e. Shimon), the name of five Israelites	Simeon, Simon
G4827	συμμαθητής	symmathētḗs	from a compound of G4862 (σύν) and G3129 (μανθάνω);	a co-learner (of Christianity)	fellow disciple
G4828	συμμαρτυρέω	symmartyréō	from G4862 (σύν) and G3140 (μαρτυρέω);	to testify jointly, i.e. corroborate by (concurrent) evidence	testify unto, (also) bear witness (with)
G4829	συμμερίζομαι	symmerízomai	middle voice from G4862 (σύν) and G3307 (μερίζω);	to share jointly, i.e. participate in	be partaker with
G4830	συμμέτοχος	symmétochos	from G4862 (σύν) and G3353 (μέτοχος);	a co-participant	partaker
G4831	συμμιμητής	symmimētḗs	from a presumed compound of G4862 (σύν) and G3401 (μιμέομαι);	a co-imitator, i.e. fellow votary	follower together
G4832	σύμμορφος	sýmmorphos	from G4862 (σύν) and G3444 (μορφή);	jointly formed, i.e. (figuratively) similar	conformed to, fashioned like unto
G4833	συμμορφόω	symmorphóō	from G4832 (σύμμορφος);	to render like, i.e. (figuratively) to assimilate	make conformable unto
G4834	συμπαθέω	sympathéō	from G4835 (συμπαθής);	to feel "sympathy" with, i.e. (by implication) to commiserate	have compassion, be touched with a feeling of
G4835	συμπαθής	sympathḗs	from G4841 (συμπάσχω);	having a fellow-feeling ("sympathetic"), i.e. (by implication) mutually commiserative	having compassion one of another
G4836	συμπαραγίνομαι	symparagínomai	from G4862 (σύν) and G3854 (παραγίνομαι);	to be present together, i.e. to convene; by implication, to appear in aid	come together, stand with
G4837	συμπαρακαλέω	symparakaléō	from G4862 (σύν) and G3870 (παρακαλέω);	to console jointly	comfort together
G4838	συμπαραλαμβάνω	symparalambánō	from G4862 (σύν) and G3880 (παραλαμβάνω);	to take along in company	take with
G4839	συμπαραμένω	symparaménō	from G4862 (σύν) and G3887 (παραμένω);	to remain in company, i.e. still live	continue with
G4840	συμπάρειμι	sympáreimi	from G4862 (σύν) and G3918 (πάρειμι);	to be at hand together, i.e. now present	be here present with
G4841	συμπάσχω	sympáschō	from G4862 (σύν) and G3958 (πάσχω) (including its alternate);	to experience pain jointly or of the same kind (specially, persecution; to "sympathize")	suffer with
G4842	συμπέμπω	sympémpō	from G4862 (σύν) and G3992 (πέμπω);	to despatch in company	send with
G4843	συμπεριλαμβάνω	symperilambánō	from G4862 (σύν) and a compound of G4012 (περί) and G2983 (λαμβάνω);	to take by enclosing altogether, i.e. earnestly throw the arms about one	embrace
G4844	συμπίνω	sympínō	from G4862 (σύν) and G4095 (πίνω);	to partake a beverage in company	drink with
G4845	συμπληρόω	symplēróō	from G4862 (σύν) and G4137 (πληρόω);	to implenish completely, i.e. (of space) to swamp (a boat), or (of time) to accomplish (passive, be complete)	(fully) come, fill up
G4846	συμπνίγω	sympnígō	from G4862 (σύν) and G4155 (πνίγω);	to strangle completely, i.e. (literally) to drown, or (figuratively) to crowd	choke, throng
G4847	συμπολίτης	sympolítēs	from G4862 (σύν) and G4177 (πολίτης);	a native of the same town, i.e. (figuratively) co-religionist (fellow-Christian)	fellow- citizen
G4848	συμπορεύομαι	symporeúomai	from G4862 (σύν) and G4198 (πορεύομαι);	to journey together; by implication, to assemble	go with, resort
G4849	συμπόσιον	sympósion	neuter of a derivative of the alternate of G4844 (συμπίνω);	a drinking-party ("symposium"), i.e. (by extension) a room of guests	company
G4850	συμπρεσβύτερος	sympresbýteros	from G4862 (σύν) and G4245 (πρεσβύτερος);	a co-presbyter	presbyter, also an elder
G4851	συμφέρω	symphérō	from G4862 (σύν) and G5342 (φέρω) (including its alternate);	to bear together (contribute), i.e. (literally) to collect, or (figuratively) to conduce; especially (neuter participle as a noun) advantage	be better for, bring together, be expedient (for), be good, (be) profit(-able for)
G4852	σύμφημι	sýmphēmi	from G4862 (σύν) and G5346 (φημί);	to say jointly, i.e. assent to	consent unto
G4853	συμφυλέτης	symphylétēs	from G4862 (σύν) and a derivative of G5443 (φυλή);	a co-tribesman, i.e. native of the same country	countryman
G4854	σύμφυτος	sýmphytos	from G4862 (σύν) and a derivative of G5453 (φύω);	grown along with (connate), i.e. (figuratively) closely united to	planted together
G4855	συμφύω	symphýō	from G4862 (σύν) and G5453 (φύω);	passive, to grow jointly	spring up with
G4856	συμφωνέω	symphōnéō	from G4859 (σύμφωνος);	to be harmonious, i.e. (figuratively) to accord (be suitable, concur) or stipulate (by compact)	agree (together, with)
G4857	συμφώνησις	symphṓnēsis	from G4856 (συμφωνέω);	accordance	concord
G4858	συμφωνία	symphōnía	from G4859 (σύμφωνος);	unison of sound ("symphony"), i.e. a concert of instruments (harmonious note)	music
G4859	σύμφωνος	sýmphōnos	from G4862 (σύν) and G5456 (φωνή);	sounding together (alike), i.e. (figuratively) accordant (neuter as noun, agreement)	consent
G4860	συμψηφίζω	sympsēphízō	from G4862 (σύν) and G5585 (ψηφίζω);	to compute jointly	reckon
G4861	σύμψυχος	sýmpsychos	from G4862 (σύν) and G5590 (ψυχή);	co-spirited, i.e. similar in sentiment	like-minded
G4862	σύν	sýn	a primary preposition denoting union;	with or together (but much closer than G3326 (μετά) or G3844 (παρά)), i.e. by association, companionship, process, resemblance, possession, instrumentality, addition, etc.	beside, with
G4863	συνάγω	synágō	from G4862 (σύν) and G71 (ἄγω);	to lead together, i.e. collect or convene; specially, to entertain (hospitably)	+ accompany, assemble (selves, together), bestow, come together, gather (selves together, up, together), lead into, resort, take in
G4864	συναγωγή	synagōgḗ	from (the reduplicated form of) G4863 (συνάγω);	an assemblage of persons; specially, a Jewish "synagogue" (the meeting or the place); by analogy, a Christian church	assembly, congregation, synagogue
G4865	συναγωνίζομαι	synagōnízomai	from G4862 (σύν) and G75 (ἀγωνίζομαι);	to struggle in company with, i.e. (figuratively) to be a partner (assistant)	strive together with
G4866	συναθλέω	synathléō	from G4862 (σύν) and G118 (ἀθλέω);	to wrestle in company with, i.e. (figuratively) to seek jointly	labour with, strive together for
G4867	συναθροίζω	synathroízō	from G4862 (σύν) and (to hoard);	to convene	call (gather) together
G4868	συναίρω	synaírō	from G4862 (σύν) and G142 (αἴρω);	to make up together, i.e. (figuratively) to compute (an account)	reckon, take
G4869	συναιχμάλωτος	synaichmálōtos	from G4862 (σύν) and G164 (αἰχμάλωτος);	a co-captive	fellowprisoner
G4870	συνακολουθέω	synakolouthéō	from G4862 (σύν) and G190 (ἀκολουθέω);	to accompany	follow
G4871	συναλίζω	synalízō	from G4862 (σύν) and (to throng);	to accumulate, i.e. convene	assemble together
G4872	συναναβαίνω	synanabaínō	from G4862 (σύν) and G305 (ἀναβαίνω);	to ascend in company with	come up with
G4873	συνανάκειμαι	synanákeimai	from G4862 (σύν) and G345 (ἀνακεῖμαι);	to recline in company with (at a meal)	sit (down, at the table, together) with (at meat)
G4874	συναναμίγνυμι	synanamígnymi	from G4862 (σύν) and a compound of G303 (ἀνά) and G3396 (μίγνυμι);	to mix up together, i.e. (figurative) associate with	(have, keep) company (with)
G4875	συναναπαύομαι	synanapaúomai	middle from G4862 (σύν) and G373 (ἀναπαύω);	to recruit oneself in company with	refresh with
G4876	συναντάω	synantáō	from G4862 (σύν) and a derivative of G473 (ἀντί);	to meet with; figuratively, to occur	befall, meet
G4877	συνάντησις	synántēsis	from G4876 (συναντάω);	a meeting with	meet
G4878	συναντιλαμβάνομαι	synantilambánomai	from G4862 (σύν) and G482 (ἀντιλαμβάνομαι);	to take hold of opposite together, i.e. co-operate (assist)	help
G4879	συναπάγω	synapágō	from G4862 (σύν) and G520 (ἀπάγω);	to take off together, i.e. transport with (seduce, passively, yield)	carry (lead) away with, condescend
G4880	συναποθνήσκω	synapothnḗskō	from G4862 (σύν) and G599 (ἀποθνήσκω);	to decease (literally) in company with, or (figuratively), similarly to	be dead (die) with
G4881	συναπόλλυμι	synapóllymi	from G4862 (σύν) and G622 (ἀπόλλυμι);	to destroy (middle voice or passively, be slain) in company with	perish with
G4882	συναποστέλλω	synapostéllō	from G4862 (σύν) and G649 (ἀποστέλλω);	to despatch (on an errand) in company with	send with
G4883	συναρμολογέω	synarmologéō	from G4862 (σύν) and a derivative of a compound of G719 (ἁρμός) and G3004 (λέγω) (in its original sense of laying);	to render close-jointed together, i.e. organize compactly	be fitly framed (joined) together
G4884	συναρπάζω	synarpázō	from G4862 (σύν) and G726 (ἁρπάζω);	to snatch together, i.e. seize	catch
G4885	συναυξάνω	synauxánō	from G4862 (σύν) and G837 (αὐξάνω);	to increase (grow up) together	grow together
G4886	σύνδεσμος	sýndesmos	from G4862 (σύν) and G1199 (δεσμόν);	a joint tie, i.e. ligament, (figuratively) uniting principle, control	band, bond
G4887	συνδέω	syndéō	from G4862 (σύν) and G1210 (δέω);	to bind with, i.e. (passively) be a fellow-prisoner (figuratively)	be bound with
G4888	συνδοξάζω	syndoxázō	from G4862 (σύν) and G1392 (δοξάζω);	to exalt to dignity in company (i.e. similarly) with	glorify together
G4889	σύνδουλος	sýndoulos	from G4862 (σύν) and G1401 (δοῦλος);	a co-slave, i.e. servitor or ministrant of the same master (human or divine)	fellowservant
G4890	συνδρομή	syndromḗ	from (the alternate of) G4936 (συντρέχω);	a running together, i.e. (riotous) concourse	run together
G4891	συνεγείρω	synegeírō	from G4862 (σύν) and G1453 (ἐγείρω);	to rouse (from death) in company with, i.e. (figuratively) to revivify (spirtually) in resemblance to	raise up together, rise with
G4892	συνέδριον	synédrion	neuter of a presumed derivative of a compound of G4862 (σύν) and the base of G1476 (ἑδραῖος);	a joint session, i.e. (specially), the Jewish Sanhedrin; by analogy, a subordinate tribunal	council
G4893	συνείδησις	syneídēsis	from a prolonged form of G4894 (συνείδω);	co-perception, i.e. moral consciousness	conscience
G4894	συνείδω	syneídō	from G4862 (σύν) and G1492 (εἴδω);	to see completely; used (like its primary) only in two past tenses, respectively meaning to understand or become aware, and to be conscious or (clandestinely) informed of	consider, know, be privy, be ware of
G4895	σύνειμι	sýneimi	from G4862 (σύν) and G1510 (εἰμί) (including its various inflections);	to be in company with, i.e. present at the time	be with
G4896	σύνειμι	sýneimi	from G4862 (σύν) and (to go);	to assemble	gather together
G4897	συνεισέρχομαι	syneisérchomai	from G4862 (σύν) and G1525 (εἰσέρχομαι);	to enter in company with	go in with, go with into
G4898	συνέκδημος	synékdēmos	from G4862 (σύν) and the base of G1553 (ἐκδημέω);	a co-absentee from home, i.e. fellow-traveller	companion in travel, travel with
G4899	συνεκλεκτός	syneklektós	from a compound of G4862 (σύν) and G1586 (ἐκλέγομαι);	chosen in company with, i.e. co-elect (fellow Christian)	elected together with
G4900	συνελαύνω	synelaúnō	from G4862 (σύν) and G1643 (ἐλαύνω);	to drive together, i.e. (figuratively) exhort (to reconciliation)	+ set at one again
G4901	συνεπιμαρτυρέω	synepimartyréō	from G4862 (σύν) and G1957 (ἐπιμαρτυρέω);	to testify further jointly, i.e. unite in adding evidence	also bear witness
G4902	συνέπομαι	synépomai	middle voice from G4862 (σύν) and a primary (to follow);	to attend (travel) in company with	accompany
G4903	συνεργέω	synergéō	from G4904 (συνεργός);	to be a fellow-worker, i.e. co-operate	help (work) with, work(-er) together
G4904	συνεργός	synergós	from a presumed compound of G4862 (σύν) and the base of G2041 (ἔργον);	a co-laborer, i.e. coadjutor	companion in labour, (fellow-)helper(-labourer, -worker), labourer together with, workfellow
G4905	συνέρχομαι	synérchomai	from G4862 (σύν) and G2064 (ἔρχομαι);	to convene, depart in company with, associate with, or (specially), cohabit (conjugally)	accompany, assemble (with), come (together), come (company, go) with, resort
G4906	συνεσθίω	synesthíō	from G4862 (σύν) and G2068 (ἐσθίω) (including its alternate);	to take food in company with	eat with
G4907	σύνεσις	sýnesis	from G4920 (συνίημι);	a mental putting together, i.e. intelligence or (concretely) the intellect	knowledge, understanding
G4908	συνετός	synetós	from G4920 (συνίημι);	mentally put (or putting) together, i.e. sagacious	prudent
G4909	συνευδοκέω	syneudokéō	from G4862 (σύν) and G2106 (εὐδοκέω);	to think well of in common, i.e. assent to, feel gratified with	allow, assent, be pleased, have pleasure
G4910	συνευωχέω	syneuōchéō	from G4862 (σύν) and a derivative of a presumed compound of G2095 (εὖ) and a derivative of G2192 (ἔχω) (meaning to be in good condition, i.e. (by implication) to fare well, or feast);	to entertain sumptuously in company with, i.e. (middle voice or passive) to revel together	feast with
G4911	συνεφίστημι	synephístēmi	from G4862 (σύν) and G2186 (ἐφίστημι);	to stand up together, i.e. to resist (or assault) jointly	rise up together
G4912	συνέχω	synéchō	from G4862 (σύν) and G2192 (ἔχω);	to hold together, i.e. to compress (the ears, with a crowd or siege) or arrest (a prisoner); figuratively, to compel, perplex, afflict, preoccupy	constrain, hold, keep in, press, lie sick of, stop, be in a strait, straiten, be taken with, throng
G4913	συνήδομαι	synḗdomai	middle voice from G4862 (σύν) and the base of G2237 (ἡδονή);	to rejoice in with oneself, i.e. feel satisfaction concerning	delight
G4914	συνήθεια	synḗtheia	from a compound of G4862 (σύν) and G2239 (ἦθος);	mutual habituation, i.e. usage	custom
G4915	συνηλικιώτης	synēlikiṓtēs	from G4862 (σύν) and a derivative of G2244 (ἡλικία);	a co-aged person, i.e. alike in years	equal
G4916	συνθάπτω	syntháptō	from G4862 (σύν) and G2290 (θάπτω);	to inter in company with, i.e. (figuratively) to assimilate spiritually (to Christ by a sepulture as to sin)	bury with
G4917	συνθλάω	synthláō	from G4862 (σύν) and thlao (to crush);	to dash together, i.e. shatter	break
G4918	συνθλίβω	synthlíbō	from G4862 (σύν) and G2346 (θλίβω);	to compress, i.e. crowd on all sides	throng
G4919	συνθρύπτω	synthrýptō	from G4862 (σύν) and (to crumble);	to crush together, i.e. (figuratively) to dispirit	break
G4920	συνίημι	syníēmi	from G4862 (σύν) and (to send);	to put together, i.e. (mentally) to comprehend; by implication, to act piously	consider, understand, be wise
G4921	συνιστάω	synistáō	from G4862 (σύν) and G2476 (ἵστημι) (including its collateral forms);	to set together, i.e. (by implication) to introduce (favorably), or (figuratively) to exhibit; intransitively, to stand near, or (figuratively) to constitute	approve, commend, consist, make, stand (with)
G4922	συνοδεύω	synodeúō	from G4862 (σύν) and G3593 (ὁδεύω);	to travel in company with	journey with
G4923	συνοδία	synodía	from a compound of G4862 (σύν) and G3598 (ὁδός) ("synod");	companionship on a journey, i.e. (by implication), a caravan	company
G4924	συνοικέω	synoikéō	from G4862 (σύν) and G3611 (οἰκέω);	to reside together (as a family)	dwell together
G4925	συνοικοδομέω	synoikodoméō	from G4862 (σύν) and G3618 (οἰκοδομέω);	to construct, i.e. (passively) to compose (in company with other Christians, figuratively)	build together
G4926	συνομιλέω	synomiléō	from G4862 (σύν) and G3656 (ὁμιλέω);	to converse mutually	talk with
G4927	συνομορέω	synomoréō	from G4862 (σύν) and a derivative of a compound of the base of 3674 and the base of G3725 (ὅριον);	to border together, i.e. adjoin	join hard
G4928	συνοχή	synochḗ	from G4912 (συνέχω);	restraint, i.e. (figuratively) anxiety	anguish, distress
G4929	συντάσσω	syntássō	from G4862 (σύν) and G5021 (τάσσω);	to arrange jointly, i.e. (figuratively) to direct	appoint
G4930	συντέλεια	syntéleia	from G4931 (συντελέω);	entire completion, i.e. consummation (of a dispensation)	end
G4931	συντελέω	synteléō	from G4862 (σύν) and G5055 (τελέω);	to complete entirely; generally, to execute (literally or figuratively)	end, finish, fulfil, make
G4932	συντέμνω	syntémnō	from G4862 (σύν) and the base of G5114 (τομώτερος);	to contract by cutting, i.e. (figuratively) do concisely (speedily)	(cut) short
G4933	συντηρέω	syntēréō	from G4862 (σύν) and G5083 (τηρέω);	to keep closely together, i.e. (by implication) to conserve (from ruin); mentally, to remember (and obey)	keep, observe, preserve
G4934	συντίθεμαι	syntíthemai	middle voice from G4862 (σύν) and G5087 (τίθημι);	to place jointly, i.e. (figuratively) to consent (bargain, stipulate), concur	agree, assent, covenant
G4935	συντόμως	syntómōs	adverb from a derivative of G4932 (συντέμνω);	concisely (briefly)	a few words
G4936	συντρέχω	syntréchō	from G4862 (σύν) and G5143 (τρέχω) (including its alternate);	to rush together (hastily assemble) or headlong (figuratively)	run (together, with)
G4937	συντρίβω	syntríbō	from G4862 (σύν) and the base of G5147 (τρίβος);	to crush completely, i.e. to shatter (literally or figuratively)	break (in pieces), broken to shivers (+ -hearted), bruise
G4938	σύντριμμα	sýntrimma	from G4937 (συντρίβω);	concussion or utter fracture (properly, concretely), i.e. complete ruin	destruction
G4939	σύντροφος	sýntrophos	from G4862 (σύν) and G5162 (τροφός) (in a passive sense);	a fellow-nursling, i.e. comrade	brought up with
G4940	συντυγχάνω	syntynchánō	from G4862 (σύν) and G5177 (τυγχάνω);	to chance together, i.e. meet with (reach)	come at
G4941	Συντύχη	Syntýchē	from G4940 (συντυγχάνω);	an accident; Syntyche, a Christian female	Syntyche
G4942	συνυποκρίνομαι	synypokrínomai	from G4862 (σύν) and G5271 (ὑποκρίνομαι);	to act hypocritically in concert with	dissemble with
G4943	συνυπουργέω	synypourgéō	from G4862 (σύν) and a derivative of a compound of G5259 (ὑπό) and the base of G2041 (ἔργον);	to be a co-auxiliary, i.e. assist	help together
G4944	συνωδίνω	synōdínō	from G4862 (σύν) and G5605 (ὠδίνω);	to have (parturition) pangs in company (concert, simultaneously) with, i.e. (figuratively) to sympathize (in expectation of relief from suffering)	travail in pain together
G4945	συνωμοσία	synōmosía	from a compound of G4862 (σύν) and G3660 (ὀμνύω);	a swearing together, i.e. (by implication) a plot	comspiracy
G4946	Συράκουσαι	Syrákousai	plural of uncertain derivation;	Syracuse, the capital of Sicily	Syracuse
G4947	Συρία	Syría	probably of Hebrew origin (H06865);	Syria (i.e. Tsyria or Tyre), a region of Asia	Syria
G4948	Σύρος	Sýros	from the same as G4947 (Συρία);	a Syran (i.e. probably Tyrian), a native of Syria	Syrian
G4949	Συροφοίνισσα	Syrophoínissa	feminine of a compound of G4948 (Σύρος) and the same as G5403 (Φοινίκη);	a Syro-phœnician woman, i.e. a female native of Phœnicia in Syria	Syrophenician
G4950	σύρτις	sýrtis	from G4951 (σύρω);	a shoal (from the sand drawn thither by the waves), i.e. the Syrtis Major or great bay on the north coast of Africa	quicksands
G4951	σύρω	sýrō	probably akin to G138 (αἱρέομαι);	to trail	drag, draw, hale
G4952	συσπαράσσω	sysparássō	from G4862 (σύν) and G4682 (σπαράσσω);	to rend completely, i.e. (by analogy) to convulse violently	throw down
G4953	σύσσημον	sýssēmon	neuter of a compound of G4862 (σύν) and the base of G4591 (σημαίνω);	a sign in common, i.e. preconcerted signal	token
G4954	σύσσωμος	sýssōmos	from G4862 (σύν) and G4983 (σῶμα);	of a joint body, i.e. (figuratively) a fellow-member of the Christian community	of the same body
G4955	συστασιαστής	systasiastḗs	from a compound of G4862 (σύν) and a derivative of G4714 (στάσις);	a fellow-insurgent	make insurrection with
G4956	συστατικός	systatikós	from a derivative of G4921 (συνιστάω);	introductory, i.e. recommendatory	of commendation
G4957	συσταυρόω	systauróō	from G4862 (σύν) and G4717 (σταυρόω);	to impale in company with (literally or figuratively)	crucify with
G4958	συστέλλω	systéllō	from G4862 (σύν) and G4724 (στέλλω);	to send (draw) together, i.e. enwrap (enshroud a corpse for burial), contract (an interval)	short, wind up
G4959	συστενάζω	systenázō	from G4862 (σύν) and G4727 (στενάζω);	to moan jointly, i.e. (figuratively) experience a common calamity	groan together
G4960	συστοιχέω	systoichéō	from G4862 (σύν) and G4748 (στοιχέω);	to file together (as soldiers in ranks), i.e. (figuratively) to correspond to	answer to
G4961	συστρατιώτης	systratiṓtēs	from G4862 (σύν) and G4757 (στρατιώτης);	a co-campaigner, i.e. (figuratively) an associate in Christian toil	fellowsoldier
G4962	συστρέφω	systréphō	from G4862 (σύν) and G4762 (στρέφω);	to twist together, i.e. collect (a bundle, a crowd)	gather
G4963	συστροφή	systrophḗ	from G4962 (συστρέφω);	a twisting together, i.e. (figuratively) a secret coalition, riotous crowd	+ band together, concourse
G4964	συσχηματίζω	syschēmatízō	from G4862 (σύν) and a derivative of G4976 (σχῆμα);	to fashion alike, i.e. conform to the same pattern (figuratively)	conform to, fashion self according to
G4965	Συχάρ	Sychár	of Hebrew origin (H07941);	Sychar (i.e. Shekar), a place in Palestine	Sychar
G4966	Συχέμ	Sychém	of Hebrew origin (H07927);	Sychem (i.e. Shekem), the name of a Canaanite and of a place in Palestine	Sychem
G4967	σφαγή	sphagḗ	from G4969 (σφάζω);	butchery (of animals for food or sacrifice, or (figuratively) of men (destruction))	slaughter
G4968	σφάγιον	sphágion	neuter of a derivative of G4967 (σφαγή);	a victim (in sacrifice)	slain beast
G4969	σφάζω	spházō	a primary verb;	to butcher (especially an animal for food or in sacrifice) or (generally) to slaughter, or (specially), to maim (violently)	kill, slay, wound
G4970	σφόδρα	sphódra	neuter plural of (violent;	of uncertain derivation) as adverb; vehemently, i.e. in a high degree, much	exceeding(-ly), greatly, sore, very
G4971	σφοδρῶς	sphodrōs	adverb from the same as G4970 (σφόδρα);	very much	exceedingly
G4972	σφραγίζω	sphragízō	from G4973 (σφραγίς);	to stamp (with a signet or private mark) for security or preservation (literally or figuratively); by implication, to keep secret, to attest	(set a, set to) seal up, stop
G4973	σφραγίς	sphragís	probably strengthened from G5420 (φράσσω);	a signet (as fencing in or protecting from misappropriation); by implication, the stamp impressed (as a mark of privacy, or genuineness), literally or figuratively	seal
G4974	σφυρόν	sphyrón	neuter of a presumed derivative probably of the same as (a ball, "sphere";	compare the feminine , a hammer); the ankle (as globular)	ancle bone
G4975	σχεδόν	schedón	neuter of a presumed derivative of the alternate of G2192 (ἔχω) as adverb;	nigh, i.e. nearly	almost
G4976	σχῆμα	schēma	from the alternate of G2192 (ἔχω);	a figure (as a mode or circumstance), i.e. (by implication) external condition	fashion
G4977	σχίζω	schízō	apparently a primary verb;	to split or sever (literally or figuratively)	break, divide, open, rend, make a rent
G4978	σχίσμα	schísma	from G4977 (σχίζω);	a split or gap ("schism"), literally or figuratively	division, rent, schism
G4979	σχοινίον	schoiníon	diminutive of (a rush or flag-plant;	of uncertain derivation); a rushlet, i.e. grass-withe or tie (generally)	small cord, rope
G4980	σχολάζω	scholázō	from G4981 (σχολή);	to take a holiday, i.e. be at leisure for (by implication, devote oneself wholly to); figuratively, to be vacant (of a house)	empty, give self
G4981	σχολή	scholḗ	probably feminine of a presumed derivative of the alternate of G2192 (ἔχω);	properly, loitering (as a withholding of oneself from work) or leisure, i.e. (by implication) a "school" (as vacation from physical employment)	school
G4982	σώζω	sṓzō	from a primary (contraction for obsolete , "safe");	to save, i.e. deliver or protect (literally or figuratively)	heal, preserve, save (self), do well, be (make) whole
G4983	σῶμα	sōma	from G4982 (σώζω);	the body (as a sound whole), used in a very wide application, literally or figuratively	bodily, body, slave
G4984	σωματικός	sōmatikós	from G4983 (σῶμα);	corporeal or physical	bodily
G4985	σωματικῶς	sōmatikōs	adverb from G4984 (σωματικός);	corporeally or physically	bodily
G4986	Σώπατρος	Sṓpatros	from the base of G4982 (σώζω) and G3962 (πατήρ);	of a safe father; Sopatrus, a Christian	Sopater
G4987	σωρεύω	sōreúō	from another form of G4673 (σορός);	to pile up (literally or figuratively)	heap, load
G4988	Σωσθένης	Sōsthénēs	from the base of G4982 (σώζω) and that of G4599 (σθενόω);	of safe strength; Sosthenes, a Christian	Sosthenes
G4989	Σωσίπατρος	Sōsípatros	prolongation for G4986 (Σώπατρος);	Sosipatrus, a Christian	Sosipater
G4990	σωτήρ	sōtḗr	from G4982 (σώζω);	a deliverer, i.e. God or Christ	saviour
G4991	σωτηρία	sōtēría	feminine of a derivative of G4990 (σωτήρ) as (properly, abstract) noun;	rescue or safety (physically or morally)	deliver, health, salvation, save, saving
G4992	σωτήριον	sōtḗrion	neuter of the same as G4991 (σωτηρία) as (properly, concretely) noun;	defender or (by implication) defence	salvation
G4993	σωφρονέω	sōphronéō	from G4998 (σώφρων);	to be of sound mind, i.e. sane, (figuratively) moderate	be in right mind, be sober (minded), soberly
G4994	σωφρονίζω	sōphronízō	from G4998 (σώφρων);	to make of sound mind, i.e. (figuratively) to discipline or correct	teach to be sober
G4995	σωφρονισμός	sōphronismós	from G4994 (σωφρονίζω);	discipline, i.e. self-control	sound mind
G4996	σωφρόνως	sōphrónōs	adverb from G4998 (σώφρων);	with sound mind, i.e. moderately	soberly
G4997	σωφροσύνη	sōphrosýnē	from G4998 (σώφρων);	soundness of mind, i.e. (literally) sanity or (figuratively) self-control	soberness, sobriety
G4998	σώφρων	sṓphrōn	from the base of G4982 (σώζω) and that of G5424 (φρήν);	safe (sound) in mind, i.e. self-controlled (moderate as to opinion or passion)	discreet, sober, temperate
G4999	Ταβέρναι	Tabérnai	plural of Latin origin;	huts or wooden-walled buildings; Tabernæ	taverns
G5000	Ταβιθά	Tabithá	of Chaldee origin (compare H06646);	the gazelle; Tabitha (i.e. Tabjetha), a Christian female	Tabitha
G5001	τάγμα	tágma	from G5021 (τάσσω);	something orderly in arrangement (a troop), i.e. (figuratively) a series or succession	order
G5002	τακτός	taktós	from G5021 (τάσσω);	arranged, i.e. appointed or stated	set
G5003	ταλαιπωρέω	talaipōréō	from G5005 (ταλαίπωρος);	to be wretched, i.e. realize one's own misery	be afflicted
G5004	ταλαιπωρία	talaipōría	from G5005 (ταλαίπωρος);	wretchedness, i.e. calamity	misery
G5005	ταλαίπωρος	talaípōros	from the base of G5007 (τάλαντον) and a derivative of the base of G3984 (πεῖρα);	enduring trial, i.e. miserable	wretched
G5006	ταλαντιαῖος	talantiaîos	from G5007 (τάλαντον);	talent-like in weight	weight of a talent
G5007	τάλαντον	tálanton	neuter of a presumed derivative of the original form of (to bear;	equivalent to G5342 (φέρω)); a balance (as supporting weights), i.e. (by implication) a certain weight (and thence a coin or rather sum of money) or "talent"	talent
G5008	ταλιθά	talithá	of Chaldee origin (compare H02924);	the fresh, i.e. young girl; talitha (O maiden)	talitha
G5009	ταμεῖον	tameîon	neuter contraction of a presumed derivative of (a dispenser or distributor;	akin to , to cut); a dispensary or magazine, i.e. a chamber on the ground-floor or interior of an Oriental house (generally used for storage or privacy, a spot for retirement)	secret chamber, closet, storehouse
G5010	τάξις	táxis	from G5021 (τάσσω);	regular arrangement, i.e. (in time) fixed succession (of rank or character), official dignity	order
G5011	ταπεινός	tapeinós	of uncertain derivation;	depressed, i.e. (figuratively) humiliated (in circumstances or disposition)	base, cast down, humble, of low degree (estate), lowly
G5012	ταπεινοφροσύνη	tapeinophrosýnē	from a compound of G5011 (ταπεινός) and the base of G5424 (φρήν);	humiliation of mind, i.e. modesty	humbleness of mind, humility (of mind, loneliness (of mind)
G5013	ταπεινόω	tapeinóō	from G5011 (ταπεινός);	to depress; figuratively, to humiliate (in condition or heart)	abase, bring low, humble (self)
G5014	ταπείνωσις	tapeínōsis	from G5013 (ταπεινόω);	depression (in rank or feeling)	humiliation, be made low, low estate, vile
G5015	ταράσσω	tarássō	of uncertain affinity;	to stir or agitate (roil water)	trouble
G5016	ταραχή	tarachḗ	feminine from G5015 (ταράσσω);	disturbance, i.e. (of water) roiling, or (of a mob) sedition	trouble(-ing)
G5017	τάραχος	tárachos	masculine from G5015 (ταράσσω);	a disturbance, i.e. (popular) tumult	stir
G5018	Ταρσεύς	Tarseús	from G5019 (Ταρσός);	a Tarsean, i.e. native of Tarsus	of Tarsus
G5019	Ταρσός	Tarsós	perhaps the same as (a flat basket);	Tarsus, a place in Asia Minor	Tarsus
G5020	ταρταρόω	tartaróō	from (the deepest abyss of Hades);	to incarcerate in eternal torment	cast down to hell
G5021	τάσσω	tássō	a prolonged form of a primary verb (which latter appears only in certain tenses);	to arrange in an orderly manner, i.e. assign or dispose (to a certain position or lot)	addict, appoint, determine, ordain, set
G5022	ταῦρος	taûros	apparently a primary word (compare H08450, "steer");	a bullock	bull, ox
G5023	ταῦτα	taûta	nominative or accusative case neuter plural of G3778 (οὗτος);	these things	+ afterward, follow, + hereafter, X him, the same, so, such, that, then, these, they, this, those, thus
G5024	ταὐτά	tautá	neuter plural of G3588 (ὁ) and G846 (αὐτός) as adverb;	in the same way	even thus, (manner) like, so
G5025	ταύταις	taútais	dative case and accusative case feminine plural respectively of G3778 (οὗτος);	(to or with or by, etc.) these	hence, that, then, these, those
G5026	ταύτῃ	taútēi	dative case, accusative case and genitive case respectively of the feminine singular of G3778 (οὗτος);	(towards or of) this	her, + hereof, it, that, + thereby, the (same), this (same)
G5027	ταφή	taphḗ	feminine from G2290 (θάπτω);	burial (the act)	X bury
G5028	τάφος	táphos	masculine from G2290 (θάπτω);	a grave (the place of interment)	sepulchre, tomb
G5029	τάχα	tácha	as if neuter plural of G5036 (ταχύς) (adverbially);	shortly, i.e. (figuratively) possibly	peradventure(-haps)
G5030	ταχέως	tachéōs	adverb from G5036 (ταχύς);	briefly, i.e. (in time) speedily, or (in manner) rapidly	hastily, quickly, shortly, soon, suddenly
G5031	ταχινός	tachinós	from G5034 (τάχος);	curt, i.e. impending	shortly, swift
G5032	τάχιον	táchion	neuter singular of the comparative of G5036 (ταχύς) (as adverb);	more swiftly, i.e. (in manner) more rapidly, or (in time) more speedily	out (run), quickly, shortly, sooner
G5033	τάχιστα	táchista	neuter plural of the superlative of G5036 (ταχύς) (as adverb);	most quickly, i.e. (with G5613 (ὡς) prefixed) as soon as possible	+ with all speed
G5034	τάχος	táchos	from the same as G5036 (ταχύς);	a brief space (of time), i.e. (with G1722 (ἐν) prefixed) in haste	+ quickly, + shortly, + speedily
G5035	ταχύ	tachý	neuter singular of G5036 (ταχύς) (as adverb);	shortly, i.e. without delay, soon, or (by surprise) suddenly, or (by implication, of ease) readily	lightly, quickly
G5036	ταχύς	tachýs	of uncertain affinity;	fleet, i.e. (figuratively) prompt or ready	swift
G5037	τέ	té	a primary particle (enclitic) of connection or addition;	both or also (properly, as correlation of G2532 (καί))	also, and, both, even, then, whether
G5038	τεῖχος	teîchos	akin to the base of G5088 (τίκτω);	a wall (as formative of a house)	wall
G5039	τεκμήριον	tekmḗrion	neuter of a presumed derivative of (a goal or fixed limit);	a token (as defining a fact), i.e. criterion of certainty	infallible proof
G5040	τεκνίον	tekníon	diminutive of G5043 (τέκνον);	an infant, i.e. (plural figuratively) darlings (Christian converts)	little children
G5041	τεκνογονέω	teknogonéō	from a compound of G5043 (τέκνον) and the base of G1096 (γίνομαι);	to be a child-bearer, i.e. parent (mother)	bear children
G5042	τεκνογονία	teknogonía	from the same as G5041 (τεκνογονέω);	childbirth (parentage), i.e. (by implication) maternity (the performance of maternal duties)	childbearing
G5043	τέκνον	téknon	from the base of G5098 (τιμωρία);	a child (as produced)	child, daughter, son
G5044	τεκνοτροφέω	teknotrophéō	from a compound of G5043 (τέκνον) and G5142 (τρέφω);	to be a childrearer, i.e. fulfil the duties of a female parent	bring up children
G5045	τέκτων	téktōn	from the base of G5098 (τιμωρία);	an artificer (as producer of fabrics), i.e. (specially), a craftsman in wood	carpenter
G5046	τέλειος	téleios	from G5056 (τέλος);	complete (in various applications of labor, growth, mental and moral character, etc.); neuter (as noun, with G3588 (ὁ)) completeness	of full age, man, perfect
G5047	τελειότης	teleiótēs	from G5046 (τέλειος);	(the state) completeness (mentally or morally)	perfection(-ness)
G5048	τελειόω	teleióō	from G5046 (τέλειος);	to complete, i.e. (literally) accomplish, or (figuratively) consummate (in character)	consecrate, finish, fulfil, make) perfect
G5049	τελείως	teleíōs	adverb from G5046 (τέλειος);	completely, i.e. (of hope) without wavering	to the end
G5050	τελείωσις	teleíōsis	from G5448 (φυσιόω);	(the act) completion, i.e. (of prophecy) verification, or (of expiation) absolution	perfection, performance
G5051	τελειωτής	teleiōtḗs	from G5048 (τελειόω);	a completer, i.e. consummater	finisher
G5052	τελεσφορέω	telesphoréō	from a compound of G5056 (τέλος) and G5342 (φέρω);	to be a bearer to completion (maturity), i.e. to ripen fruit (figuratively)	bring fruit to perfection
G5053	τελευτάω	teleutáō	from a presumed derivative of G5055 (τελέω);	to finish life (by implication, of G979 (βίος)), i.e. expire (demise)	be dead, decease, die
G5054	τελευτή	teleutḗ	from G5053 (τελευτάω);	decease	death
G5055	τελέω	teléō	from G5056 (τέλος);	to end, i.e. complete, execute, conclude, discharge (a debt)	accomplish, make an end, expire, fill up, finish, go over, pay, perform
G5056	τέλος	télos	from a primary (to set out for a definite point or goal);	properly, the point aimed at as a limit, i.e. (by implication) the conclusion of an act or state (termination (literally, figuratively or indefinitely), result (immediate, ultimate or prophetic), purpose); specially, an impost or levy (as paid)	+ continual, custom, end(-ing), finally, uttermost
G5057	τελώνης	telṓnēs	from G5056 (τέλος) and G5608 (ὠνέομαι);	a tax-farmer, i.e. collector of public revenue	publican
G5058	τελώνιον	telṓnion	neuter of a presumed derivative of G5057 (τελώνης);	a tax-gatherer's place of business	receipt of custom
G5059	τέρας	téras	of uncertain affinity;	a prodigy or omen	wonder
G5060	Τέρτιος	Tértios	of Latin origin;	third; Tertius, a Christian	Tertius
G5061	Τέρτυλλος	Tértyllos	of uncertain derivation;	Tertullus, a Roman	Tertullus
G5062	τεσσαράκοντα	tessarákonta	the decade of G5064 (τέσσαρες);	forty	forty
G5063	τεσσαρακονταετής	tessarakontaetḗs	from G5062 (τεσσαράκοντα) and G2094 (ἔτος);	of forty years of age	(+ full, of) forty years (old)
G5064	τέσσαρες	téssares	a plural number;	four	four
G5065	τεσσαρεσκαιδέκατος	tessareskaidékatos	from G5064 (τέσσαρες) and G2532 (καί) and G1182 (δέκατος);	fourteenth	fourteenth
G5066	τεταρταῖος	tetartaîos	from G5064 (τέσσαρες);	pertaining to the fourth day	four days
G5067	τέταρτος	tétartos	ordinal from G5064 (τέσσαρες);	fourth	four(-th)
G5068	τετράγωνος	tetrágōnos	from G5064 (τέσσαρες) and G1137 (γωνία);	four-cornered, i.e. square	foursquare
G5069	τετράδιον	tetrádion	neuter of a presumed derivative of (a tetrad;	from G5064 (τέσσαρες)); a quaternion or squad (picket) of four Roman soldiers	quaternion
G5070	τετρακισχίλιοι	tetrakischílioi	from the multiplicative adverb of G5064 (τέσσαρες) and G5507 (χίλιοι);	four times a thousand	four thousand
G5071	τετρακόσιοι	tetrakósioi	plural from G5064 (τέσσαρες) and G1540 (ἑκατόν);	four hundred	four hundred
G5072	τετράμηνον	tetrámēnon	neuter of a compound of G5064 (τέσσαρες) and G3376 (μήν);	a four months' space	four months
G5073	τετραπλόος	tetraplóos	from G5064 (τέσσαρες) and a derivative of the base of G4118 (πλεῖστος);	quadruple	fourfold
G5074	τετράπους	tetrápous	from G5064 (τέσσαρες) and G4228 (πούς);	a quadruped	fourfooted beast
G5075	τετραρχέω	tetrarchéō	from G5076 (τετράρχης);	to be a tetrarch	(be) tetrarch
G5076	τετράρχης	tetrárchēs	from G5064 (τέσσαρες) and G757 (ἄρχω);	the ruler of a fourth part of a country ("tetrarch")	tetrarch
G5077	τεφρόω	tephróō	from (ashes);	to incinerate, i.e. consume	turn to ashes
G5078	τέχνη	téchnē	from the base of G5088 (τίκτω);	art (as productive), i.e. (specially), a trade, or (generally) skill	art, craft, occupation
G5079	τεχνίτης	technítēs	from G5078 (τέχνη);	an artisan; figuratively, a founder (Creator)	builder, craftsman
G5080	τήκω	tḗkō	apparently a primary verb;	to liquefy	melt
G5081	τηλαυγῶς	tēlaugōs	adverb from a compound of a derivative of G5056 (τέλος) and G827 (αὐγή);	in a far-shining manner, i.e. plainly	clearly
G5082	τηλικοῦτος	tēlikoûtos	from a compound of G3588 (ὁ) with G2245 (ἡλίκος) and G3778 (οὗτος);	such as this, i.e. (in (figurative) magnitude) so vast	so great, so mighty
G5083	τηρέω	tēréō	from (a watch;	perhaps akin to G2334 (θεωρέω)); to guard (from loss or injury, properly, by keeping the eye upon; and thus differing from G5442 (φυλάσσω), which is properly to prevent escaping; and from G2892 (κουστωδία), which implies a fortress or full military lines of apparatus), i.e. to note (a prophecy; figuratively, to fulfil a command); by implication, to detain (in custody; figuratively, to maintain); by extension, to withhold (for personal ends; figuratively, to keep unmarried); by extension, to withhold (for personal ends; figuratively, to keep unmarried)	hold fast, keep(- er), (pre-, re-)serve, watch
G5084	τήρησις	tḗrēsis	from G5083 (τηρέω);	a watching, i.e. (figuratively) observance, or (concretely) a prison	hold
G5085	Τιβεριάς	Tiberiás	from G5086 (Τιβέριος);	Tiberias, the name of a town and a lake in Palestine	Tiberias
G5086	Τιβέριος	Tibérios	of Latin origin;	probably pertaining to the river Tiberis or Tiber; Tiberius, a Roman emperor	Tiberius
G5087	τίθημι	títhēmi	a prolonged form of a primary (which is used only as alternate in certain tenses);	to place (in the widest application, literally and figuratively; properly, in a passive or horizontal posture, and thus different from G2476 (ἵστημι), which properly denotes an upright and active position, while G2749 (κεῖμαι) is properly reflexive and utterly prostrate)	+ advise, appoint, bow, commit, conceive, give, X kneel down, lay (aside, down, up), make, ordain, purpose, put, set (forth), settle, sink down
G5088	τίκτω	tíktō	a strengthened form of a primary (which is used only as alternate in certain tenses);	to produce (from seed, as a mother, a plant, the earth, etc.), literally or figuratively	bear, be born, bring forth, be delivered, be in travail
G5089	τίλλω	tíllō	perhaps akin to the alternate of G138 (αἱρέομαι), and thus to G4951 (σύρω);	to pull off	pluck
G5090	Τιμαῖος	Timaîos	probably of Chaldee origin (compare H02931);	Timæus (i.e. Timay), an Israelite	Timæus
G5091	τιμάω	timáō	from G5093 (τίμιος);	to prize, i.e. fix a valuation upon; by implication, to revere	honour, value
G5092	τιμή	timḗ	from G5099 (τίνω);	a value, i.e. money paid, or (concretely and collectively) valuables; by analogy, esteem (especially of the highest degree), or the dignity itself	honour, precious, price, some
G5093	τίμιος	tímios	from G5092 (τιμή);	valuable, i.e. (objectively) costly, or (subjectively) honored, esteemed, or (figuratively) beloved	dear, honourable, (more, most) precious, had in reputation
G5094	τιμιότης	timiótēs	from G5093 (τίμιος);	expensiveness, i.e. (by implication) magnificence	costliness
G5095	Τιμόθεος	Timótheos	from G5092 (τιμή) and G2316 (θεός);	dear to God; Timotheus, a Christian	Timotheus, Timothy
G5096	Τίμων	Tímōn	from G5092 (τιμή);	valuable; Timon, a Christian	Timon
G5097	τιμωρέω	timōréō	from a comparative of G5092 (τιμή) and ouros (a guard);	properly, to protect one's honor, i.e. to avenge (inflict a penalty)	punish
G5098	τιμωρία	timōría	from G5097 (τιμωρέω);	vindication, i.e. (by implication) a penalty	punishment
G5099	τίνω	tínō	strengthened for a primary (which is only used as an alternate in certain tenses);	to pay a price, i.e. as a penalty	be punished with
G5100	τὶς	tìs	an enclitic indefinite pronoun;	some or any person or object	a (kind of), any (man, thing, thing at all), certain (thing), divers, he (every) man, one (X thing), ought, + partly, some (man, -body, - thing, -what), (+ that no-)thing, what(-soever), X wherewith, whom(-soever), whose(-soever)
G5101	τίς	tís	probably emphatic of G5100 (τὶς);	an interrogative pronoun, who, which or what (in direct or indirect questions)	every man, how (much), + no(-ne, thing), what (manner, thing), where (-by, -fore, -of, -unto, - with, -withal), whether, which, who(-m, -se), why
G5102	τίτλος	títlos	of Latin origin;	a titulus or "title" (placard)	title
G5103	Τίτος	Títos	of Latin origin but uncertain significance;	Titus, a Christian	Titus
G5104	τοί	toí	probably for the dative case of G3588 (ὁ);	an enclitic particle of asseveration by way of contrast; in sooth	(used only with other particles in the comparative, as G2544 (καίτοιγε), G3305 (μέντοι), G5105 (τοιγαροῦν), G5106 (τοίνυν), etc
G5105	τοιγαροῦν	toigaroûn	from G5104 (τοί) and G1063 (γάρ) and G3767 (οὖν);	truly for then, i.e. consequently	there-(where-)fore
G5106	τοίνυν	toínyn	from G5104 (τοί) and G3568 (νῦν);	truly now, i.e. accordingly	then, therefore
G5107	τοιόσδε	toiósde	(including the other inflections); from a derivative of 5104 and G1161 (δέ);	such-like then, i.e. so great	such
G5108	τοιοῦτος	toioûtos	(including the other inflections); from G5104 (τοί) and G3778 (οὗτος);	truly this, i.e. of this sort (to denote character or individuality)	like, such (an one)
G5109	τοῖχος	toîchos	another form of G5038 (τεῖχος);	a wall	wall
G5110	τόκος	tókos	from the base of G5088 (τίκτω);	interest on money loaned (as a produce)	usury
G5111	τολμάω	tolmáō	from (boldness;	probably itself from the base of G5056 (τέλος) through the idea of extreme conduct); to venture (objectively or in act; while G2292 (θαῤῥέω) is rather subjective or in feeling); by implication, to be courageous	be bold, boldly, dare, durst
G5112	τολμηρότερον	tolmēróteron	neuter of the compound of a derivative of the base of 5111 (as adverb);	more daringly, i.e. with greater confidence than otherwise	the more boldly
G5113	τολμητής	tolmētḗs	from G5111 (τολμάω);	a daring (audacious) man	presumptuous
G5114	τομώτερος	tomṓteros	comparative of a derivative of the primary (to cut;	more comprehensive or decisive than G2875 (κόπτω), as if by a single stroke; whereas that implies repeated blows, like hacking); more keen	sharper
G5115	τόξον	tóxon	from the base of G5088 (τίκτω);	a bow (apparently as the simplest fabric)	bow
G5116	τοπάζιον	topázion	neuter of a presumed derivative (alternately) of (a "topaz";	of uncertain origin); a gem, probably the chrysolite	topaz
G5117	τόπος	tópos	apparently a primary word;	a spot (general in space, but limited by occupancy; whereas G5561 (χώρα) is a large but participle locality), i.e. location (as a position, home, tract, etc.); figuratively, condition, opportunity; specially, a scabbard	coast, licence, place, X plain, quarter, + rock, room, where
G5118	τοσοῦτος	tosoûtos	from (so much;	apparently from G3588 (ὁ) and G3739 (ὅς)) and G3778 (οὗτος) (including its variations); so vast as this, i.e. such (in quantity, amount, number of space)	as large, so great (long, many, much), these many
G5119	τότε	tóte	from (the neuter of) G3588 (ὁ) and G3753 (ὅτε);	the when, i.e. at the time that (of the past or future, also in consecution)	that time, then
G5120	τοῦ	toû	properly, the genitive case of G3588 (ὁ);	sometimes used for G5127 (τούτου); of this person	his
G5121	τοὐναντίον	tounantíon	contraction for the neuter of G3588 (ὁ) and G1726 (ἐναντίον);	on the contrary	contrariwise
G5122	τοὔνομα	toúnoma	contraction for the neuter of G3588 (ὁ) and G3686 (ὄνομα);	the name (is)	named
G5123	τουτέστι	toutésti	contraction for G5124 (τοῦτο) and G2076 (ἐστί);	that is	that is (to say)
G5124	τοῦτο	toûto	neuter singular nominative or accusative case of G3778 (οὗτος);	that thing	here (-unto), it, partly, self(-same), so, that (intent), the same, there(-fore, -unto), this, thus, where(-fore)
G5125	τούτοις	toútois	dative case plural masculine or neuter of G3778 (οὗτος);	to (for, in, with or by) these (persons or things)	such, them, there(-in, -with), these, this, those
G5126	τοῦτον	toûton	accusative case singular masculine of G3778 (οὗτος);	this (person, as objective of verb or preposition)	him, the same, that, this
G5127	τούτου	toútou	genitive case singular masculine or neuter of G3778 (οὗτος);	of (from or concerning) this (person or thing)	here(-by), him, it, + such manner of, that, thence(-forth), thereabout, this, thus
G5128	τούτους	toútous	accusative case plural masculine of G3778 (οὗτος);	these (persons, as objective of verb or preposition)	such, them, these, this
G5129	τούτῳ	toútōi	dative case singular masculine or neuter of G3778 (οὗτος);	to (in, with or by) this (person or thing)	here(-by, -in), him, one, the same, there(-in), this
G5130	τούτων	toútōn	genitive case plural masculine or neuter of G3778 (οὗτος);	of (from or concerning) these (persons or things)	such, their, these (things), they, this sort, those
G5131	τράγος	trágos	from the base of G5176 (τρώγω);	a he-goat (as a gnawer)	goat
G5132	τράπεζα	trápeza	probably contracted from G5064 (τέσσαρες) and G3979 (πεζῇ);	a table or stool (as being four-legged), usually for food (figuratively, a meal); also a counter for money (figuratively, a broker's office for loans at interest)	bank, meat, table
G5133	τραπεζίτης	trapezítēs	from G5132 (τράπεζα);	a money-broker or banker	exchanger
G5134	τραῦμα	traûma	from the base of (to wound;	akin to the base of G2352 (θραύω), G5147 (τρίβος), G5149 (τρίζω), etc.); a wound	wound
G5135	τραυματίζω	traumatízō	from G5134 (τραῦμα);	to inflict a wound	wound
G5136	τραχηλίζω	trachēlízō	from G5137 (τράχηλος);	to seize by the throat or neck, i.e. to expose the gullet of a victim for killing (generally, to lay bare)	opened
G5137	τράχηλος	tráchēlos	probably from G5143 (τρέχω) (through the idea of mobility);	the throat (neck), i.e. (figuratively) life	neck
G5138	τραχύς	trachýs	perhaps strengthened from the base of G4486 (ῥήγνυμι) (as if jagged by rents);	uneven, rocky (reefy)	rock, rough
G5139	Τραχωνῖτις	Trachōnîtis	from a derivative of G5138 (τραχύς);	rough district; Trachonitis, a region of Syria	Trachonitis
G5140	τρεῖς	treîs	a primary (plural) number;	"three"	three
G5141	τρέμω	trémō	strengthened from a primary (to "dread", "terrify");	to "tremble" or fear	be afraid, trembling
G5142	τρέφω	tréphō	a primary verb (properly, ;	but perhaps strengthened from the base of G5157 (τροπή) through the idea of convolution); properly, to stiffen, i.e. fatten (by implication, to cherish (with food, etc.), pamper, rear)	bring up, feed, nourish
G5143	τρέχω	tréchō	apparently a primary verb (properly, ;	compare G2359 (θρίξ)); which uses (the base of G1408 (δρόμος)) as alternate in certain tenses; to run or walk hastily (literally or figuratively)	have course, run
G5144	τριάκοντα	triákonta	the decade of G5140 (τρεῖς);	thirty	thirty
G5145	τριακόσιοι	triakósioi	plural from G5140 (τρεῖς) and G1540 (ἑκατόν);	three hundred	three hundred
G5146	τρίβολος	tríbolos	from G5140 (τρεῖς) and G956 (βέλος);	properly, a crow-foot (three-pronged obstruction in war), i.e. (by analogy) a thorny plant (caltrop)	brier, thistle
G5147	τρίβος	tríbos	from (to "rub";	akin to , , and the base of G5131 (τράγος), G5134 (τραῦμα)); a rut or worn track	path
G5148	τριετία	trietía	from a compound of G5140 (τρεῖς) and G2094 (ἔτος);	a three years' period (triennium)	space of three years
G5149	τρίζω	trízō	apparently a primary verb;	to creak (squeak), i.e. (by analogy) to grate the teeth (in frenzy)	gnash
G5150	τρίμηνον	trímēnon	neuter of a compound of G5140 (τρεῖς) and G3376 (μήν) as noun;	a three months' space	three months
G5151	τρίς	trís	adverb from G5140 (τρεῖς);	three times	three times, thrice
G5152	τρίστεγον	trístegon	neuter of a compound of G5140 (τρεῖς) and G4721 (στέγη) as noun;	a third roof (story)	third loft
G5153	τρισχίλιοι	trischílioi	from G5151 (τρίς) and G5507 (χίλιοι);	three times a thousand	three thousand
G5154	τρίτος	trítos	ordinal from G5140 (τρεῖς);	third; neuter (as noun) a third part, or (as adverb) a (or the) third time, thirdly	third(-ly)
G5155	τρίχινος	tríchinos	from G2359 (θρίξ);	hairy, i.e. made of hair (mohair)	of hair
G5156	τρόμος	trómos	from G5141 (τρέμω);	a "trembling", i.e. quaking with fear	+ tremble(-ing)
G5157	τροπή	tropḗ	from an apparently primary to turn;	a turn ("trope"), i.e. revolution (figuratively, variation)	turning
G5158	τρόπος	trópos	from the same as G5157 (τροπή);	a turn, i.e. (by implication) mode or style (especially with preposition or relative prefix as adverb, like); figuratively, deportment or character	(even) as, conversation, (+ like) manner, (+ by any) means, way
G5159	τροποφορέω	tropophoréō	from G5158 (τρόπος) and G5409 (φορέω);	to endure one's habits	suffer the manners
G5160	τροφή	trophḗ	from G5142 (τρέφω);	nourishment (literally or figuratively); by implication, rations (wages)	food, meat
G5161	Τρόφιμος	Tróphimos	from G5160 (τροφή);	nutritive; Trophimus, a Christian	Trophimus
G5162	τροφός	trophós	from G5142 (τρέφω);	a nourisher, i.e. nurse	nurse
G5163	τροχιά	trochiá	from G5164 (τροχός);	a track (as a wheel-rut), i.e. (figuratively) a course of conduct	path
G5164	τροχός	trochós	from G5143 (τρέχω);	a wheel (as a runner), i.e. (figuratively) a circuit of physical effects	course
G5165	τρύβλιον	trýblion	neuter of a presumed derivative of uncertain affinity;	a bowl	dish
G5166	τρυγάω	trygáō	from a derivative of (to dry) meaning ripe fruit (as if dry);	to collect the vintage	gather
G5167	τρυγών	trygṓn	from (to murmur;	akin to G5149 (τρίζω), but denoting a duller sound); a turtle-dove (as cooing)	turtle-dove
G5168	τρυμαλιά	trymaliá	from a derivative of (to wear away;	akin to the base of G5134 (τραῦμα), G5147 (τρίβος) and G5176 (τρώγω)); an orifice, i.e. needle's eye	eye
G5169	τρύπημα	trýpēma	from a derivative of the base of G5168 (τρυμαλιά);	an aperture, i.e. a needle's eye	eye
G5170	Τρύφαινα	Trýphaina	from G5172 (τρυφή);	luxurious; Tryphæna, a Christian woman	Tryphena
G5171	τρυφάω	trypháō	from G5172 (τρυφή);	to indulge in luxury	live in pleasure
G5172	τρυφή	tryphḗ	from (to break up or (figuratively) enfeeble, especially the mind and body by indulgence);	effeminacy, i.e. luxury or debauchery	delicately, riot
G5173	Τρυφῶσα	Tryphōsa	from G5172 (τρυφή);	luxuriating; Tryphosa, a Christian female	Tryphosa
G5174	Τρωάς	Trōás	from (a Trojan);	the Troad (or plain of Troy), i.e. Troas, a place in Asia Minor	Troas
G5175	Τρωγύλλιον	Trōgýllion	of uncertain derivation;	Trogyllium, a place in Asia Minor	Trogyllium
G5176	τρώγω	trṓgō	probably strengthened from a collateral form of the base of G5134 (τραῦμα) and G5147 (τρίβος) through the idea of corrosion or wear;	or perhaps rather of a base of G5167 (τρυγών) and G5149 (τρίζω) through the idea of a craunching sound; to gnaw or chew, i.e. (generally) to eat	eat
G5177	τυγχάνω	tynchánō	probably for an obsolete (for which the middle voice of another alternate (to make ready or bring to pass) is used in certain tenses;	akin to the base of G5088 (τίκτω) through the idea of effecting; properly, to affect; or (specially), to hit or light upon (as a mark to be reached), i.e. (transitively) to attain or secure an object or end, or (intransitively) to happen (as if meeting with); but in the latter application only impersonal (with G1487 (εἰ)), i.e. perchance; or (present participle) as adjective, usual (as if commonly met with, with G3756 (οὐ), extraordinary), neuter (as adverb) perhaps; or (with another verb) as adverb, by accident (as it were)	be, chance, enjoy, little, obtain, X refresh…self, + special
G5178	τυμπανίζω	tympanízō	from a derivative of G5180 (τύπτω) (meaning a drum, "tympanum");	to stretch on an instrument of torture resembling a drum, and thus beat to death	torture
G5179	τύπος	týpos	from G5180 (τύπτω);	a die (as struck), i.e. (by implication) a stamp or scar; by analogy, a shape, i.e. a statue, (figuratively) style or resemblance; specially, a sampler ("type"), i.e. a model (for imitation) or instance (for warning)	en-(ex-)ample, fashion, figure, form, manner, pattern, print
G5180	τύπτω	týptō	a primary verb (in a strengthened form);	to "thump", i.e. cudgel or pummel (properly, with a stick or bastinado), but in any case by repeated blows; thus differing from G3817 (παίω) and G3960 (πατάσσω), which denote a (usually single) blow with the hand or any instrument, or G4141 (πλήσσω) with the fist (or a hammer), or G4474 (ῥαπίζω) with the palm; as well as from G5177 (τυγχάνω), an accidental collision); by implication, to punish; figuratively, to offend (the conscience)	beat, smite, strike, wound
G5181	Τύραννος	Týrannos	a provincial form of the derivative of the base of G2962 (κύριος);	a "tyrant"; Tyrannus, an Ephesian	Tyrannus
G5182	τυρβάζω	tyrbázō	from (Latin turba, a crowd;	akin to G2351 (θόρυβος)); to make "turbid", i.e. disturb	trouble
G5183	Τύριος	Týrios	from G5184 (Τύρος);	a Tyrian, i.e. inhabitant of Tyrus	of Tyre
G5184	Τύρος	Týros	of Hebrew origin (H06865): Tyrus (i.e. Tsor), a place in Palestine		Tyre
G5185	τυφλός	typhlós	from, G5187 (τυφόω);	opaque (as if smoky), i.e. (by analogy) blind (physically or mentally)	blind
G5186	τυφλόω	typhlóō	from G5185 (τυφλός);	to make blind, i.e. (figuratively) to obscure	blind
G5187	τυφόω	typhóō	from a derivative of G5188 (τύφω);	to envelop with smoke, i.e. (figuratively) to inflate with self-conceit	high-minded, be lifted up with pride, be proud
G5188	τύφω	týphō	apparently a primary verb;	to make a smoke, i.e. slowly consume without flame	smoke
G5189	τυφωνικός	typhōnikós	from a derivative of G5188 (τύφω);	stormy (as if smoky)	tempestuous
G5190	Τυχικός	Tychikós	from a derivative of G5177 (τυγχάνω);	fortuitous, i.e. fortunate; Tychicus, a Christian	Tychicus
G5191	ὑακίνθινος	hyakínthinos	from G5192 (ὑάκινθος);	"hyacinthine" or "jacinthine", i.e. deep blue	jacinth
G5192	ὑάκινθος	hyákinthos	of uncertain derivation;	the "hyacinth" or "jacinth", i.e. some gem of a deep blue color, probably the zirkon	jacinth
G5193	ὑάλινος	hyálinos	from G5194 (ὕαλος);	glassy, i.e. transparent	of glass
G5194	ὕαλος	hýalos	perhaps from the same as G5205 (ὑετός) (as being transparent like rain);	glass	glass
G5195	ὑβρίζω	hybrízō	from G5196 (ὕβρις);	to exercise violence, i.e. abuse	use despitefully, reproach, entreat shamefully (spitefully)
G5196	ὕβρις	hýbris	from G5228 (ὑπέρ);	insolence (as over-bearing), i.e. insult, injury	harm, hurt, reproach
G5197	ὑβριστής	hybristḗs	from G5195 (ὑβρίζω);	an insulter, i.e. maltreater	despiteful, injurious
G5198	ὑγιαίνω	hygiaínō	from G5199 (ὑγιής);	to have sound health, i.e. be well (in body); figuratively, to be uncorrupt (true in doctrine)	be in health, (be safe and) sound, (be) whole(-some)
G5199	ὑγιής	hygiḗs	from the base of G837 (αὐξάνω);	healthy, i.e. well (in body); figuratively, true (in doctrine)	sound, whole
G5200	ὑγρός	hygrós	from the base of G5205 (ὑετός);	wet (as if with rain), i.e. (by implication) sappy (fresh)	green
G5201	ὑδρία	hydría	from G5204 (ὕδωρ);	a water-jar, i.e. receptacle for family supply	water-pot
G5202	ὑδροποτέω	hydropotéō	from a compound of G5204 (ὕδωρ) and a derivative of G4095 (πίνω);	to be a water-drinker, i.e. to abstain from vinous beverages	drink water
G5203	ὑδρωπικός	hydrōpikós	from a compound of G5204 (ὕδωρ) and a derivative of G3700 (ὀπτάνομαι) (as if looking watery);	to be "dropsical"	have the dropsy
G5204	ὕδωρ	hýdōr	from the base of G5205 (ὑετός);	water (as if rainy) literally or figuratively	water
G5205	ὑετός	hyetós	from a primary (to rain);	rain, especially a shower	rain
G5206	υἱοθεσία	huiothesía	from a presumed compound of G5207 (υἱός) and a derivative of G5087 (τίθημι);	the placing as a son, i.e. adoption (figuratively, Christian sonship in respect to God)	adoption (of children, of sons)
G5207	υἱός	huiós	apparently a primary word;	a "son" (sometimes of animals), used very widely of immediate, remote or figuratively, kinship	child, foal, son
G5208	ὕλη	hýlē	perhaps akin to G3586 (ξύλον);	a forest, i.e. (by implication) fuel	matter
G5209	ὑμᾶς	hymâs	accusative case of G5210 (ὑμεῖς);	you (as the objective of a verb or preposition)	ye, you (+ -ward), your (+ own)
G5210	ὑμεῖς	hymeîs	irregular plural of G4771 (σύ);	you (as subjective of verb)	ye (yourselves), you
G5211	Ὑμεναῖος	Hymenaîos	from (the god of weddings);	"hymenæal"; Hymenæus, an opponent of Christianity	Hymenæus
G5212	ὑμέτερος	hyméteros	from G5210 (ὑμεῖς);	yours, i.e. pertaining to you	your (own)
G5213	ὑμῖν	hymîn	irregular dative case of G5210 (ὑμεῖς);	to (with or by) you	ye, you, your(-selves)
G5214	ὑμνέω	hymnéō	from G5215 (ὕμνος);	to hymn, i.e. sing a religious ode; by implication, to celebrate (God) in song	sing a hymn (praise unto)
G5215	ὕμνος	hýmnos	apparently from a simpler (obsolete) form of (to celebrate;	probably akin to G103 (ᾄδω); compare H05667); a "hymn" or religious ode (one of the Psalms)	hymn
G5216	ὑμῶν	hymōn	genitive case of G5210 (ὑμεῖς);	of (from or concerning) you	ye, you, your (own, -selves)
G5217	ὑπάγω	hypágō	from G5259 (ὑπό) and G71 (ἄγω);	to lead (oneself) under, i.e. withdraw or retire (as if sinking out of sight), literally or figuratively	depart, get hence, go (a-)way
G5218	ὑπακοή	hypakoḗ	from G5219 (ὑπακούω);	attentive hearkening, i.e. (by implication) compliance or submission	obedience, (make) obedient, obey(-ing)
G5219	ὑπακούω	hypakoúō	from G5259 (ὑπό) and G191 (ἀκούω);	to hear under (as a subordinate), i.e. to listen attentively; by implication, to heed or conform to a command or authority	hearken, be obedient to, obey
G5220	ὕπανδρος	hýpandros	from G5259 (ὑπό) and G435 (ἀνήρ);	in subjection under a man, i.e. a married woman	which hath an husband
G5221	ὑπαντάω	hypantáō	from G5259 (ὑπό) and a derivative of G473 (ἀντί);	to go opposite (meet) under (quietly), i.e. to encounter, fall in with	(go to) meet
G5222	ὑπάντησις	hypántēsis	from G5221 (ὑπαντάω);	an encounter or concurrence (with G1519 (εἰς) for infinitive, in order to fall in with)	meeting
G5223	ὕπαρξις	hýparxis	from G5225 (ὑπάρχω);	existency or proprietorship, i.e. (concretely) property, wealth	goods, substance
G5224	ὑπάρχοντα	hypárchonta	neuter plural of present participle active of G5225 (ὑπάρχω) as noun;	things extant or in hand, i.e. property or possessions	goods, that which one has, things which (one) possesseth, substance, that hast
G5225	ὑπάρχω	hypárchō	from G5259 (ὑπό) and G756 (ἄρχομαι);	to begin under (quietly), i.e. come into existence (be present or at hand); expletively, to exist (as copula or subordinate to an adjective, participle, adverb or preposition, or as an auxiliary to a principal (verb)	after, behave, live
G5226	ὑπείκω	hypeíkō	from G5259 (ὑπό) and (to yield, be "weak");	to surrender	submit self
G5227	ὑπεναντίος	hypenantíos	from G5259 (ὑπό) and G1727 (ἐναντίος);	under (covertly) contrary to, i.e. opposed or (as noun) an opponent	adversary, against
G5228	ὑπέρ	hypér	a primary preposition;	"over", i.e. (with the genitive case) of place, above, beyond, across, or causal, for the sake of, instead, regarding; with the accusative case superior to, more than	(+ exceeding, abundantly) above, in (on) behalf of, beyond, by, + very chiefest, concerning, exceeding (above, -ly), for, + very highly, more (than), of, over, on the part of, for sake of, in stead, than, to(-ward), very
G5229	ὑπεραίρομαι	hyperaíromai	middle voice from G5228 (ὑπέρ) and G142 (αἴρω);	to raise oneself over, i.e. (figuratively) to become haughty	exalt self, be exalted above measure
G5230	ὑπέρακμος	hypérakmos	from G5228 (ὑπέρ) and the base of G188 (ἀκμήν);	beyond the "acme", i.e. figuratively (of a daughter) past the bloom (prime) of youth	+ pass the flower of (her) age
G5231	ὑπεράνω	hyperánō	from G5228 (ὑπέρ) and G507 (ἄνω);	above upward, i.e. greatly higher (in place or rank)	far above, over
G5232	ὑπεραυξάνω	hyperauxánō	from G5228 (ὑπέρ) and G837 (αὐξάνω);	to increase above ordinary degree	grow exceedingly
G5233	ὑπερβαίνω	hyperbaínō	from G5228 (ὑπέρ) and the base of G939 (βάσις);	to transcend, i.e. (figuratively) to overreach	go beyond
G5234	ὑπερβαλλόντως	hyperballóntōs	adverb from present participle active of G5235 (ὑπερβάλλω);	excessively	beyond measure
G5235	ὑπερβάλλω	hyperbállō	from G5228 (ὑπέρ) and G906 (βάλλω);	to throw beyod the usual mark, i.e. (figuratively) to surpass (only active participle supereminent)	exceeding, excel, pass
G5236	ὑπερβολή	hyperbolḗ	from G5235 (ὑπερβάλλω);	a throwing beyond others, i.e. (figuratively) supereminence; adverbially (with G1519 (εἰς) or G2596 (κατά)) pre- eminently	abundance, (far more) exceeding, excellency, more excellent, beyond (out of) measure
G5237	ὑπερείδω	hypereídō	from G5228 (ὑπέρ) and G1492 (εἴδω);	to overlook, i.e. not punish	wink at
G5238	ὑπερέκεινα	hyperékeina	from G5228 (ὑπέρ) and the neuter plural of G1565 (ἐκεῖνος);	above those parts, i.e. still farther	beyond
G5239	ὑπερεκτείνω	hyperekteínō	from G5228 (ὑπέρ) and G1614 (ἐκτείνω);	to extend inordinately	stretch beyond
G5240	ὑπερεκχύνω	hyperekchýnō	from G5228 (ὑπέρ) and the alternate form of G1632 (ἐκχέω);	to pour out over, i.e. (passively) to overflow	run over
G5241	ὑπερεντυγχάνω	hyperentynchánō	from G5228 (ὑπέρ) and G1793 (ἐντυγχάνω);	to intercede in behalf of	make intercession for
G5242	ὑπερέχω	hyperéchō	from G5228 (ὑπέρ) and G2192 (ἔχω);	to hold oneself above, i.e. (figuratively) to excel; participle (as adjective, or neuter as noun) superior, superiority	better, excellency, higher, pass, supreme
G5243	ὑπερηφανία	hyperēphanía	from G5244 (ὑπερήφανος);	haughtiness	pride
G5244	ὑπερήφανος	hyperḗphanos	from G5228 (ὑπέρ) and G5316 (φαίνω);	appearing above others (conspicuous), i.e. (figuratively) haughty	proud
G5245	ὑπερνικάω	hypernikáō	from G5228 (ὑπέρ) and G3528 (νικάω);	to vanquish beyond, i.e. gain a decisive victory	more than conquer
G5246	ὑπέρογκος	hypéronkos	from G5228 (ὑπέρ) and G3591 (ὄγκος);	bulging over, i.e. (figuratively) insolent	great swelling
G5247	ὑπεροχή	hyperochḗ	from G5242 (ὑπερέχω);	prominence, i.e. (figuratively) superiority (in rank or character)	authority, excellency
G5248	ὑπερπερισσεύω	hyperperisseúō	from G5228 (ὑπέρ) and G4052 (περισσεύω);	to super-abound	abound much more, exceeding
G5249	ὑπερπερισσῶς	hyperperissōs	from G5228 (ὑπέρ) and G4057 (περισσῶς);	superabundantly, i.e. exceedingly	beyond measure
G5250	ὑπερπλεονάζω	hyperpleonázō	from G5228 (ὑπέρ) and G4121 (πλεονάζω);	to superabound	be exceeding abundant
G5251	ὑπερυψόω	hyperypsóō	from G5228 (ὑπέρ) and G5312 (ὑψόω);	to elevate above others, i.e. raise to the highest position	highly exalt
G5252	ὑπερφρονέω	hyperphronéō	from G5228 (ὑπέρ) and G5426 (φρονέω);	to esteem oneself overmuch, i.e. be vain or arrogant	think more highly
G5253	ὑπερῷον	hyperōion	neuter of a derivative of G5228 (ὑπέρ);	a higher part of the house, i.e. apartment in the third story	upper chamber (room)
G5254	ὑπέχω	hypéchō	from G5259 (ὑπό) and G2192 (ἔχω);	to hold oneself under, i.e. endure with patience	suffer
G5255	ὑπήκοος	hypḗkoos	from G5219 (ὑπακούω);	attentively listening, i.e. (by implication) submissive	obedient
G5256	ὑπηρετέω	hypēretéō	from G5257 (ὑπηρέτης);	to be a subordinate, i.e. (by implication) subserve	minister (unto), serve
G5257	ὑπηρέτης	hypērétēs	from G5259 (ὑπό) and a derivative of (to row);	an under-oarsman, i.e. (generally) subordinate (assistant, sexton, constable)	minister, officer, servant
G5258	ὕπνος	hýpnos	from an obsolete primary (perhaps akin to G5259 (ὑπό) through the idea of subsilience);	sleep, i.e. (figuratively) spiritual torpor	sleep
G5259	ὑπό	hypó	a primary preposition;	under, i.e. (with the genitive case) of place (beneath), or with verbs (the agency or means, through); (with the accusative case) of place (whither (underneath) or where (below) or time (when (at))	among, by, from, in, of, under, with
G5260	ὑποβάλλω	hypobállō	from G5259 (ὑπό) and G906 (βάλλω);	to throw in stealthily, i.e. introduce by collusion	suborn
G5261	ὑπογραμμός	hypogrammós	from a compound of G5259 (ὑπό) and G1125 (γράφω);	an underwriting, i.e. copy for imitation (figuratively)	example
G5262	ὑπόδειγμα	hypódeigma	from G5263 (ὑποδείκνυμι);	an exhibit for imitation or warning (figuratively, specimen, adumbration)	en-(ex-)ample, pattern
G5263	ὑποδείκνυμι	hypodeíknymi	from G5259 (ὑπό) and G1166 (δεικνύω);	to exhibit under the eyes, i.e. (figuratively) to exemplify (instruct, admonish)	show, (fore-)warn
G5264	ὑποδέχομαι	hypodéchomai	from G5259 (ὑπό) and G1209 (δέχομαι);	to admit under one's roof, i.e. entertain hospitably	receive
G5265	ὑποδέω	hypodéō	from G5259 (ὑπό) and G1210 (δέω);	to bind under one's feet, i.e. put on shoes or sandals	bind on, (be) shod
G5266	ὑπόδημα	hypódēma	from G5265 (ὑποδέω);	something bound under the feet, i.e. a shoe or sandal	shoe
G5267	ὑπόδικος	hypódikos	from G5259 (ὑπό) and G1349 (δίκη);	under sentence, i.e. (by implication) condemned	guilty
G5268	ὑποζύγιον	hypozýgion	neuter of a compound of G5259 (ὑπό) and G2218 (ζυγός);	an animal under the yoke (draught-beast), i.e. (specially), a donkey	ass
G5269	ὑποζώννυμι	hypozṓnnymi	from G5259 (ὑπό) and G2224 (ζώννυμι);	to gird under, i.e. frap (a vessel with cables across the keel, sides and deck)	undergirt
G5270	ὑποκάτω	hypokátō	from G5259 (ὑπό) and G2736 (κάτω);	down under, i.e. beneath	under
G5271	ὑποκρίνομαι	hypokrínomai	middle voice from G5259 (ὑπό) and G2919 (κρίνω);	to decide (speak or act) under a false part, i.e. (figuratively) dissemble (pretend)	feign
G5272	ὑπόκρισις	hypókrisis	from G5271 (ὑποκρίνομαι);	acting under a feigned part, i.e. (figuratively) deceit ("hypocrisy")	condemnation, dissimulation, hypocrisy
G5273	ὑποκριτής	hypokritḗs	from G5271 (ὑποκρίνομαι);	an actor under an assumed character (stage-player), i.e. (figuratively) a dissembler ("hypocrite"	hypocrite
G5274	ὑπολαμβάνω	hypolambánō	from G5259 (ὑπό) and G2983 (λαμβάνω);	to take from below, i.e. carry upward; figuratively, to take up, i.e. continue a discourse or topic; mentally, to assume (presume)	answer, receive, suppose
G5275	ὑπολείπω	hypoleípō	from G5295 (ὑποτρέχω) and G3007 (λείπω);	to leave under (behind), i.e. (passively) to remain (survive)	be left
G5276	ὑπολήνιον	hypolḗnion	neuter of a presumed compound of G5259 (ὑπό) and G3025 (ληνός);	vessel or receptacle under the press, i.e. lower wine-vat	winefat
G5277	ὑπολιμπάνω	hypolimpánō	a prolonged form for G5275 (ὑπολείπω);	to leave behind, i.e. bequeath	leave
G5278	ὑπομένω	hypoménō	from G5259 (ὑπό) and G3306 (μένω);	to stay under (behind), i.e. remain; figuratively, to undergo, i.e. bear (trials), have fortitude, persevere	abide, endure, (take) patient(-ly), suffer, tarry behind
G5279	ὑπομιμνήσκω	hypomimnḗskō	from G5259 (ὑπό) and G3403 (μιμνήσκω);	to remind quietly, i.e. suggest to the (middle voice, one's own) memory	put in mind, remember, bring to (put in) remembrance
G5280	ὑπόμνησις	hypómnēsis	from G5279 (ὑπομιμνήσκω);	a reminding or (reflexively) recollection	remembrance
G5281	ὑπομονή	hypomonḗ	from G5278 (ὑπομένω);	cheerful (or hopeful) endurance, constancy	enduring, patience, patient continuance (waiting)
G5282	ὑπονοέω	hyponoéō	from G5259 (ὑπό) and G3539 (νοιέω);	to think under (privately), i.e. to surmise or conjecture	think, suppose, deem
G5283	ὑπόνοια	hypónoia	from G5282 (ὑπονοέω);	suspicion	surmising
G5284	ὑποπλέω	hypopléō	from G5259 (ὑπό) and G4126 (πλέω);	to sail under the lee of	sail under
G5285	ὑποπνέω	hypopnéō	from G5259 (ὑπό) and G4154 (πνέω);	to breathe gently, i.e. breeze	blow softly
G5286	ὑποπόδιον	hypopódion	neuter of a compound of G5259 (ὑπό) and G4228 (πούς);	something under the feet, i.e. a foot-rest (figuratively)	footstool
G5287	ὑπόστασις	hypóstasis	from a compound of G5259 (ὑπό) and G2476 (ἵστημι);	a setting under (support), i.e. (figuratively) concretely, essence, or abstractly, assurance (objectively or subjectively)	confidence, confident, person, substance
G5288	ὑποστέλλω	hypostéllō	from G5259 (ὑπό) and G4724 (στέλλω);	to withhold under (out of sight), i.e. (reflexively) to cower or shrink, (figuratively) to conceal (reserve)	draw (keep) back, shun, withdraw
G5289	ὑποστολή	hypostolḗ	from G5288 (ὑποστέλλω);	shrinkage (timidity), i.e. (by implication) apostasy	draw back
G5290	ὑποστρέφω	hypostréphō	from G5259 (ὑπό) and G4762 (στρέφω);	to turn under (behind), i.e. to return (literally or figuratively)	come again, return (again, back again), turn back (again)
G5291	ὑποστρώννυμι	hypostrṓnnymi	from G5259 (ὑπό) and G4766 (στρώννυμι);	to strew underneath (the feet as a carpet)	spread
G5292	ὑποταγή	hypotagḗ	from G5293 (ὑποτάσσω);	subordination	subjection
G5293	ὑποτάσσω	hypotássō	from G5259 (ὑπό) and G5021 (τάσσω);	to subordinate; reflexively, to obey	be under obedience (obedient), put under, subdue unto, (be, make) subject (to, unto), be (put) in subjection (to, under), submit self unto
G5294	ὑποτίθημι	hypotíthēmi	from G5259 (ὑπό) and G5087 (τίθημι);	to place underneath, i.e. (figuratively) to hazard, (reflexively) to suggest	lay down, put in remembrance
G5295	ὑποτρέχω	hypotréchō	from G5259 (ὑπό) and G5143 (τρέχω) (including its alternate);	to run under, i.e. (specially), to sail past	run under
G5296	ὑποτύπωσις	hypotýpōsis	from a compound of G5259 (ὑπό) and a derivative of G5179 (τύπος);	typification under (after), i.e. (concretely) a sketch (figuratively) for imitation	form, pattern
G5297	ὑποφέρω	hypophérō	from G5259 (ὑπό) and G5342 (φέρω);	to bear from underneath, i.e. (figuratively) to undergo hardship	bear, endure
G5298	ὑποχωρέω	hypochōréō	from G5259 (ὑπό) and G5562 (χωρέω);	to vacate down, i.e. retire quietly	go aside, withdraw self
G5299	ὑπωπιάζω	hypōpiázō	from a compound of G5259 (ὑπό) and a derivative of G3700 (ὀπτάνομαι);	to hit under the eye (buffet or disable an antagonist as a pugilist), i.e. (figuratively) to tease or annoy (into compliance), subdue (one's passions)	keep under, weary
G5300	ὗς	hŷs	apparently a primary word;	a hog ("swine")	sow
G5301	ὕσσωπος	hýssōpos	of foreign origin (H0231);	"hyssop"	hyssop
G5302	ὑστερέω	hysteréō	from G5306 (ὕστερος);	to be later, i.e. (by implication) to be inferior; generally, to fall short (be deficient)	come behind (short), be destitute, fail, lack, suffer need, (be in) want, be the worse
G5303	ὑστέρημα	hystérēma	from G5302 (ὑστερέω);	a deficit; specially, poverty	that which is behind, (that which was) lack(-ing), penury, want
G5304	ὑστέρησις	hystérēsis	from G5302 (ὑστερέω);	a falling short, i.e. (specially), penury	want
G5305	ὕστερον	hýsteron	neuter of G5306 (ὕστερος) as adverb;	more lately, i.e. eventually	afterward, (at the) last (of all)
G5306	ὕστερος	hýsteros	comparative from G5259 (ὑπό) (in the sense of behind);	later	latter
G5307	ὑφαντός	hyphantós	from to weave;	woven, i.e. (perhaps) knitted	woven
G5308	ὑψηλός	hypsēlós	from G5311 (ὕψος);	lofty (in place or character)	high(-er, -ly) (esteemed)
G5309	ὑψηλοφρονέω	hypsēlophronéō	from a compound of G5308 (ὑψηλός) and G5424 (φρήν);	to be lofty in mind, i.e. arrogant	be highminded
G5310	ὕψιστος	hýpsistos	superlative from the base of G5311 (ὕψος);	highest, i.e. (masculine singular) the Supreme (God), or (neuter plural) the heavens	most high, highest
G5311	ὕψος	hýpsos	from a derivative of G5228 (ὑπέρ);	elevation, i.e. (abstractly) altitude, (specially), the sky, or (figuratively) dignity	be exalted, height, (on) high
G5312	ὑψόω	hypsóō	from G5311 (ὕψος);	to elevate (literally or figuratively)	exalt, lift up
G5313	ὕψωμα	hýpsōma	from G5312 (ὑψόω);	an elevated place or thing, i.e. (abstractly) altitude, or (by implication) a barrier (figuratively)	height, high thing
G5314	φάγος	phágos	from G5315 (φάγω);	a glutton	gluttonous
G5315	φάγω	phágō	a primary verb (used as an alternate of G2068 (ἐσθίω) in certain tenses);	to eat (literally or figuratively)	eat, meat
G5316	φαίνω	phaínō	prolongation for the base of G5457 (φῶς);	to lighten (shine), i.e. show (transitive or intransitive, literal or figurative)	appear, seem, be seen, shine, X think
G5317	Φάλεκ	Phálek	of Hebrew origin (H06389);	Phalek (i.e. Peleg), a patriarch	Phalec
G5318	φανερός	phanerós	from G5316 (φαίνω);	shining, i.e. apparent (literally or figuratively); neuter (as adverb) publicly, externally	abroad, + appear, known, manifest, open (+ -ly), outward (+ -ly)
G5319	φανερόω	phaneróō	from G5318 (φανερός);	to render apparent (literally or figuratively)	appear, manifestly declare, (make) manifest (forth), shew (self)
G5320	φανερῶς	phanerōs	adverb from G5318 (φανερός);	plainly, i.e. clearly or publicly	evidently, openly
G5321	φανέρωσις	phanérōsis	from G5319 (φανερόω);	exhibition, i.e. (figuratively) expression, (by extension) a bestowment	manifestation
G5322	φανός	phanós	from G5316 (φαίνω);	a lightener, i.e. light; lantern	lantern
G5323	Φανουήλ	Phanouḗl	of Hebrew origin (H06439);	Phanuel (i.e. Penuel), an Israelite	Phanuel
G5324	φαντάζω	phantázō	from a derivative of G5316 (φαίνω);	to make apparent, i.e. (passively) to appear (neuter participle as noun, a spectacle)	sight
G5325	φαντασία	phantasía	from a derivative of G5324 (φαντάζω);	(properly abstract) a (vain) show ("fantasy")	pomp
G5326	φάντασμα	phántasma	from G5324 (φαντάζω);	(properly concrete) a (mere) show ("phantasm"), i.e. spectre	spirit
G5327	φάραγξ	pháranx	properly, strengthened from the base of G4008 (πέραν) or rather of G4486 (ῥήγνυμι);	a gap or chasm, i.e. ravine (winter-torrent)	valley
G5328	Φαραώ	Pharaṓ	of foreign origin (H06547);	Pharao (i.e. Pharoh), an Egyptian king	Pharaoh
G5329	Φάρες	Pháres	of Hebrew origin (H06557);	Phares (i.e. Perets), an Israelite	Phares
G5330	Φαρισαῖος	Pharisaîos	of Hebrew origin (compare H06567);	a separatist, i.e. exclusively religious; a Pharisean, i.e. Jewish sectary	Pharisee
G5331	φαρμακεία	pharmakeía	from G5332 (φαρμακεύς);	medication ("pharmacy"), i.e. (by extension) magic (literally or figuratively)	sorcery, witchcraft
G5332	φαρμακεύς	pharmakeús	from (a drug, i.e. spell-giving potion);	a druggist ("pharmacist") or poisoner, i.e. (by extension) a magician	sorcerer
G5333	φάρμακος	phármakos	the same as 5332		sorcerer
G5334	φάσις	phásis	from G5346 (φημί) (not the same as "phase", which is from G5316 (φαίνω));	a saying, i.e. report	tidings
G5335	φάσκω	pháskō	prolongation from the same as G5346 (φημί);	to assert	affirm, profess, say
G5336	φάτνη	phátnē	from (to eat);	a crib (for fodder)	manager, stall
G5337	φαῦλος	phaûlos	apparently a primary word;	"foul" or "flawy", i.e. (figuratively) wicked	evil
G5338	φέγγος	phéngos	probably akin to the base of G5457 (φῶς) (compare G5350 (φθέγγομαι));	brilliancy	light
G5339	φείδομαι	pheídomai	of uncertain affinity;	to be chary of, i.e. (subjectively) to abstain or (objectively) to treat leniently	forbear, spare
G5340	φειδομένως	pheidoménōs	adverb from participle of G5339 (φείδομαι);	abstemiously, i.e. stingily	sparingly
G5341	φελόνης	phelónēs	by transposition for a derivative probably of G5316 (φαίνω) (as showing outside the other garments);	a mantle (surtout)	cloke
G5342	φέρω	phérō	a primary verb (for which other, and apparently not cognate ones are used in certain tenses only; namely, ; and ;	to "bear" or carry (in a very wide application, literally and figuratively, as follows)	be, bear, bring (forth), carry, come, + let her drive, be driven, endure, go on, lay, lead, move, reach, rushing, uphold
G5343	φεύγω	pheúgō	apparently a primary verb;	to run away (literally or figuratively); by implication, to shun; by analogy, to vanish	escape, flee (away)
G5344	Φῆλιξ	Phēlix	of Latin origin;	happy; Phelix (i.e. Felix), a Roman	Felix
G5345	φήμη	phḗmē	from G5346 (φημί);	a saying, i.e. rumor ("fame")	fame
G5346	φημί	phēmí	properly, the same as the base of G5457 (φῶς) and G5316 (φαίνω);	to show or make known one's thoughts, i.e. speak or say	affirm, say
G5347	Φῆστος	Phēstos	of Latin derivation;	festal; Phestus (i.e. Festus), a Roman	Festus
G5348	φθάνω	phthánō	apparently a primary verb;	to be beforehand, i.e. anticipate or precede; by extension, to have arrived at	(already) attain, come, prevent
G5349	φθαρτός	phthartós	from G5351 (φθείρω);	decayed, i.e. (by implication) perishable	corruptible
G5350	φθέγγομαι	phthéngomai	probably akin to G5338 (φέγγος) and thus to G5346 (φημί);	to utter a clear sound, i.e. (generally) to proclaim	speak
G5351	φθείρω	phtheírō	probably strengthened from (to pine or waste);	properly, to shrivel or wither, i.e. to spoil (by any process) or (generally) to ruin (especially figuratively, by moral influences, to deprave)	corrupt (self), defile, destroy
G5352	φθινοπωρινός	phthinopōrinós	from derivative of (to wane;	akin to the base of G5351 (φθείρω)) and G3703 (ὀπώρα) (meaning late autumn); autumnal (as stripped of leaves)	whose fruit withereth
G5353	φθόγγος	phthóngos	from G5350 (φθέγγομαι);	utterance, i.e. a musical note (vocal or instrumental)	sound
G5354	φθονέω	phthonéō	from G5355 (φθόνος);	to be jealous of	envy
G5355	φθόνος	phthónos	probably akin to the base of G5351 (φθείρω);	ill-will (as detraction), i.e. jealousy (spite)	envy
G5356	φθορά	phthorá	from G5351 (φθείρω);	decay, i.e. ruin (spontaneous or inflicted, literally or figuratively)	corruption, destroy, perish
G5357	φιάλη	phiálē	of uncertain affinity;	a broad shallow cup ("phial")	vial
G5358	φιλάγαθος	philágathos	from G5384 (φίλος) and G18 (ἀγαθός);	fond to good, i.e. a promoter of virtue	love of good men
G5359	Φιλαδέλφεια	Philadélpheia	from (the same as G5361 (φιλάδελφος)), a king of Pergamos;	Philadelphia, a place in Asia Minor	Philadelphia
G5360	φιλαδελφία	philadelphía	from G5361 (φιλάδελφος);	fraternal affection	brotherly love (kindness), love of the brethren
G5361	φιλάδελφος	philádelphos	from G5384 (φίλος) and G80 (ἀδελφός);	fond of brethren, i.e. fraternal	love as brethren
G5362	φίλανδρος	phílandros	from G5384 (φίλος) and G435 (ἀνήρ);	fond of man, i.e. affectionate as a wife	love their husbands
G5363	φιλανθρωπία	philanthrōpía	from the same as G5364 (φιλανθρώπως);	fondness of mankind, i.e. benevolence ("philanthropy")	kindness, love towards man
G5364	φιλανθρώπως	philanthrṓpōs	adverb from a compound of G5384 (φίλος) and G444 (ἄνθρωπος);	fondly to man ("philanthropically"), i.e. humanely	courteously
G5365	φιλαργυρία	philargyría	from G5366 (φιλάργυρος);	avarice	love of money
G5366	φιλάργυρος	philárgyros	from G5384 (φίλος) and G696 (ἄργυρος);	fond of silver (money), i.e. avaricious	covetous
G5367	φίλαυτος	phílautos	from G5384 (φίλος) and G846 (αὐτός);	fond of self, i.e. selfish	lover of own self
G5368	φιλέω	philéō	from G5384 (φίλος);	to be a friend to (fond of (an individual or an object)), i.e. have affection for (denoting personal attachment, as a matter of sentiment or feeling; while G25 (ἀγαπάω) is wider, embracing especially the judgment and the deliberate assent of the will as a matter of principle, duty and propriety: the two thus stand related very much as G2309 (θέλω) and G1014 (βούλομαι), or as G2372 (θυμός) and G3563 (νοῦς) respectively; the former being chiefly of the heart and the latter of the head); specially, to kiss (as a mark of tenderness)	kiss, love
G5369	φιλήδονος	philḗdonos	from G5384 (φίλος) and G2237 (ἡδονή);	fond of pleasure, i.e. voluptuous	lover of pleasure
G5370	φίλημα	phílēma	from G5368 (φιλέω);	a kiss	kiss
G5371	Φιλήμων	Philḗmōn	from G5368 (φιλέω);	friendly; Philemon, a Christian	Philemon
G5372	Φίλητος	Phílētos	from G5368 (φιλέω);	amiable; Philetus, an opposer of Christianity	Philetus
G5373	φιλία	philía	from G5384 (φίλος);	fondness	friendship
G5374	Φιλιππήσιος	Philippḗsios	from G5375 (Φίλιπποι);	a Philippesian (Philippian), i.e. native of Philippi	Philippian
G5375	Φίλιπποι	Phílippoi	plural of G5376 (Φίλιππος);	Philippi, a place in Macedonia	Philippi
G5376	Φίλιππος	Phílippos	from G5384 (φίλος) and G2462 (ἵππος);	fond of horses; Philippus, the name of four Israelites	Philip
G5377	φιλόθεος	philótheos	from G5384 (φίλος) and G2316 (θεός);	fond of God, i.e. pious	lover of God
G5378	Φιλόλογος	Philólogos	from G5384 (φίλος) and G3056 (λόγος);	fond of words, i.e. talkative (argumentative, learned, "philological"); Philologus, a Christian	Philologus
G5379	φιλονεικία	philoneikía	from G5380 (φιλόνεικος);	quarrelsomeness, i.e. a dispute	strife
G5380	φιλόνεικος	philóneikos	from G5384 (φίλος) and (a quarrel;	probably akin to G3534 (νῖκος)); fond of strife, i.e. disputatious	contentious
G5381	φιλονεξία	philonexía	from G5382 (φιλόξενος);	hospitableness	entertain stranger, hospitality
G5382	φιλόξενος	philóxenos	from G5384 (φίλος) and G3581 (ξένος);	fond of guests, i.e. hospitable	given to (lover of, use) hospitality
G5383	φιλοπρωτεύω	philoprōteúō	from a compound of G5384 (φίλος) and G4413 (πρῶτος);	to be fond of being first, i.e. ambitious of distinction	love to have the preeminence
G5384	φίλος	phílos	properly, dear, i.e. a friend;	actively, fond, i.e. friendly (still as a noun, an associate, neighbor, etc.)	friend
G5385	φιλοσοφία	philosophía	from G5386 (φιλόσοφος);	"philosophy", i.e. (specially), Jewish sophistry	philosophy
G5386	φιλόσοφος	philósophos	from G5384 (φίλος) and G4680 (σοφός);	fond of wise things, i.e. a "philosopher"	philosopher
G5387	φιλόστοργος	philóstorgos	from G5384 (φίλος) and (cherishing one's kindred, especially parents or children);	fond of natural relatives, i.e. fraternal towards fellow Christian	kindly affectioned
G5388	φιλότεκνος	philóteknos	from G5384 (φίλος) and G5043 (τέκνον);	fond of one's children, i.e. maternal	love their children
G5389	φιλοτιμέομαι	philotiméomai	middle voice from a compound of G5384 (φίλος) and G5092 (τιμή);	to be fond of honor, i.e. emulous (eager or earnest to do something)	labour, strive, study
G5390	φιλοφρόνως	philophrónōs	adverb from G5391 (φιλόφρων);	with friendliness of mind, i.e. kindly	courteously
G5391	φιλόφρων	philóphrōn	from G5384 (φίλος) and G5424 (φρήν);	friendly of mind, i.e. kind	courteous
G5392	φιμόω	phimóō	from (a muzzle);	to muzzle	muzzle
G5393	Φλέγων	Phlégōn	active participle of the base of G5395 (φλόξ);	blazing; Phlegon, a Christian	Phlegon
G5394	φλογίζω	phlogízō	from G5395 (φλόξ);	to cause a blaze, i.e. ignite (figuratively, to inflame with passion)	set on fire
G5395	φλόξ	phlóx	from a primary (to "flash" or "flame");	a blaze	flame(-ing)
G5396	φλυαρέω	phlyaréō	from G5397 (φλύαρος);	to be a babbler or trifler, i.e. (by implication) to berate idly or mischievously	prate against
G5397	φλύαρος	phlýaros	from (to bubble);	a garrulous person, i.e. prater	tattler
G5398	φοβερός	phoberós	from G5401 (φόβος);	frightful, i.e. (objectively) formidable	fearful, terrible
G5399	φοβέω	phobéō	from G5401 (φόβος);	to frighten, i.e. (passively) to be alarmed; by analogy, to be in awe of, i.e. revere	be (+ sore) afraid, fear (exceedingly), reverence
G5400	φόβητρον	phóbētron	neuter of a derivative of G5399 (φοβέω);	a frightening thing, i.e. terrific portent	fearful sight
G5401	φόβος	phóbos	from a primary (to be put in fear);	alarm or fright	be afraid, + exceedingly, fear, terror
G5402	Φοίβη	Phoíbē	feminine of (bright;	probably akin to the base of G5457 (φῶς)); Phœbe, a Christian woman	Phebe
G5403	Φοινίκη	Phoiníkē	from G5404 (φοῖνιξ);	palm-country; Phœnice (or Phœnicia), a region of Palestine	Phenice, Phenicia
G5404	φοῖνιξ	phoînix	of uncertain derivation;	a palm-tree	palm (tree)
G5405	Φοῖνιξ	Phoînix	probably the same as G5404 (φοῖνιξ);	Phœnix, a place in Crete	Phenice
G5406	φονεύς	phoneús	from G5408 (φόνος);	a murderer (always of criminal (or at least intentional) homicide; which G443 (ἀνθρωποκτόνος) does not necessarily imply; while G4607 (σικάριος) is a special term for a public bandit)	murderer
G5407	φονεύω	phoneúō	from G5406 (φονεύς);	to be a murderer (of)	kill, do murder, slay
G5408	φόνος	phónos	from an obsolete primary (to slay);	murder	murder, + be slain with, slaughter
G5409	φορέω	phoréō	from G5411 (φόρος);	to have a burden, i.e. (by analogy) to wear as clothing or a constant accompaniment	bear, wear
G5410	Φόρον	Phóron	of Latin origin;	a forum or market-place; only in comparative with G675 (Ἄππιος); a station on the Appian road	forum
G5411	φόρος	phóros	from G5342 (φέρω);	a load (as borne), i.e. (figuratively) a tax (properly, an individual assessment on persons or property; whereas G5056 (τέλος) is usually a general toll on goods or travel)	tribute
G5412	φορτίζω	phortízō	from G5414 (φόρτος);	to load up (properly, as a vessel or animal), i.e. (figuratively) to overburden with ceremony (or spiritual anxiety)	lade, by heavy laden
G5413	φορτίον	phortíon	diminutive of G5414 (φόρτος);	an invoice (as part of freight), i.e. (figuratively) a task or service	burden
G5414	φόρτος	phórtos	from G5342 (φέρω);	something carried, i.e. the cargo of a ship	lading
G5415	Φορτουνᾶτος	Phortounâtos	of Latin origin;	"fortunate"; Fortunatus, a Christian	Fortunatus
G5416	φραγέλλιον	phragéllion	neuter of a derivative from the base of G5417 (φραγελλόω);	a whip, i.e. Roman lash as a public punishment	scourge
G5417	φραγελλόω	phragellóō	from a presumed equivalent of the Latin flagellum;	to whip, i.e. lash as a public punishment	scourge
G5418	φραγμός	phragmós	from G5420 (φράσσω);	a fence, or inclosing barrier (literally or figuratively)	hedge (+ round about), partition
G5419	φράζω	phrázō	probably akin to G5420 (φράσσω) through the idea of defining;	to indicate (by word or act), i.e. (specially), to expound	declare
G5420	φράσσω	phrássō	apparently a strengthening form of the base of G5424 (φρήν);	to fence or inclose, i.e. (specially), to block up (figuratively, to silence)	stop
G5421	φρέαρ	phréar	of uncertain derivation;	a hole in the ground (dug for obtaining or holding water or other purposes), i.e. a cistern or well; figuratively, an abyss (as a prison)	well, pit
G5422	φρεναπατάω	phrenapatáō	from G5423 (φρεναπάτης);	to be a mind-misleader, i.e. delude	deceive
G5423	φρεναπάτης	phrenapátēs	from G5424 (φρήν) and G539 (ἀπάτη);	a mind-misleader, i.e. seducer	deceiver
G5424	φρήν	phrḗn	probably from an obsolete (to rein in or curb; compare G5420 (φράσσω));	the midrif (as a partition of the body), i.e. (figuratively and by implication, of sympathy) the feelings (or sensitive nature; by extension (also in the plural) the mind or cognitive faculties)	understanding
G5425	φρίσσω	phríssō	apparently a primary verb;	to "bristle" or chill, i.e. shudder (fear)	tremble
G5426	φρονέω	phronéō	from G5424 (φρήν);	to exercise the mind, i.e. entertain or have a sentiment or opinion; by implication, to be (mentally) disposed (more or less earnestly in a certain direction); intensively, to interest oneself in (with concern or obedience)	set the affection on, (be) care(-ful), (be like-, + be of one, + be of the same, + let this) mind(-ed), regard, savour, think
G5427	φρόνημα	phrónēma	from G5426 (φρονέω);	(mental) inclination or purpose	(be, + be carnally, + be spiritually) mind(-ed)
G5428	φρόνησις	phrónēsis	from G5426 (φρονέω);	mental action or activity, i.e. intellectual or moral insight	prudence, wisdom
G5429	φρόνιμος	phrónimos	from G5424 (φρήν);	thoughtful, i.e. sagacious or discreet (implying a cautious character; while G4680 (σοφός) denotes practical skill or acumen; and G4908 (συνετός) indicates rather intelligence or mental acquirement); in a bad sense conceited (also in the comparative)	wise(-r)
G5430	φρονίμως	phronímōs	adverb from G5429 (φρόνιμος);	prudently	wisely
G5431	φροντίζω	phrontízō	from a derivative of G5424 (φρήν);	to exercise thought, i.e. be anxious	be careful
G5432	φρουρέω	phrouréō	from a compound of G4253 (πρό) and G3708 (ὁράω);	to be a watcher in advance, i.e. to mount guard as a sentinel (post spies at gates); figuratively, to hem in, protect	keep (with a garrison)
G5433	φρυάσσω	phryássō	akin to G1032 (βρύω), G1031 (βρύχω);	to snort (as a spirited horse), i.e. (figuratively) to make a tumult	rage
G5434	φρύγανον	phrýganon	neuter of a presumed derivative of (to roast or parch;	akin to the base of G5395 (φλόξ)); something desiccated, i.e. a dry twig	stick
G5435	Φρυγία	Phrygía	probably of foreign origin;	Phrygia, a region of Asia Minor	Phrygia
G5436	Φύγελλος	Phýgellos	probably from G5343 (φεύγω);	fugitive; Phygellus, an apostate Christian	Phygellus
G5437	φυγή	phygḗ	from G5343 (φεύγω);	a fleeing, i.e. escape	flight
G5438	φυλακή	phylakḗ	from G5442 (φυλάσσω);	a guarding or (concretely, guard), the act, the person; figuratively, the place, the condition, or (specially), the time (as a division of day or night), literally or figuratively	cage, hold, (im-)prison(-ment), ward, watch
G5439	φυλακίζω	phylakízō	from G5441 (φύλαξ);	to incarcerate	imprison
G5440	φυλακτήριον	phylaktḗrion	neuter of a derivative of G5442 (φυλάσσω);	a guard-case, i.e. "phylactery" for wearing slips of Scripture texts	phylactery
G5441	φύλαξ	phýlax	from G5442 (φυλάσσω);	a watcher or sentry	keeper
G5442	φυλάσσω	phylássō	probably from G5443 (φυλή) through the idea of isolation;	to watch, i.e. be on guard (literally of figuratively); by implication, to preserve, obey, avoid	beward, keep (self), observe, save
G5443	φυλή	phylḗ	from G5453 (φύω) (compare G5444 (φύλλον));	an offshoot, i.e. race or clan	kindred, tribe
G5444	φύλλον	phýllon	from the same as G5443 (φυλή);	a sprout, i.e. leaf	leaf
G5445	φύραμα	phýrama	from a prolonged form of (to mix a liquid with a solid;	perhaps akin to G5453 (φύω) through the idea of swelling in bulk), mean to knead; a mass of dough	lump
G5446	φυσικός	physikós	from G5449 (φύσις);	"physical", i.e. (by implication) instinctive	natural
G5447	φυσικῶς	physikōs	adverb from G5446 (φυσικός);	"physically", i.e. (by implication) instinctively	naturally
G5448	φυσιόω	physióō	from G5449 (φύσις) in the primary sense of blowing;	to inflate, i.e. (figuratively) make proud (haughty)	puff up
G5449	φύσις	phýsis	from G5453 (φύω);	growth (by germination or expansion), i.e. (by implication) natural production (lineal descent); by extension, a genus or sort; figuratively, native disposition, constitution or usage	(man-)kind, nature(-al)
G5450	φυσίωσις	physíōsis	from G5448 (φυσιόω);	inflation, i.e. (figuratively) haughtiness	swelling
G5451	φυτεία	phyteía	from G5452 (φυτεύω);	trans-planting, i.e. (concretely) a shrub or vegetable	plant
G5452	φυτεύω	phyteúō	from a derivative of G5453 (φύω);	to set out in the earth, i.e. implant; figuratively, to instil doctrine	plant
G5453	φύω	phýō	a primary verb;	probably originally, to "puff" or blow, i.e. to swell up; but only used in the implied sense, to germinate or grow (sprout, produce), literally or figuratively	spring (up)
G5454	φωλεός	phōleós	of uncertain derivative;	a burrow or lurking-place	hole
G5455	φωνέω	phōnéō	from G5456 (φωνή);	to emit a sound (animal, human or instrumental); by implication, to address in words or by name, also in imitation	call (for), crow, cry
G5456	φωνή	phōnḗ	probably akin to G5316 (φαίνω) through the idea of disclosure;	a tone (articulate, bestial or artificial); by implication, an address (for any purpose), saying or language	noise, sound, voice
G5457	φῶς	phōs	from an obsolete (to shine or make manifest, especially by rays;	compare G5316 (φαίνω), G5346 (φημί)); luminousness (in the widest application, natural or artificial, abstract or concrete, literal or figurative)	fire, light
G5458	φωστήρ	phōstḗr	from G5457 (φῶς);	an illuminator, i.e. (concretely) a luminary, or (abstractly) brilliancy	light
G5459	φωσφόρος	phōsphóros	from G5457 (φῶς) and G5342 (φέρω);	light-bearing ("phosphorus"), i.e. (specially), the morning-star (figuratively)	day star
G5460	φωτεινός	phōteinós	from G5457 (φῶς);	lustrous, i.e. transparent or well-illuminated (figuratively)	bright, full of light
G5461	φωτίζω	phōtízō	from G5457 (φῶς);	to shed rays, i.e. to shine or (transitively) to brighten up (literally or figuratively)	enlighten, illuminate, (bring to, give) light, make to see
G5462	φωτισμός	phōtismós	from G5461 (φωτίζω);	illumination (figuratively)	light
G5463	χαίρω	chaírō	a primary verb;	to be "cheer"ful, i.e. calmly happy or well-off; impersonally, especially as salutation (on meeting or parting), be well	farewell, be glad, God speed, greeting, hall, joy(- fully), rejoice
G5464	χάλαζα	chálaza	probably from G5465 (χαλάω);	hail	hail
G5465	χαλάω	chaláō	from the base of G5490 (χάσμα);	to lower (as into a void)	let down, strike
G5466	Χαλδαῖος	Chaldaîos	probably of Hebrew or (H03778);	a Chaldæan (i.e. Kasdi), or native or the region of the lower Euphrates	Chaldæan
G5467	χαλεπός	chalepós	perhaps from G5465 (χαλάω) through the idea of reducing the strength;	difficult, i.e. dangerous, or (by implication) furious	fierce, perilous
G5468	χαλιναγωγέω	chalinagōgéō	from a compound of G5469 (χαλινός) and the reduplicated form of G71 (ἄγω);	to be a bit-leader, i.e. to curb (figuratively)	bridle
G5469	χαλινός	chalinós	from G5465 (χαλάω);	a curb or head-stall (as curbing the spirit)	bit, bridle
G5470	χάλκεος	chálkeos	from G5475 (χαλκός);	coppery	brass
G5471	χαλκεύς	chalkeús	from G5475 (χαλκός);	a copper-worker or brazier	coppersmith
G5472	χαλκηδών	chalkēdṓn	from G5475 (χαλκός) and perhaps G1491 (εἶδος);	copper-like, i.e. "chalcedony"	chalcedony
G5473	χαλκίον	chalkíon	diminutive from G5475 (χαλκός);	a copper dish	brazen vessel
G5474	χαλκολίβανον	chalkolíbanon	neuter of a compound of G5475 (χαλκός) and G3030 (λίβανος) (in the implied mean of whiteness or brilliancy);	burnished copper, an alloy of copper (or gold) and silver having a brilliant lustre	fine brass
G5475	χαλκός	chalkós	perhaps from G5465 (χαλάω) through the idea of hollowing out as a vessel (this metal being chiefly used for that purpose);	copper (the substance, or some implement or coin made of it)	brass, money
G5476	χαμαί	chamaí	adverb perhaps from the base of G5490 (χάσμα) through the idea of a fissure in the soil;	earthward, i.e. prostrate	on (to) the ground
G5477	Χαναάν	Chanaán	of Hebrew origin (H03667);	Chanaan (i.e. Kenaan), the early name of Palestine	Chanaan
G5478	Χανααναῖος	Chanaanaîos	from G5477 (Χαναάν);	a Chanaanæan (i.e. Kenaanite), or native of gentile Palestine	of Canaan
G5479	χαρά	chará	from G5463 (χαίρω);	cheerfulness, i.e. calm delight	gladness, X greatly, (X be exceeding) joy(-ful, -fully, -fulness, -ous)
G5480	χάραγμα	cháragma	from the same as G5482 (χάραξ);	a scratch or etching, i.e. stamp (as a badge of servitude), or scupltured figure (statue)	graven, mark
G5481	χαρακτήρ	charaktḗr	from the same as G5482 (χάραξ);	a graver (the tool or the person), i.e. (by implication) engraving (("character"), the figure stamped, i.e. an exact copy or (figuratively) representation)	express image
G5482	χάραξ	chárax	from (to sharpen to a point;	akin to G1125 (γράφω) through the idea of scratching); a stake, i.e. (by implication) a palisade or rampart (military mound for circumvallation in a siege)	trench
G5483	χαρίζομαι	charízomai	middle voice from G5485 (χάρις);	to grant as a favor, i.e. gratuitously, in kindness, pardon or rescue	deliver, (frankly) forgive, (freely) give, grant
G5484	χάριν	chárin	accusative case of G5485 (χάρις) as preposition;	through favor of, i.e. on account of	be-(for) cause of, for sake of, +…fore, X reproachfully
G5485	χάρις	cháris	from G5463 (χαίρω);	graciousness (as gratifying), of manner or act (abstract or concrete; literal, figurative or spiritual; especially the divine influence upon the heart, and its reflection in the life; including gratitude)	acceptable, benefit, favour, gift, grace(- ious), joy, liberality, pleasure, thank(-s, -worthy)
G5486	χάρισμα	chárisma	from G5483 (χαρίζομαι);	a (divine) gratuity, i.e. deliverance (from danger or passion); (specially), a (spiritual) endowment, i.e. (subjectively) religious qualification, or (objectively) miraculous faculty	(free) gift
G5487	χαριτόω	charitóō	from G5485 (χάρις);	to grace, i.e. indue with special honor	make accepted, be highly favoured
G5488	Χαῤῥάν	Charrhán	of Hebrew origin (H02771);	Charrhan (i.e. Charan), a place in Mesopotamia	Charran
G5489	χάρτης	chártēs	from the same as G5482 (χάραξ);	a sheet ("chart") of writing-material (as to be scribbled over)	paper
G5490	χάσμα	chásma	from a form of an obsolete primary (to "gape" or "yawn");	a "chasm" or vacancy (impassable interval)	gulf
G5491	χεῖλος	cheîlos	from a form of the same as G5490 (χάσμα);	a lip (as a pouring place); figuratively, a margin (of water)	lip, shore
G5492	χειμάζω	cheimázō	from the same as G5494 (χειμών);	to storm, i.e. (passively) to labor under a gale	be tossed with tempest
G5493	χείμαῤῥος	cheímarrhos	from the base of G5494 (χειμών) and G4482 (ῥέω);	a storm-runlet, i.e. winter-torrent	brook
G5494	χειμών	cheimṓn	from a derivative of (to pour;	akin to the base of 5490 through the idea of a channel), meaning a storm (as pouring rain); by implication, the rainy season, i.e. winter	tempest, foul weather, winter
G5495	χείρ	cheír	perhaps from the base of G5494 (χειμών) in the sense of its congener the base of G5490 (χάσμα) (through the idea of hollowness for grasping);	the hand (literally or figuratively (power); especially (by Hebraism) a means or instrument)	hand
G5496	χειραγωγέω	cheiragōgéō	from G5497 (χειραγωγός);	to be a hand-leader, i.e. to guide (a blind person)	lead by the hand
G5497	χειραγωγός	cheiragōgós	from G5495 (χείρ) and a reduplicated form of G71 (ἄγω);	a hand-leader, i.e. personal conductor (of a blind person)	some to lead by the hand
G5498	χειρόγραφον	cheirógraphon	neuter of a compound of G5495 (χείρ) and G1125 (γράφω);	something hand-written ("chirograph"), i.e. a manuscript (specially, a legal document or bond (figuratively))	handwriting
G5499	χειροποίητος	cheiropoíētos	from G5495 (χείρ) and a derivative of G4160 (ποιέω);	manufactured, i.e. of human construction	made by (make with) hands
G5500	χειροτονέω	cheirotonéō	from a comparative of G5495 (χείρ) and (to stretch);	to be a hand-reacher or voter (by raising the hand), i.e. (generally) to select or appoint	choose, ordain
G5501	χείρων	cheírōn	irregular comparative of G2556 (κακός);	from an obsolete equivalent (of uncertain derivation); more evil or aggravated (physically, mentally or morally)	sorer, worse
G5502	χερουβίμ	cheroubím	plural of Hebrew origin (H03742);	"cherubim" (i.e. cherubs or kerubim)	cherubims
G5503	χήρα	chḗra	feminine of a presumed derivative apparently from the base of G5490 (χάσμα) through the idea of deficiency;	a widow (as lacking a husband), literally or figuratively	widow
G5504	χθές	chthés	of uncertain derivation;	"yesterday"; by extension, in time past or hitherto	yesterday
G5505	χιλιάς	chiliás	from G5507 (χίλιοι);	one thousand ("chiliad")	thousand
G5506	χιλίαρχος	chilíarchos	from G5507 (χίλιοι) and G757 (ἄρχω);	the commander of a thousand soldiers ("chiliarch"; i.e. colonel	(chief, high) captain
G5507	χίλιοι	chílioi	plural of uncertain affinity;	a thousand	thousand
G5508	Χίος	Chíos	of uncertain derivation;	Chios, an island in the Mediterranean	Chios
G5509	χιτών	chitṓn	of foreign origin (H03801);	a tunic or shirt	clothes, coat, garment
G5510	χιών	chiṓn	perhaps akin to the base of G5490 (χάσμα) (G5465 (χαλάω)) or G5494 (χειμών) (as descending or empty);	snow	snow
G5511	χλαμύς	chlamýs	of uncertain derivation;	a military cloak	robe
G5512	χλευάζω	chleuázō	from a derivative probably of G5491 (χεῖλος);	to throw out the lip, i.e. jeer at	mock
G5513	χλιαρός	chliarós	from (to warm);	tepid	lukewarm
G5514	Χλόη	Chlóē	feminine of apparently a primary word;	"green"; Chloë, a Christian female	Chloe
G5515	χλωρός	chlōrós	from the same as G5514 (Χλόη);	greenish, i.e. verdant, dun-colored	green, pale
G5516	χξϛ	chx stigma	the 22nd, 14th and an obsolete letter (G4742 (στίγμα) as a cross) of the Greek alphabet (intermediate between the 5th and 6th), used as numbers; denoting respectively 600, 60 and 6;	666 as a numeral	six hundred threescore and six
G5517	χοϊκός	choïkós	from G5522 (χόος);	dusty or dirty (soil-like), i.e. (by implication) terrene	earthy
G5518	χοῖνιξ	choînix	of uncertain derivation;	a chœnix or certain dry measure	measure
G5519	χοῖρος	choîros	of uncertain derivation;	a hog	swine
G5520	χολάω	choláō	from G5521 (χολή);	to be bilious, i.e. (by implication) irritable (enraged, "choleric")	be angry
G5521	χολή	cholḗ	feminine of an equivalent perhaps akin to the same as 5514 (from the greenish hue);	"gall" or bile, i.e. (by analogy) poison or an anodyne (wormwood, poppy, etc.)	gall
G5522	χόος	chóos	from the base of G5494 (χειμών);	a heap (as poured out), i.e. rubbish; loose dirt	dust
G5523	Χοραζίν	Chorazín	of uncertain derivation;	Chorazin, a place in Palestine	Chorazin
G5524	χορηγέω	chorēgéō	from a compound of G5525 (χορός) and G71 (ἄγω);	to be a dance-leader, i.e. (generally) to furnish	give, minister
G5525	χορός	chorós	of uncertain derivation;	a ring, i.e. round dance ("choir"	dancing
G5526	χορτάζω	chortázō	from G5528 (χόρτος);	to fodder, i.e. (generally) to gorge (supply food in abundance)	feed, fill, satisfy
G5527	χόρτασμα	chórtasma	from G5526 (χορτάζω);	forage, i.e. food	sustenance
G5528	χόρτος	chórtos	apparently a primary word;	a "court" or "garden", i.e. (by implication, of pasture) herbage or vegetation	blade, grass, hay
G5529	Χουζᾶς	Chouzâs	of uncertain origin;	Chuzas, an officer of Herod	Chuza
G5530	χράομαι	chráomai	middle voice of a primary verb (perhaps rather from G5495 (χείρ), to handle);	to furnish what is needed; (give an oracle, "graze" (touch slightly), light upon, etc.), i.e. (by implication) to employ or (by extension) to act towards one in a given manner	entreat, use
G5531	χράω	chráō	probably the same as the base of G5530 (χράομαι);	to loan	lend
G5532	χρεία	chreía	from the base of G5530 (χράομαι) or G5534 (χρή);	employment, i.e. an affair; also (by implication) occasion, demand, requirement or destitution	business, lack, necessary(-ity), need(-ful), use, want
G5533	χρεωφειλέτης	chreōpheilétēs	from a derivative of G5531 (χράω) and G3781 (ὀφειλέτης);	a loan-ower, i.e. indebted person	debtor
G5534	χρή	chrḗ	third person singular of the same as G5530 (χράομαι) or G5531 (χράω) used impersonally;	it needs (must or should) be	ought
G5535	χρῄζω	chrḗizō	from G5532 (χρεία);	to make (i.e. have) necessity, i.e. be in want of	(have) need
G5536	χρῆμα	chrēma		something useful or needed, i.e. wealth, price	money, riches
G5537	χρηματίζω	chrēmatízō	from G5536 (χρῆμα);	to utter an oracle (compare the original sense of G5530 (χράομαι)), i.e. divinely intimate; by implication, (compare the secular sense of G5532 (χρεία)) to constitute a firm for business, i.e. (generally) bear as a title	be called, be admonished (warned) of God, reveal, speak
G5538	χρηματισμός	chrēmatismós	from G5537 (χρηματίζω);	a divine response or revelation	answer of God
G5539	χρήσιμος	chrḗsimos	from G5540 (χρῆσις);	serviceable	profit
G5540	χρῆσις	chrēsis	from G5530 (χράομαι);	employment, i.e. (specially), sexual intercourse (as an occupation of the body)	use
G5541	χρηστεύομαι	chrēsteúomai	middle voice from G5543 (χρηστός);	to show oneself useful, i.e. act benevolently	be kind
G5542	χρηστολογία	chrēstología	from a compound of G5543 (χρηστός) and G3004 (λέγω);	fair speech, i.e. plausibility	good words
G5543	χρηστός	chrēstós	from G5530 (χράομαι);	employed, i.e. (by implication) useful (in manner or morals)	better, easy, good(-ness), gracious, kind
G5544	χρηστότης	chrēstótēs	from G5543 (χρηστός);	usefulness, i.e. morally, excellence (in character or demeanor)	gentleness, good(-ness), kindness
G5545	χρῖσμα	chrîsma	from G5548 (χρίω);	an unguent or smearing, i.e. (figuratively) the special endowment ("chrism") of the Holy Spirit	anointing, unction
G5546	Χριστιανός	Christianós	from G5547 (Χριστός);	a Christian, i.e. follower of Christ	Christian
G5547	Χριστός	Christós	from G5548 (χρίω);	anointed, i.e. the Messiah, an epithet of Jesus	Christ
G5548	χρίω	chríō	probably akin to G5530 (χράομαι) through the idea of contact;	to smear or rub with oil, i.e. (by implication) to consecrate to an office or religious service	anoint
G5549	χρονίζω	chronízō	from G5550 (χρόνος);	to take time, i.e. linger	delay, tarry
G5550	χρόνος	chrónos	of uncertain derivation;	a space of time (in general, and thus properly distinguished from G2540 (καιρός), which designates a fixed or special occasion; and from G165 (αἰών), which denotes a particular period) or interval; by extension, an individual opportunity; by implication, delay	+ years old, season, space, (X often-)time(-s), (a) while
G5551	χρονοτριβέω	chronotribéō	from a presumed compound of G5550 (χρόνος) and the base of G5147 (τρίβος);	to be a time-wearer, i.e. to procrastinate (linger)	spend time
G5552	χρύσεος	chrýseos	from G5557 (χρυσός);	made of gold	of gold, golden
G5553	χρυσίον	chrysíon	diminutive of G5557 (χρυσός);	a golden article, i.e. gold plating, ornament, or coin	gold
G5554	χρυσοδακτύλιος	chrysodaktýlios	from G5557 (χρυσός) and G1146 (δακτύλιος);	gold-ringed, i.e. wearing a golden finger-ring or similar jewelry	with a gold ring
G5555	χρυσόλιθος	chrysólithos	from G5557 (χρυσός) and G3037 (λίθος);	gold-stone, i.e. a yellow gem ("chrysolite")	chrysolite
G5556	χρυσόπρασος	chrysóprasos	from G5557 (χρυσός) and (a leek);	a greenish-yellow gem ("chrysoprase")	chrysoprase
G5557	χρυσός	chrysós	perhaps from the base of G5530 (χράομαι) (through the idea of the utility of the metal);	gold; by extension, a golden article, as an ornament or coin	gold
G5558	χρυσόω	chrysóō	from G5557 (χρυσός);	to gild, i.e. bespangle with golden ornaments	deck
G5559	χρώς	chrṓs	probably akin to the base of G5530 (χράομαι) through the idea of handling;	the body (properly, its surface or skin)	body
G5560	χωλός	chōlós	apparently a primary word;	"halt", i.e. limping	cripple, halt, lame
G5561	χώρα	chṓra	feminine of a derivative of the base of G5490 (χάσμα) through the idea of empty expanse;	room, i.e. a space of territory (more or less extensive; often including its inhabitants)	coast, county, fields, ground, land, region
G5562	χωρέω	chōréō	from G5561 (χώρα);	to be in (give) space, i.e. (intransitively) to pass, enter, or (transitively) to hold, admit (literally or figuratively)	come, contain, go, have place, (can, be room to) receive
G5563	χωρίζω	chōrízō	from G5561 (χώρα);	to place room between, i.e. part; reflexively, to go away	depart, put asunder, separate
G5564	χωρίον	chōríon	diminutive of G5561 (χώρα);	a spot or plot of ground	field, land, parcel of ground, place, possession
G5565	χωρίς	chōrís	adverb from G5561 (χώρα);	at a space, i.e. separately or apart from (often as preposition)	beside, by itself, without
G5566	χῶρος	chōros	of Latin origin;	the north-west wind	north west
G5567	ψάλλω	psállō	probably strengthened from (to rub or touch the surface;	compare G5597 (ψώχω)); to twitch or twang, i.e. to play on a stringed instrument (celebrate the divine worship with music and accompanying odes)	make melody, sing (psalms)
G5568	ψαλμός	psalmós	from G5567 (ψάλλω);	a set piece of music, i.e. a sacred ode (accompanied with the voice, harp or other instrument; a "psalm"); collectively, the book of the Psalms	psalm
G5569	ψευδάδελφος	pseudádelphos	from G5571 (ψευδής) and G80 (ἀδελφός);	a spurious brother, i.e. pretended associate	false brethren
G5570	ψευδαπόστολος	pseudapóstolos	from G5571 (ψευδής) and G652 (ἀπόστολος);	a spurious apostle, i.e. pretended pracher	false teacher
G5571	ψευδής	pseudḗs	from G5574 (ψεύδομαι);	untrue, i.e. erroneous, deceitful, wicked	false, liar
G5572	ψευδοδιδάσκαλος	pseudodidáskalos	from G5571 (ψευδής) and G1320 (διδάσκαλος);	a spurious teacher, i.e. propagator of erroneous Christian doctrine	false teacher
G5573	ψευδολόγος	pseudológos	from G5571 (ψευδής) and G3004 (λέγω);	mendacious, i.e. promulgating erroneous Christian doctrine	speaking lies
G5574	ψεύδομαι	pseúdomai	middle voice of an apparently primary verb;	to utter an untruth or attempt to deceive by falsehood	falsely, lie
G5575	ψευδομάρτυρ	pseudomártyr	from G5571 (ψευδής) and a kindred form of G3144 (μάρτυς);	a spurious witness, i.e. bearer of untrue testimony	false witness
G5576	ψευδομαρτυρέω	pseudomartyréō	from G5575 (ψευδομάρτυρ);	to be an untrue testifier, i.e. offer falsehood in evidence	be a false witness
G5577	ψευδομαρτυρία	pseudomartyría	from G5575 (ψευδομάρτυρ);	untrue testimony	false witness
G5578	ψευδοπροφήτης	pseudoprophḗtēs	from G5571 (ψευδής) and G4396 (προφήτης);	a spurious prophet, i.e. pretended foreteller or religious impostor	false prophet
G5579	ψεῦδος	pseûdos	from G5574 (ψεύδομαι);	a falsehood	lie, lying
G5580	ψευδόχριστος	pseudóchristos	from G5571 (ψευδής) and G5547 (Χριστός);	a spurious Messiah	false Christ
G5581	ψευδώνυμος	pseudṓnymos	from G5571 (ψευδής) and G3686 (ὄνομα);	untruly named	falsely so called
G5582	ψεῦσμα	pseûsma	from G5574 (ψεύδομαι);	a fabrication, i.e. falsehood	lie
G5583	ψεύστης	pseústēs	from G5574 (ψεύδομαι);	a falsifier	liar
G5584	ψηλαφάω	psēlapháō	from the base of G5567 (ψάλλω) (compare G5586 (ψῆφος));	to manipulate, i.e. verify by contact; figuratively, to search for	feel after, handle, touch
G5585	ψηφίζω	psēphízō	from G5586 (ψῆφος);	to use pebbles in enumeration, i.e. (generally) to compute	count
G5586	ψῆφος	psēphos	from the same as G5584 (ψηλαφάω);	a pebble (as worn smooth by handling), i.e. (by implication, of use as a counter or ballot) a verdict (of acquittal) or ticket (of admission); a vote	stone, voice
G5587	ψιθυρισμός	psithyrismós	from a derivative of (a whisper;	by implication, a slander; probably akin to G5574 (ψεύδομαι)); whispering, i.e. secret detraction	whispering
G5588	ψιθυριστής	psithyristḗs	from the same as G5587 (ψιθυρισμός);	a secret calumniator	whisperer
G5589	ψιχίον	psichíon	diminutive from a derivative of the base of G5567 (ψάλλω) (meaning a crumb);	a little bit or morsel	crumb
G5590	ψυχή	psychḗ	from G5594 (ψύχω);	breath, i.e. (by implication) spirit, abstractly or concretely (the animal sentient principle only; thus distinguished on the one hand from G4151 (πνεῦμα), which is the rational and immortal soul; and on the other from G2222 (ζωή), which is mere vitality, even of plants: these terms thus exactly correspond respectively to the Hebrew H05315, H07307 and H02416)	heart (+ -ily), life, mind, soul, + us, + you
G5591	ψυχικός	psychikós	from G5590 (ψυχή);	sensitive, i.e. animate (in distinction on the one hand from G4152 (πνευματικός), which is the higher or renovated nature; and on the other from G5446 (φυσικός), which is the lower or bestial nature)	natural, sensual
G5592	ψύχος	psýchos	from G5594 (ψύχω);	coolness	cold
G5593	ψυχρός	psychrós	from G5592 (ψύχος);	chilly (literally or figuratively)	cold
G5594	ψύχω	psýchō	a primary verb;	to breathe (voluntarily but gently, thus differing on the one hand from G4154 (πνέω), which denotes properly a forcible respiration; and on the other from the base of G109 (ἀήρ), which refers properly to an inanimate breeze), i.e. (by implication, of reduction of temperature by evaporation) to chill (figuratively)	wax cold
G5595	ψωμίζω	psōmízō	from the base of G5596 (ψωμίον);	to supply with bits, i.e. (generally) to nourish	(bestow to) feed
G5596	ψωμίον	psōmíon	diminutive from a derivative of the base of G5597 (ψώχω);	a crumb or morsel (as if rubbed off), i.e. a mouthful	sop
G5597	ψώχω	psṓchō	prolongation from the same base as G5567 (ψάλλω);	to triturate, i.e. (by analogy) to rub out (kernels from husks with the fingers or hand)	rub
G5598	Ω	Ō		the last letter of the Greek alphabet, i.e. (figuratively) the finality	Omega
G5599	ὦ	ō	a primary interjection;	as a sign of the vocative case, O; as a note of exclamation, oh	O
G5600	ὦ	ō	the subjunctive of G1510 (εἰμί);	(may, might, can, could, would, should, must, etc.; also with G1487 (εἰ) and its comparative, as well as with other particles) be	+ appear, are, (may, might, should) be, X have, is, + pass the flower of her age, should stand, were
G5601	Ὠβήδ	Ōbḗd	of Hebrew origin (H05744);	Obed, an Israelite	Obed
G5602	ὧδε	hōde	from an adverb form of G3592 (ὅδε);	in this same spot, i.e. here or hither	here, hither, (in) this place, there
G5603	ᾠδή	ōidḗ	from G103 (ᾄδω);	a chant or "ode" (the general term for any words sung; while G5215 (ὕμνος) denotes especially a religious metrical composition, and G5568 (ψαλμός) still more specially, a Hebrew cantillation)	song
G5604	ὠδίν	ōdín	akin to G3601 (ὀδύνη);	a pang or throe, especially of childbirth	pain, sorrow, travail
G5605	ὠδίνω	ōdínō	from G5604 (ὠδίν);	to experience the pains of parturition (literally or figuratively)	travail in (birth)
G5606	ὦμος	ōmos	perhaps from the alternate of G5342 (φέρω);	the shoulder (as that on which burdens are borne)	shoulder
G5607	ὤν	ṓn	present participle of G1510 (εἰμί);	being	be, come, have
G5608	ὠνέομαι	ōnéomai	middle voice from an apparently primary (a sum or price);	to purchase (synonymous with the earlier G4092 (πίμπρημι))	buy
G5609	ὠόν	ōón	apparently a primary word;	an "egg"	egg
G5610	ὥρα	hṓra	apparently a primary word;	an "hour" (literally or figuratively)	day, hour, instant, season, X short, (even-)tide, (high) time
G5611	ὡραῖος	hōraîos	from G5610 (ὥρα);	belonging to the right hour or season (timely), i.e. (by implication) flourishing (beauteous (figuratively))	beautiful
G5612	ὠρύομαι	ōrýomai	middle voice of an apparently primary verb;	to "roar"	roar
G5613	ὡς	hōs	probably adverb of comparative from G3739 (ὅς);	which how, i.e. in that manner (very variously used, as follows)	about, after (that), (according) as (it had been, it were), as soon (as), even as (like), for, how (greatly), like (as, unto), since, so (that), that, to wit, unto, when(-soever), while, X with all speed
G5614	ὡσαννά	hōsanná	of Hebrew origin (H03467 and H04994);	oh save!; hosanna (i.e. hoshia-na), an exclamation of adoration	hosanna
G5615	ὡσαύτως	hōsaútōs	from G5613 (ὡς) and an adverb from G846 (αὐτός);	as thus, i.e. in the same way	even so, likewise, after the same (in like) manner
G5616	ὡσεί	hōseí	from G5613 (ὡς) and G1487 (εἰ);	as if	about, as (it had been, it were), like (as)
G5617	Ὡσηέ	Hōsēé	of Hebrew origin (H01954);	Hosee (i.e. Hoshea), an Israelite	Osee
G5618	ὥσπερ	hṓsper	from G5613 (ὡς) and G4007 (περ);	just as, i.e. exactly like	(even, like) as
G5619	ὡσπερεί	hōspereí	from G5618 (ὥσπερ) and G1487 (εἰ);	just as if, i.e. as it were	as
G5620	ὥστε	hṓste	from G5613 (ὡς) and G5037 (τέ);	so too, i.e. thus therefore (in various relations of consecution, as follow)	(insomuch) as, so that (then), (insomuch) that, therefore, to, wherefore
G5621	ὠτίον	ōtíon	diminutive of G3775 (οὖς);	an earlet, i.e. one of the ears, or perhaps the lobe of the ear	ear
G5622	ὠφέλεια	ōphéleia	from a derivative of the base of G5624 (ὠφέλιμος);	usefulness, i.e. benefit	advantage, profit
G5623	ὠφελέω	ōpheléō	from the same as G5622 (ὠφέλεια);	to be useful, i.e. to benefit	advantage, better, prevail, profit
G5624	ὠφέλιμος	ōphélimos	from a form of G3786 (ὄφελος);	helpful or serviceable, i.e. advantageous	profit(-able)
